[{"id": 102669412, "text": "$SPY US Holiday Spending Up Nearly 10% CHRISTMAS Rally\n $AMZN $WMT $V $VFC $LULU", "time": 1511821878.0, "sentiment": "Bullish"}, {"id": 102669385, "text": "$AMZN its a culture shift. everyone buying things from their phone, and Amazon is the 800 lb elephant..", "time": 1511821872.0, "sentiment": "Bullish"}, {"id": 102669367, "text": "$AMZN epic break out on deck ...", "time": 1511821867.0, "sentiment": "Bullish"}, {"id": 102669356, "text": "$NSC with the keystone project approve, 50% of $NSC profit will be lost   $AMZN $SPXL", "time": 1511821864.0, "sentiment": "Bearish"}, {"id": 102669349, "text": "$SHLD When $AMZN was only 20% more market cap than $SHLD https://www.youtube.com/watch?v=6cTjhzSgdwE", "time": 1511821863.0, "sentiment": ""}, {"id": 102669333, "text": "$WMT Bouncing off the 5 DMA 96.8X&#39;s. I&#39;d short $AMZN &amp; long $WMT for the week at least. All good news priced in for Amzn; WMT underestimated", "time": 1511821859.0, "sentiment": ""}, {"id": 102669142, "text": "@Lizzie1 I feel like I don&#39;t want to shop at $AMZN any more .. sick to my tummy!!", "time": 1511821809.0, "sentiment": ""}, {"id": 102668959, "text": "$SPY $SVXY $QQQ - RECENT ALERTS ! $AAPL $AMZN $AMD $AVGO $FB $NFLX $GOOGL .....", "time": 1511821760.0, "sentiment": "Bullish"}, {"id": 102668451, "text": "$AMZN Cyber Monday deals are very gimmicky, nothing desirable on Amazon, looks like junk you would buy at Ross or TJ max", "time": 1511821632.0, "sentiment": "Bearish"}, {"id": 102668206, "text": "$AMZN does he ever donate his personal capital? Just wondering", "time": 1511821555.0, "sentiment": ""}, {"id": 102668116, "text": "$AMZN is this when the shorts start to panic...or wait till $1,300!?", "time": 1511821528.0, "sentiment": "Bullish"}, {"id": 102668115, "text": "$AMZN the $100 billion dollar man", "time": 1511821528.0, "sentiment": "Bullish"}, {"id": 102668111, "text": "$AMZN shorts and profit takers here, will be kicking themselves", "time": 1511821527.0, "sentiment": "Bullish"}, {"id": 102668062, "text": "$AMZN hey guys i hav a gr8 theory: buy this b4 cyber m0nday GAINZZZ", "time": 1511821512.0, "sentiment": "Bullish"}, {"id": 102667683, "text": "$AMZN Amid a frenzied holiday shopping season, unscrupulous merchants are increasingly gaming Amazon&#39;s systems. https://stocknews.com/news/amzn-merchants-are-cheating-on-amazon-com-inc-amzn-more-than-ever/", "time": 1511821399.0, "sentiment": ""}, {"id": 102667668, "text": "$AMZN WTF!! Why is it going down??!!!", "time": 1511821396.0, "sentiment": "Bullish"}, {"id": 102667612, "text": "@LiveTradePro SAFE... $SHOP $AMZN $FB $EBAY", "time": 1511821385.0, "sentiment": "Bullish"}, {"id": 102667536, "text": "$QQQ it appears $AMZN is holding the market up, while the rest are sinking. Interesting to see what is next.", "time": 1511821365.0, "sentiment": ""}, {"id": 102667384, "text": "Opened some BIDU 250C for this week at 2.32 Watching $aapl / $nvda / $googl  / $amzn / $fb and $tsla", "time": 1511821317.0, "sentiment": ""}, {"id": 102667352, "text": "$AMZN $1500 By end of year", "time": 1511821309.0, "sentiment": "Bullish"}, {"id": 102667297, "text": "Winners and losers:\n\nhttp://quad7capital.com/2017/11/27/cyber-monday-winners/\n\n$AMZN $GME $WMT $TGT $KSS $AEO $JCP $M #cybermonday", "time": 1511821292.0, "sentiment": ""}, {"id": 102667162, "text": "$AMZN 75% of the ADV in the first 50 Mins and the stock is not moving that should be telling you something 1180s coming", "time": 1511821254.0, "sentiment": ""}, {"id": 102666319, "text": "$AMZN Almost full recov off violent lows.", "time": 1511821046.0, "sentiment": ""}, {"id": 102666318, "text": "Cyber Monday: What You Need To Know https://benzinga.com/z/10833091 $AMZN $TGT $WMT $XRT", "time": 1511821045.0, "sentiment": ""}, {"id": 102666063, "text": "$AMZN have a feeling this will drop by end of day and close below 1200...seems to be struggling today after pop on open.", "time": 1511820977.0, "sentiment": ""}, {"id": 102665822, "text": "$AMZN blow off move to 1500 by Christmas?...", "time": 1511820912.0, "sentiment": "Bullish"}, {"id": 102665815, "text": "$AMZN 2% = $20 per day puts this around 1280 - 1300 Friday", "time": 1511820910.0, "sentiment": "Bullish"}, {"id": 102665661, "text": "$AMZN I&#39;ll be at reinvent seeing first hand the new goodies AWS has in store for us. Can&#39;t wait", "time": 1511820869.0, "sentiment": "Bullish"}, {"id": 102665647, "text": "Retail getting a jolt today! $SPY $WMT $AMZN $KSS $JCP $SHLD $JWN $TGT $ULTA $DKS $RPAI", "time": 1511820865.0, "sentiment": ""}, {"id": 102665474, "text": "Watches here:\n\n$NOG $BLPH $MARA $FCSC  $AMZN", "time": 1511820824.0, "sentiment": "Bullish"}, {"id": 102665351, "text": "$AMZN wow this puppy is on a tear. Where&#39;s this gonna close 2017???", "time": 1511820792.0, "sentiment": "Bullish"}, {"id": 102665107, "text": "$AMZN https://reinvent.awsevents.com/agenda/ today.  There are going to be a lot AWS new service announcements", "time": 1511820735.0, "sentiment": "Bullish"}, {"id": 102665096, "text": "Analyst Remains Buyer Of Ulta Beauty As Q3 Earnings Release Nears https://benzinga.com/z/10832348 $AMZN $ULTA", "time": 1511820733.0, "sentiment": ""}, {"id": 102664857, "text": "$JD $BABA $AMZN $FB JD woww what a turn around, this shit is about to rip!", "time": 1511820681.0, "sentiment": "Bullish"}, {"id": 102664853, "text": "$AMZN the insanity of this market. Dec. 1 1210 calls up less than Dec. 1 2017.5 calls. Good opportunity for a call spread.", "time": 1511820679.0, "sentiment": ""}, {"id": 102664801, "text": "$SPY $SVXY $SPX - $AMD $BAC $MSFT $FB $AMZN $NRG $GOOGL $MA $JPM $QQQ", "time": 1511820666.0, "sentiment": "Bullish"}, {"id": 102664656, "text": "$AMZN 1300, pump it higher and higher...", "time": 1511820634.0, "sentiment": "Bullish"}, {"id": 102664509, "text": "$AMZN longs be like: \ud83d\ude1c\ud83d\udcaa\ud83d\udcb0\ud83d\udcb0\ud83d\udcb0\ud83d\udcb0", "time": 1511820602.0, "sentiment": "Bullish"}, {"id": 102664189, "text": "$SPY $AMZN im a bull but this market is running a bit too hot.  It can\u2019t do this forever smaller moves is what I like. $AAPL", "time": 1511820528.0, "sentiment": "Bullish"}, {"id": 102664132, "text": "StockTwits Trending via @Stocks_Live #stocks $MARA $SQ $RIOT $GROW $AMZN $NETE $WDC $NUAN $MGCD $MDP $CUDA $LRCX", "time": 1511820512.0, "sentiment": ""}, {"id": 102663968, "text": "[9:57AM] Up almost $10,000 on TQQQ and $16,000 on $AMZN trades   http://wavegenius.com/957am-up-almost-10000-on-tqqq-and-16000-on-amzn-trad", "time": 1511820473.0, "sentiment": ""}, {"id": 102663965, "text": "$AMZN Sold some 1250 weekly calls. If it gets there, I&#39;ll take a lick. But man, gotta take advantage of volatility while it&#39;s still there", "time": 1511820472.0, "sentiment": ""}, {"id": 102663960, "text": "$FB $amzn is their biggest customer, according to the employees ive talked to", "time": 1511820471.0, "sentiment": "Bullish"}, {"id": 102663860, "text": "$AMZN I sold all my shares for now. Left some money on the table, this has taken off faster than expected. Needs pull back!", "time": 1511820446.0, "sentiment": ""}, {"id": 102663823, "text": "$AMZN Adding", "time": 1511820437.0, "sentiment": "Bullish"}, {"id": 102663558, "text": "$MARA $16.99 hod! $AMZN", "time": 1511820371.0, "sentiment": ""}, {"id": 102663335, "text": "$AMZN $1225 EOW for today will close around 1207-1213", "time": 1511820318.0, "sentiment": ""}, {"id": 102663274, "text": "$AMZN 50% of all online sales were on Amazon this weekend... lol, wow", "time": 1511820304.0, "sentiment": "Bullish"}, {"id": 102662976, "text": "$AMZN woohoo!!! now this is bull power!!", "time": 1511820225.0, "sentiment": "Bullish"}, {"id": 102662893, "text": "$AMZN, 1300 eod, ramp it...", "time": 1511820209.0, "sentiment": "Bullish"}, {"id": 102662891, "text": "Top Implied #Volatility Gainers $AKAM $WDC $AMZN $MU $OPK $GOOGL $TSLA $AMAT $BB http://tinyurl.com/yd54v8v3", "time": 1511820209.0, "sentiment": ""}, {"id": 102662883, "text": "$AMZN Home Sales a Beat!!!", "time": 1511820206.0, "sentiment": ""}, {"id": 102662702, "text": "$AMZN New Home Sales (Oct) 685K vs 627K Expected  A Beat http://www.streetinsider.com/ETFs/New+Home+Sales+%28Oct%29+685K+vs+627K+Expected/13540924.html via @Street_Insider", "time": 1511820158.0, "sentiment": ""}, {"id": 102662406, "text": "$AMZN $RIOT $MARA moving to $DPW \ud83d\ude80\ud83d\ude80\ud83d\ude80\ud83d\udcb0\ud83d\udcb0\ud83d\ude80\ud83d\ude80", "time": 1511820090.0, "sentiment": "Bullish"}, {"id": 102662337, "text": "$AMZN u can\u2019t see me but I\u2019m moonwalking now.", "time": 1511820072.0, "sentiment": "Bullish"}, {"id": 102662322, "text": "$AMZN everyone I know buys from Amazon these days.. there is no where for this to go, but up !", "time": 1511820069.0, "sentiment": "Bullish"}, {"id": 102662316, "text": "$AMZN BUYING MORE CALLS!!!! Yea baby", "time": 1511820068.0, "sentiment": "Bullish"}, {"id": 102661890, "text": "$UEPS $SQ could be the only legit #bitcoin payment processors out there. News with $AMZN would be huge. $BTC.X  #cryptocurrency", "time": 1511819964.0, "sentiment": "Bullish"}, {"id": 102661883, "text": "$AMZN VWAP.", "time": 1511819962.0, "sentiment": ""}, {"id": 102661671, "text": "$AMZN BOOM! \ud83d\ude0fAlerts move Fast, we kick a$$! 1st alert triggered $1141 Trading is Fun +$65 in 3 days R $1207/1210 #AMZN $SPY", "time": 1511819918.0, "sentiment": ""}, {"id": 102661627, "text": "$AMZN analysts on Estimize are expecting 36.69% YoY revenue growth for Q4, up from 33.72% in Q3 [Reporting 02/01 AMC]\nhttp://www.estimize.com/intro/amzn?utm_content=AMZN&amp;amp;utm_medium=revenue_growth&amp;amp;utm_source=stocktwits#chart=historical", "time": 1511819909.0, "sentiment": ""}, {"id": 102661531, "text": "Jeff Bezos Is Now the Richest Man in the World, Worth $100 Billion $AMZN http://dlvr.it/Q369M3", "time": 1511819885.0, "sentiment": ""}, {"id": 102661507, "text": "$AMZN 01-Dec-17 1170-1200 Put Spread traded 667 times for $8.30 with the market at 7.10-8.50 http://tinyurl.com/y75nyt5y", "time": 1511819882.0, "sentiment": ""}, {"id": 102661419, "text": "$AMZN 1250 possible today? Or already at ATH? Shorts wiped out yet, or new ones in?", "time": 1511819859.0, "sentiment": ""}, {"id": 102661417, "text": "$AMZN Jeff Robber Baron Bezos wealth up another 70 million today on the backs of the middle class buying stuff they don&#39;t need.", "time": 1511819858.0, "sentiment": ""}, {"id": 102661333, "text": "$AMZN $GOOG  google home SMOKES amazon echo. Its also cheeper. Amazon sucks", "time": 1511819838.0, "sentiment": ""}, {"id": 102661084, "text": "$AMZN Latest News and Trading Summary https://marketchameleon.com/Overview/AMZN/", "time": 1511819781.0, "sentiment": ""}, {"id": 102660626, "text": "$GBTC &gt; $AMZN on Cyber Monday :)\n\nbeautiful time to be alive - Buy More Crypto\n\n$BTC.X $LTC.X $ETH.X $NEO.X $BCH.X", "time": 1511819676.0, "sentiment": "Bullish"}, {"id": 102660527, "text": "$WMT Ramping 1.06% w $AMZN +1.60%. see pr on price war", "time": 1511819653.0, "sentiment": ""}, {"id": 102660467, "text": "$roku ever since $amzn &amp; $aapl went out of business, roku has done great! Oh wait, they didn\u2019t &amp; roku\u2019s Sales are actually in last place?!", "time": 1511819639.0, "sentiment": ""}, {"id": 102660256, "text": "$BTC.X $QQQ $SPY $IWM $AMZN $OLED.  Don&#39;t be scared, buy the bubble!...", "time": 1511819592.0, "sentiment": "Bullish"}, {"id": 102660040, "text": "$AMZN https://www.cnbc.com/2017/11/22/fomc-minutes--fed-officials-fear-market-imbalances-possible-effects-of-sharp-reversal-in-prices.html", "time": 1511819543.0, "sentiment": ""}, {"id": 102660013, "text": "We know $XLK, $AAPL, $FB, $BABA $AMZN are reaching our targets but we don&#39;t like selling anyone of them #Elliottwave", "time": 1511819537.0, "sentiment": ""}, {"id": 102659929, "text": "$AMZN LoL .. 5k by end of next year???", "time": 1511819514.0, "sentiment": ""}, {"id": 102659884, "text": "$AMZN http://money.cnn.com/2017/10/24/investing/stocks-expensive-wall-street-valuation/index.html", "time": 1511819501.0, "sentiment": ""}, {"id": 102659805, "text": "$AMZN Nice daytrade, they are screwing put buyers (for now)", "time": 1511819481.0, "sentiment": ""}, {"id": 102659775, "text": "$AMZN channel breakout? This was a no-brainer!", "time": 1511819472.0, "sentiment": "Bullish"}, {"id": 102659466, "text": "$AMZN  1500 next week, 2000 by Christmas...", "time": 1511819391.0, "sentiment": "Bullish"}, {"id": 102659397, "text": "Stocks Off to a Mixed Start as Retailers Ready for Cyber Monday $AMZN http://dlvr.it/Q366KJ", "time": 1511819375.0, "sentiment": ""}, {"id": 102659203, "text": "@Dcaviness0218 Retail is always changing. People opinion change faster when company work toward. $AMZN aggressive company but money matter", "time": 1511819332.0, "sentiment": "Bearish"}, {"id": 102659148, "text": "$SGRP This has little or NOTHING to do with $AMZN. Read the 10-K if u don&#39;t believe me. Who would spread these lies.....??", "time": 1511819322.0, "sentiment": ""}, {"id": 102659109, "text": "$AMZN wait until they announce cyber Monday sales... gonna xplode even more", "time": 1511819310.0, "sentiment": "Bullish"}, {"id": 102658931, "text": "$AMZN 2000 by end of 2018", "time": 1511819260.0, "sentiment": ""}, {"id": 102658781, "text": "$AMZN $2000 by 2020", "time": 1511819223.0, "sentiment": "Bullish"}, {"id": 102658617, "text": "$AMZN watching for past 1 week - Headed upwards due to Black Friday, Cyber Monday, REINVENT till Dec 1, going from $6B to $13B AWS in 1 year", "time": 1511819188.0, "sentiment": ""}, {"id": 102658545, "text": "$AMZN 1186 is on tap here  be careful up here accelerated daily uptrend is holding", "time": 1511819170.0, "sentiment": ""}, {"id": 102658543, "text": "$AMZN pump it, 1300 eod", "time": 1511819169.0, "sentiment": "Bullish"}, {"id": 102658503, "text": "$AMZN champagne anyone!!! Money money and more money!", "time": 1511819158.0, "sentiment": "Bullish"}, {"id": 102658432, "text": "$AMZN this is the support point at this time, time for people to jump back in before the other way!!!", "time": 1511819142.0, "sentiment": ""}, {"id": 102658354, "text": "$AKAM early weakness attributed to $AMZN AWS media services launch https://aws.amazon.com/blogs/aws/aws-media-services-process-store-and-monetize-cloud-based-video/", "time": 1511819122.0, "sentiment": ""}, {"id": 102658332, "text": "$AMZN buy it now, because its going up by EOW!!! 1230", "time": 1511819116.0, "sentiment": ""}, {"id": 102658263, "text": "$AMZN Thank you Bezos, I shall not call you Lex Luthor anymore.", "time": 1511819101.0, "sentiment": "Bullish"}, {"id": 102658210, "text": "long $M and short $TGT is the retail B&amp;M safe trade.... Long $AMZN is simply the free money trade.", "time": 1511819086.0, "sentiment": ""}, {"id": 102658183, "text": "The Week Ahead: All Earnings, Conferences, FDA Actions To Watch https://benzinga.com/z/10832814 $TIF $COST $LB $AMBA $KR $NTNX $AMGN $QD $MARA $AMZN", "time": 1511819081.0, "sentiment": ""}, {"id": 102658159, "text": "$AMZN ZeroH-- Amazon Soars On Report Of &quot;Unbelievable&quot; Online Sales As Channel Checks Show Store Traffic Down 1%", "time": 1511819075.0, "sentiment": ""}, {"id": 102658077, "text": "$AMZN  buy the bubble", "time": 1511819058.0, "sentiment": ""}, {"id": 102657990, "text": "$AMZN options so pathetically priced with $3 spread betw bid and ask, 1210 puts were at $15 at the high and only gained $2 on 10 point drop", "time": 1511819035.0, "sentiment": ""}, {"id": 102657949, "text": "How to Invest in Retail Stocks for Cyber Monday $M $XRT $AMZN https://investorplace.com/2017/11/how-to-invest-in-retail-stocks-for-cyber-monday/", "time": 1511819029.0, "sentiment": ""}, {"id": 102657916, "text": "9am Press Releases $JAGX $INTU $AMZN $DLR $GNC $IAC $GOOG $IBM $GOOGL $FB $RHT $TD $RJF $CB $ENTH $BAC $TRUE $DDD https://marketchameleon.com/PressReleases", "time": 1511819020.0, "sentiment": ""}, {"id": 102657906, "text": "$AMZN careful bulls!!", "time": 1511819019.0, "sentiment": "Bearish"}, {"id": 102657877, "text": "$AMZN hella nice dip to buy those 1250 weekly&#39;s.... !", "time": 1511819014.0, "sentiment": "Bullish"}, {"id": 102657834, "text": "$AMZN target price 1287.70$\n\nForecast from Dominant investors app", "time": 1511819004.0, "sentiment": "Bullish"}, {"id": 102657820, "text": "$AMZN Sell target $1218.72 approaching (from $974.97 buy).  See profile link for free swing trading system and come discuss!", "time": 1511819000.0, "sentiment": ""}, {"id": 102657703, "text": "$AMZN Some serious cashing out of gainS!! Love those day traders!", "time": 1511818972.0, "sentiment": ""}, {"id": 102657642, "text": "$AMZN well, that&#39;s escalated quickly", "time": 1511818957.0, "sentiment": ""}, {"id": 102657611, "text": "$AMZN AMZN = Bitcoin! big reversal coming. just look at the 1200 put volume. 30 times the OI. will end in the red.", "time": 1511818951.0, "sentiment": ""}, {"id": 102657544, "text": "$AMZN i dont see it going any higher anytime soon", "time": 1511818936.0, "sentiment": ""}, {"id": 102657539, "text": "$AMZN BTO 5 of the weekly 1220 puts for 19.95", "time": 1511818935.0, "sentiment": ""}, {"id": 102657258, "text": "$AMZN Was that the top?  Possibly....", "time": 1511818872.0, "sentiment": ""}, {"id": 102657249, "text": "$SWIR 2018 - 2020\n $AMZN 1997 - 1999", "time": 1511818869.0, "sentiment": "Bullish"}, {"id": 102657038, "text": "$AMZN Violent range.", "time": 1511818820.0, "sentiment": ""}, {"id": 102656941, "text": "$AMZN thanks for that nice 1k on a 100 bet Friday", "time": 1511818799.0, "sentiment": "Bullish"}, {"id": 102656816, "text": "$EXEL Any great investor of $NVDA $NFLX $AMZN $GOOG $BABA should also consider taking a look into $EXEL. Plenty of room for growth here!", "time": 1511818768.0, "sentiment": "Bullish"}, {"id": 102656811, "text": "$AMZN its going down and back up again in a few days", "time": 1511818765.0, "sentiment": ""}, {"id": 102656786, "text": "$100 BILLION DOLLAR MAN Bezos. $AMZN", "time": 1511818756.0, "sentiment": ""}, {"id": 102656377, "text": "$AMZN $1250 today! Selling $WMT and Buying a lot more $AMZN right now!", "time": 1511818641.0, "sentiment": "Bullish"}, {"id": 102656318, "text": "$AMZN wow!", "time": 1511818626.0, "sentiment": ""}, {"id": 102656246, "text": "$AMZN 1225 today?", "time": 1511818608.0, "sentiment": ""}, {"id": 102656225, "text": "$AMZN 1250 weekly&#39;s probably a good play", "time": 1511818604.0, "sentiment": "Bullish"}, {"id": 102656207, "text": "$AMZN Going to buy more! This is going nowhere but up! The chart is amazing!", "time": 1511818600.0, "sentiment": "Bullish"}, {"id": 102656201, "text": "$AMZN god bless u!", "time": 1511818598.0, "sentiment": "Bullish"}, {"id": 102656132, "text": "$AMZN chart from 11/22  https://stocktwits.com/crosshairtrader/message/102382013 New highs.", "time": 1511818584.0, "sentiment": ""}, {"id": 102656099, "text": "$AMZN They&#39;re going to have to send me home with this boner !", "time": 1511818576.0, "sentiment": "Bullish"}, {"id": 102656047, "text": "$AMZN $1250 EOD! Will become $2000 in a year!", "time": 1511818562.0, "sentiment": "Bullish"}, {"id": 102655872, "text": "$AMZN  $1500 ?", "time": 1511818520.0, "sentiment": "Bullish"}, {"id": 102655693, "text": "$AMZN wow!!!", "time": 1511818468.0, "sentiment": "Bullish"}, {"id": 102655688, "text": "$AMZN yippeekiiiooookiaaaaaaa", "time": 1511818466.0, "sentiment": ""}, {"id": 102655558, "text": "$AMZN wow look at $DPW and $MARA this is moving quick!! \ud83d\ude80\ud83d\ude80\ud83d\ude80", "time": 1511818430.0, "sentiment": "Bullish"}, {"id": 102655457, "text": "$AMZN Holy crap my option account with Amazon just increased 30% today", "time": 1511818396.0, "sentiment": "Bullish"}, {"id": 102655444, "text": "$AMZN $WMT #Amazon Vs #Walmart: Battle for the &quot;low price leader&quot; title https://amigobulls.com/articles/amazon-stock-vs-walmart-stock-better-buy-for-the-year", "time": 1511818393.0, "sentiment": ""}, {"id": 102655436, "text": "$AMZN pure monster businesses should be warned", "time": 1511818391.0, "sentiment": ""}, {"id": 102655430, "text": "$AMZN bought cryptocurrency. Check out $MARA \ud83d\ude80\ud83d\ude80\ud83d\ude80", "time": 1511818389.0, "sentiment": "Bullish"}, {"id": 102655368, "text": "$AMZN Monster last few days.", "time": 1511818372.0, "sentiment": ""}, {"id": 102655361, "text": "$AMZN And the rise continues", "time": 1511818368.0, "sentiment": "Bullish"}, {"id": 102655337, "text": "$JDST $JNUG -- ATH $AMZN @LarsonLE1  got me 5 shares frm lst wk. Lol", "time": 1511818361.0, "sentiment": ""}, {"id": 102655308, "text": "$AMZN soooooo wtf happened to this one the last few days ???", "time": 1511818350.0, "sentiment": ""}, {"id": 102655257, "text": "$SPY $AMZN is the trading vehicle today.", "time": 1511818333.0, "sentiment": ""}, {"id": 102655253, "text": "$AMZN let&#39;s go 1300 by Friday, pump it!...", "time": 1511818332.0, "sentiment": "Bullish"}, {"id": 102655236, "text": "$AMZN AMAZing", "time": 1511818327.0, "sentiment": ""}, {"id": 102655179, "text": "$AMZN Amazonia!!", "time": 1511818308.0, "sentiment": ""}, {"id": 102655143, "text": "Market In 5 Mins: Playing Crypto Trend, Holiday Shopping, Big Downgrades https://benzinga.com/z/10832871 $AMZN $WMT $SQ $MARA $BWLD $NSC $SEDG", "time": 1511818297.0, "sentiment": ""}, {"id": 102655054, "text": "$GOOS if u don&#39;t buy the goose going to be cold winter for you $shop $amzn. Upgrades everywhere BAML confident Goose http://www.seekingalpha.com/news/3314446", "time": 1511818267.0, "sentiment": "Bullish"}, {"id": 102654663, "text": "Amazon, Bitcoin, Meredith and Time - 5 Things You Must Know $AMZN $BTC.X $MDP $TIME http://bit.ly/2n8IlLt $THO $TECD $WMT $NVDA $GE", "time": 1511818142.0, "sentiment": ""}, {"id": 102654613, "text": "$GBTC $AMZN 1200s. $BTC.X 10k inbound. :X", "time": 1511818125.0, "sentiment": ""}, {"id": 102654596, "text": "$AMZN 6 straight down days in 2016 after thanksgiving. Given Fridays\u2019s performance though, Im", "time": 1511818117.0, "sentiment": "Bullish"}, {"id": 102654558, "text": "$AMZN  2 Minutes to Bel!!", "time": 1511818103.0, "sentiment": ""}, {"id": 102654522, "text": "$BABA more than 200,000 Mexican companies listed on $BABA&#39;s platform. Bad for $AMZN.Times are changing.", "time": 1511818090.0, "sentiment": ""}, {"id": 102654266, "text": "$AMZN It&#39;s been proven time and time again that going against AMZN is a move only fools make. That&#39;s why I&#39;m", "time": 1511817998.0, "sentiment": "Bullish"}, {"id": 102654086, "text": "$BABA China/ 16 Central &amp; Eastern Eur countries strengthening economic ties.Great for $TCEHY/$BABA. Bad for $AMZN.", "time": 1511817932.0, "sentiment": ""}, {"id": 102653845, "text": "$SHOP Blowout Cyber Monday numbers expected https://seekingalpha.com/news/3314437?source=ansh $AMZN, $WMT, $TGT, $AEO, $JCP, $KSS, $SHOP, $BBY, $GME, $IYK, $$PMR, $SZK, $FTXD, $CLIX,", "time": 1511817844.0, "sentiment": "Bullish"}]