[{"id": 103276335, "text": "$AMZN Senate vote about 11:00 am after roll call. O&#39;connell is really trying to pass this tax reform act", "time": 1512163376.0, "sentiment": ""}, {"id": 103276163, "text": "$DLAKY $BABA $TSLA $AAPL $FB $MSFT $AMZN $NVDA $INTC.....we get a booooooooooommmmmmm in 9 min.", "time": 1512163315.0, "sentiment": "Bullish"}, {"id": 103275791, "text": "$AMZN Amazon Video Direct Announces Official Selections From The 2017 Sundance Film Fest... http://www.enhancedonlinenews.com/news/eon/20171201005359/en/Amazon-Video-Direct-Announces-Official-Selections-2017/", "time": 1512163171.0, "sentiment": ""}, {"id": 103275610, "text": "@mike143 lots of talk of $AMZN trying to get into the pharmacy game. $MCK down premarket.", "time": 1512163098.0, "sentiment": ""}, {"id": 103275600, "text": "$BABA they have 4X the market as $AMZN and their PE is 51 and $AMZN is 240 ?", "time": 1512163095.0, "sentiment": ""}, {"id": 103275530, "text": "Pre-market movers http://cnb.cx/2BrmRM8 $BIG $GCO $ULTA $DIS $FIVE $VMW $AMBA $AMZN $MYL $LVS $WYNN $WDC $MON $APRN $RBS", "time": 1512163068.0, "sentiment": ""}, {"id": 103274948, "text": "$AMZN Nasdaq red in Pre Bell I believe Senate tax delay angst", "time": 1512162831.0, "sentiment": ""}, {"id": 103274840, "text": "$AMZN Amazon Pharmacy would be great for the US consumer. Finally patients will have price discovery on pharmaceuticals. About Time !!!", "time": 1512162785.0, "sentiment": "Bullish"}, {"id": 103274773, "text": "$AMZN 89 bars 1083.31 top: 1172.31 squares it out, Gann: Above 1x1 Angle from Top: Strong", "time": 1512162759.0, "sentiment": ""}, {"id": 103274337, "text": "$GBTC $AMZN $FB $WMt $AAPL $SHOP Buy actual bitcoin and ethereum coins, not the etf. Start a crypto wallet. Easiest is coinbase", "time": 1512162573.0, "sentiment": "Bullish"}, {"id": 103274122, "text": "$AMZN Futures have roared back so feel good about selling more puts here", "time": 1512162470.0, "sentiment": ""}, {"id": 103274014, "text": "$GBTC $FB $AMZN $BABA $SHOP $BZUN Do your own research please, but read this. $WMT &amp; $MCD locked to announce in 2018 https://www.forbes.com/sites/rogeraitken/2017/11/29/bitcoin-odds-on-to-be-accepted-by-mcdonalds-at-end-of-2018-but-could-it-break-20000/?utm_source=yahoo&amp;utm_medium=partner&amp;utm_campaign=yahootix&amp;partner=yahootix&amp;yptr=yahoo#260e912f1385", "time": 1512162434.0, "sentiment": "Bullish"}, {"id": 103273703, "text": "$BABA $AAPL $AMZN $FB It&#39;s all about Taxes now so Bears talking anything else is silly. We&#39;re all waiting for the News. No reason to rush", "time": 1512162305.0, "sentiment": "Bullish"}, {"id": 103273222, "text": "$AMZN #Amazon is in exploratory talks with generic-drug makers https://www.cnbc.com/2017/11/30/amazon-holding-exploratory-talks-with-generic-drug-makers.html $MYL $XLV", "time": 1512162100.0, "sentiment": ""}, {"id": 103273212, "text": "$AMZN That is why Amzn is up Folks!!!", "time": 1512162096.0, "sentiment": ""}, {"id": 103273166, "text": "$AMZN (Recap) Amazon PT Raised to &#39;Street High&#39; $1,525 at Wells Fargo http://www.streetinsider.com/Analyst+Comments/Amazon.com+%28AMZN%29+PT+Raised+to+Street+High+%241%2C525+at+Wells+Fargo/13558959.html via @Street_Insider", "time": 1512162078.0, "sentiment": ""}, {"id": 103273046, "text": "$AMZN Amazon (AMZN) Exploring Talks with Generic-Drug Makers - CNBC http://www.streetinsider.com/Rumors/Amazon+%28AMZN%29+Exploring+Talks+with+Generic-Drug+Makers+-+CNBC/13557615.html via @Street_Insider", "time": 1512162031.0, "sentiment": ""}, {"id": 103272953, "text": "$AMZN amazon up despite Futures (1) Pharma (II) all the upgrades  this morning! and (III)  Morgan Stanley bullish after AWS conference", "time": 1512161989.0, "sentiment": ""}, {"id": 103272921, "text": "Long Watches: $AMBA, $NTNX, $AMZN, $VMW, $AET, $COLL, $MARA, $MON! Short Watches: $ULTA, $GCO, $BIG, $AAPL, $BABA, $QCOM, $NFLX, $MEDP!", "time": 1512161978.0, "sentiment": ""}, {"id": 103272816, "text": "$AMZN Wells Fargo  PT about 1500 Street Insider", "time": 1512161925.0, "sentiment": ""}, {"id": 103272812, "text": "$AMZN Amazon may have patented the next big thing in online shopping !!! https://qz.com/1143096/amazon-may-have-patented-the-next-big-thing-in-online-shopping/", "time": 1512161922.0, "sentiment": "Bullish"}, {"id": 103272759, "text": "$SPY UH OH! $AMZN up in pre market, could it drag SPY with it?", "time": 1512161901.0, "sentiment": ""}, {"id": 103272753, "text": "$AMZN Senate roll, call at 11:00 AM today B4 vote OConnel working on getting it passed today after vote", "time": 1512161899.0, "sentiment": ""}, {"id": 103272573, "text": "$ENDP $amzn buying $endp - gonna offer free 2 day shipping on drugs...junkies get prime membership trial...home surveillance stocks pop", "time": 1512161818.0, "sentiment": ""}, {"id": 103272018, "text": "Good Morning everyone! \n\nWatchlist: \n\n$AAPL $AMZN $SNSS $SYN $FB $WMT $SRAX $APRN $MARA $DPW $IMOS $TEUM $AMBA $ELSE $MYZS", "time": 1512161550.0, "sentiment": "Bullish"}, {"id": 103271921, "text": "$AMZN Amazon PT Raised to $1,330 at Oppenheimer Street Insider", "time": 1512161496.0, "sentiment": ""}, {"id": 103271791, "text": "$AMZN Amazon PT Raised to &#39;Street High&#39; $1,525 at Wells Fargo", "time": 1512161433.0, "sentiment": ""}, {"id": 103271721, "text": "PRE Market moves: $BIG $GCO $ULTA $DIS $FIVE $VMW $AMBA $AMZN $APRN $RBS $LVS $WDC $FMI $MON", "time": 1512161405.0, "sentiment": ""}, {"id": 103271696, "text": "$AMZN Morgan Stanley Remains Bullish on Amazon (AMZN) Following Annual Conference http://www.streetinsider.com/Analyst+Comments/Morgan+Stanley+Remains+Bullish+on+Amazon+%28AMZN%29+Following+Annual+Conference/13559042.html via @Street_Insider", "time": 1512161396.0, "sentiment": ""}, {"id": 103271516, "text": "@MarketDonkey My family has been using this for the past year. $AMZN will eventually buy them out.", "time": 1512161312.0, "sentiment": "Bullish"}, {"id": 103271429, "text": "Tech wreck again today $aapl $amzn $nflx $FB", "time": 1512161277.0, "sentiment": ""}, {"id": 103271262, "text": "Share an idea on $AMZN   Ron Johnson reportedly to vote for tax bill http://on.mktw.net/2iwz66m O&#39;Connel really wants atx bill to pass", "time": 1512161194.0, "sentiment": ""}, {"id": 103271101, "text": "$AMZN PT $1,300", "time": 1512161117.0, "sentiment": "Bullish"}, {"id": 103270556, "text": "$AMZN look at that!!! the Bull is beating the bear", "time": 1512160843.0, "sentiment": ""}, {"id": 103270470, "text": "Losses already erased. Like clockwork. Thats was easy.  $AAPL $AMZN $FB $NFLX $SPY $DJIA $GOOG $QQQ", "time": 1512160802.0, "sentiment": ""}, {"id": 103270121, "text": "$AMZN", "time": 1512160613.0, "sentiment": ""}, {"id": 103269996, "text": "$AMZN Max Pain=1165.00. Maturity=12/08/2017. #maxpain #options http://bit.ly/2BphxJ0", "time": 1512160556.0, "sentiment": ""}, {"id": 103269776, "text": "$MYSZ Just talked with friends in Israel. They all know this company. Which is great sign that they have name recognition. $AMZN in the pic", "time": 1512160468.0, "sentiment": "Bullish"}, {"id": 103269675, "text": "$DLAKY $BABA $TSLA $AAPL $FB $MSFT $AMZN $NVDA $INTC...", "time": 1512160413.0, "sentiment": "Bullish"}, {"id": 103269520, "text": "Ladies, $AMZN will jump today\n\n$DLAKY $BABA $TSLA $AAPL $FB $MSFT $NVDA $INTC...\ud83e\udd11\ud83e\udd11\ud83e\udd11", "time": 1512160331.0, "sentiment": "Bullish"}, {"id": 103269495, "text": "$AMZN shorts will not know what hit them today", "time": 1512160317.0, "sentiment": "Bullish"}, {"id": 103269286, "text": "Stocks Making The Biggest Moves PM: $BIG $GCO $ULTA $DIS $FIVE $VMW $AMBA $AMZN $APRN $LVS $WYNN $FMI $MDLZ &amp; more\ud83d\ude18 https://www.cnbc.com/2017/12/01/stocks-making-the-biggest-moves-premarket-big-gco-ulta-dis-five-vvmw-more.html", "time": 1512160217.0, "sentiment": ""}, {"id": 103269186, "text": "$AMZN green oh my god.. shorts are going to loose bad today...", "time": 1512160164.0, "sentiment": ""}, {"id": 103269157, "text": "$AMZN lol paid $250m for rights to LOTR show.", "time": 1512160146.0, "sentiment": ""}, {"id": 103269104, "text": "$AMZN Amazon officially unveils Alexa for Business\n\nhttps://www.cnbc.com/2017/11/30/amazon-officially-unveils-alexa-for-business.html", "time": 1512160122.0, "sentiment": ""}, {"id": 103268974, "text": "$AMZN Senate leaders push tax debate into Friday http://thehill.com/blogs/floor-action/senate/362699-senate-leaders-push-tax-debate-into-friday#.WiFYknfcrXo.twitter", "time": 1512160046.0, "sentiment": ""}, {"id": 103268734, "text": "$AMZN.....boooooom  \ud83e\udd11\ud83e\udd11\ud83e\udd11\n\n$BABA $TSLA $AAPL $MSFT $NVDA $INTC..", "time": 1512159924.0, "sentiment": "Bullish"}, {"id": 103268457, "text": "Happy Friday everyone! Wishing you luck &amp; some pixie dust with your trades today..watching $UB_F $ZB_F $AMZN $JBLU", "time": 1512159762.0, "sentiment": ""}, {"id": 103267655, "text": "Amazon stock price target boosted above $1,300 by yet another analyst\n\nhttps://www.marketwatch.com/story/amazon-stock-price-target-boosted-above-1300-by-yet-another-analyst-2017-12-01?siteid=rss&amp;utm_source=feedburner&amp;utm_medium=feed&amp;utm_campaign=Feed%3A%20marketwatch%2Fmarketpulse%20(MarketWatch.com%20-%20MarketPulse\n$BABA $TSLA $AAPL  $MSFT $AMZN $NVDA $INTC..", "time": 1512159306.0, "sentiment": "Bullish"}, {"id": 103267602, "text": "Don&#39;t worry losses will be reversed.Buy the dip in the am, sell in pm when losses reversed. And it&#39;s &quot;when&quot; not &quot;if&quot;. $AAPL $AMZN $SPY $GOOG", "time": 1512159281.0, "sentiment": ""}, {"id": 103267386, "text": "$AMZN Wow that pullback really want to come around today!!!", "time": 1512159162.0, "sentiment": ""}, {"id": 103267273, "text": "$AMZN $BSX $CMG", "time": 1512159091.0, "sentiment": ""}, {"id": 103267207, "text": "$AMZN after raised the price target to $1,525 from $1,430 at Wells Fargo, stock shows minor increase of + 0.08%, https://www.newsquantified.com/stock-report/amzn-amazoncom-price-target-raised-1525-1430-04x2fs", "time": 1512159049.0, "sentiment": ""}, {"id": 103266731, "text": "$AMZN is the pullback on its way?", "time": 1512158724.0, "sentiment": ""}, {"id": 103266642, "text": "$AMZN THIS HAS TO RETEST 1147, IF NOT IT STAYS RIGHT HERE.  YESTERDAY WAS CAPITULATION TO UPSIDE, STOCKS SELL TODAY FIRST DAY DECEMBER", "time": 1512158651.0, "sentiment": "Bearish"}, {"id": 103266118, "text": "$AMZN This drop is purely the tax bill not passing last night. Great buy dip - when they pass the bill - all markets will soar", "time": 1512158235.0, "sentiment": "Bullish"}, {"id": 103266097, "text": "$DLAKY $BABA $TSLA $AAPL $FB $MSFT $AMZN $NVDA $INTC", "time": 1512158219.0, "sentiment": ""}, {"id": 103266088, "text": "MARKET RECON: Crazy Train $SPX $RUT $AMZN $BABA $WMT $BIG $GCO $AMWD $CL_F $DXY $ZN_F https://realmoney.thestreet.com/articles/12/01/2017/stock-market-crazy-train-has-something-tracks?puc=twitter&amp;cm_ven=TWITTER&amp;utm_source=dlvr.it&amp;utm_medium=twitter", "time": 1512158211.0, "sentiment": ""}, {"id": 103265848, "text": "$MCK More $AMZN Phobia BS. Bezos needs to get off the pot.", "time": 1512158027.0, "sentiment": ""}, {"id": 103265723, "text": "$AMZN I see nothing but great news for this. All positive numbers too. So why the drop again?  Profit taking for holidays?", "time": 1512157929.0, "sentiment": "Bullish"}, {"id": 103265698, "text": "$SPLK Announces Its Latest Product Integrations With $AMZN AWS https://t.co/uACKc3lpk8", "time": 1512157905.0, "sentiment": ""}, {"id": 103265660, "text": "Amazon price target raised to $1,525 from $1,430 at Wells Fargo - $AMZN - http://thefly.com/permalinks/entry.php/AMZNid2648940", "time": 1512157871.0, "sentiment": ""}, {"id": 103265587, "text": "Amazon&#39;s Move Into Retail Pharmacy Could Put 10% of Industry Profits at Risk $AMZN http://dlvr.it/Q3pb7Q", "time": 1512157817.0, "sentiment": ""}, {"id": 103265373, "text": "$mu $xlk $amzn $utx $mmm $lmt $bac $c $fb $aapl $msft $nflx", "time": 1512157685.0, "sentiment": ""}, {"id": 103265331, "text": "$AMZN partnering or buying $TEVA competition would kill this debt hog. Bad bad news for teva. Big down day ahead. https://www.cnbc.com/2017/11/30/amazon-holding-exploratory-talks-with-generic-drug-makers.html", "time": 1512157651.0, "sentiment": "Bearish"}, {"id": 103265262, "text": "I am bullish on $AMZN with a target price of $1529.78 in 6 mos. on Vetr! http://on.vetr.com/2jCFs0n", "time": 1512157597.0, "sentiment": "Bullish"}, {"id": 103265239, "text": "$COST $WMT ahhha beware $AMZN", "time": 1512157574.0, "sentiment": ""}, {"id": 103265089, "text": "$AMZN Amazon is in exploratory talks with generic-drug makers  https://www.cnbc.com/2017/11/30/amazon-holding-exploratory-talks-with-generic-drug-makers.html", "time": 1512157440.0, "sentiment": ""}, {"id": 103264855, "text": "$AMZN Amazon stock price target raised to $1,330 from $1,165 at Oppenheimer (drone delivery coming soon so more margin means more profits)", "time": 1512157229.0, "sentiment": "Bullish"}, {"id": 103264802, "text": "$AMZN like I said yesterday, those who bought calls yesterday (this and next week), we are F&amp;!?@$!", "time": 1512157187.0, "sentiment": ""}, {"id": 103264622, "text": "$AMZN concern for a week, but it&#39;ll go up in December. Don&#39;t like it&#39;s direction though. No sir! Less then impressed.", "time": 1512157026.0, "sentiment": ""}, {"id": 103264434, "text": "$NQ_F $QQQ $AMZN  brutal!", "time": 1512156848.0, "sentiment": "Bearish"}, {"id": 103262425, "text": "$AAPL definitely buying this stock today and selling when it gets close to $AMZN", "time": 1512155319.0, "sentiment": "Bullish"}, {"id": 103262287, "text": "Amazon&#39;s Latest Cloud Announcements Aim to Kill Two Birds With One Stone $AMZN http://dlvr.it/Q3pGv7", "time": 1512155131.0, "sentiment": ""}, {"id": 103261866, "text": "$AMZN what happened to this dog? I am short a ton of puts", "time": 1512154475.0, "sentiment": ""}, {"id": 103261665, "text": "Estimize EPS expectations are 6.19% lower than that of Wall Street for $AMZN Q4 [Reporting 02/01 AMC]\nhttp://www.estimize.com/intro/amzn?utm_content=AMZN&amp;amp;utm_medium=eps_difference&amp;amp;utm_source=stocktwits#chart=change-over-time", "time": 1512154168.0, "sentiment": ""}, {"id": 103261507, "text": "$AMZN this os healthy for a couple weeka then dec 12-15 santa rally", "time": 1512153933.0, "sentiment": "Bearish"}, {"id": 103261426, "text": "$AMZN gonna be an awesome day..if it goes up yeah if it goes down but more lol", "time": 1512153797.0, "sentiment": ""}, {"id": 103261125, "text": "$AMZN if it go bankrupt then my puts become millionaires value ..looks like possible", "time": 1512153347.0, "sentiment": "Bullish"}, {"id": 103261088, "text": "$AMZN retest 1147, fail and test 1132", "time": 1512153282.0, "sentiment": "Bearish"}, {"id": 103261020, "text": "$AMZN That was total upside market capitulation yesterday.  Now we correct sell the tax bill news even when passed AMZN overbought", "time": 1512153184.0, "sentiment": "Bearish"}, {"id": 103260969, "text": "$AMZN Gann&#39;s Degree Time, Sun at 249.68*, convert to base 10: 249.68*X.27777= $69.35, or $1169.35, 4 bars up, 2day 4 back down, 1167.98, 1/2", "time": 1512153110.0, "sentiment": ""}, {"id": 103258817, "text": "$AMZN to 1188\ud83d\ude0e", "time": 1512148069.0, "sentiment": "Bullish"}, {"id": 103258628, "text": "$BABA or $AMZN ? FRTA back to $23 in 2018! EGLT Cantor Fitzgerald Price Target = 450% upside!", "time": 1512147510.0, "sentiment": "Bullish"}, {"id": 103258490, "text": "$DLAKY $BABA $TSLA $AAPL $FB $MSFT $AMZN $NVDA $INTC...\ud83e\udd11\ud83e\udd11\ud83e\udd11", "time": 1512146941.0, "sentiment": "Bullish"}, {"id": 103257966, "text": "Tigress Financial analyst Ivan Feinseth says, &quot;An $AMZN / $M tie-up is possible and would be interesting.\u201d", "time": 1512144809.0, "sentiment": "Bullish"}, {"id": 103257688, "text": "$AMZN estimates distribution - here\u2019s what 206 Estimize analysts are expecting $AMZN to report for Q4 [Reporting 02/01 AMC]\nhttp://www.estimize.com/intro/amzn?utm_content=AMZN&amp;amp;utm_medium=distribution&amp;amp;utm_source=stocktwits#chart=scatter-plot", "time": 1512143728.0, "sentiment": ""}, {"id": 103256851, "text": "$AMZN if tax reform doesn\u2019t pass this going to 1142", "time": 1512140239.0, "sentiment": ""}, {"id": 103256622, "text": "$RSYS this will fly like $tops and $dpw and $drys and $amzn and $msft good luck all.", "time": 1512139422.0, "sentiment": "Bullish"}, {"id": 103256024, "text": "$AMZN Nice consolidation on hourly. Long bias. .", "time": 1512137315.0, "sentiment": "Bullish"}, {"id": 103255950, "text": "NASADAQ &#39;NET INDEX underprf +.24%-----&gt; $QNET $AMZN $FB $NFLX $GOOGL $FDN $QQQ", "time": 1512137053.0, "sentiment": ""}, {"id": 103255781, "text": "Wall Street\u2019s Top Analysts Upgrades, Downgrades &amp; Initiations\n\n$AMZN,$ABX, $BSX, $CMG,$GAP  http://www.livetradingnews.com/wall-streets-top-analysts-upgrades-downgrades-initiations-326-64304.html#.WiD9CkqnGM8", "time": 1512136655.0, "sentiment": ""}, {"id": 103255402, "text": "$AMZN Europe markets seen lower after vote on US tax bill delayed CNBC http://cnb.cx/2AMbhi7", "time": 1512135642.0, "sentiment": ""}, {"id": 103254852, "text": "$NQ_F $QQQ $AMZN if the senate doesn&#39;t vote yes on their version of the tax bill tomorrow then this dumps?! at open?", "time": 1512134350.0, "sentiment": "Bearish"}, {"id": 103254681, "text": "$SPY $TSLA $AAPL $AMZN", "time": 1512133988.0, "sentiment": ""}, {"id": 103254347, "text": "$AAPL $FB $QQQ $AMZN https://www.youtube.com/watch?v=vAt747OYylQ", "time": 1512133323.0, "sentiment": ""}, {"id": 103254331, "text": "Here\u2019s what 206 Estimize analysts believe $AMZN will report for Q4 2017 revenue [Reporting 02/01 AMC]\nhttp://www.estimize.com/intro/amzn?utm_content=AMZN&amp;amp;utm_medium=revenue_update&amp;amp;utm_source=stocktwits#chart=historical", "time": 1512133287.0, "sentiment": ""}, {"id": 103253923, "text": "$AMZN $rad\nAmazon is in exploratory talks with generic-drug makers - https://www.cnbc.com/2017/11/30/amazon-holding-exploratory-talks-with-generic-drug-makers.html", "time": 1512132521.0, "sentiment": ""}, {"id": 103253608, "text": "$AMZN wanting to add more of my favorite non dividend paying stock. Tough with ATH\u2019s.", "time": 1512131911.0, "sentiment": "Bullish"}, {"id": 103251323, "text": "$AMZN check this out &gt;&gt; $MYSZ", "time": 1512128747.0, "sentiment": "Bullish"}, {"id": 103251054, "text": "$RAD All speculations with no clarity until a public announcement from $AMZN, share might be under pressure. If we hold, bull case strong...", "time": 1512128398.0, "sentiment": ""}, {"id": 103250560, "text": "Monday\u2019s Watch Pt 1: $AMZN $AAPL $AMD $BAC $BA $BABA $COST $FB $CAT $HD $AMGN $GOOGL $ILMN $DPZ $CMG $GILD $LVS \u263a\ufe0f\ud83d\ude18", "time": 1512127773.0, "sentiment": ""}, {"id": 103250345, "text": "Better Stock to Own -- $AMZN or $MSFT?  https://buff.ly/2iuc009", "time": 1512127509.0, "sentiment": ""}, {"id": 103250126, "text": "$NQ_F BIG BIG BULL moves on deck,last post,cant keep my eyes open, GN, $AAPL $FB $AMZN", "time": 1512127265.0, "sentiment": "Bullish"}, {"id": 103250043, "text": "$AMZN Senate tax-bill vote to be Friday at earliest  http://on.mktw.net/2ApcbOV", "time": 1512127172.0, "sentiment": ""}, {"id": 103249726, "text": "$SPY what actually is priced in? Permanent cuts? Repatriation? What happens if temporary to please hawks? $goog $uvxy $jnug $jdst $fb $amzn", "time": 1512126842.0, "sentiment": ""}, {"id": 103249725, "text": "$AMZN lLooks to me like Tax bill in deep stuum.", "time": 1512126841.0, "sentiment": ""}, {"id": 103249598, "text": "$GRPN makes me salivate w/\u201cGroupon+\u201d F*cking love U 4 life GRPN! $AMZN #Amateurzon $PCLN #Pricelame $YELP #YelpSucks", "time": 1512126687.0, "sentiment": ""}, {"id": 103249251, "text": "$AMZN  Futures remaining red . The profit takers may come marching in . I want to be in that number .", "time": 1512126325.0, "sentiment": "Bearish"}, {"id": 103248971, "text": "$AMZN 1200 seems like possible if voting went through possible . Highly volatile . If voting negative then it will go north", "time": 1512126020.0, "sentiment": ""}, {"id": 103248898, "text": "$AMZN @bradybunte", "time": 1512125945.0, "sentiment": ""}, {"id": 103248807, "text": "2 Tech Companies That Crushed It on Black Friday Weekend - https://buff.ly/2iugsvF  $AMZN $FB", "time": 1512125845.0, "sentiment": ""}, {"id": 103247391, "text": "A lot of red selling this week in certain names, $AMZN is an example. This is a big change, pay attention to these", "time": 1512124376.0, "sentiment": ""}, {"id": 103247224, "text": "$NFLX $AMZN $AAPL $SBUX $NKE $GOOGL $DIS $MCD", "time": 1512124209.0, "sentiment": ""}, {"id": 103247217, "text": "Market Commentary for Friday, Dec. 01 - $JWN, $UNH, $AMBA, $OAS, $AMZN, $GS, $RIOT, $LB, $OXY, $WMT, $IBM http://crweworld.com/article/finance/186999/the-moskowitz-report-stock-market-commentary-for-friday-december-01-2017", "time": 1512124204.0, "sentiment": ""}, {"id": 103246814, "text": "$AMZN by short volume ranks 430 a change of -229 from yesterday at 201 as short volume Decreases http://www.algowins.com/short-data/?filter_2=AMZN", "time": 1512123794.0, "sentiment": ""}, {"id": 103246050, "text": "$MYSZ https://m.youtube.com/watch?v=ApFEYqP5L2Y this is HUGEE!!!!! $AMZN  the box parcel measurement is the next key feature on Amazon", "time": 1512123118.0, "sentiment": "Bullish"}, {"id": 103245901, "text": "$MYSZ $AMZN acquisition? It&#39;s mentioned directly through the company", "time": 1512123001.0, "sentiment": "Bullish"}, {"id": 103245841, "text": "What Are The Top Stocks Owned By Hedge Funds? https://buff.ly/2inptXn  $FB $AMZN $BABA $GOOG $GOOGL $MSFT $TWX $AAPL", "time": 1512122943.0, "sentiment": ""}, {"id": 103245725, "text": "Here\u2019s what 206 Estimize analysts believe $AMZN will report for Q4 2017 EPS [Reporting 02/01 AMC]\nhttp://www.estimize.com/intro/amzn?utm_content=AMZN&amp;amp;utm_medium=eps_update&amp;amp;utm_source=stocktwits#chart=historical", "time": 1512122848.0, "sentiment": ""}, {"id": 103245410, "text": "$AMZN tax plan?", "time": 1512122550.0, "sentiment": ""}, {"id": 103245133, "text": "$COST stepped up email sales announcements, weekly coupon books Food delivery service just starting. Whats not to like. $WMT $AMZN", "time": 1512122313.0, "sentiment": ""}, {"id": 103244945, "text": "@cashcow4 for that to happen $AMZN will have to hit $1,125 tomorrow.", "time": 1512122120.0, "sentiment": "Bearish"}, {"id": 103244517, "text": "$NQ_F updated chart...BULL no doubt $AMZN $AAPL $FB", "time": 1512121774.0, "sentiment": "Bullish"}, {"id": 103244056, "text": "Should You Buy Retail ETFs Now? https://buff.ly/2AsjV4P  $AMZN $HD $WMT $RTH $XRT $IBUY", "time": 1512121373.0, "sentiment": ""}, {"id": 103243833, "text": "$AMZN To all who bought calls today, we are F%!@&amp;$", "time": 1512121201.0, "sentiment": ""}, {"id": 103243205, "text": "$MYL Some good news Mylan Pharmaceuticals received from Amazon. After somewhat of a stagnant year... $AMZN $NVS\n\nhttp://thestockmarketinfo.com/news-mylan-pharmaceuticals/", "time": 1512120724.0, "sentiment": ""}, {"id": 103243003, "text": "$AMZN $MYL \n\nAmazon is in exploratory talks with generic-drug makers.\n\nhttps://www.cnbc.com/2017/11/30/amazon-holding-exploratory-talks-with-generic-drug-makers.html", "time": 1512120553.0, "sentiment": ""}, {"id": 103242796, "text": "$MCK how does $AMZN impact this?", "time": 1512120396.0, "sentiment": ""}, {"id": 103242784, "text": "$AMZN dumpathon tom-goldman strikes back pt 2", "time": 1512120383.0, "sentiment": ""}, {"id": 103242288, "text": "$OSTK with $AMZN crushing B&amp;M retail like they are, its inconcievable Overstock retail does not get bought now that CEO wants to sell", "time": 1512119933.0, "sentiment": ""}, {"id": 103242182, "text": "$AMZN", "time": 1512119834.0, "sentiment": ""}, {"id": 103242176, "text": "$AMZN $QQQ", "time": 1512119829.0, "sentiment": ""}, {"id": 103242118, "text": "$MYSZ Excellent technology play for $AMZN", "time": 1512119774.0, "sentiment": "Bullish"}, {"id": 103241951, "text": "$AMZN Still holding &amp; bounce today. Could see $1200 + by EOY still. Two notable sweepers of the 12/8 $1200&#39;s today.", "time": 1512119626.0, "sentiment": "Bullish"}, {"id": 103241900, "text": "market will throw a tantrum so the Senate knows the gravity of the situation, $AMZN could drop big with the rest of it $QQQ at open", "time": 1512119580.0, "sentiment": "Bearish"}, {"id": 103241841, "text": "$SPY $FAS $IYT $IWM $TNA https://www.yahoo.com/news/trump-bashes-sick-puppy-kim-day-north-korea-missile-test-215240866.html China will def try to play it off, $WYNN $AMZN $AAPL $WMT $LVS $BLDP $BABA $BIDU $JD $SINA", "time": 1512119524.0, "sentiment": ""}, {"id": 103241612, "text": "$AMZN y are futures red?", "time": 1512119320.0, "sentiment": ""}, {"id": 103241516, "text": "$AMZN Is In Exploratory Talks with Generic Drugmakers - https://buff.ly/2AtFKB7 $MYL $ABC $MCK", "time": 1512119229.0, "sentiment": ""}, {"id": 103241462, "text": "$OSTK $FB $AMZN $NFLX $GOOGL $AAPL lol and still falling", "time": 1512119175.0, "sentiment": ""}, {"id": 103241096, "text": "$CVS $AMZN $WMT bezos is killer of humanity", "time": 1512118863.0, "sentiment": ""}, {"id": 103240972, "text": "$AMZN BLOCKS ON [Dec 01, 2017] FOR AMZN", "time": 1512118801.0, "sentiment": ""}, {"id": 103240870, "text": "$AMZN Amazon price Target raised to $1,500, anyone who disagrees, Jeff Bezos will punch your lights out, LOL", "time": 1512118725.0, "sentiment": "Bullish"}, {"id": 103240098, "text": "$NTDOY bought my switch last night in \ud83c\udded\ud83c\uddf0 (HK). Lots of stock and better prices than $AMZN", "time": 1512118015.0, "sentiment": ""}, {"id": 103239460, "text": "$AMZN who is @manbearcrypto on ig? hah too funny", "time": 1512117507.0, "sentiment": "Bullish"}, {"id": 103239205, "text": "$AMZN So We have Amazon-Pharma &amp; Tax reform on Friday!! Go Bezos Go Amazon !", "time": 1512117325.0, "sentiment": ""}, {"id": 103239084, "text": "Waiting for $AMZN to take over the dog-walking business....", "time": 1512117243.0, "sentiment": ""}, {"id": 103238832, "text": "$CVS remember when $AMZN was gonna kill $WMT... yea I bought the shit out of that dip. Bezos makes the strong stronger. Merlo will survive", "time": 1512117039.0, "sentiment": "Bullish"}]