[{"id": 104597475, "text": "@Money_Mayweather if you want a perfect chart, look at $AMZN all it does is go up", "time": 1513084182.0, "sentiment": ""}, {"id": 104596295, "text": "Insider WILKE JEFFREY A reports  selling 100 shares of $AMZN at $1,162.72 for a total cost of $116,272.00 https://fintel.io/n/us/amzn", "time": 1513083507.0, "sentiment": ""}, {"id": 104594322, "text": "https://www.google.com/amp/s/www.lowyat.net/2017/148096/alibaba-hema-store-learned-leave-cash-behind/amp/#ampshare=https://www.lowyat.net/2017/148096/alibaba-hema-store-learned-leave-cash-behind/ \n$AMZN idea already a $BABA reality, plus no commission to credit card companies?", "time": 1513082408.0, "sentiment": "Bullish"}, {"id": 104593326, "text": "$AMZN Monday analysis: 75% chance of closing above $1168.92 .Details &amp; accuracy rate on the Market Sensei app, link in our profile.", "time": 1513081889.0, "sentiment": ""}, {"id": 104592858, "text": "Amazon.com CEO Jeffrey Wilke Sells $3,248,952.00 in $AMZN http://www.marketbeat.com/i/249380", "time": 1513081507.0, "sentiment": ""}, {"id": 104591903, "text": "$AMZN Weekly chart overbought. Market up 4 days in a row. Going to pull back to $980", "time": 1513080341.0, "sentiment": "Bearish"}, {"id": 104591852, "text": "$HMNY $AMZN", "time": 1513080279.0, "sentiment": ""}, {"id": 104591565, "text": "$AAPL $AMZN $NFLX $AMD what will happen with stock losses with the new tax reform changes? can&#39;t we claim the losses?", "time": 1513079942.0, "sentiment": ""}, {"id": 104591258, "text": "@andypady1 $AMZN Market has won 4 days in a row while at 52- wk highs. $AMZN     forming an island up top.", "time": 1513079533.0, "sentiment": "Bearish"}, {"id": 104591090, "text": "@stockplayer1000 $AMZN \ud83d\udc40 52 wk high, Fib retrace,gap from $980 to $1,050,No volume to push higher,Very Bearish Chart, Identical Dbl Tops \ud83e\udd2e", "time": 1513079308.0, "sentiment": "Bearish"}, {"id": 104590926, "text": "@Thankfulness closed high of day? Pretty sure $1,168 doesn\u2019t equal $1,169 $AMZN Huge Red Day on the way", "time": 1513079095.0, "sentiment": "Bearish"}, {"id": 104590078, "text": "Tuesday\u2019s Watch Pt 1: $LTC.X $ETH.X $BTC.X $AAPL $AMD $FB $AMZN $DPW $BABA $MU $MARA $GROW $INPX $ADBE $BA $GOOGL \ud83d\ude18", "time": 1513078199.0, "sentiment": ""}, {"id": 104589769, "text": "$AAPL $AMZN $AMD $TSLA $SQ Which brokerages are best for getting into options?", "time": 1513077887.0, "sentiment": ""}, {"id": 104587956, "text": "worth a read as always...hot hand $AMZN $SSC $NTNX", "time": 1513076365.0, "sentiment": ""}, {"id": 104587764, "text": "$ETH.X y\u2019all ain\u2019t ready $FB $GOOG $CCF $AMZN $MSFT", "time": 1513076186.0, "sentiment": "Bullish"}, {"id": 104586116, "text": "Here\u2019s what 211 Estimize analysts believe $AMZN will report for Q4 2017 EPS [Reporting 02/01 AMC]\nhttp://www.estimize.com/intro/amzn?utm_content=AMZN&amp;amp;utm_medium=eps_update&amp;amp;utm_source=stocktwits#chart=historical", "time": 1513074921.0, "sentiment": ""}, {"id": 104584799, "text": "$INFI $SHOP $TOPS $GBTC $TSLA $AAPL $AMZN $GOOGL $QQQ  Your opinion is, it\u2019s none of my business.", "time": 1513074001.0, "sentiment": ""}, {"id": 104584214, "text": "$SPX $FB $MSFT $INTC $SBUX $AMZN $AAPL daily data updated. to read more:https://xthcapital.wordpress.com/2017/12/10/week-dec-11-to-dec-15-2017/", "time": 1513073582.0, "sentiment": ""}, {"id": 104583259, "text": "$AMZN Note", "time": 1513073042.0, "sentiment": ""}, {"id": 104583107, "text": "$AMZN Notes", "time": 1513072950.0, "sentiment": "Bullish"}, {"id": 104582887, "text": "@red75 $dis LOL this will be $500k-1MM in 10yr then.  Not even $amzn Can deal with that LOL \ud83d\ude02", "time": 1513072832.0, "sentiment": ""}, {"id": 104581864, "text": "$TWLO $MSFT Azure stepping up to the plate? AWS given notice! $AMZN", "time": 1513072267.0, "sentiment": "Bullish"}, {"id": 104579495, "text": "Share an idea on $AMZN Evert time I look it is going higher", "time": 1513070877.0, "sentiment": "Bullish"}, {"id": 104579256, "text": "@PonceRob $AMZN what happened last time the stock dropped from 52-wk highs? Dbl top today matches dbl top from Nov 28th...huge drop tmrrw\ud83e\udd2e", "time": 1513070740.0, "sentiment": "Bearish"}, {"id": 104577111, "text": "$AMZN Web Services, Ningxia Western Cloud Data Technology Reveal a Second AWS Region in China http://crweworld.com/article/news-provided-by-business-wire/192946/amazon-web-services-aws-and-ningxia-western-cloud-data-technology-co-ltd-nwcd-announce-a-second-aws-region-in-china-now-available-to-customers", "time": 1513069579.0, "sentiment": ""}, {"id": 104574575, "text": "Price Moves vs Expected Moves $OSTK $DIS $CMCSA $UAL $BABA $SBUX $AMZN $AAL $WMT $M $GME $NFLX http://tinyurl.com/y7zbwhgq", "time": 1513068049.0, "sentiment": ""}, {"id": 104574200, "text": "$SPY $QQQ $DJIA $AAPL $GOOG $FB $AMZN the markets are looking good into the end of the year https://www.youtube.com/watch?v=gMSlF_2_RZs&amp;feature=share", "time": 1513067810.0, "sentiment": "Bullish"}, {"id": 104573666, "text": "$AMZN Amazon Web Services (AWS) and Ningxia Western Cloud Data Technology Co. Ltd (NWCD)... http://www.enhancedonlinenews.com/news/eon/20171211006338/en/Amazon-Web-Services-AWS-Ningxia-Western-Cloud/", "time": 1513067454.0, "sentiment": ""}, {"id": 104569986, "text": "$LTC.X wow I\u2019m even impressed at my own timing on these crypts while options on $amzn &amp; $fb not so much", "time": 1513065193.0, "sentiment": ""}, {"id": 104568808, "text": "$AMZN this is what it looks like for tomorrow. Not a secret. Trend is down. Red Sea will flow tomorrow", "time": 1513064540.0, "sentiment": "Bearish"}, {"id": 104568726, "text": "$AMZN analysts on Estimize are expecting 37.03% YoY revenue growth for Q4, up from 33.72% in Q3 [Reporting 02/01 AMC]\nhttp://www.estimize.com/intro/amzn?utm_content=AMZN&amp;amp;utm_medium=revenue_growth&amp;amp;utm_source=stocktwits#chart=historical", "time": 1513064491.0, "sentiment": ""}, {"id": 104568438, "text": "@Thankfulness $AMZN $1,180 pricing when it can\u2019t even reach $1,170.. lol ok..", "time": 1513064317.0, "sentiment": "Bearish"}, {"id": 104566637, "text": "$OSTK, $amzn called it.", "time": 1513063164.0, "sentiment": ""}, {"id": 104566481, "text": "$AMZN great close today! $1180 pricing tomorrow.", "time": 1513063070.0, "sentiment": "Bullish"}, {"id": 104566302, "text": "Took $amzn over 2 weeks to ship my $roku device which bodes well for roku plus $SVVC which owns 250k shares and trading 11$ below NAV of 19+", "time": 1513062964.0, "sentiment": "Bullish"}, {"id": 104565151, "text": "@andypady1 $AMZN not beating $1,170... attempted multiple times and could not post a new High of Day... a gap down is coming \ud83e\udd2e", "time": 1513062186.0, "sentiment": "Bearish"}, {"id": 104564995, "text": "$AMZN we\u2019ll see very soon how the market reacts... \ud83e\udd2e", "time": 1513062102.0, "sentiment": "Bearish"}, {"id": 104564974, "text": "Long-Dormant Oracle Corporation Could Get a Q2 Wake-up Call! $ORCL @oracle $T $MSFT $AMZN http://bit.ly/2jNGMOQ", "time": 1513062090.0, "sentiment": ""}, {"id": 104564818, "text": "$AMZN i felt like a king shorting this Monster and if I end up making some money I&#39;ll be like yay baby!!", "time": 1513062003.0, "sentiment": "Bearish"}, {"id": 104564698, "text": "@IpWood $AMZN Terrorist attack equals bad sentiment over all... \ud83e\udd2e", "time": 1513061933.0, "sentiment": "Bearish"}, {"id": 104564646, "text": "CVS buys health insurer Aetna to counter Amazon: http://ow.ly/15vD30ha3sR $CVS $AET $AMZN", "time": 1513061905.0, "sentiment": ""}, {"id": 104564530, "text": "The CVS-Aetna deal is actually all about Amazon: https://qz.com/1145594/the-cvs-aetna-deal-is-actually-all-about-amazon/ $CVS $AET $AMZN", "time": 1513061840.0, "sentiment": ""}, {"id": 104563972, "text": "$LTC.X $TSLA $BTC.X and of course $BABA $AMZN and $NVDA to rule The World in 2018. Biggest winners will continue to dominate", "time": 1513061522.0, "sentiment": "Bullish"}, {"id": 104563311, "text": "$AMZN chart https://www.tradingview.com/x/vnGqLqFG/ via https://www.tradingview.com", "time": 1513061112.0, "sentiment": ""}, {"id": 104562227, "text": "$AMZN Someone bought 73,000 shares AH.", "time": 1513060506.0, "sentiment": "Bullish"}, {"id": 104561946, "text": "How Bitcoin&#39;s Rise Stacks up Against the Dot-Com Boom and Tulipmania $AMZN $BTC.X  http://bit.ly/2jy1QfB $QQQ", "time": 1513060362.0, "sentiment": ""}, {"id": 104561600, "text": "@WSNA  Shazam&#39;s patents center on music recog. Partnered w/ $DMRC for print recognition. Underscores investment thesis. Next $AAPL $AMZN bo?", "time": 1513060190.0, "sentiment": ""}, {"id": 104560037, "text": "$AMZN CEO &quot;WILKE JEFFREY A&quot; just sold 2,800 Shares (Tran Code - S)  --- Insider Forms, iOS app", "time": 1513059337.0, "sentiment": ""}, {"id": 104557798, "text": "@chloro $AMZN The Market only calculates what it can predict! Lol", "time": 1513058125.0, "sentiment": "Bearish"}, {"id": 104557793, "text": "$AMZN POPS TO HIGHEST CLOSE SINCE NOVEMBER 30TH: https://techniquant.com/reports/stock-amzn-daily-technical-report-for-2017-12-11/", "time": 1513058122.0, "sentiment": "Bullish"}, {"id": 104557735, "text": "$AAPL $AMZN Two companies only a fool would bet against are Apple and Amazon.", "time": 1513058090.0, "sentiment": ""}, {"id": 104557699, "text": "$OSTK big volume afterhours $btc.x play .... $dpw $Mara $teum $NVDA $amd $amzn $googl $myo", "time": 1513058065.0, "sentiment": "Bullish"}, {"id": 104555678, "text": "$AMZN did not reach a new High of Day... can\u2019t beat $1,170.. 3 Big Red Candles coming to this one", "time": 1513057194.0, "sentiment": "Bearish"}, {"id": 104555159, "text": "$AMZN the bad news from New York will be calculated into tomorrow\u2019s trading day. Don\u2019t forget", "time": 1513056979.0, "sentiment": "Bearish"}, {"id": 104554623, "text": "@andypady1 $AMZN bad news coming to this one", "time": 1513056760.0, "sentiment": "Bearish"}, {"id": 104553777, "text": "$AMZN excellent analysis from all sides! https://seekingalpha.com/article/4131179-chasing-elephant-episode-four-part-one-risk-amazon-story", "time": 1513056445.0, "sentiment": ""}, {"id": 104551569, "text": "$AMZN $HMNY", "time": 1513055501.0, "sentiment": ""}, {"id": 104550844, "text": "MoviePass Expands Revenue Source With Distributor Deal https://benzinga.com/z/10897636 $AMZN $HMNY", "time": 1513055188.0, "sentiment": ""}, {"id": 104549941, "text": "$AMZN has not broken 1170 - \ud83d\udc3bish", "time": 1513054794.0, "sentiment": "Bearish"}, {"id": 104549738, "text": "$DJIA $SPX $QQQ $BABA $MSFT $AMZN $AAPL $GOOG $FB $NFLX $BTC.X $USDCAD $EURUSD $USDJPY $GBPUSD $COMPQ: Trade Humor!", "time": 1513054694.0, "sentiment": ""}, {"id": 104549538, "text": "$AMZN The Market is at its highs... Won past 4 trading days.. Bears are about to rain down hard this week.", "time": 1513054596.0, "sentiment": "Bearish"}, {"id": 104549274, "text": "$AMZN I get it you have your choice... but the stock can\u2019t get past resistance for two days straight!Low volume...No catalyst.. down trend..", "time": 1513054469.0, "sentiment": "Bearish"}, {"id": 104548990, "text": "@TheGovernment $AMZN buckle up for the Shivering Timbers. \ud83e\udd2e", "time": 1513054345.0, "sentiment": "Bearish"}, {"id": 104548363, "text": "@TheGovernment $AMZN you\u2019re right I misspoke.. there are no rotation of new buyers... and there will soon be a new rotation of sellers", "time": 1513054054.0, "sentiment": "Bearish"}, {"id": 104548356, "text": "$BTC.X probably  protecting its name \n\nThis is like the speculation that $AMZN was getting in the RX business\nWe will see", "time": 1513054049.0, "sentiment": ""}, {"id": 104548338, "text": "$AMZN analysts on Estimize are expecting 19.09% YoY EPS growth for Q4, up from 0.00% in Q3 [Reporting 02/01 AMC]\nhttp://www.estimize.com/intro/amzn?utm_content=AMZN&amp;amp;utm_medium=eps_growth&amp;amp;utm_source=stocktwits#chart=historical", "time": 1513054044.0, "sentiment": ""}, {"id": 104548035, "text": "Setups liked today that we&#39;ll be watching again Tuesday $MARK $RIOT $MARA $ROKU $NKE $GOOGL $AMZN $GS $OSTK $CLVS $AAP $PYPL $SVXY $DIA $SPY", "time": 1513053924.0, "sentiment": "Bullish"}, {"id": 104547326, "text": "Up bigly on $AMZN $V $MSFT $DIS", "time": 1513053624.0, "sentiment": ""}, {"id": 104546928, "text": "$AMZN $TSLA $ SPY $QQQ seeing a lot of names set up for a monster gap-up tomorrow.  Qs want in on the ATH party.  Buckle up!", "time": 1513053485.0, "sentiment": "Bullish"}, {"id": 104546165, "text": "$WMT Wal-Mart widens appeal to compete with $AMZN Amazon without leaving low-income customers behind\n\nhttps://www.marketwatch.com/story/wal-mart-widens-appeal-to-compete-with-amazon-without-leaving-low-income-customers-behind-2017-12-11", "time": 1513053195.0, "sentiment": ""}, {"id": 104546076, "text": "$AMZN 2.3 mil in volume - in big down trend. A lot of rotation to other Tech stocks happening. Huge sell off on $AMZN will happen", "time": 1513053166.0, "sentiment": "Bearish"}, {"id": 104544735, "text": "$DPW Awesome day for this stock. I sold too soon, but I\u2019d rather take a little than lose a lot. Long in $AMZN $DIS also did well 4 me today.", "time": 1513052686.0, "sentiment": ""}, {"id": 104542803, "text": "$amzn $MYSZ I wonder if Amazon would be interested in My Size, Inc.&#39;s garment, package measuring ap.", "time": 1513052052.0, "sentiment": ""}, {"id": 104541976, "text": "$AMZN i said today 1170, I was wrong 1169.90 lol. 1180+ by Friday", "time": 1513051820.0, "sentiment": "Bullish"}, {"id": 104540778, "text": "Options expiration end of the week.  I\u2019m watching $CELG $MSFT $AMZN $AAPL $HYG $ZBRA $FB $MU $SQ $HDB", "time": 1513051488.0, "sentiment": ""}, {"id": 104539603, "text": "$NFLX $AAPL $AMZN $GOOG $FB done with u block", "time": 1513051208.0, "sentiment": ""}, {"id": 104539056, "text": "$AMD CES is coming in just a few weeks now and AMD will be demoing new products to the world. Imagine if we get a Threadripper 2.0! $AMZN $V", "time": 1513051071.0, "sentiment": ""}, {"id": 104538974, "text": "$AMZN another identical double top. $AMZN going much lower tomorrow", "time": 1513051053.0, "sentiment": "Bearish"}, {"id": 104535665, "text": "$AMZN Todays high, .10 shy of 100% of Swing High 585", "time": 1513050291.0, "sentiment": ""}, {"id": 104535132, "text": "$AMZN lots of 6&#39;s", "time": 1513050169.0, "sentiment": ""}, {"id": 104534846, "text": "$AMZN A new Alexa updated allows Amazon&#39;s voice-activated speakers to wake you up with music like a traditional c\u2026 https://stocknews.com/news/amzn-amazon-com-inc-amzn-alexa-devices-now-offer-music-as-a/", "time": 1513050099.0, "sentiment": ""}, {"id": 104533769, "text": "$AMZN very", "time": 1513049802.0, "sentiment": "Bullish"}, {"id": 104532806, "text": "$AMZN coiled channel...super tight.", "time": 1513049546.0, "sentiment": "Bullish"}, {"id": 104531228, "text": "@crazygideon $AMZN not going to happen. Test of $1,100 and below tomorrow \ud83e\udd2e", "time": 1513049126.0, "sentiment": "Bearish"}, {"id": 104530949, "text": "$AMZN market is slipping. Looking to go Red.", "time": 1513049052.0, "sentiment": "Bearish"}, {"id": 104530001, "text": "$AMZN She just cant crack 1170..very strong resistance ..need to break and hold above 1169", "time": 1513048804.0, "sentiment": ""}, {"id": 104529914, "text": "@kaalagiri Maens reversal. $PYPL is a GREAT LT stk. ST reversal. Uptrend intact . Own and sleep well like $FB $AAPL $AMZN $V $MSFT $EW  etc", "time": 1513048775.0, "sentiment": ""}, {"id": 104528953, "text": "$AMZN Just wanted to drop in here and say Amazon did an AMAZING job with Thursday night Football. I hope they continue this for next season", "time": 1513048517.0, "sentiment": ""}, {"id": 104528571, "text": "$AMZN about to trace down the bottom Bollinger Band. Looking like a red close going to happen. Will be huge into tomorrow \ud83e\udd2e", "time": 1513048414.0, "sentiment": "Bearish"}, {"id": 104528284, "text": "$AMZN 1100 at the open tomorrow?", "time": 1513048336.0, "sentiment": ""}, {"id": 104526499, "text": "$TAL Chinese educational sector - up 300%.  Going higher with better returns than FANG this year. $FB $AAPL $AMZN $NFLX $GOOG $PCLN", "time": 1513047830.0, "sentiment": "Bullish"}, {"id": 104526446, "text": "$NFLX $AAPL $AMZN $GOOG $FB I\u2019d short these for the next 3 months. Expect mms to scare me here and there but they are done!", "time": 1513047813.0, "sentiment": ""}, {"id": 104524821, "text": "$AMZN $1180 this week", "time": 1513047357.0, "sentiment": "Bullish"}, {"id": 104524601, "text": "$AMZN has not where to go but sideways and then down and down sharply. Patience pays off!", "time": 1513047296.0, "sentiment": ""}, {"id": 104524407, "text": "$AMZN I kept on selling weekly calls after hitting the 1200 target. Collect premiums for a few more weeks, then I\u2019ll start buying puts...", "time": 1513047243.0, "sentiment": ""}, {"id": 104521074, "text": "$BTC.X $MBRX - $CUR - $RIOT - $DPW - $MARA - $BAA - $NVDA - $FB - $AAPL - $GOOGL -  $AMZN $Happy $Bullish", "time": 1513046313.0, "sentiment": ""}, {"id": 104520786, "text": "$BTC.X $MBRX - $CUR - $RIOT - $DPW - $MARA - $BAA - $NVDA - $FB - $AAPL - $GOOGL - $TSL - $AMZN -  $Happy", "time": 1513046228.0, "sentiment": ""}, {"id": 104520256, "text": "$AMZN looking for &gt;1175 end of the week", "time": 1513046071.0, "sentiment": "Bullish"}, {"id": 104520168, "text": "$AMZN strongest bull out there", "time": 1513046040.0, "sentiment": "Bullish"}, {"id": 104520153, "text": "$MBRX - $CUR - $RIOT - $DPW - $MARA - $BAA - $NVDA - $FB - $AAPL - $GOOGL - $TSL - $AMZN - $BTC.X  -  $SPX - $DJI - $Happy", "time": 1513046034.0, "sentiment": "Bullish"}, {"id": 104519356, "text": "Amazon cuts back on hiring at Seattle headquarters https://seekingalpha.com/news/3317553?source=ansh $AMZN", "time": 1513045797.0, "sentiment": ""}, {"id": 104518646, "text": "$PXS $CUR $RIOT $GLBS $DPW $GLBR  $MBRX - $CUR - $RIOT - $DPW - $MARA - $FB - $AAPL - $GOOGL - $TSL - $AMZN - $BTC.X", "time": 1513045577.0, "sentiment": ""}, {"id": 104518219, "text": "$CUR $MBRX - $CUR - $RIOT - $DPW - $MARA - $BAA - $NVDA - $FB - $AAPL - $GOOGL - $TSL - $AMZN - $BTC.X", "time": 1513045443.0, "sentiment": ""}, {"id": 104517768, "text": "$XXII $MBRX - $CUR - $RIOT - $DPW - $MARA - $BAA - $NVDA - $FB - $AAPL - $GOOGL - $TSL - $AMZN - $BTC.X  -", "time": 1513045306.0, "sentiment": ""}, {"id": 104517741, "text": "$AMZN has cut back on hiring at its Seattle HQ as the company searches for a location for its second HQ according to The Seattle Times", "time": 1513045297.0, "sentiment": ""}, {"id": 104517645, "text": "$INPX - $MBRX - $CUR - $RIOT - $DPW - $MARA - $BAA - $NVDA - $FB - $AAPL - $GOOGL - $TSL - $AMZN - $BTC.X  -  $SPX", "time": 1513045267.0, "sentiment": ""}, {"id": 104517410, "text": "Big Call Buying $EVHC $UEPS $ADS $ATH $INCY $CNC $MOMO $GOOG $BUD $AMZN $GRPN $VRX $MGM $EXTR $STLD $MU $ENB $ORCL $MAR $ZTO $HSBC $SQ $NRG", "time": 1513045194.0, "sentiment": ""}, {"id": 104516760, "text": "$MBRX - $CUR - $RIOT - $DPW - $MARA - $BAA - $NVDA - $FB - $AAPL - $GOOGL - $TSL - $AMZN - $BTC.X  - $NASX - $SPX - $DJI - $Bullish", "time": 1513045002.0, "sentiment": "Bullish"}, {"id": 104516516, "text": "$MBRX - $CUR - $RIOT - $DPW - $MARA - $BAA - $NVDA - $FB - $AAPL - $GOOGL - $TSL - $AMZN - $BTC.X  - $NASX - $SPX - $DJI", "time": 1513044924.0, "sentiment": "Bullish"}, {"id": 104516365, "text": "$AMZN Big whales (bit coin holder) relying on tech work ..Very unusual .tech can rebuild any project and can destroy in minute", "time": 1513044878.0, "sentiment": ""}, {"id": 104516350, "text": "$MBRX - $CUR - $RIOT - $DPW - $MARA - $BAA - $FB - $AAPL - $GOOGL - $TSL - $AMZN - $BTC.X  - $NASX - $SPX - $DJI", "time": 1513044874.0, "sentiment": "Bullish"}, {"id": 104516149, "text": "$AMZN I checked code of bitcoin wallet.It is so nicely written .and the big whales have no idea that code can be changed.", "time": 1513044815.0, "sentiment": ""}, {"id": 104515946, "text": "$GRPN CEO R.Williams buys 1224696 shares 10/31+local O2O/Goods own my heart/wallet 4 life=undervalued! #Amateurzon $AMZN #YelpSucks $YELP", "time": 1513044745.0, "sentiment": ""}, {"id": 104515467, "text": "$AMZN MIT has research paper and two papa jones pizza was traded for 10,000 bitcoin. Hope that guy has bitcoin intact and sell today or hold", "time": 1513044601.0, "sentiment": ""}, {"id": 104515290, "text": "$AMZN Common bitcoin belong to government. hellllllllo if you sale ice cream you have to pay tax otherwise common. be smart", "time": 1513044553.0, "sentiment": ""}, {"id": 104514895, "text": "$AMZN I think Bitcoin is product of one of the Top tech companies as experiment and went out of control. Check with Gate.", "time": 1513044426.0, "sentiment": ""}, {"id": 104514682, "text": "$AMZN ...Does Mr. Bezos own at least ONE Bitcoin? .. he has cash, lots of it, right?", "time": 1513044352.0, "sentiment": ""}, {"id": 104514430, "text": "$AMZN http://www.wallstreetnews24.com/2017/12/11/hot-mover-of-the-day-amazon-com-inc-nasdaq-amzn/", "time": 1513044269.0, "sentiment": ""}, {"id": 104514348, "text": "$AMZN Buying Bitcoin is like buying drugs .Drugs also appreciate .Drugs will take you to  jail and bitcoin to bankruptcy", "time": 1513044249.0, "sentiment": ""}, {"id": 104514337, "text": " $MBRX - $CUR - $RIOT - $DPW - $MARA - $BAA - $FB - $AAPL - $GOOGL - $TSL - $AMZN - $BTC.X", "time": 1513044245.0, "sentiment": "Bullish"}, {"id": 104513865, "text": "$AMZN Buy Gold Buy FANG and wait for digital regulated currency .Not for investment but for ease of operation.Currency needs to be regulated", "time": 1513044101.0, "sentiment": ""}, {"id": 104513440, "text": "Risk Control Models You Need to Know When Trading Options Spreads $NFLX $SPY $AAPL $AMD $TSLA $AMZN $BIDU $F $FIT https://marketchameleon.com/Blog", "time": 1513043977.0, "sentiment": ""}, {"id": 104512909, "text": "$AMZN Solid Gold vanishing.  Gold vaults will have only liquid paper gold. Gold will cause economy failure not bitcoin .", "time": 1513043819.0, "sentiment": ""}, {"id": 104512413, "text": "$AMZN sell gold etf and buy Gold coins directly from US mint. Gold ETF will collapse..Much loaned to other country .Solid gold is vanishing", "time": 1513043642.0, "sentiment": ""}, {"id": 104512267, "text": "Estimize revenue expectations are 0.13% higher than that of Wall Street for $AMZN Q4 [Reporting 02/01 AMC]\nhttp://www.estimize.com/intro/amzn?utm_content=AMZN&amp;amp;utm_medium=revenue_difference&amp;amp;utm_source=stocktwits#chart=change-over-time", "time": 1513043601.0, "sentiment": ""}, {"id": 104511962, "text": "Is it time to short Amazon?\n\n$AMZN $KR $SFM $WMT $COST $SVU $HSIC $PDCO $XRAY\n\nhttps://banyanhill.com/amazon-stock-price-high/", "time": 1513043502.0, "sentiment": ""}, {"id": 104511746, "text": "$AMZN accumlation happens in lower volume only .Lower volume does not mean sell off ..Higher volume both ways .", "time": 1513043430.0, "sentiment": ""}, {"id": 104511288, "text": "$AMZN sticking with same pattern. Looking to test $1,100 to $1,080. Major sell off coming. 1.4Mil in volume?? \ud83d\ude02\ud83e\udd2e\ud83d\ude02", "time": 1513043284.0, "sentiment": "Bearish"}, {"id": 104511149, "text": "$AMZN FANG will not out perfrom then what Wall street .Stop rotation game and stop stealing hard money .Stock trader learn to ignore wallst", "time": 1513043239.0, "sentiment": ""}, {"id": 104510423, "text": "$AMZN any one can buy gold coin  for few days food. Not even dollar can be traded any where in earth .", "time": 1513043009.0, "sentiment": ""}, {"id": 104510269, "text": "$AMZN Gold can be traded in remote location in earth as well. Even one gold coin in my pocket i will not die if i can see food store.", "time": 1513042958.0, "sentiment": ""}, {"id": 104509869, "text": "$AMZN cnbc ..investor dumoing gold buying bitcoin ..Wall street . I buy gold because in know i can buy food when needed .I can admire shine", "time": 1513042827.0, "sentiment": ""}, {"id": 104509324, "text": "$AMZN Bubble is SQ ...allowing bitcoin will not help SQ but fight with BAC pay hardware .BAC has higher fees but failure prone.", "time": 1513042637.0, "sentiment": ""}, {"id": 104508942, "text": "$AMZN Bubble is sbux ...paying $5 for  20 cent coffee. Learn bubble vs growth", "time": 1513042491.0, "sentiment": ""}, {"id": 104508753, "text": "$AMZN Buuble is macy ...Still rallying ...Hard to buy any thing .bubble is RH ...Bubble will pay price ...AMZN FB APPL ARE not dotcom", "time": 1513042425.0, "sentiment": ""}, {"id": 104508489, "text": "$AMZN Learn to not value like companies AMZN .Wallst failed to stop Bitcoin (useless) .Trying to sabotage FANG ..bubble is Best buy", "time": 1513042331.0, "sentiment": ""}, {"id": 104506362, "text": "FAANG + $TSLA $AMD $NVDA Predictions By 2018: https://buff.ly/2kZ5RJY\n\n7 out of 8 Correct | $FB $AMZN $AAPL $NFLX $GOOG", "time": 1513041617.0, "sentiment": ""}, {"id": 104506188, "text": "$CVS $AET $AMZN $TWX $T https://seekingalpha.com/article/4131025-cvs-and-aetna-risks-worth-rewards", "time": 1513041554.0, "sentiment": ""}, {"id": 104505233, "text": "\u202aMy picks for 2017 up 42%.  winners: $alny $tcehy $baba $ilmn $isrg $wynn $vrtx $wb $fb $amzn $nflx $fxi losers $cbpo $slb $cmg #winning", "time": 1513041227.0, "sentiment": ""}, {"id": 104505121, "text": "$SPY $AAPL $SVXY $FB $AMZN $NFLX $JPM .....", "time": 1513041189.0, "sentiment": "Bullish"}, {"id": 104504601, "text": "Why $MELI Popped 14.5% in November  https://buff.ly/2yg4R5f\n\nIs $AMZN Threat In South America Real?", "time": 1513041027.0, "sentiment": ""}, {"id": 104504435, "text": "$AMZN Just ordered an egg  Hatcher  on Amazon.\nIn seconds.", "time": 1513040976.0, "sentiment": ""}, {"id": 104504140, "text": "$AMZN come january all will rotate to looser for 10% gain but Winners will stay focused and march based of ER and guidance .", "time": 1513040877.0, "sentiment": ""}, {"id": 104503960, "text": "$AMZN People will sell all beaten stock and pile in winners .", "time": 1513040817.0, "sentiment": ""}, {"id": 104503844, "text": "$AMZN Any professional trader will not sell amazon now unless money is required .No one wants to pay taxes when stock in up direction.", "time": 1513040781.0, "sentiment": ""}, {"id": 104503149, "text": "$AMZN Accumulation until 1200 ...Buy panic 1300 stablizes ..ER moment come and direction toward upper level will be decided.", "time": 1513040568.0, "sentiment": ""}, {"id": 104502273, "text": "$AMZN next stop 1169 today ...", "time": 1513040315.0, "sentiment": "Bullish"}, {"id": 104501983, "text": "$TSLA, $AMZN $NFLX Get a clue you dumb shorts", "time": 1513040230.0, "sentiment": ""}, {"id": 104500659, "text": "Another tightly managed day of intraday action. Trading a market rigged to go up is relaxing.  $SPY $AMZN $AAPL $FB $QQQ $DJIA $GOOG", "time": 1513039823.0, "sentiment": ""}, {"id": 104500132, "text": "$AMZN  my new Goal ...Buy quality stock and sell looser if fundamental say so .Keep growing flowers not the weeds. Happy holidays", "time": 1513039640.0, "sentiment": ""}]