[{"id": 110720585, "text": "Amazon.com&#39;s buy rating reiterated at Wedbush. $1,285.00 PT. http://www.marketbeat.com/r/964464 $AMZN", "time": 1517274250.0, "sentiment": ""}, {"id": 110720575, "text": "$AMZN it\u2019s just gone vertical", "time": 1517274247.0, "sentiment": "Bullish"}, {"id": 110720542, "text": "$AMZN thought the stocktwits price was fake or glitch...lol good shit keeps getting better", "time": 1517274235.0, "sentiment": "Bullish"}, {"id": 110720525, "text": "$AMZN 441 DAYS 710 Low, 441 odd square angle, lower left 45* angle, 1425.25 north 90* angle, range 716, lower90* Angle, T&amp;P Bal on Angles", "time": 1517274229.0, "sentiment": ""}, {"id": 110720486, "text": "\u202aDon\u2019t worry, $AMZN shareholders.\u202c\n\u202aTrump would never do anything to hurt your tax rate or subsidized USPS shipping.  \ud83d\ude02\u202c", "time": 1517274215.0, "sentiment": ""}, {"id": 110720329, "text": "$AMZN analysts on Estimize are expecting 27.37% YoY EPS growth for Q4, up from 0.00% in Q3 [Reporting 02/01 AMC]\nhttp://www.estimize.com/intro/amzn?chart=historical&amp;amp;metric_name=eps&amp;amp;utm_content=AMZN&amp;amp;utm_medium=eps_growth&amp;amp;utm_source=stocktwits", "time": 1517274161.0, "sentiment": ""}, {"id": 110720110, "text": "$AMZN estimates distribution - here\u2019s what 36 Estimize analysts are expecting $AMZN to report for Q4 AWS Revenue on 02/01 AMC.\nhttp://www.estimize.com/intro/amzn?chart=scatterplotOrHistogram&amp;amp;metric_name=aws_revenue&amp;amp;utm_content=AMZN&amp;amp;utm_medium=metric_distribution&amp;amp;utm_source=stocktwits", "time": 1517274102.0, "sentiment": ""}, {"id": 110720105, "text": "$AMZN analysts on Estimize expect 1.44% YoY growth in CSOI for Q4, down from 24.34% in previous year [Reporting 02/01 AMC]\nhttp://www.estimize.com/intro/amzn?chart=change-over-time&amp;amp;metric_name=csoi&amp;amp;utm_content=AMZN&amp;amp;utm_medium=metric_growth&amp;amp;utm_source=stocktwits", "time": 1517274101.0, "sentiment": ""}, {"id": 110720094, "text": "$AMZN $doing opposite of $aapl into earnings.", "time": 1517274099.0, "sentiment": ""}, {"id": 110720070, "text": "$AMZN Wow... Just Wow....", "time": 1517274094.0, "sentiment": "Bullish"}, {"id": 110719895, "text": "$AMZN everyone has such high expectations for ER, what if they miss?", "time": 1517274047.0, "sentiment": ""}, {"id": 110719869, "text": "$NFLX lol! I am not in anymore however I love it and congratulate the longs. Shoutout to $NVDA and $AMZN too", "time": 1517274036.0, "sentiment": ""}, {"id": 110719744, "text": "$AMZN 1425555555555", "time": 1517273991.0, "sentiment": "Bullish"}, {"id": 110719651, "text": "$AMZN ATH yet again.", "time": 1517273959.0, "sentiment": ""}, {"id": 110719598, "text": "$YUMC $BTC.X $XIN $AMZN $JEQ $GLD $SLV $YGE $HGSH $ZPP.CA $XRP.X BUY TICKER $ZX DON&#39;T WAITonly $1.30 down a bit today ITS A STEAL soon $5.00", "time": 1517273939.0, "sentiment": "Bullish"}, {"id": 110719525, "text": "$AMZN analysts on Estimize expect 17.99% YoY growth in CSOI for Q1, up from 10.9% in previous year [Reporting 04/26 AMC]\nhttp://www.estimize.com/intro/amzn?chart=change-over-time&amp;amp;metric_name=csoi&amp;amp;utm_content=AMZN&amp;amp;utm_medium=metric_growth&amp;amp;utm_source=stocktwits", "time": 1517273919.0, "sentiment": ""}, {"id": 110719397, "text": "$NEO.X $ETH.X $BABA $AMZN $NVDA", "time": 1517273884.0, "sentiment": "Bullish"}, {"id": 110719329, "text": "Nonstop upside. my goodness. Ok, I am buying some $NFLX and $AMZN CALL options for a quick flip daytrade", "time": 1517273865.0, "sentiment": "Bullish"}, {"id": 110719023, "text": "$AMZN shows a strong growth in Earnings Per Share. Measured over the last 5 years, the EPS has been growing by ... https://www.chartmill.com/analyze.php?utm_source=stocktwits&amp;utm_medium=FA&amp;utm_content=GROWTH&amp;utm_campaign=social_tracking#/AMZN?r=fa&amp;key=7e23e545-7a86-47d1-a0b4-6048c3164d97", "time": 1517273765.0, "sentiment": ""}, {"id": 110718964, "text": "$AMZN analysts on Estimize expect 38.98% YoY growth in AWS Revenue for Q1, down from 42.67% in previous year [Reporting 04/26 AMC]\nhttp://www.estimize.com/intro/amzn?chart=change-over-time&amp;amp;metric_name=aws_revenue&amp;amp;utm_content=AMZN&amp;amp;utm_medium=metric_growth&amp;amp;utm_source=stocktwits", "time": 1517273746.0, "sentiment": ""}, {"id": 110718845, "text": "$AMZN amzn averaging 20 points a day", "time": 1517273713.0, "sentiment": ""}, {"id": 110718712, "text": "$AMZN Imagine blowout earnings....", "time": 1517273665.0, "sentiment": ""}, {"id": 110718583, "text": "Your top stock picks this year? $NFLX $AMZN $FB $NTDOY", "time": 1517273630.0, "sentiment": "Bullish"}, {"id": 110718437, "text": "$AMZN 1435.50 Please !!!", "time": 1517273582.0, "sentiment": "Bullish"}, {"id": 110718348, "text": "$AMZN wut", "time": 1517273551.0, "sentiment": "Bullish"}, {"id": 110718337, "text": "$AMZN Stellar run! Unstoppable right now", "time": 1517273549.0, "sentiment": ""}, {"id": 110718278, "text": "$NFLX along with $NVDA $TSLA $AMZN Highs.", "time": 1517273525.0, "sentiment": ""}, {"id": 110718191, "text": "Looks like $AMZN is sleeping on $HMNY while $NFLX said watch the fk out Bezos!", "time": 1517273498.0, "sentiment": ""}, {"id": 110717997, "text": "$AMZN &quot;There&#39;s an argument to be made that big tech stocks are still undervalued even at these valuations&quot; - MarcAndreessen TimFerrisPodcast", "time": 1517273427.0, "sentiment": ""}, {"id": 110717888, "text": "$AMZN wow everyone is red except amazon of course. What a strong stock", "time": 1517273389.0, "sentiment": ""}, {"id": 110717849, "text": "$AMZN wow\ud83d\udc4f\ud83d\udc4f\ud83d\udcb0\ud83c\udf89", "time": 1517273379.0, "sentiment": ""}, {"id": 110717731, "text": "$AMZN Told ya 1422-1424", "time": 1517273337.0, "sentiment": ""}, {"id": 110717677, "text": "Tickers mentioned in Monday&#39;s linkfest: https://abnormalreturns.com/2018/01/29/monday-links-when-prudence-doesnt-pay/. $ACWX $SPY $TLT $IEF $BTC.X $AAPL $AMZN", "time": 1517273315.0, "sentiment": ""}, {"id": 110717444, "text": "$AAPL $AMZN $GOOGL one will be rich while another poor..if one chooses to play ER..", "time": 1517273229.0, "sentiment": ""}, {"id": 110717274, "text": "Who needs #Bitcoin when $AMZN goes up $20 everyday? \ud83e\udd14", "time": 1517273169.0, "sentiment": ""}, {"id": 110717124, "text": "@DankeSchoen or $AAPL without cook? $AMZN without Bezos?", "time": 1517273112.0, "sentiment": "Bearish"}, {"id": 110717068, "text": "$AMZN \u2604\ufe0f\u2604\ufe0f\u2604\ufe0f\u2764\ufe0f", "time": 1517273092.0, "sentiment": "Bullish"}, {"id": 110717064, "text": "the true innovators of industry are $AMZN $NFLX $GOOGL and $FB, but many on twits want to put $AAPL in the same growth category, no way", "time": 1517273090.0, "sentiment": "Bullish"}, {"id": 110716920, "text": "$AMZN insane", "time": 1517273040.0, "sentiment": ""}, {"id": 110716197, "text": "$AMZN Amazon is supporting all my other failed attempts today.", "time": 1517272792.0, "sentiment": ""}, {"id": 110715542, "text": "$AMZN they will be the first crypto-commerce...A NEW way to do international transactions faster than ever! -to build the infrast first tho.", "time": 1517272562.0, "sentiment": ""}, {"id": 110715179, "text": "$AMZN the beast", "time": 1517272453.0, "sentiment": "Bullish"}, {"id": 110715026, "text": "$AMZN Up $207.00+ from suggested buy entry - take 80% off here and raise stops. Congrat&#39;s!", "time": 1517272395.0, "sentiment": "Bullish"}, {"id": 110714986, "text": "Amazon, Microsoft, Google Cloud Computing Pricing Outlook Brightens: https://www.investors.com/news/technology/amazon-microsoft-google-cloud-computing-pricing-outlook-brightens/ $AMZN $MSFT $GOOGL", "time": 1517272382.0, "sentiment": ""}, {"id": 110714875, "text": "$AMZN to 2000 - at some point.  - just a  matter of time (months)...as long as they keep executing. Bezos has the formula", "time": 1517272351.0, "sentiment": ""}, {"id": 110714861, "text": "$AMZN secretly Im wishing 4 quiet 3 days leading 2 Er. So v cn hve a huge ER bump. Very difficult to predict if ER price factored in or not", "time": 1517272346.0, "sentiment": ""}, {"id": 110714841, "text": "$AMZN 1420 here we come!", "time": 1517272336.0, "sentiment": "Bullish"}, {"id": 110714493, "text": "$AMZN  1420 -1424", "time": 1517272223.0, "sentiment": ""}, {"id": 110714188, "text": "$AMZN will we get 1420+ ?    while my $AAPL $FB  down today :0", "time": 1517272131.0, "sentiment": "Bullish"}, {"id": 110714077, "text": "depends....$amzn has super high pe since day 1, same as fb", "time": 1517272106.0, "sentiment": ""}, {"id": 110714032, "text": "$AMZN ATH incoming!", "time": 1517272091.0, "sentiment": "Bullish"}, {"id": 110714018, "text": "$FIT what I just described would make Fit a target for take over by $AMZN !! Amazon would do well in health and wearables.", "time": 1517272086.0, "sentiment": ""}, {"id": 110714003, "text": "Gabelli to talk $AMZN", "time": 1517272081.0, "sentiment": ""}, {"id": 110713970, "text": "$NFLX $AMZN here are two companies/stocks that are really growing vs $AAPL with cash pile keeps making same products with no innovation", "time": 1517272072.0, "sentiment": "Bullish"}, {"id": 110713546, "text": "$AMZN After Bell I will drink an ice cold refreshing Beer!", "time": 1517271942.0, "sentiment": ""}, {"id": 110713478, "text": "$AMZN kool aid man: &quot;ohhh yeahhh!!&quot;", "time": 1517271922.0, "sentiment": "Bullish"}, {"id": 110713220, "text": "$AMZN this has been on fire in the last week .... I think everyone from GBTC moved here", "time": 1517271834.0, "sentiment": ""}, {"id": 110713191, "text": "@College_Trader_ add $AMZN \ud83d\ude09", "time": 1517271827.0, "sentiment": ""}, {"id": 110713100, "text": "$AMZN it\u2019s crazy for anyone to short this !!!", "time": 1517271793.0, "sentiment": "Bullish"}, {"id": 110712941, "text": "$AMZN Doesnt get any better", "time": 1517271736.0, "sentiment": ""}, {"id": 110712539, "text": "$AMZN Amzn was 300 3 years ago", "time": 1517271612.0, "sentiment": ""}, {"id": 110712489, "text": "$AMZN just add more right? why not", "time": 1517271599.0, "sentiment": ""}, {"id": 110712447, "text": "$AMZN the sky is the limit", "time": 1517271585.0, "sentiment": "Bullish"}, {"id": 110712141, "text": "$AMZN lol!!", "time": 1517271502.0, "sentiment": ""}, {"id": 110711878, "text": "$AMZN Unstoppable", "time": 1517271431.0, "sentiment": ""}, {"id": 110711577, "text": "$AMZN Pulled the trigger on a feb call.  Looking forward to huge ER!", "time": 1517271340.0, "sentiment": "Bullish"}, {"id": 110711290, "text": "$AMZN  I sound like parrot, but Nasdaq/Amzn  going north again-shrugging off Apple iPhoneX drama", "time": 1517271251.0, "sentiment": ""}, {"id": 110711267, "text": "$AMZN I called 1425 close earlier.  Still possible", "time": 1517271245.0, "sentiment": ""}, {"id": 110710802, "text": "New all-time high for $AMZN    #373 overall.  A+ momentum grade.  I remain long.", "time": 1517271115.0, "sentiment": ""}, {"id": 110710734, "text": "$AMZN estimates distribution - here\u2019s what 123 Estimize analysts are expecting $AMZN to report for Q1 [Reporting 04/26 AMC]\nhttp://www.estimize.com/intro/amzn?chart=scatter-plot&amp;amp;metric_name=eps&amp;amp;utm_content=AMZN&amp;amp;utm_medium=distribution&amp;amp;utm_source=stocktwits", "time": 1517271093.0, "sentiment": ""}, {"id": 110710673, "text": "$AMZN 1417-1422 EOD spread", "time": 1517271078.0, "sentiment": ""}, {"id": 110710410, "text": "Amazon.com&#39;s buy rating reiterated at Morgan Stanley. http://www.marketbeat.com/r/964415 $AMZN", "time": 1517271001.0, "sentiment": ""}, {"id": 110709803, "text": "$BABA this is the company that $amzn fears, not $wmt", "time": 1517270838.0, "sentiment": "Bullish"}, {"id": 110709112, "text": "$AMZN I&#39;m done shorting Amazon.", "time": 1517270632.0, "sentiment": "Bullish"}, {"id": 110708885, "text": "Estimize revenue expectations are 1.00% higher than that of Wall Street for $AMZN Q4 [Reporting 02/01 AMC]\nhttp://www.estimize.com/intro/amzn?chart=change-over-time&amp;amp;metric_name=revenue&amp;amp;utm_content=AMZN&amp;amp;utm_medium=revenue_difference&amp;amp;utm_source=stocktwits", "time": 1517270562.0, "sentiment": ""}, {"id": 110708751, "text": "$SPY good enough $AMZN is the main play for the week for me", "time": 1517270518.0, "sentiment": ""}, {"id": 110708708, "text": "Here\u2019s what 36 Estimize analysts believe $AMZN will report for Q4 AWS Revenue on 02/01 AMC.\nhttp://www.estimize.com/intro/amzn?chart=historical&amp;amp;metric_name=aws_revenue&amp;amp;utm_content=AMZN&amp;amp;utm_medium=metric_update&amp;amp;utm_source=stocktwits", "time": 1517270503.0, "sentiment": ""}, {"id": 110708705, "text": "$AMZN estimates distribution - here\u2019s what 22 Estimize analysts are expecting $AMZN to report for Q4 CSOI on 02/01 AMC.\nhttp://www.estimize.com/intro/amzn?chart=scatterplotOrHistogram&amp;amp;metric_name=csoi&amp;amp;utm_content=AMZN&amp;amp;utm_medium=metric_distribution&amp;amp;utm_source=stocktwits", "time": 1517270503.0, "sentiment": ""}, {"id": 110707795, "text": "$OSTK Any tech fever, the leader usually reach MC of $50B. $OSTK got a long way to go! It got the potential to be the next $AMZN, $FB,$NFLX", "time": 1517270228.0, "sentiment": ""}, {"id": 110707358, "text": "$AMZN convinced Bezos will some day do AMZN Crypto Currency.  This guy will own the world...or at least the Super Bowl ads.", "time": 1517270113.0, "sentiment": "Bullish"}, {"id": 110707086, "text": "$AMZN Bought &quot;the dip&quot; at 1407!", "time": 1517270031.0, "sentiment": ""}, {"id": 110707004, "text": "$AMZN what is this beast doing?!?! Volatility at it&#39;s best...", "time": 1517270008.0, "sentiment": ""}, {"id": 110706971, "text": "Strangely quiet day given such consequential ERs this week.. $BA $TMO $AMZN $APPL $MSFT $FB $BABA.. Maybe waiting for SOTU address? $DPW", "time": 1517269998.0, "sentiment": ""}, {"id": 110706297, "text": "$AMZN ... wouldn&#39;t be surprised to see this flirt with the 1500 level this week.", "time": 1517269782.0, "sentiment": "Bullish"}, {"id": 110706060, "text": "$AMZN a beast", "time": 1517269711.0, "sentiment": ""}, {"id": 110705621, "text": "$AMZN man this stock no weakness..wt", "time": 1517269592.0, "sentiment": "Bullish"}, {"id": 110705331, "text": "$AMZN  1500 into earnings...", "time": 1517269507.0, "sentiment": "Bullish"}, {"id": 110704930, "text": "$AMZN \u2764\ufe0f\ud83d\udc30\ud83d\udc07\ud83d\ude97SF", "time": 1517269378.0, "sentiment": ""}, {"id": 110704822, "text": "$AMZN holyyyyyh jeeezzzuusssss", "time": 1517269327.0, "sentiment": "Bullish"}, {"id": 110704648, "text": "$AMZN  The next short-covering wave should push this upwards of 1435", "time": 1517269279.0, "sentiment": ""}, {"id": 110704280, "text": "$AMZN 1418-14222 EOD", "time": 1517269174.0, "sentiment": ""}, {"id": 110703822, "text": "$AMZN 234 Days, 927 Low, 243: November 22, 34.67 wks, go across price Scale, 1421.33 on Angle @ 17.33, P&amp;T Balance &amp; Angular res in Square", "time": 1517269051.0, "sentiment": ""}, {"id": 110702877, "text": "$AAPL $GOOGL $AMZN $MSFT Aapl coming back", "time": 1517268774.0, "sentiment": ""}, {"id": 110702771, "text": "All Eyes on FANG Earnings: Facebook Inc, Amazon, Alphabet https://www.smarteranalyst.com/2018/01/29/eyes-fang-earnings-facebook-inc-amazon-com-inc-alphabet-inc $FB $AMZN $GOOGL", "time": 1517268746.0, "sentiment": ""}, {"id": 110702739, "text": "Big tech market cap shift? $AAPL down on iPhone X concerns. Market cap: $860B. $GOOGL narrows gap. $823B. And $AMZN now $681B. $MSFT: $725B.", "time": 1517268739.0, "sentiment": ""}, {"id": 110702376, "text": "$BIDU $AMZN $CAT $BABA Rough start to this great week of gains, but remember fundamentals before you panic sell!", "time": 1517268623.0, "sentiment": "Bullish"}, {"id": 110702213, "text": "KeyBanc Projects &#39;Happy, Healthy&#39; Holiday Numbers In Amazon&#39;s Q4 Report https://benzinga.com/z/11092944 $AMZN", "time": 1517268578.0, "sentiment": ""}, {"id": 110702090, "text": "$AMZN Doesnt get any better!", "time": 1517268544.0, "sentiment": ""}, {"id": 110702083, "text": "@ValueVulture you mean hodling $FB $amZn n $Aapl is like hodling crypto ?", "time": 1517268542.0, "sentiment": "Bearish"}, {"id": 110702053, "text": "@bardgee orly then what do you call $CRM $SQ $NVDA $AMZN $V $MSFT $TWTR $BA $LMT $CAT .. etc?", "time": 1517268534.0, "sentiment": ""}, {"id": 110701856, "text": "$AMZN Square Root of 2: 1414.21, 1400 + 14^2: 1419.60, Not bad...", "time": 1517268473.0, "sentiment": ""}, {"id": 110700982, "text": "$AMZN Yea Amzn!! shrugging off apple iPhone x sales target angst", "time": 1517268237.0, "sentiment": ""}, {"id": 110700496, "text": "$AMZN Nasdaq go ing north again", "time": 1517268101.0, "sentiment": ""}, {"id": 110699619, "text": "$AMZN $MELI $NVDA \nMy 3 winners today", "time": 1517267846.0, "sentiment": "Bullish"}, {"id": 110699575, "text": "25 Stocks Powering the $300B SPY ETF for 25 Years http://bit.ly/2DUCfp1 $AMZN $MNST $BIIB $CTSH $NFLX $CELG $NVDA $STZ $SBUX $ATVI $ADBE", "time": 1517267836.0, "sentiment": ""}, {"id": 110699449, "text": "$AMZN Nasdaq.FANGs going North (gain) - Apple drama related", "time": 1517267802.0, "sentiment": ""}, {"id": 110699154, "text": "$AMZN bingo. Up time", "time": 1517267709.0, "sentiment": "Bullish"}, {"id": 110698153, "text": "If $AMZN gaps down to $1100-$1200 after ER, will that signal the end for the mkt rally and start a new bear season including for $NFLX too", "time": 1517267451.0, "sentiment": "Bearish"}, {"id": 110698097, "text": "$AMZN I dont short beast stocks in uptrends but i would be extremely light here if I was long for a trade! Not talking to investors!", "time": 1517267433.0, "sentiment": ""}, {"id": 110698056, "text": "$AMZN watch out. market is down, so AMZN can turn red but it doesnt mean it will close red. Think longterm, not daily", "time": 1517267421.0, "sentiment": ""}, {"id": 110697923, "text": "$AMZN I am yawning. How many times have we been thru an Apple drama before!", "time": 1517267386.0, "sentiment": ""}, {"id": 110697609, "text": "$NFLX $AMZN Immune to any volatility in the markets right now.", "time": 1517267298.0, "sentiment": "Bullish"}, {"id": 110697381, "text": "$AMZN love my echos, but have yet to buy anything with them unless I see some deal that forces me to use alexa to get deal. I want to see it", "time": 1517267230.0, "sentiment": ""}, {"id": 110696548, "text": "$AMZN will bleed money from Whole Foods!", "time": 1517267005.0, "sentiment": "Bearish"}, {"id": 110696499, "text": "$AMZN Trump to announce detail of his 1.7 Trillion upgrade on Tuesday (Mostly financed with Muni bonds)", "time": 1517266989.0, "sentiment": ""}, {"id": 110696384, "text": "$AMZN What time is Trump\u2019s State of the Union address?     9:00 PM ET Tues 01-30 http://on.mktw.net/2rIplWg", "time": 1517266958.0, "sentiment": ""}, {"id": 110696342, "text": "Estimize EPS expectations are 6.41% higher than that of Wall Street for $AMZN Q4 [Reporting 02/01 AMC]\nhttp://www.estimize.com/intro/amzn?chart=change-over-time&amp;amp;metric_name=eps&amp;amp;utm_content=AMZN&amp;amp;utm_medium=eps_difference&amp;amp;utm_source=stocktwits", "time": 1517266950.0, "sentiment": ""}, {"id": 110696159, "text": "$AMZN analysts on Estimize expect 39.25% YoY growth in AWS Revenue for Q4, down from 47.03% in previous year [Reporting 02/01 AMC]\nhttp://www.estimize.com/intro/amzn?chart=change-over-time&amp;amp;metric_name=aws_revenue&amp;amp;utm_content=AMZN&amp;amp;utm_medium=metric_growth&amp;amp;utm_source=stocktwits", "time": 1517266900.0, "sentiment": ""}, {"id": 110696155, "text": "Here\u2019s what 22 Estimize analysts believe $AMZN will report for Q4 CSOI on 02/01 AMC.\nhttp://www.estimize.com/intro/amzn?chart=historical&amp;amp;metric_name=csoi&amp;amp;utm_content=AMZN&amp;amp;utm_medium=metric_update&amp;amp;utm_source=stocktwits", "time": 1517266899.0, "sentiment": ""}, {"id": 110696104, "text": "$AMZN People will buy dip and shrug off Apple 1PhoneX  sales target angst by afternoon (1420  EOD)", "time": 1517266885.0, "sentiment": ""}, {"id": 110695916, "text": "$AMZN BLOCKS ON [Jan 29, 2018] FOR AMZN", "time": 1517266831.0, "sentiment": ""}, {"id": 110695713, "text": "Amazon.com&#39;s PT raised by Citigroup Inc to $1,600.00. buy rating. http://www.marketbeat.com/r/964393 $AMZN", "time": 1517266790.0, "sentiment": ""}, {"id": 110695463, "text": "$AMZN Nasdaq going up once again . FANGS in sync https://www.marketwatch.com/investing/index/comp", "time": 1517266724.0, "sentiment": ""}, {"id": 110695297, "text": "$AMZN pretty swift reversal", "time": 1517266684.0, "sentiment": "Bullish"}, {"id": 110695252, "text": "@scheplick I&#39;m a Peter Lynch guy a la @howardlindzon and made sense to me. I wonder how many $AMZN users have a $SYF account 1%?", "time": 1517266674.0, "sentiment": ""}, {"id": 110695195, "text": "$AMZN 160 -200 point spread on Feb 01 My.02 11-14%", "time": 1517266658.0, "sentiment": ""}, {"id": 110694650, "text": "$AMZN to $1100-$1200 AFTER ER possible???", "time": 1517266507.0, "sentiment": "Bearish"}, {"id": 110694605, "text": "$AMZN ill be back in after earnings, this will move back a bit till then", "time": 1517266497.0, "sentiment": ""}, {"id": 110694433, "text": "$UVXY $AAPL $GOOGL $AMZN all report earnings on 2/1", "time": 1517266441.0, "sentiment": ""}, {"id": 110694245, "text": "$AMZN shorting one of my fav stock here. earning panic will kick in before ER.", "time": 1517266392.0, "sentiment": ""}, {"id": 110693504, "text": "$AMZN Nasdaq stats link", "time": 1517266191.0, "sentiment": ""}, {"id": 110693456, "text": "$AMZN https://www.marketwatch.com/investing/index/comp", "time": 1517266181.0, "sentiment": ""}, {"id": 110693425, "text": "$AMZN Nasdaq gaping back North!! Hang in there with latest Apple iPhoneX drama!", "time": 1517266172.0, "sentiment": ""}, {"id": 110693412, "text": "Shame on $AMZN Prime Video Hulu HBO etc for not being able to take over lead from $NFLX in streamin entertainmnt. They must adapt &amp; lead now", "time": 1517266167.0, "sentiment": "Bearish"}, {"id": 110693398, "text": "@scheplick I&#39;m not sure how $SYF makes money on this deal with $AMZN but as a consumer I&#39;m thrilled. I also didn&#39;t know how Venmo made $$$", "time": 1517266164.0, "sentiment": ""}, {"id": 110693136, "text": "$AMZN $NFLX STRAIGHT UP TO THE MOOOOOOONNN !", "time": 1517266093.0, "sentiment": "Bullish"}, {"id": 110693048, "text": "$AAPL only hope left if Bezo or musk will buy this out $AMZN $TSLA", "time": 1517266072.0, "sentiment": ""}, {"id": 110692973, "text": "$AAPL When you think you are a good investors but you choose apple over $nflx $amzn $baba $nvda. Disappointed with myself. Praying for + ER", "time": 1517266052.0, "sentiment": "Bullish"}, {"id": 110692971, "text": "@neotrades yes because making a PROFIT &amp; paying div is a cliche in this mkt. What&#39;s new is only top line rev growth with no profits: $AMZN", "time": 1517266052.0, "sentiment": ""}, {"id": 110692868, "text": "$AMZN 16-Mar-18 1420 Calls Traded 166 times for $1.2 Million in premium. http://tinyurl.com/ycznek6q", "time": 1517266024.0, "sentiment": ""}, {"id": 110692519, "text": "$AMZN No as Dollar dips FX traders migrate to Stocks and bonds", "time": 1517265936.0, "sentiment": ""}, {"id": 110692315, "text": "As the dollar crashes and interest rates rise, U.S won&#39;t be able to sustain its debt. $3 Trillion Bubble FANG $FB $AMZN $NFLX  $GOOG", "time": 1517265877.0, "sentiment": "Bearish"}, {"id": 110692224, "text": "$AMZN Nasdaq dipping -&gt; Apple anxiety https://www.marketwatch.com/investing/index/comp", "time": 1517265855.0, "sentiment": ""}, {"id": 110692051, "text": "$AMZN https://www.marketwatch.com/investing/index/vix   VIX anxiety  up 11%", "time": 1517265815.0, "sentiment": ""}, {"id": 110691900, "text": "$AMZN 16-Mar-18 1410 Puts Traded 194 Times for $1.3 Million in Premium. http://tinyurl.com/ycznek6q", "time": 1517265776.0, "sentiment": ""}, {"id": 110691873, "text": "$AMZN VIX spiking bump ride ahead for FANG holders", "time": 1517265766.0, "sentiment": ""}, {"id": 110691738, "text": "$AMZN (Driver behind US Futures dip) Apple shares skid on report of iPhone X production cut http://www.streetinsider.com/General+News/Apple+shares+skid+on+report+of+iPhone+X+production+cut/13731534.html via @Street_Insider", "time": 1517265727.0, "sentiment": ""}, {"id": 110691589, "text": "$BABA dont understand how it is traded, as $AMZN was up up and even up today, $baba is flat???", "time": 1517265690.0, "sentiment": ""}, {"id": 110691352, "text": "$AMZN Usual Apple drama . Futures slip , go red  and then people buy dip and shrug whole thing off (Yawn!!)", "time": 1517265627.0, "sentiment": ""}, {"id": 110691297, "text": "$PLUG NOBODY CAN FIRE ANDY MARSH... IT IS IMPOSSIBLE....  NEITHER $AMZN NOR $WMT NOR BOD  ...   NOBODY ...  FRAUD", "time": 1517265613.0, "sentiment": "Bearish"}]