[{"id": 115746965, "text": "$AMZN  No complaints - Long &amp; Strong on Amzn!!", "time": 1520650609.0, "sentiment": ""}, {"id": 115746679, "text": "Market soaring and there a LOT of new all-time highs, especially in tech. $MSFT $AMAT $NFLX $SQ $ATVI $CRM $AMZN $ADSK $SPLK $FTNT $SHOP", "time": 1520650514.0, "sentiment": ""}, {"id": 115746654, "text": "$AMZN Power hour in 6 Minutes!! 3-4 PM ET", "time": 1520650510.0, "sentiment": ""}, {"id": 115746525, "text": "$AMZN Bull market still has juice to break record Reuters https://reut.rs/2FF7HZq", "time": 1520650475.0, "sentiment": ""}, {"id": 115746307, "text": "$AMZN Oil prices score a gain for the week  http://on.mktw.net/2DeB27B", "time": 1520650394.0, "sentiment": ""}, {"id": 115746151, "text": "$AMZN  Amazon and Netflix live in a different reality from the rest of the market. CNBC  http://cnb.cx/2oY94ZD", "time": 1520650341.0, "sentiment": ""}, {"id": 115745927, "text": "New Stock 52-Week Highs &amp; Lows for trade Ideas $AMZN $MSFT $INTC $MA $NFLX $ABEV $ADBE $BKNG $MS $CRM $ASML $SCHW $GD https://marketchameleon.com/Reports/Equity52Week", "time": 1520650267.0, "sentiment": ""}, {"id": 115745689, "text": "$AMZN  2:46p  https://www.marketwatch.com/investing/stock/amzn \nUPDATED Dow surges nearly 400 points at peak, Nasdaq marks 1st intraday record in 6 weeks", "time": 1520650192.0, "sentiment": ""}, {"id": 115745146, "text": "$AMZN Supply, meet my friend Demand.", "time": 1520650019.0, "sentiment": "Bullish"}, {"id": 115745070, "text": "$NFLX $AMZN $ANET Volume alert on $DERM", "time": 1520649994.0, "sentiment": ""}, {"id": 115745036, "text": "$AMZN 1573.5 next area to demolish!", "time": 1520649978.0, "sentiment": "Bullish"}, {"id": 115745029, "text": "how can you not love this chart $AMZN $WMT $2000 by summer? \n \nhttps://www.stockgitter.com/USD/analysis/AMZN", "time": 1520649972.0, "sentiment": ""}, {"id": 115744571, "text": "Sell These Healthcare Middlemen About to Get $HSIC $MCK $OMI $CAH Amazoned $AMZN $JPM $brk.b $brk.A $FDX $UPS $IHF https://marketchameleon.com/Blog/post/2018/02/25/sell-these-healthcare-middlemen-about-to-get-amazoned", "time": 1520649838.0, "sentiment": ""}, {"id": 115744038, "text": "$AMZN $1600 Close??", "time": 1520649668.0, "sentiment": "Bullish"}, {"id": 115743460, "text": "[FMWU] Trump Noble Peace Prize? $WYNN Pump &amp; Dump https://youtu.be/73R0RxQDjSs $GS so long Lloyd! $JPM $AMZN $VXX weekly trades", "time": 1520649493.0, "sentiment": "Bullish"}, {"id": 115743281, "text": "Two stocks are racing ahead of the market, and that\u2019s got one technician worried $NFLX $AMZN @tradingnation http://cnb.cx/2FC7ciD", "time": 1520649437.0, "sentiment": ""}, {"id": 115743123, "text": "$AMZN power hour gonna be nuts. Fomo entries", "time": 1520649381.0, "sentiment": "Bullish"}, {"id": 115743091, "text": "$AMZN Tim Ferris doing some investigative reconnaissance in Austin", "time": 1520649368.0, "sentiment": ""}, {"id": 115742873, "text": "$AMZN AMZN New Higher HIghs. Bullish\nColor Green", "time": 1520649292.0, "sentiment": "Bullish"}, {"id": 115742623, "text": "$AMZN break above 1573.24, we should close above 1575", "time": 1520649224.0, "sentiment": ""}, {"id": 115742456, "text": "$AMZN wtf is buying at this price \ud83d\ude02\ud83d\ude02", "time": 1520649166.0, "sentiment": ""}, {"id": 115741689, "text": "#FANGAM $FB $AMZN $NFLX $GOOGL $GOOGL + $AAPL + $MSFT. yest someon1 said triple top. i said brkout. here&#39;s d update. https://www.tradingview.com/x/iQRspJs4/", "time": 1520648952.0, "sentiment": ""}, {"id": 115741273, "text": "$SPY $AMZN here we go!", "time": 1520648827.0, "sentiment": "Bearish"}, {"id": 115741111, "text": "$AMZN  chug chug chug", "time": 1520648776.0, "sentiment": "Bullish"}, {"id": 115741046, "text": "$AMZN $GOOG $GOOGL $GE $BA Amazon, Google, Others Are Developing Private Air-Traffic Control for Drones \n \nhttps://www.wsj.com/articles/amazon-google-others-are-developing-private-air-traffic-control-for-drones-1520622925", "time": 1520648756.0, "sentiment": ""}, {"id": 115740898, "text": "$AMZN analysts on Estimize are expecting 40.54% YoY revenue growth for Q1, up from 38.21% in Q4 [Reporting 04/26 AMC]\nhttp://www.estimize.com/intro/amzn?chart=historical&amp;metric_name=revenue&amp;utm_content=AMZN&amp;utm_medium=revenue_growth&amp;utm_source=stocktwits", "time": 1520648710.0, "sentiment": ""}, {"id": 115740685, "text": "Up $5500 on $NFLX and $10,000 on $AMZN thanks to this rally in $SPX $COMPQ   http://wavegenius.com/up-5500-on-nflx-and-10000-on-amzn-thanks", "time": 1520648648.0, "sentiment": ""}, {"id": 115740569, "text": "After soaring in 2017, does Weight Watchers have any gas left in the tank? I took a look.$WTW $APRN $WMT $AMZN  https://shar.es/1L5sH9", "time": 1520648609.0, "sentiment": ""}, {"id": 115740086, "text": "The $AMZN / $WMT spread has really taken off the past few months after no progress for 2 years. This is a new leg of a long-term trend", "time": 1520648447.0, "sentiment": "Bullish"}, {"id": 115739976, "text": "$AMZN Appreciated.", "time": 1520648408.0, "sentiment": ""}, {"id": 115739922, "text": "$AMZN hmm never a moment to short AMZN. Surely the upside starting to look a bit compressed up here at .75 Trillion mcap, &amp; not much profit", "time": 1520648392.0, "sentiment": ""}, {"id": 115739233, "text": "$AMZN lagging NFLX could go 1600", "time": 1520648193.0, "sentiment": "Bullish"}, {"id": 115739032, "text": "$SOXX $BA $AMZN $FB $TWTR $AAPL $NFLX $NVDA $MU $GOOG WOW !!!!", "time": 1520648134.0, "sentiment": "Bullish"}, {"id": 115738772, "text": "@PharoahNC $AMZN has a 1700PT too lol this market.", "time": 1520648048.0, "sentiment": ""}, {"id": 115738401, "text": "$AMZN the enemy within, destroying one retail company after another", "time": 1520647935.0, "sentiment": ""}, {"id": 115738339, "text": "$BA $AMZN $FB $TWTR $AAPL $NFLX $NVDA $MU $GOOG bull trap...LOL", "time": 1520647916.0, "sentiment": "Bullish"}, {"id": 115738305, "text": "$AMZN or 1580", "time": 1520647900.0, "sentiment": ""}, {"id": 115738108, "text": "$AMZN come on give me 1575", "time": 1520647840.0, "sentiment": ""}, {"id": 115738099, "text": "$LDOS how the f is no one on top of this stock.  $AMZN $COST $BABA", "time": 1520647838.0, "sentiment": ""}, {"id": 115738048, "text": "$AMZN always my #1\ud83d\udcb0! IDGAF what anyone says. Best performing stock for me hands down across the aboard N has strong future growth. Win-win", "time": 1520647820.0, "sentiment": "Bullish"}, {"id": 115737847, "text": "$AMZN $GBTC $GOOGL  hodling till we see the next Bull surge, my target is $25 but holding till somewhere north of $20", "time": 1520647764.0, "sentiment": ""}, {"id": 115737451, "text": "$AMZN told you the market was going higher.  MArkets #TELL.  $SPY $DJIA $QQQ  congrats!", "time": 1520647630.0, "sentiment": ""}, {"id": 115737292, "text": "$SPY $QQQ $NDX $SPX $SOX $SMH - NOTABLES $AMZN $AAPL $AMAT $AVGO $ADI $ALXN $ATVI $AAL", "time": 1520647573.0, "sentiment": "Bullish"}, {"id": 115737064, "text": "$NFLX $AAPL $AMZN Yep, nothing like watching a criminal get away with it!!!!", "time": 1520647503.0, "sentiment": ""}, {"id": 115736304, "text": "$AMZN youre gonna blink and it will be 1600. just sayin.", "time": 1520647265.0, "sentiment": ""}, {"id": 115736284, "text": "$NFLX $AMZN At a time of massive debt, these companies are creating massive deflation, causing companies to merge creating loss wages/jobs.", "time": 1520647261.0, "sentiment": ""}, {"id": 115735700, "text": "$AMZN MM killing options on implied volatility", "time": 1520647077.0, "sentiment": ""}, {"id": 115735361, "text": "$GBTC ok who&#39;s holding thru the wknd? believe it or not i sold some $GOOGL &amp; $AMZN today but decided to HODL w/ this. hope i don&#39;t regret it", "time": 1520646965.0, "sentiment": ""}, {"id": 115735336, "text": "Netflix Rises On Report Obamas May Produce Series Of Shows $NFLX Also $AAPL $AMZN https://goo.gl/FcSdN7", "time": 1520646958.0, "sentiment": ""}, {"id": 115735296, "text": "$AMZN $MSFT  good move", "time": 1520646946.0, "sentiment": ""}, {"id": 115734975, "text": "$KR If anything Aldi and Trader Joe&#39;s are Kroger&#39;s competition, not $AMZN", "time": 1520646845.0, "sentiment": "Bullish"}, {"id": 115734835, "text": "$BABA still cheap compared to $AMZN in my view", "time": 1520646798.0, "sentiment": ""}, {"id": 115734776, "text": "Hey $DISH bundle Hulu+ $AMZN prime + internet package and sell them to people  and see how $NFLX response...", "time": 1520646778.0, "sentiment": ""}, {"id": 115734090, "text": "$AMZN $ATVI $NVDA $MSFT $JD $COST $AAPL how did it do this week? Better still going up \ud83d\udc4f", "time": 1520646551.0, "sentiment": "Bullish"}, {"id": 115733575, "text": "$AMZN I hope Amazon skips the whole banking thing and makes their own crypto currency that I can spend online.", "time": 1520646373.0, "sentiment": ""}, {"id": 115733467, "text": "$NFLX $DIS it\u2019s like $WMT trying to catch up to $AMZN \ud83d\ude02", "time": 1520646341.0, "sentiment": ""}, {"id": 115733419, "text": "$AMZN bought a ton at $999 and people thought it was crazy. This stock and company are going places.", "time": 1520646323.0, "sentiment": "Bullish"}, {"id": 115733240, "text": "$AMZN Watch live: White House holds press briefing http://thehill.com/video/administration/377593-watch-live-white-house-holds-press-briefing#.WqLV0WkKXdg.twitter", "time": 1520646257.0, "sentiment": ""}, {"id": 115733145, "text": "Cheap Gold Stocks Basing $GDX $HUI Also $AMZN https://goo.gl/PqAMjo", "time": 1520646225.0, "sentiment": ""}, {"id": 115732935, "text": "$AMZN", "time": 1520646153.0, "sentiment": "Bullish"}, {"id": 115732539, "text": "$AMZN $MSFT  where do you anticipate your next entry?", "time": 1520646008.0, "sentiment": ""}, {"id": 115732532, "text": "$AMZN Amazon\u2019s Expanding Grocery Delivery Is Opening Salvo: Barrons https://www.barrons.com/articles/amazons-expanding-grocery-delivery-is-opening-salvo-report-1520619823 via @BarronsOnline", "time": 1520646008.0, "sentiment": ""}, {"id": 115732321, "text": "$MSFT $AMZN secured some profits at the highs here today per my swing trading strategy. Will buy back on dip.", "time": 1520645924.0, "sentiment": ""}, {"id": 115732157, "text": "$AMZN in since 1369.00 looking for that 2000 handle", "time": 1520645850.0, "sentiment": "Bullish"}, {"id": 115732070, "text": "$AMZN heading over the clouds", "time": 1520645819.0, "sentiment": "Bullish"}, {"id": 115732053, "text": "$AMZN  No complaints. !! Happy Friday!", "time": 1520645812.0, "sentiment": ""}, {"id": 115731789, "text": "$AMZN Dow surges nearly 390points at peak, Nasdaq marks 1st intraday record in 6 week http://on.mktw.net/2FF5Q6T", "time": 1520645722.0, "sentiment": ""}, {"id": 115731719, "text": "$AMZN An Amazon bank could rival Wells Fargo with 70 million customers, analysis suggests http://on.mktw.net/2tv107h", "time": 1520645698.0, "sentiment": ""}, {"id": 115731655, "text": "$ROKU $AMZN Top 4 Best Selling TVs on Amazon are all Roku TVs. Roku will get recurring ad revenue/profits from these TVs for a long time", "time": 1520645673.0, "sentiment": ""}, {"id": 115730991, "text": "$AAOI Management are addressing issue  of limited visibility with $FB agmt. What will happen to shorts if they announce similar with $AMZN ?", "time": 1520645439.0, "sentiment": ""}, {"id": 115730887, "text": "$AMZN   Up $71.00+ from suggested buy entry \u2013 take 50% off here and raise stops. Projected price target $1,638.00 area. Congrat\u2019s", "time": 1520645409.0, "sentiment": "Bullish"}, {"id": 115730674, "text": "$BA $AMZN $FB $TWTR $AAPL $NFLX $NVDA $MU $GOOG taking lunch break over 60 trades this am is making me hungry", "time": 1520645337.0, "sentiment": "Bullish"}, {"id": 115730584, "text": "We are currently holding Longs in $AMZN $BAC $FCX and looking for next leg higher to reach our targets #Elliottwave", "time": 1520645308.0, "sentiment": ""}, {"id": 115729511, "text": "$AMZN in since 1050. What a ride", "time": 1520644932.0, "sentiment": "Bullish"}, {"id": 115728480, "text": "$BA $AMZN $FB $TWTR $AAPL $NFLX $NVDA $MU $GOOG Little bear has no friend to show up for picnic !! WOW what day", "time": 1520644605.0, "sentiment": "Bullish"}, {"id": 115728221, "text": "Kroger stock looks like a discount after earnings, but could it be a trap? $KR $AMZN $BABA https://investorplace.com/2018/03/should-you-buy-kroger-co-2-pros-2-cons/#.WqLPSN-nHs4", "time": 1520644517.0, "sentiment": ""}, {"id": 115728085, "text": "$AMZN $FB $SPY $AAPL $TSLA $IWM $NVDA $TTD $GOOGL $QQQ $DJIA $INTC  hope you bought the dip yesterday we&#39;re  going parabolic.", "time": 1520644482.0, "sentiment": ""}, {"id": 115728062, "text": "$AMZN (Afternoon Thesis) Wall Street higher as wage data soothes inflation worries http://www.streetinsider.com/Economic+Data/Wall+Street+higher+as+wage+data+soothes+inflation+worries/13925127.html via @Street_Insider", "time": 1520644477.0, "sentiment": ""}, {"id": 115727830, "text": "$spy $amzn $aapl best part is these azzholes are still trying to get the 1 trillion valuation headline...and they will eventually", "time": 1520644397.0, "sentiment": ""}, {"id": 115727709, "text": "$SPY - $KEY $AZO $GOOGL $AAPL $NFLX $AMZN $FB $JPM $PNC $BAC $MS", "time": 1520644360.0, "sentiment": "Bullish"}, {"id": 115727661, "text": "$AMZN Just a heads up we\u2019re on track for this. Expecting an internet-like bubble. Trading more than 30x earnings?", "time": 1520644343.0, "sentiment": "Bearish"}, {"id": 115727508, "text": "$AMZN But careful at RSI 80", "time": 1520644289.0, "sentiment": ""}, {"id": 115727455, "text": "$AMZN MACD can push it to 1580", "time": 1520644270.0, "sentiment": "Bullish"}, {"id": 115726896, "text": "$AMZN AMAZING! Wish i had more of you and less of my loosing stocks! You keep me happy daily!", "time": 1520644078.0, "sentiment": "Bullish"}, {"id": 115726593, "text": "@Snowflakes That I can agree with, $AMZN with fake news $DPW was trash", "time": 1520643982.0, "sentiment": ""}, {"id": 115725889, "text": "$GOOGL $AMZN My two largest holdings are Google and Amazon followed by FDX, and for good reason. https://www.forbes.com/sites/johnkoetsier/2018/03/09/report-google-captures-nearly-80-of-all-retail-search-ad-spend/?utm_source=yahoo&amp;utm_medium=partner&amp;utm_campaign=yahootix&amp;partner=yahootix&amp;yptr=yahoo#1ffdc7856c38", "time": 1520643826.0, "sentiment": "Bullish"}, {"id": 115725724, "text": "$AMZN US Economy still in growth mode! US still in macro-economic Peak (Bull market!) Go Bezos! Go Amzn", "time": 1520643780.0, "sentiment": ""}, {"id": 115725582, "text": "$AMZN Baker Hughes oil rig count  984 vs. 981 last week http://www.forexlive.com/news/!/baker-hughes-total-oil-rig-count-vs-981-last-week-20180309", "time": 1520643732.0, "sentiment": ""}, {"id": 115725386, "text": "$AMZN is my baby. This $AAPL is $1 up and $1 down wtf", "time": 1520643669.0, "sentiment": ""}, {"id": 115725085, "text": "$SPY do we sell all our calls today? I have april ones as well $xle $xlf $amzn", "time": 1520643566.0, "sentiment": ""}, {"id": 115725027, "text": "$AMZN in since $590. reducing position by half.. markets becoming irrational again", "time": 1520643542.0, "sentiment": ""}, {"id": 115724977, "text": "$AMZN this stock is like Lebron James. Prime never ends", "time": 1520643526.0, "sentiment": "Bullish"}, {"id": 115724808, "text": "$AMZN added 200 shares.... sold $appl and $TSLA", "time": 1520643464.0, "sentiment": "Bullish"}, {"id": 115724691, "text": "$AMZN Strong Results from UNFI Bodes Well for Amazon&#39;s (AMZN) Whole Foods - Deutsche Bank http://www.streetinsider.com/Analyst+Comments/Strong+Results+from+UNFI+Bodes+Well+for+Amazons+%28AMZN%29+Whole+Foods+-+Deutsche+Bank/13925285.html via @Street_Insider", "time": 1520643428.0, "sentiment": ""}, {"id": 115724641, "text": "$FB $SQ facebook is $AMZN 6 years ago $SQ is $AMZN 10 years ago. I will be buying with both hands.", "time": 1520643412.0, "sentiment": "Bullish"}, {"id": 115724593, "text": "$AMZN looks like some body is hardly pushing, not moving", "time": 1520643395.0, "sentiment": "Bearish"}, {"id": 115724553, "text": "We are currently holding Longs in $AMZN $BAC $FCX and looking for next leg higher to reach our targets #Elliottwave", "time": 1520643378.0, "sentiment": ""}, {"id": 115724510, "text": "As $NQ_F Managed to break to new all time highs following the steps of $AMZN $NFLX then we expect the rest to follow #Elliottwave", "time": 1520643365.0, "sentiment": ""}, {"id": 115724478, "text": "$AMZN No complaints!! Long &amp; Strong on Amazon!!", "time": 1520643356.0, "sentiment": ""}, {"id": 115724025, "text": "$AMZN &quot;Tesla shareholders should use any rallies in electric car maker&#39;s stock to get out, Morgan Stanley says&quot; CNBC  http://cnb.cx/2oVo8ay", "time": 1520643207.0, "sentiment": ""}, {"id": 115723627, "text": "$AMZN  CNBC on future of Tesla  &amp; Amazon", "time": 1520643079.0, "sentiment": ""}, {"id": 115723487, "text": "$AMZN  (Now Tesla VS Amzn) Amazon may lower transportation logistics costs, hurting  (Tesla&#39;s)  trucking opportunity. http://cnb.cx/2oVo8ay", "time": 1520643043.0, "sentiment": ""}, {"id": 115723174, "text": "The trend is your friend till it ends. At this rate of move on some like $AMZN and $NFLX something has to eventually give", "time": 1520642952.0, "sentiment": ""}, {"id": 115722961, "text": "$AMZN Amazon is up, and Leon&#39;s getting larger!", "time": 1520642884.0, "sentiment": "Bullish"}, {"id": 115722690, "text": "$AMZN Mortgage industry to be Amazoned? https://seekingalpha.com/news/3338056?source=ansh\nWatch out Rocket Mortgage, aka Quicken Loans!\nRocket Mortgage Video after News!!!", "time": 1520642797.0, "sentiment": "Bullish"}, {"id": 115722121, "text": "$AMZN everything is up...BUT volume is not there...", "time": 1520642603.0, "sentiment": ""}, {"id": 115721837, "text": "$AMZN can today will be power hour or reverse power hour?", "time": 1520642504.0, "sentiment": "Bearish"}, {"id": 115720604, "text": "This New Fund on The Block Bids The Hottest Technology Right Now  $BLCN $BABA $RIOT $OSTK $AMZN $etc.X SNAP $BTC.X $A https://marketchameleon.com/Blog/post/2018/03/02/this-new-fund-on-the-block-bids-on-the-hottest-technology-right-now", "time": 1520642097.0, "sentiment": ""}, {"id": 115720496, "text": "$AMZN anytime this will crash, all will take profits soon", "time": 1520642061.0, "sentiment": "Bearish"}, {"id": 115720346, "text": "$AMZN algos are at lunch, no more action", "time": 1520642015.0, "sentiment": ""}, {"id": 115719860, "text": "Here&#39;s Some New Reasons Why Amazon Should Scare Both Walmart and FedEx $AMZN http://dlvr.it/QKP5gB", "time": 1520641866.0, "sentiment": ""}, {"id": 115719495, "text": "$AMZN looking scary", "time": 1520641751.0, "sentiment": "Bearish"}, {"id": 115719480, "text": "$AMZN Dilly Dilly :)", "time": 1520641748.0, "sentiment": ""}, {"id": 115719296, "text": "Closed End Funds A Investment not to Be Overlooked $EXG $KYN $QQQ $SPY $TSLA $CSQ $AAPL $AMZN $NMZ $SNAP $NVDA $FB $V https://marketchameleon.com/DividendReports/ClosedEndFunds", "time": 1520641689.0, "sentiment": ""}, {"id": 115719213, "text": "$AMZN while we\u2019re at it, let\u2019s blow past $1,575 &amp; close at $1,580 just for the hell of it!  Insane but I\u2019m not complaining.", "time": 1520641665.0, "sentiment": ""}, {"id": 115719068, "text": "$AMZN This is f*ing too strong to fail anytime soon", "time": 1520641618.0, "sentiment": ""}, {"id": 115718681, "text": "$SPY $AMZN went up 100 pts in one week. That is jaw dropping. What are the odds it goes up another 100 next week?", "time": 1520641499.0, "sentiment": ""}, {"id": 115718543, "text": "$AMZN The best news in the jobs report http://on.mktw.net/2txPwzS", "time": 1520641454.0, "sentiment": ""}, {"id": 115718528, "text": "@jaygee74 who said $AMZN? I\u2019m think $BRK.A", "time": 1520641448.0, "sentiment": "Bullish"}, {"id": 115718470, "text": "@SnapBullish &quot;Unlimited loss potential&quot;  LMAO.. yeah man, $SNAP is the next $AMZN for sure.  Unlimited loss potential sounds like $SNAP OPEX", "time": 1520641428.0, "sentiment": ""}, {"id": 115718390, "text": "AMG_Anthony: out $AMZN 23.35 +24.53%", "time": 1520641396.0, "sentiment": ""}, {"id": 115718387, "text": "$AMZN any guesses on april 30 earnings? my guess is 1735 (mind you i&#39;ve guessed the last 4 earnings prices using a simple algo)", "time": 1520641395.0, "sentiment": "Bullish"}, {"id": 115718220, "text": "$AMZN sorry but.. motherF&#39;n beast", "time": 1520641342.0, "sentiment": "Bullish"}, {"id": 115717963, "text": "$AMZN is it going to be 1600 today or what ?", "time": 1520641267.0, "sentiment": "Bullish"}, {"id": 115717793, "text": "$AMZN does anyone see anything stopping this from sailing to 2k?", "time": 1520641220.0, "sentiment": ""}, {"id": 115717705, "text": "@Highinthe_mountains @SnapBullish @Hamid116 agree.Not going to happen.I could write an article/blog that $AAPL buying $AMZN wud ubelieve me?", "time": 1520641195.0, "sentiment": ""}, {"id": 115717679, "text": "$AMZN 1570s", "time": 1520641186.0, "sentiment": ""}, {"id": 115717600, "text": "$AMZN yup", "time": 1520641162.0, "sentiment": ""}, {"id": 115717547, "text": "$AMZN You might as well buy. This rocket it taking off!", "time": 1520641147.0, "sentiment": ""}, {"id": 115717296, "text": "$AMZN Next Fib 30 Min Resistance 1574.24 &amp; 1577.62 &amp; 1586.04. Need More Bears !!! Very Long May 1550 Calls from much lower. Congrats Bulls", "time": 1520641078.0, "sentiment": "Bullish"}, {"id": 115717222, "text": "almost there! $AMZN", "time": 1520641054.0, "sentiment": "Bullish"}, {"id": 115717219, "text": "$SPY nothing is moving with this except $AMZN", "time": 1520641054.0, "sentiment": ""}, {"id": 115717047, "text": "$MSFT #2 in cloud computing behind $AMZN! Breaking out to all-time highs! A key holding in our portfolio! Continue to hold!$QQQ", "time": 1520641005.0, "sentiment": "Bullish"}, {"id": 115716699, "text": "$AMZN no pullback? wtf", "time": 1520640896.0, "sentiment": ""}, {"id": 115716566, "text": "Congrats if you are playing $AMZN with me. We are up $5 since the post. This was a simple 5&#39; opening range play at 10:00am reversal time.", "time": 1520640856.0, "sentiment": "Bullish"}, {"id": 115716366, "text": "$AMZN Monthly Option Expiry Next Friday. 1600 Pin would not be surprising. Just Stay Long. S&amp;P in breakout mode past 2750. Long SPY MayCalls", "time": 1520640794.0, "sentiment": "Bullish"}, {"id": 115715936, "text": "@richrollo look at $AMZN", "time": 1520640667.0, "sentiment": ""}, {"id": 115715764, "text": "Morgan Stanley: Tesla Investors Have A Profit-Taking Opportunity https://benzinga.com/z/11335353 $TSLA $AMZN $GOOG $GOOGL", "time": 1520640611.0, "sentiment": ""}, {"id": 115715024, "text": "$ATVI $SNE $AMZN Activision says Call of Duty World League returns to Atlanta March 9-11", "time": 1520640389.0, "sentiment": ""}, {"id": 115714985, "text": "$AMZN have mercy!", "time": 1520640379.0, "sentiment": ""}, {"id": 115714627, "text": "$AMZN Fair weekly calls scalp.", "time": 1520640290.0, "sentiment": ""}, {"id": 115714451, "text": "Shorts you know the theory on &quot;How to Boil a Frog?&quot; Well its happening  on $AMZN $NVDA $MSFT $NFLX $SRNE $OMER $TGTX  and other good follows", "time": 1520640234.0, "sentiment": ""}, {"id": 115714307, "text": "$SPY $QQQ $IWM $NFLX $AMZN $AAPL   bull stampede...", "time": 1520640184.0, "sentiment": "Bullish"}, {"id": 115714248, "text": "$SPX $SPY $QQQ $NDX $IWM $VIX $DIA $DJIA $AMZN $WFC $BAC Mortgage industry to be Amazoned?", "time": 1520640165.0, "sentiment": ""}, {"id": 115714171, "text": "$AMZN  12:01p  https://www.marketwatch.com/investing/stock/amzn \nUPDATED Goldman&#39;s stock climbs as Blankfein is set to retire as CEO early as 2018, says report", "time": 1520640140.0, "sentiment": ""}, {"id": 115713695, "text": "As $NQ_F Managed to break to new all time highs following the steps of $AMZN $NFLX then we expect the rest to follow #Elliottwave", "time": 1520640006.0, "sentiment": ""}, {"id": 115713666, "text": "$AMZN To buy or not to buy AMZN @1576.40 with my retirement money ?", "time": 1520639995.0, "sentiment": ""}, {"id": 115712916, "text": "Measured over the past 5 years, $AMZN shows a very strong growth in Revenue: 23.83% on average per year. https://www.chartmill.com/analyze.php?utm_source=stocktwits&amp;utm_medium=FA&amp;utm_content=GROWTH&amp;utm_campaign=social_tracking#/AMZN?r=fa&amp;key=7e23e545-7a86-47d1-a0b4-6048c3164d97", "time": 1520639764.0, "sentiment": ""}, {"id": 115712611, "text": "$AMZN will crush $KR and other crappy supermarkets... just give it time.", "time": 1520639670.0, "sentiment": "Bullish"}, {"id": 115711788, "text": "$AMZN what happened to all those shorts at 1400?", "time": 1520639410.0, "sentiment": ""}]