[{"id": 117281806, "text": "$AMZN will fly again. It&#39;s just coming in for a bathroom and fuel brake! Remember the day&#39;s of your youth. This will make you feel better!", "time": 1521776875.0, "sentiment": "Bullish"}, {"id": 117281789, "text": "$AMZN never a clearer sign to short!", "time": 1521776870.0, "sentiment": "Bearish"}, {"id": 117281537, "text": "@chloro your delusional and have no idea how the market works,  stop reg books on trading lmao  $SPY $QQQ $NFLX $AMZN $BA $FB $NVDA", "time": 1521776778.0, "sentiment": ""}, {"id": 117281412, "text": "$AMZN very disappointed that Congress is doing nothing to stand up to the predident. Oh right he won the election pandering to old industry.", "time": 1521776732.0, "sentiment": ""}, {"id": 117281027, "text": "$AMZN holding strong because I believe in amazon. still mad though...", "time": 1521776608.0, "sentiment": "Bullish"}, {"id": 117280604, "text": "$AMZN If you followed such a long time ago in september and bought below 950 then maybe sell a couple!", "time": 1521776489.0, "sentiment": ""}, {"id": 117280297, "text": "$AMZN next support line at 1528", "time": 1521776395.0, "sentiment": "Bearish"}, {"id": 117280198, "text": "$AMZN what a difference a day makes. Yesterday night it was gapping up to 1590, tonight falling under 1540.", "time": 1521776366.0, "sentiment": "Bearish"}, {"id": 117280076, "text": "$AMZN Consistent with the mother fuking market crash today.", "time": 1521776325.0, "sentiment": ""}, {"id": 117279880, "text": "$AMZN love this stock #longggggggg", "time": 1521776264.0, "sentiment": "Bullish"}, {"id": 117279623, "text": "$AMZN trade war &amp; SEnate Govt shutdown angst! 2 Reasons!!", "time": 1521776186.0, "sentiment": ""}, {"id": 117279602, "text": "$AMZN bought 50 more at $1546, love the bargains . Will be $1700 by earnings", "time": 1521776179.0, "sentiment": "Bullish"}, {"id": 117278496, "text": "$AMZN CEO &quot;WILKE JEFFREY A&quot; just sold 500 Shares (Tran Code - S)  --- Insider Forms, iOS app", "time": 1521775839.0, "sentiment": ""}, {"id": 117278412, "text": "Insider WILKE JEFFREY A reports selling 500 shares of $AMZN for a total cost of $788,924.42 https://fintel.io/n/us/amzn", "time": 1521775813.0, "sentiment": ""}, {"id": 117278032, "text": "$AMZN &lt;--- the new WalMart, that&#39;s all it is really", "time": 1521775708.0, "sentiment": ""}, {"id": 117277333, "text": "$SPY $IYT $IWM $TNA $FAS $FB $AAPL $AMZN $GOOGL $NFLX Facebook knew in 2015 about Analytica, but didn\u2019t disclose. If it wasn\u2019t for the media", "time": 1521775510.0, "sentiment": ""}, {"id": 117277225, "text": "$AMZN S&amp;P 500 erased all of its gains for 2018 to mark 1.1% year-to-date decline as trade-war anxieties intensify http://on.mktw.net/2HXbqie", "time": 1521775480.0, "sentiment": ""}, {"id": 117276957, "text": "$AMZN Declines -2.3%. The 23-Mar-18 Option Straddle Expiring Tomorrow Implies a \u00b11.7% move http://tinyurl.com/glec3hk", "time": 1521775399.0, "sentiment": ""}, {"id": 117276876, "text": "$AMZN all this was still on average volume.", "time": 1521775383.0, "sentiment": ""}, {"id": 117276615, "text": "$GOOG $FB $V $MA $BABA $AMZN $BKNG $BA name one talking head fool broker that has been right lol close my eyes and ears bullish", "time": 1521775323.0, "sentiment": ""}, {"id": 117276362, "text": "$SPY $amzn Look at the Pivots on This Hexagon Angle for AMZN and SPX, both landed on it today: 2641 and 1542", "time": 1521775254.0, "sentiment": ""}, {"id": 117276215, "text": "$AMZN $CSCO $SQ $JPM $MU $UNH $GERN I bought the shit out of these today with all of the panic selling going on.", "time": 1521775216.0, "sentiment": "Bullish"}, {"id": 117276129, "text": "$AMZN BREAKS BELOW 20-DAY MOVING AVERAGE: https://techniquant.com/reports/stock-amzn-daily-technical-report-for-2018-03-22/", "time": 1521775197.0, "sentiment": ""}, {"id": 117276021, "text": "$HOME    Nice call.   Rumor is $AMZN will take them.  Wife\u2019s number 1 store. Plus Amazon prime.  Gl.  LT holders", "time": 1521775171.0, "sentiment": ""}, {"id": 117275911, "text": "Amazon.com&#39;s CEO Worldwide Consumer just disposed of 500 shares  http://www.conferencecalltranscripts.org/4/summary/?id=4734153 $AMZN", "time": 1521775141.0, "sentiment": ""}, {"id": 117275797, "text": "$BA $CAT $MSFT $MU $GBTC $NVDA $AMZN  It&#39;s absolutely PATHETIC the number of people on here that want to see the market crash..  Shameful..", "time": 1521775109.0, "sentiment": "Bullish"}, {"id": 117275706, "text": "$AMZN Dont know why Trump did not choose a more multilateral solution to trade deficit (Negotiations with China etc..) . Why tarriffs??", "time": 1521775086.0, "sentiment": ""}, {"id": 117275553, "text": "$AMZN oh for fuck sake, people spooked by tariffs? Grow some balls $DJIA $AAPL $NFLX $FB", "time": 1521775047.0, "sentiment": "Bullish"}, {"id": 117275348, "text": "$AMZN business model = retail + cloud services... NO DIVIDEND, and this stays valuated like other FANG that make money and pay dividends ?", "time": 1521774993.0, "sentiment": "Bearish"}, {"id": 117275158, "text": "@Alwaysinthemoney $AMZN will definitely come back!", "time": 1521774950.0, "sentiment": ""}, {"id": 117275078, "text": "$AMZN amazing that it holds strong on a day like this", "time": 1521774937.0, "sentiment": ""}, {"id": 117275074, "text": "$AMZN expecting to test February lows. Shorterm bearish. Long term bullish.", "time": 1521774936.0, "sentiment": "Bearish"}, {"id": 117274805, "text": "$AMZN SELL, SELL, SELL, SO I CAN BUY, BUY, BUY!", "time": 1521774867.0, "sentiment": ""}, {"id": 117274684, "text": "$AMZN Dow skids below level at 24K as stocks close with 724-point loss http://on.mktw.net/2DMbNKl  (China trade war &amp; Possible Govt Shutdown)", "time": 1521774833.0, "sentiment": ""}, {"id": 117274317, "text": "$AMZN good time to profit take...dot com bust overbought", "time": 1521774743.0, "sentiment": "Bearish"}, {"id": 117274218, "text": "$AMZN $V WTF", "time": 1521774722.0, "sentiment": ""}, {"id": 117274149, "text": "$AMZN this is a major buying opportunity! Back to $1565 tomorrow", "time": 1521774706.0, "sentiment": "Bullish"}, {"id": 117274103, "text": "$AMZN short term pain for a better new deal works for me", "time": 1521774696.0, "sentiment": ""}, {"id": 117273980, "text": "$FB $NFLX $AAPL $NVDA $MU $AMZN $GOOG i think it\u2019s time to turn to the dark side", "time": 1521774668.0, "sentiment": "Bearish"}, {"id": 117273463, "text": "Pro tip: &#39;LMAOOOO&#39; is not a trade thesis $AMZN $QQQ $SPY", "time": 1521774562.0, "sentiment": ""}, {"id": 117273323, "text": "$AMZN buy buy buy buy buy", "time": 1521774527.0, "sentiment": "Bullish"}, {"id": 117273050, "text": "$AMZN well I added on that touch of the 20-dma.", "time": 1521774468.0, "sentiment": "Bullish"}, {"id": 117272804, "text": "$SPY where are those bulls calling 280? Better own up now before I start calling you out it\u2019s embarrassing $AAPL $AMZN $VIX", "time": 1521774412.0, "sentiment": ""}, {"id": 117272798, "text": "$SPY Bears can talk but this isn&#39;t about earnings &amp; it isn&#39;t about data. It&#39;s all about Fat Nixon &amp; his horrible policies $BABA $AAPL $AMZN", "time": 1521774410.0, "sentiment": "Bullish"}, {"id": 117272704, "text": "$AMZN and I was skimping on buying a new car...... It just disappeared like magic.", "time": 1521774391.0, "sentiment": ""}, {"id": 117272557, "text": "$AMZN", "time": 1521774359.0, "sentiment": "Bullish"}, {"id": 117272492, "text": "$SPY $QQQ $NFLX $AMZN $BA $FB $NVDA  whats orange going to say when the market falls a few more 1,000 points like another 5K easy", "time": 1521774345.0, "sentiment": ""}, {"id": 117272025, "text": "Other than $Cara and $AMZN I am in cash for all my accounts. Better to be safe. An administration in crisis and we are being dragged down!", "time": 1521774251.0, "sentiment": "Bullish"}, {"id": 117271891, "text": "$SPY $QQQ $NFLX $AMZN $BA $FB $NVDA  nice $mu getting crushed, should kill $nvda tomorrow now and rest of $qqq love it!!!!!!!!!!!!!!", "time": 1521774219.0, "sentiment": ""}, {"id": 117271860, "text": "$AMZN Sometimes Bad News is news. Fundamentals aren&#39;t news.", "time": 1521774213.0, "sentiment": ""}, {"id": 117271809, "text": "$FB $appl $TWTR shorting all of these... long: $amzn and $msft", "time": 1521774205.0, "sentiment": ""}, {"id": 117271744, "text": "$AMZN Saved by the Bell!!", "time": 1521774194.0, "sentiment": ""}, {"id": 117271593, "text": "$AMZN this little piggy went wee weee weeeee alll the way down. \ud83d\udc3d\ud83d\udc3d", "time": 1521774159.0, "sentiment": "Bearish"}, {"id": 117271534, "text": "$SPY $QQQ $NFLX $AMZN $BA $FB $NVDA $mu lets see what this POS does $MU looks like a head fake sell off, I hope it gets destroyed", "time": 1521774147.0, "sentiment": ""}, {"id": 117271495, "text": "$AMZN  https://www.marketwatch.com/investing/index/djia \nDow tumbles 720 points as trade-war fears &amp; (Govt Shutdown (Senate may not pass 1.3T Omnibus) rattle market", "time": 1521774140.0, "sentiment": ""}, {"id": 117271313, "text": "$AMZN \ud83d\ude36 Speechless.", "time": 1521774099.0, "sentiment": ""}, {"id": 117271293, "text": "Option Block Trades Screener 4 trade Ideas $FCX $SPY $QQQ $ETSY $INTC $V $TSLA $ISBC $IWM $S $QQQ $AMZN $BAC $VXX https://marketchameleon.com/Screeners/OptionTrades", "time": 1521774093.0, "sentiment": ""}, {"id": 117271145, "text": "$SPY $FB $AAPL $AMZN $NFLX  market running like a raped ape", "time": 1521774062.0, "sentiment": ""}, {"id": 117271126, "text": "$AMZN $SPY &quot;Bulls/Bears make money, Pigs get slaughtered.&quot; This sticker on my desktop helps me .Remember not be a Permabear or Permabull.", "time": 1521774059.0, "sentiment": ""}, {"id": 117271105, "text": "$AMZN the average investor is not reacting to the news. big money uses it against us. every time.", "time": 1521774054.0, "sentiment": ""}, {"id": 117270818, "text": "$AMZN \n\u201cOh looook ai crash the markeeet again\u201d - King Tdump", "time": 1521773988.0, "sentiment": ""}, {"id": 117270635, "text": "$AMZN lmao guys relax, I believe tomorrow will be an upside We\u2019re talking about 2-3%. Relax!", "time": 1521773940.0, "sentiment": "Bullish"}, {"id": 117270604, "text": "$AMZN Hedge funds are studying Jerome Powell\u2019s facial expressions to predict interest rates http://on.mktw.net/2FVyG3F", "time": 1521773933.0, "sentiment": ""}, {"id": 117270566, "text": "$AMZN tomorrow 60 points in one day! And a Friday. possible or not?", "time": 1521773922.0, "sentiment": "Bullish"}, {"id": 117270356, "text": "$SPY $QQQ $BABA $AMZN $AAPL $NVDA $MU", "time": 1521773871.0, "sentiment": ""}, {"id": 117269955, "text": "$SPY $QQQ $BABA $AMZN $AAPL $NVDA $MU", "time": 1521773764.0, "sentiment": ""}, {"id": 117269933, "text": "$AMZN close the market. No one is buying!", "time": 1521773758.0, "sentiment": ""}, {"id": 117269903, "text": "$AMZN going to the bar and get an a drinks maybe 1 or 2 or 3 what the hell im drinking the entire bottle!!!", "time": 1521773752.0, "sentiment": ""}, {"id": 117269861, "text": "$GOOGL $BA $AMZN $V $MA $BABA $BKNG $AAPL SELL SELL SELL GIVE ME A BUYING OPPORTUNITY BULLISH LONG TERM", "time": 1521773744.0, "sentiment": ""}, {"id": 117269687, "text": "$AMZN  3:50p  https://www.marketwatch.com/investing/stock/amzn \nBREAKING Dow skids below level at 24,000 as stocks tumble 740 points at session lows", "time": 1521773701.0, "sentiment": ""}, {"id": 117269670, "text": "$AMZN next bankruptcy for djt good ole usa.", "time": 1521773697.0, "sentiment": ""}, {"id": 117269567, "text": "$AMZN commander and chief doesn&#39;t realize the global economy is tightly interconnected now. applying tariffs on one does yourself harm too", "time": 1521773672.0, "sentiment": "Bullish"}, {"id": 117269559, "text": "$SPY $QQQ $NFLX $AMZN $BA $FB $NVDA  so many Charts look like grim death, stay short, scale in short on pops, cover on dumps, $BA looks grim", "time": 1521773671.0, "sentiment": ""}, {"id": 117269509, "text": "$AMZN there goes the house.", "time": 1521773660.0, "sentiment": ""}, {"id": 117269192, "text": "$AMZN Gripping the arms of my chair here........", "time": 1521773583.0, "sentiment": "Bullish"}, {"id": 117268983, "text": "$AMZN Up you fuckin fuck!", "time": 1521773531.0, "sentiment": "Bullish"}, {"id": 117268966, "text": "$AMZN  BULLETIN   https://www.marketwatch.com/investing/index/djia?mod=bnbh \nDow industrials fall below 24,000 with 700-point drop", "time": 1521773527.0, "sentiment": ""}, {"id": 117268924, "text": "If we can get above 20sma here $AMZN may have some hope, otherwise...", "time": 1521773516.0, "sentiment": ""}, {"id": 117268762, "text": "$SPY $QQQ $NFLX $AMZN $BA $FB $NVDA  when ross gerber UBER BULL!!! like ridiculous bull says he&#39;s selling, not buying, that its done, WOW!!", "time": 1521773479.0, "sentiment": ""}, {"id": 117268672, "text": "$AMZN manipulation on a grand scale. we dont deserve this.", "time": 1521773459.0, "sentiment": "Bullish"}, {"id": 117268659, "text": "$BRK.B $FB $AMZN $GOOGL $NFLX all MM know these are the last chances to get prices cheaper before end of Quarter. get what you can!", "time": 1521773456.0, "sentiment": ""}, {"id": 117268524, "text": "$SPY $QQQ $NFLX $AMZN $BA $FB $NVDA yup folks this is the result of big index investing for 9yrs,u got it on the way up, now suffer way down", "time": 1521773425.0, "sentiment": ""}, {"id": 117268148, "text": "$AMZN WS is really mad today. Where the MAGA people at? Winning yet?", "time": 1521773336.0, "sentiment": ""}, {"id": 117267629, "text": "$AMZN 16 more minutes to Bell", "time": 1521773207.0, "sentiment": ""}, {"id": 117266959, "text": "$AMZN may be an amazing company with long term value. But this hurts. Every dollar down is blood on the streets!", "time": 1521773038.0, "sentiment": "Bullish"}, {"id": 117266648, "text": "$AMZN All eyes on Paul with (Govt) shutdown looming (Other reason markets are red!) http://thehill.com/homenews/senate/379797-all-eyes-on-paul-with-shutdown-looming#.WrQHA8eglng.twitter", "time": 1521772954.0, "sentiment": ""}, {"id": 117266608, "text": "$AMZN people panic too much here\u2019s the bounce up now..this is the best company in the world", "time": 1521772944.0, "sentiment": "Bullish"}, {"id": 117266595, "text": "$AMZN Range more violent in recent days. Options offering plenty of opps to scalp. $FB We&#39;ll see in the coming days. Gotta watch daily.", "time": 1521772942.0, "sentiment": ""}, {"id": 117266322, "text": "$AMZN Not just China tarriffs!", "time": 1521772875.0, "sentiment": ""}, {"id": 117266243, "text": "$AMZN China trade fears &amp; Senate may not pass the 1.3 Trillion Omnibus bill (Senate may Opt for govt shutdown)! 2 reasons markets are red!!!", "time": 1521772857.0, "sentiment": ""}, {"id": 117266145, "text": "@overstockbitcoinflywheel $OSTK doesnt COMPARE 2 $AMZN but the viability of $OSTK\u2019s ecommerce biz relies upon its ability 2 COMPETE w $AMZN", "time": 1521772827.0, "sentiment": "Bearish"}, {"id": 117266119, "text": "$SPY $QQQ $NFLX $AMZN $BA $FB $NVDA anyone still ong or going long, Ive said this months ago, look at 20yr charts, this aint nothing!!!", "time": 1521772818.0, "sentiment": ""}, {"id": 117265894, "text": "$ETSY will go up like $AMZN. The market is down! Everything is red.", "time": 1521772756.0, "sentiment": "Bullish"}, {"id": 117265793, "text": "$SPY $QQQ $NFLX $AMZN $BA $FB $NVDA SPY broke support next stop is a good dump amount lower still if it closes here  barring any stick saves", "time": 1521772725.0, "sentiment": ""}, {"id": 117265714, "text": "$DAL $ACLS $BBY $BCOR $CEO $CMD $ABBV $AMZN STRONG BUY RATED @AhrvoStockScores https://m.benzinga.com/article/11150142\ud83d\ude80\ud83d\ude80\ud83d\ude80\ud83d\ude80", "time": 1521772706.0, "sentiment": "Bullish"}, {"id": 117265708, "text": "$AMZN $BA $NVDA $QQQ \nThanx Donny", "time": 1521772703.0, "sentiment": ""}, {"id": 117265620, "text": "$AMZN Senate considering govt shutdown as an option -Dont like 1.3T Omnibus bill passed by House", "time": 1521772678.0, "sentiment": ""}, {"id": 117265541, "text": "$AMZN could be trouble if 1545 breaks.", "time": 1521772659.0, "sentiment": ""}, {"id": 117265446, "text": "$AMZN U.S. House passes spending bill as senators consider forcing a shutdown https://www.bloomberg.com/news/articles/2018-03-22/spending-bill-passes-house-as-senators-mull-government-shutdown via @bpolitics", "time": 1521772637.0, "sentiment": ""}, {"id": 117265238, "text": "$AMZN big money is gonna be the real bag holder if they dont stop jerkin us around here.", "time": 1521772580.0, "sentiment": ""}, {"id": 117265222, "text": "$AMZN gap up tmrw! Option expiry day.", "time": 1521772577.0, "sentiment": ""}, {"id": 117265205, "text": "$SPY Best deal maker we&#39;ve ever had! smh. Vol isn&#39;t heavy all over but def in these $QQQ $AAPL $BABA $AMZN $JPM", "time": 1521772571.0, "sentiment": "Bullish"}, {"id": 117265122, "text": "$AMZN Trump: &#39;I would like to&#39; be interviewed by special counsel Robert Mueller in Russia probe http://cnb.cx/2FUSa8G", "time": 1521772549.0, "sentiment": ""}, {"id": 117265102, "text": "$SPY $QQQ $NFLX $AMZN $BA $FB $NVDA  another place folks are hiding is $DPZ, they will get destroyed when that breaks too", "time": 1521772541.0, "sentiment": ""}, {"id": 117264929, "text": "$SPY $QQQ $NFLX $AMZN $BA $FB $NVDA  folks have been spoiled for 9 plus yrs this is the start of bear mkt end of bull its over", "time": 1521772496.0, "sentiment": ""}, {"id": 117264558, "text": "$SPY $QQQ $NFLX $AMZN $BA $FB $NVDA  way to many people hiding in AMZN and NFLX, they are going to get destroyed!!!", "time": 1521772394.0, "sentiment": ""}, {"id": 117264506, "text": "What a vomit day for $AMZN", "time": 1521772380.0, "sentiment": ""}, {"id": 117264346, "text": "$AMZN this is just stupid now, clearly rigged:/", "time": 1521772329.0, "sentiment": ""}, {"id": 117264325, "text": "$SPY $QQQ $NFLX $AMZN $BA $FB $NVDA  boeing $275 thats were its going $ba", "time": 1521772324.0, "sentiment": ""}, {"id": 117264267, "text": "$AMZN mama mia", "time": 1521772305.0, "sentiment": ""}, {"id": 117264106, "text": "$NFLX $AAPL $AMZN $GOOGL $FB $SPY $TNA $FAS $IYT $IWM Another Congressman \u201dhave to ask Zuck if he is promoting competitive...\u201d", "time": 1521772250.0, "sentiment": ""}, {"id": 117263852, "text": "$AMZN investors shift focus to threat of escalating trade war with China that has potential to disrupt global growth. https://www.bloomberg.com/news/articles/2018-03-21/asian-stocks-face-mixed-start-dollar-sinks-on-fed-markets-wrap", "time": 1521772174.0, "sentiment": ""}, {"id": 117263450, "text": "Put Protection Cost Analysis To Hedge Downside Risk $SPY $AAPL $AMZN $MSFT $SBUX $TSLA $TWTR $IBM $MSFT $QQQ $NVDA https://marketchameleon.com/volReports/DownsidePutProtection", "time": 1521772059.0, "sentiment": ""}, {"id": 117263410, "text": "$AMZN https://www.cnbc.com/bonds/  Bond Treasury yields down too", "time": 1521772048.0, "sentiment": ""}, {"id": 117263375, "text": "$AMZN :)", "time": 1521772036.0, "sentiment": "Bullish"}, {"id": 117263247, "text": "$BABA $FB $AAPL $AMZN \n\nSince the calendar flipped to 2018 it\u2019s been an algo manipulated mess, from no swings to massive ones . Glad I\u2019m out", "time": 1521772000.0, "sentiment": ""}, {"id": 117263128, "text": "$AMZN \nBought AKS today with my SPAMAZON short profits....trend line here in AKS", "time": 1521771972.0, "sentiment": ""}, {"id": 117263037, "text": "$AMZN I&#39;m no expert but this could be in for a HUGE correction soon.", "time": 1521771946.0, "sentiment": ""}, {"id": 117263000, "text": "$DJIA $SPX $NDX is a market collapse coming? This dude thinks so - see profile for today&#39;s video thanks $FB $NFLX $AMZN", "time": 1521771935.0, "sentiment": ""}, {"id": 117262971, "text": "$AMZN AMZN Short. my next targets in red", "time": 1521771925.0, "sentiment": "Bearish"}, {"id": 117262928, "text": "$AMZN China reaction or planned reaction to US tarriffs is behind the selloff right now!!!", "time": 1521771911.0, "sentiment": ""}, {"id": 117262841, "text": "$SPY $QQQ $NFLX $AMZN $BA $FB $NVDA  there ya go yet another stick save 30 minutes I guess its a rip lol sick just let it die", "time": 1521771884.0, "sentiment": ""}, {"id": 117262810, "text": "$AMZN $FB $SLV $DJI $NFLX $OIL $XRP.X $GLD  @TalkMarkets", "time": 1521771876.0, "sentiment": ""}, {"id": 117262794, "text": "Yandex: Must-Knows of the Russian Search Giant $AMZN $GOOGL $FB $BIDU $YNDX https://marketrealist.com/2018/03/yandex-loses-tens-of-millions-of-dollars-through-foreign-exchange", "time": 1521771872.0, "sentiment": ""}, {"id": 117262696, "text": "Dow Jones Crash Coming? Gold &amp; Silver To Explode $XRP.X $GLD $SLV $DJI $FB $AMZN $NFLX $OIL https://goo.gl/8vekCY", "time": 1521771845.0, "sentiment": ""}, {"id": 117262686, "text": "$AMZN", "time": 1521771842.0, "sentiment": ""}, {"id": 117262664, "text": "$AMZN GENEVA (Reuters) - China is preparing a range of responses to planned U.S. tariffs  \n https://reut.rs/2pxr7p2", "time": 1521771834.0, "sentiment": ""}, {"id": 117262281, "text": "$SPY $QQQ $NFLX $AMZN $BA $FB $NVDA  nope looks like they are saving it again...face ripper last 30 min or dumpage", "time": 1521771717.0, "sentiment": ""}, {"id": 117262274, "text": "$AMZN Dow falls more than 550 points, stocks hit session lows on trade fears http://cnb.cx/2FRAnPP", "time": 1521771713.0, "sentiment": ""}, {"id": 117262143, "text": "$AMZN Stock market&#39;s tumble showing signs of panic-like selling http://on.mktw.net/2IJJ7Fr", "time": 1521771673.0, "sentiment": ""}, {"id": 117262078, "text": "$spy $qqq $nflx $amzn $ba $fb $nvda yes finally now lets real break this market , not this baby dip stuff, kill it $mu might save it 2mor", "time": 1521771652.0, "sentiment": ""}, {"id": 117261860, "text": "$AMZN another example of why bulls are dumb", "time": 1521771582.0, "sentiment": "Bearish"}, {"id": 117261608, "text": "$AMZN \u201cStock market&#39;s tumble showing signs of panic-like selling\u201d Read more - http://on.mktw.net/2ucKKIC  ... I\u2019m doing some panic buying", "time": 1521771498.0, "sentiment": "Bullish"}, {"id": 117261551, "text": "$AMZN this shit is terrible man.", "time": 1521771484.0, "sentiment": ""}, {"id": 117261443, "text": "$AMZN close 1555.", "time": 1521771451.0, "sentiment": ""}, {"id": 117261384, "text": "$BA $amzn $NVDA    Is this the time to throw up?", "time": 1521771433.0, "sentiment": ""}, {"id": 117260996, "text": "$AMZN Lows.", "time": 1521771323.0, "sentiment": ""}, {"id": 117260662, "text": "$AMZN buying here.  A trade war does not hurt AMZN", "time": 1521771222.0, "sentiment": ""}, {"id": 117260252, "text": "$GOOGL $NFLX $AMZN $BABA $JD You bulls are selling off because of 50B tariff? Stock market probably lost over 50B today in last few hours...", "time": 1521771082.0, "sentiment": "Bullish"}, {"id": 117259969, "text": "$AMZN Sell this pumped up stock. Over valued by 50%.", "time": 1521770990.0, "sentiment": ""}, {"id": 117259384, "text": "$AMZN march is the month of the 1500s. feb was 1400s. april will be 1600s. just a bumpy ride here.", "time": 1521770804.0, "sentiment": ""}, {"id": 117259252, "text": "Is Amazon&#39;s Way Of Doing Things Leading To Whole Foods Brain Drain? http://ow.ly/utJ830j6xJ5 $AMZN ", "time": 1521770749.0, "sentiment": ""}, {"id": 117259183, "text": "$AMZN : $1750 soon!", "time": 1521770728.0, "sentiment": "Bullish"}, {"id": 117258942, "text": "$AMZN real power hour starts and end by tomorrow eod", "time": 1521770644.0, "sentiment": "Bullish"}, {"id": 117258770, "text": "$AMZN I buy few calls, power hour guys", "time": 1521770580.0, "sentiment": "Bullish"}, {"id": 117258680, "text": "$AMZN You would think that by dumb luck I would buy I stock today that wouldn&#39;t immediately start hemorrhaging the second after I buy it :/", "time": 1521770546.0, "sentiment": ""}, {"id": 117258489, "text": "$AMZN : Still have a chance to buy, tomorrow will be 3-5% up!", "time": 1521770468.0, "sentiment": "Bullish"}, {"id": 117257750, "text": "$AMZN Is it 4 yet :(", "time": 1521770233.0, "sentiment": ""}, {"id": 117257747, "text": "Whole Foods Execs Flee After Amazon Takeover $AMZN $WFM https://goo.gl/Vu32q9", "time": 1521770232.0, "sentiment": ""}, {"id": 117257597, "text": "$AMZN one more hour folks... hang in there.", "time": 1521770186.0, "sentiment": ""}]