[{"id": 117981578, "text": "$AMZN in a month at 1600, people still be talking like, &quot;so, you also grabbed some cheap shares on that Trump-dump day? that was awesome&quot;", "time": 1522278356.0, "sentiment": ""}, {"id": 117981506, "text": "$AMZN It may even end up green at 1550+ today.", "time": 1522278346.0, "sentiment": "Bullish"}, {"id": 117981485, "text": "$AMZN  when he has some fried chicken from Kentucky", "time": 1522278340.0, "sentiment": ""}, {"id": 117981373, "text": "$AMZN Patience-Rough day!", "time": 1522278307.0, "sentiment": ""}, {"id": 117981359, "text": "$AMZN even trump can\u2019t change that this is a solid machine. Worry less.", "time": 1522278304.0, "sentiment": ""}, {"id": 117981345, "text": "$AMZN when will trump stop talking", "time": 1522278301.0, "sentiment": "Bullish"}, {"id": 117981305, "text": "$AMZN put the blame where it belongs. CNBC!! they misused their platform and have damaged shareholders in the process.", "time": 1522278290.0, "sentiment": ""}, {"id": 117981294, "text": "Bitcoin Support Or Crash? $DB $DPZ $MON $TCP $FXE $QQQ $AMZN $DIA $FXY $SPY $USO $FB $BTC.X https://t.co/r7TYuFp96p", "time": 1522278285.0, "sentiment": ""}, {"id": 117981273, "text": "@Thankfulness Down she goes.... $AMZN be careful more pain coming.", "time": 1522278279.0, "sentiment": "Bearish"}, {"id": 117981259, "text": "$AMZN (Recap) Amazon shares dip following Trump&#39;s reported desire to regulate it The Hill http://thehill.com/policy/technology/380641-amazon-shares-dip-following-trumps-reported-desire-to-regulate-it#.Wru877qlf0E.twitter", "time": 1522278276.0, "sentiment": ""}, {"id": 117981177, "text": "$AMZN ok I reverse my position , Amzn 1500 today .  Thanks Trump", "time": 1522278255.0, "sentiment": "Bullish"}, {"id": 117981065, "text": "$AMZN It obviously is manipulation intended for those in power to short sell and buy lower. Corruption at its best.", "time": 1522278231.0, "sentiment": "Bullish"}, {"id": 117980932, "text": "$AMZN reversal POSSIBLE?? IT IS GOING TO REVERSE with bears plugging their ass", "time": 1522278201.0, "sentiment": "Bullish"}, {"id": 117980920, "text": "$AMZN long way to go. 1250 by Friday. Mark it", "time": 1522278197.0, "sentiment": ""}, {"id": 117980849, "text": "$AMZN I think JB should donate the Wapo to Trump as a peace offering and promise to full sell Ivankas clothing line.", "time": 1522278177.0, "sentiment": ""}, {"id": 117980835, "text": "$AMZN Bears will pop it in order to draw more liquidity then drop it on you again and again, add short week, bearish market..", "time": 1522278172.0, "sentiment": "Bearish"}, {"id": 117980823, "text": "$AMZN they say \u201cthey are intentionally coming after high multiple stocks\u201d. Is this not #manipulation? Such retards!!!!", "time": 1522278171.0, "sentiment": "Bullish"}, {"id": 117980802, "text": "$AMZN reversal possible here", "time": 1522278166.0, "sentiment": ""}, {"id": 117980788, "text": "$AMZN regardless of how much this recovers. let your voice be heard! contact cnbc and let them know how much they have destroyed trust.", "time": 1522278162.0, "sentiment": ""}, {"id": 117980772, "text": "$AMZN Reuters tweets that the White House tells the news agency that \u201cthere are no specific policy changes regarding Amazon right now", "time": 1522278159.0, "sentiment": ""}, {"id": 117980702, "text": "$AMZN", "time": 1522278142.0, "sentiment": ""}, {"id": 117980657, "text": "$AMZN WTF trump and his big ass mouth long term bullish.  Buying opportunity", "time": 1522278131.0, "sentiment": ""}, {"id": 117980619, "text": "White House official says no policy changes on Amazon at moment $AMZN \n \n \n \n \n In the other words, more fakes news from fake reporters", "time": 1522278121.0, "sentiment": "Bullish"}, {"id": 117980469, "text": "$AMZN Nasdaq &amp; Amzn/Tesla spiking up!", "time": 1522278085.0, "sentiment": ""}, {"id": 117980464, "text": "$AMZN i hope you covered who shorted at 1422.22 because you&#39;re going to lose big asshole", "time": 1522278083.0, "sentiment": "Bullish"}, {"id": 117980445, "text": "$AMZN You guys are so screwed, can&#39;t you see the lure, never ever buy dips on days like this let it settle Bears in full control", "time": 1522278080.0, "sentiment": "Bearish"}, {"id": 117980430, "text": "$JCP Thought this would run &gt; this today on $AMZN (Bezos vs Trump) news. But, he needs to actually tax them now &amp; not just talk about it.", "time": 1522278076.0, "sentiment": "Bullish"}, {"id": 117980418, "text": "$AMZN Next earnings includes Christmas.", "time": 1522278074.0, "sentiment": "Bullish"}, {"id": 117980415, "text": "$AMZN oooh Fat Nixon \u201ctaking aim at Amazon\u201d \ud83d\ude02\ud83d\ude02\ud83d\ude02 how quick things change! #Manipulation", "time": 1522278073.0, "sentiment": "Bullish"}, {"id": 117980295, "text": "$AMZN sackless nut job trump doesnt know how to order off Amazon because its not in Russian", "time": 1522278038.0, "sentiment": ""}, {"id": 117980277, "text": "$AMZN \u2764\ufe0f\u2764\ufe0f\u2764\ufe0f.", "time": 1522278032.0, "sentiment": ""}, {"id": 117980264, "text": "$AMZN nibbled some at $1404. Need more", "time": 1522278030.0, "sentiment": "Bullish"}, {"id": 117980217, "text": "$AMZN Back to 1600 B*$#@!", "time": 1522278019.0, "sentiment": "Bullish"}, {"id": 117980215, "text": "$AMZN LOL $2000 in a month", "time": 1522278019.0, "sentiment": "Bullish"}, {"id": 117980213, "text": "$AMZN so American ppl give the Pre. the special right to openly manipulate a stock?", "time": 1522278018.0, "sentiment": ""}, {"id": 117980197, "text": "$AMZN LOLOLILOLOLOL #manipulation forced selling. Lame.", "time": 1522278015.0, "sentiment": ""}, {"id": 117980191, "text": "$AMZN Bezos should totally sue CNBC.....", "time": 1522278014.0, "sentiment": "Bullish"}, {"id": 117980189, "text": "$AMZN Trump ( a wanna be genius) vs Bezos ( a real game changing Genius ). Bezos is the clear winner! Trump is a functional illiterate", "time": 1522278013.0, "sentiment": "Bullish"}, {"id": 117980163, "text": "$AMZN: Amazon set to open down 4%, below the 50-day moving average for the first time in five months after Axios https://t.co/1n4qXwvjw9", "time": 1522278007.0, "sentiment": ""}, {"id": 117980144, "text": "$AMZN Is it really a malicious attempt to pull up WMT? That&#39;s surprisingly the only green stock today, just Bonsai though.", "time": 1522278003.0, "sentiment": "Bullish"}, {"id": 117980112, "text": "$SPY WH saying no specific news to go after $AMZN. Trump wants to help the Mrkt/Tech. Sorry Bears $AAPL $BABA $QQQ $FB", "time": 1522277996.0, "sentiment": "Bullish"}, {"id": 117980089, "text": "$AMZN $NVDA $NFLX like buying Energy sector in 2015. Now up &gt;150%. Wish I have more cash.", "time": 1522277990.0, "sentiment": ""}, {"id": 117980084, "text": "$AMZN I cant breathe. Go big or go home bcuz", "time": 1522277989.0, "sentiment": "Bullish"}, {"id": 117980060, "text": "$AMZN you emotional Asshats", "time": 1522277984.0, "sentiment": ""}, {"id": 117980000, "text": "$AMZN WH just came out saying nothing at the moment we can proceed", "time": 1522277967.0, "sentiment": "Bullish"}, {"id": 117979954, "text": "Are we getting a FANGs In Turmoil special yet? $FB $AMZN $NFLX $GOOG", "time": 1522277957.0, "sentiment": ""}, {"id": 117979941, "text": "$AMZN (Recap Today) Nasdaq drops for a second day as Amazon and Apple fall CNBC  https://cnb.cx/2Ich00x", "time": 1522277954.0, "sentiment": ""}, {"id": 117979920, "text": "$AMZN I thought you all said it would continue to go down", "time": 1522277949.0, "sentiment": ""}, {"id": 117979913, "text": "$AMZN that WH statement isn&#39;t that hopeful!", "time": 1522277947.0, "sentiment": ""}, {"id": 117979863, "text": "@ehsan6sha it\u2019s just old news being regurgitated by CNBC for ratings. Fear makes people watch the financial news. $AMZN", "time": 1522277933.0, "sentiment": "Bullish"}, {"id": 117979849, "text": "$AMZN If you don&#39;t see this as a buying opportunity you should gamble your money rather than investing it.", "time": 1522277929.0, "sentiment": "Bullish"}, {"id": 117979848, "text": "$AMZN This will turn on a dime....be careful...is the company suddenly not worth anything?  I don&#39;t think so.", "time": 1522277929.0, "sentiment": ""}, {"id": 117979814, "text": "$AMZN thanks for your money you dipshit bears", "time": 1522277922.0, "sentiment": "Bullish"}, {"id": 117979797, "text": "$AMZN technology does not mean mining user lifes to sell as products, that&#39;s no technology. That&#39;s old school fraud", "time": 1522277917.0, "sentiment": ""}, {"id": 117979713, "text": "Shame on CNBC, old news regurgitated to manipulate $AMZN.  F@;!$&amp; 45", "time": 1522277894.0, "sentiment": ""}, {"id": 117979679, "text": "$AMZN Tech stocks drag lower, Amazon plunges after Trump REPORTEDLY promises to &#39;go after&#39; company. Trump REPORTEDLY hates Amazon", "time": 1522277886.0, "sentiment": "Bullish"}, {"id": 117979667, "text": "$AMZN co is highly diversified - cloud is huge, online retail is huge, etc. - this is an attempt to get your shares - hold", "time": 1522277882.0, "sentiment": ""}, {"id": 117979638, "text": "$WMT pull your money from high valued $AMZN and throw it in here.", "time": 1522277875.0, "sentiment": ""}, {"id": 117979604, "text": "$AMZN Amazon privacy Alexa home IOT scandal is about to begin", "time": 1522277869.0, "sentiment": "Bearish"}, {"id": 117979573, "text": "$AMZN anyone who is either way is a loser..when it&#39;s time to buy ur a buyer when it&#39;s time to sell then ur a seller.", "time": 1522277862.0, "sentiment": ""}, {"id": 117979530, "text": "$AMZN Trump will cease this oppurtunity as he sees his language work, he hates and is jealous of Bozos", "time": 1522277849.0, "sentiment": ""}, {"id": 117979503, "text": "$AMZN wait till the world knows how Alexa handles data. It a freaking fly on the wall!! And sells analysed data to all sellers -In China.", "time": 1522277842.0, "sentiment": "Bearish"}, {"id": 117979486, "text": "$AMZN contact cnbc. they are supposed to be a reliable news source. they are operating in an unscrupulous manner.", "time": 1522277837.0, "sentiment": ""}, {"id": 117979337, "text": "@JadeTrader yup ... a lot of good buys out there ... $TSLA  and $AMZN are at good support levels , $JAGX needs to pop so we can all move on", "time": 1522277798.0, "sentiment": ""}, {"id": 117979238, "text": "@optionhero at least $AMZN is back up to only -81 instead of -103, which is where it was about an hour ago.", "time": 1522277773.0, "sentiment": "Bullish"}, {"id": 117979207, "text": "$AMZN Trump cannot even build a wall with Republicans in power much less tax Amazon.  Biggest joke of the morning", "time": 1522277764.0, "sentiment": ""}, {"id": 117979167, "text": "$AMZN Bezos should sue CNBC for deliberate manipulation.", "time": 1522277753.0, "sentiment": ""}, {"id": 117979147, "text": "$AMZN lmao, it&#39;s ok bulls &quot;BTD&quot;, etc..I know it&#39;s easy for you all to get delusional when you have all your change in this Dotard, it&#39;s ok", "time": 1522277750.0, "sentiment": "Bearish"}, {"id": 117979034, "text": "$AMZN it&#39;s dropping more than any idiot in cnbc expected", "time": 1522277725.0, "sentiment": ""}, {"id": 117978951, "text": "$AMZN Switzerland has reached PERFECT SOCIETY status , hence low GDP .. of ur chasing numbers focus on Iraq/ Libya with q1 GDP of 30%", "time": 1522277708.0, "sentiment": ""}, {"id": 117978808, "text": "$AMZN So jealous of people buying in here. You lucky handsome bastards you", "time": 1522277672.0, "sentiment": ""}, {"id": 117978766, "text": "$AMZN Nothing wrong with Amazon- this is not FB, great buy opportunity #IMO", "time": 1522277661.0, "sentiment": "Bullish"}, {"id": 117978737, "text": "$FB Nostradamus must be guiding all the bullcrap being written \n$AMZN $GOOGL \nFact they have been hiding cash and Trump wants it taxed", "time": 1522277655.0, "sentiment": ""}, {"id": 117978719, "text": "@reez007 @AlexanderHandleton @April0505 @ryanman0 @PerSE @godzillalizard @luvngspnful 1day USA Wakeup FBI=Trump Not President $FB $AMZN $SPY", "time": 1522277653.0, "sentiment": "Bearish"}, {"id": 117978688, "text": "$AMZN will now drop to 1369", "time": 1522277644.0, "sentiment": ""}, {"id": 117978643, "text": "Why is this classified as breaking news? PutinsPuppet has been trashing Bezos/WaPo $AMZN ever since Putin stole the election for him.", "time": 1522277636.0, "sentiment": ""}, {"id": 117978607, "text": "$AMZN The wh announcment calmed the markets down.", "time": 1522277627.0, "sentiment": ""}, {"id": 117978534, "text": "$AMZN  When Demos win Mid Term Elections in Summer Amzn will be in a better position politically.", "time": 1522277611.0, "sentiment": ""}, {"id": 117978459, "text": "$AMZN For all you that couldn&#39;t afford this stock and just watched , consider yourselves lucky, enjoy the show", "time": 1522277593.0, "sentiment": "Bearish"}, {"id": 117978426, "text": "$AMZN was due for a big pullback .. meteoric rise on low volume.. careful here", "time": 1522277586.0, "sentiment": ""}, {"id": 117978406, "text": "$AMZN fake news .. buy the dip", "time": 1522277580.0, "sentiment": ""}, {"id": 117978382, "text": "$TSLA $AMZN $NFLX Is valuation finally starting to matter?", "time": 1522277576.0, "sentiment": "Bearish"}, {"id": 117978312, "text": "$AMZN Regulations coming against AMZN. Wether you like TRUMP or not, you have to admit, he keeps his word.", "time": 1522277557.0, "sentiment": ""}, {"id": 117978231, "text": "$AMZN FYI . Switzerland has 4 of top10 cities in the world . I value quality of life over a GDP number . Americans need clear perspective", "time": 1522277536.0, "sentiment": "Bearish"}, {"id": 117978077, "text": "$AMZN going down unless Washington Post is dumped...that won&#39;t happen...", "time": 1522277496.0, "sentiment": ""}, {"id": 117978024, "text": "$AMZN sinking the FA out of Fang into you. Really good luck bulls, going to get ugly eod", "time": 1522277486.0, "sentiment": "Bearish"}, {"id": 117977824, "text": "@sundeviltrader Typical CNBC. FoxLight. To be avoided. $AMZN.", "time": 1522277431.0, "sentiment": "Bullish"}, {"id": 117977606, "text": "$AMZN watch the technicals and trends, but also keep the block button close by.", "time": 1522277375.0, "sentiment": ""}, {"id": 117977588, "text": "TrumpPal: Hey, bro, can u F*** $AMZN 2day cuz I&#39;d like to buy for a major profit. Trump: Sure, just call _____ @ CNBC, &amp; tell em run the hit", "time": 1522277373.0, "sentiment": "Bullish"}, {"id": 117977557, "text": "$AMZN earnings are coming people.  This is your chance.  This will not stay down here", "time": 1522277366.0, "sentiment": ""}, {"id": 117977542, "text": "$AMZN last to fall, first to rise... leaders tell the tale.", "time": 1522277362.0, "sentiment": "Bullish"}, {"id": 117977513, "text": "$AMZN not gonna let this go. contact cnbc now for spreading crap! today it was amazon. who knows who is next.", "time": 1522277355.0, "sentiment": ""}, {"id": 117977505, "text": "5 \u2018FANG\u2019 Stocks That Will Bite Investors http://bit.ly/2Gk3reM $FB $AAPL $AMZN $NFLX $GOOGL", "time": 1522277353.0, "sentiment": ""}, {"id": 117977490, "text": "$AMZN  Donald trump should be kicked off the white house, he is such a stupid angry baby and crying everyday for attention. Sick", "time": 1522277348.0, "sentiment": ""}, {"id": 117977479, "text": "$AMZN Trump must be shorting stocks via Icahn... awfully fishy!", "time": 1522277345.0, "sentiment": "Bullish"}, {"id": 117977446, "text": "$AMZN 1200 by Friday .. bet my house on it", "time": 1522277337.0, "sentiment": "Bearish"}, {"id": 117977424, "text": "$TSLA $AMZN oh my, oh my!!?? \ud83d\ude2e\ud83d\ude2e\ud83d\ude2e\ud83d\ude2e\ud83d\ude2e i warned a guy on antitrust last week at 1590s he just laughed and laughed and laughed now puking", "time": 1522277330.0, "sentiment": "Bearish"}, {"id": 117977353, "text": "$AMZN I am out. Trump will fail AMAZON sooner than later. He keeps his word. Will find another stock...", "time": 1522277316.0, "sentiment": "Bearish"}, {"id": 117977337, "text": "$AMZN HaHaHaHaHa between the people dumping and Trump tweets I can actually get in this relatively cheap. WOOP WOOP!! Trade it!! $$$$$$$$", "time": 1522277313.0, "sentiment": "Bullish"}, {"id": 117977122, "text": "$AMZN getting pwn&#39;d right now", "time": 1522277268.0, "sentiment": ""}, {"id": 117977035, "text": "$AMZN Told you to ready that dip, lol millisecond", "time": 1522277244.0, "sentiment": "Bearish"}, {"id": 117977028, "text": "$AMZN 1700 and then 2000 by Xmas", "time": 1522277241.0, "sentiment": ""}, {"id": 117976943, "text": "Majority of World loves $AMZN &amp; hates Trump. I will stick with $AMZN which will be around much longer than that idiot Trump.", "time": 1522277220.0, "sentiment": "Bullish"}, {"id": 117976886, "text": "$AMZN $1200", "time": 1522277206.0, "sentiment": ""}, {"id": 117976839, "text": "$AMZN  The only thing green will be my wallet after shorting this overpriced dotard", "time": 1522277195.0, "sentiment": ""}, {"id": 117976768, "text": "$AMZN I say it drops to 1k. Trump doesnt play games.", "time": 1522277178.0, "sentiment": ""}, {"id": 117976767, "text": "$AMZN  $AAPL $AMZN $GOOG $GOOGL $FB  All pumped up, AMZN was trading at $900 last year. The valley is very steep for these guys^^^^", "time": 1522277178.0, "sentiment": ""}, {"id": 117976691, "text": "$AMZN Keep shorting .. I love your money", "time": 1522277161.0, "sentiment": "Bullish"}, {"id": 117976614, "text": "$AMZN come on, lets close green and show that orange buffoon", "time": 1522277146.0, "sentiment": ""}, {"id": 117976601, "text": "$AMZN Bloated pigs $NFLX", "time": 1522277143.0, "sentiment": "Bearish"}, {"id": 117976585, "text": "$AMZN Buying the dip +up 25 Points Good ~!!!!!!!!!!!!!!!", "time": 1522277138.0, "sentiment": ""}, {"id": 117976570, "text": "$AMZN get ready for another drop", "time": 1522277136.0, "sentiment": "Bearish"}, {"id": 117976535, "text": "Out $AMZN with the chat for $20 profit.  Out $NFLX$3.60 profit, $AMZN 15.00. Traders in the chat, biggest profit day in years. Incredible", "time": 1522277129.0, "sentiment": ""}, {"id": 117976530, "text": "$AMZN This is one of the best stocks in the market and people are bashing it? I&#39;m in for the long run.", "time": 1522277126.0, "sentiment": "Bullish"}, {"id": 117976484, "text": "$AMZN out half at $11.  Nice trade so far.", "time": 1522277117.0, "sentiment": ""}, {"id": 117976410, "text": "$AMZN $TSLA $NVDA $FB VWAP. $GOOGL Over VWAP.", "time": 1522277098.0, "sentiment": ""}, {"id": 117976331, "text": "$AMZN My conspiracy theory is that the U.S has too much debt and is giving trump a play before the inevitable collapse, lol.", "time": 1522277082.0, "sentiment": ""}, {"id": 117976322, "text": "$AMZN CNBC deliberately timed this to cause this today.  I really want them to pay for causing this!!!!!!!", "time": 1522277081.0, "sentiment": "Bullish"}, {"id": 117975945, "text": "holding long $AAPL $AMZN calls for a trade.", "time": 1522277000.0, "sentiment": ""}, {"id": 117975938, "text": "$AMZN this is going to drop in the next two days!Friday market closed...Good Friday", "time": 1522277000.0, "sentiment": "Bearish"}, {"id": 117975917, "text": "$AMZN short at 1422", "time": 1522276996.0, "sentiment": "Bearish"}, {"id": 117975841, "text": "$AAOI Screw $AMZN and Andy Jassy...  not making America great! Buy some more $MTSI cheap \ud83c\udde8\ud83c\uddf3 stuff!", "time": 1522276980.0, "sentiment": "Bullish"}, {"id": 117975657, "text": "$AMZN Amazon throws away alot of fidget spinners", "time": 1522276933.0, "sentiment": "Bearish"}, {"id": 117975577, "text": "$AMZN choose jobs and Main Street over cheap Chinese goods . In long run a stronger local economy will lift markets to record levels", "time": 1522276915.0, "sentiment": "Bearish"}, {"id": 117975570, "text": "$AMZN Don&#39;t get excited bulls, when u see those short poos, some buyers, but mostly covering,  so don&#39;t get your panties all wet", "time": 1522276912.0, "sentiment": "Bearish"}, {"id": 117975555, "text": "$ge upgrading to strong buy. Today $amzn lost 50 billion mkt cap or 1/2 of what General Electric is worth\ud83d\ude02. Bearish on amazon bullish on GE", "time": 1522276908.0, "sentiment": "Bullish"}, {"id": 117975508, "text": "$AMZN wonder if this is a red flag for the markets for a long time AMZN barley dipped compared to overall markets now we are seeing diff", "time": 1522276895.0, "sentiment": ""}, {"id": 117975475, "text": "$AMZN Does anyone see any bearish signal in this?! To me, It is on max speed even despite the crazy trump in the past weeks", "time": 1522276885.0, "sentiment": "Bullish"}, {"id": 117975456, "text": "$AMZN eod run could put it where, 1430 maybe? Then tomorrow President Turd says something positive and its at 1500 again. LOL", "time": 1522276882.0, "sentiment": ""}, {"id": 117975428, "text": "@nastynate1 $AMZN Look at the monthly chart and the candle on 2/9 = gonna do the same thing to keep uptrend intact", "time": 1522276877.0, "sentiment": ""}, {"id": 117975192, "text": "$AMZN I choose fair trade and jobs over a 5-10% market correction . It\u2019s best for our society in the long run .", "time": 1522276829.0, "sentiment": ""}, {"id": 117975019, "text": "@reez007 @AlexanderHandleton @April0505 @ryanman0 @PerSE @godzillalizard @luvngspnful I am Trump $VIX King-My Legacy$SPY I Kill FANG $AMZN", "time": 1522276790.0, "sentiment": "Bullish"}, {"id": 117975012, "text": "$AMZN wants to claw it&#39;s way back to 1460 at least today", "time": 1522276788.0, "sentiment": ""}, {"id": 117974976, "text": "all risk here now, big bounce from entry half off at minimum who cares how hard this can bounce put lock in gains $AMZN", "time": 1522276780.0, "sentiment": ""}, {"id": 117974951, "text": "#StupidStock Move of the Day! Amazon selloff on the Axios report about Trump hating $AMZN seems like a silly overreaction to me.", "time": 1522276774.0, "sentiment": ""}, {"id": 117974913, "text": "$AMZN no one can read the markets, its run by emotion. Get out and come back in the market when there are stable earnings and leaders.", "time": 1522276767.0, "sentiment": ""}, {"id": 117974716, "text": "$AMZN great buy but this will drop further over next 2 days", "time": 1522276722.0, "sentiment": ""}, {"id": 117974669, "text": "$AMZN 1350, then 1300,breaks 1300, see yah, unless of course Amazon does a massive buyback or good news, Trump tastes blood, sees results", "time": 1522276712.0, "sentiment": "Bearish"}, {"id": 117974650, "text": "@Offhergame $TREE  retail is up because of $AMZN news... nothing to do with rotation..also big retailers are doing good from last quarter.", "time": 1522276706.0, "sentiment": ""}, {"id": 117974623, "text": "$AMZN first day in a while we see this back test here this behemoth was barley giving back and markets been shix for months", "time": 1522276701.0, "sentiment": ""}, {"id": 117974607, "text": "$AMZN many people want to short now. How long does it take to recover?", "time": 1522276695.0, "sentiment": "Bearish"}, {"id": 117974492, "text": "$AMZN &quot;make America great again&quot; doesn&#39;t mean bullmarkets. Trump wants fair tradewhich will inevitably weaken the markets,Chinese relations.", "time": 1522276673.0, "sentiment": ""}, {"id": 117974460, "text": "$AMZN stocks always drop after January , when bonuses are given , then players buy in cheap with the drop and make huge Q1 profits", "time": 1522276665.0, "sentiment": "Bearish"}, {"id": 117974441, "text": "$AMZN not sure how amazon potentially needing to add sales tax means a 7% drop. Any tax changes would also apply to their competition.", "time": 1522276661.0, "sentiment": ""}, {"id": 117974417, "text": "@ilyatrader $AMZN scam, SAVE MY SHORT.", "time": 1522276657.0, "sentiment": "Bullish"}, {"id": 117974295, "text": "$AMZN scam, dump the stock.", "time": 1522276629.0, "sentiment": "Bearish"}, {"id": 117974289, "text": "$AMZN has your data netflix has your data twitter has your data and many others will soon get the FB treatment. Privacy is hot right now", "time": 1522276627.0, "sentiment": ""}, {"id": 117974258, "text": "$AMZN Personally I like Amazon in my life. Shop there 80% and always good products, prices and fast shipping. Can&#39;t imagine being without it", "time": 1522276621.0, "sentiment": "Bullish"}, {"id": 117974174, "text": "ok as usual, entry is easy, now is the hard part $AMZN", "time": 1522276603.0, "sentiment": ""}, {"id": 117974160, "text": "$AMZN we know this will go to 1200 , big players buy in cheap for a quick 300 dollar first quarter profit .. it\u2019s always been this way", "time": 1522276601.0, "sentiment": ""}]