[{"id": 118090809, "text": "$AMZN analysts on Estimize are expecting -14.48% YoY EPS growth for Q1, down from 39.61% in Q4 [Reporting 04/26 AMC]\nhttp://www.estimize.com/intro/amzn?chart=historical&amp;metric_name=eps&amp;utm_content=AMZN&amp;utm_medium=eps_growth&amp;utm_source=stocktwits", "time": 1522322202.0, "sentiment": ""}, {"id": 118090688, "text": "$AMZN $V $BABA $BA Who&#39;s sitting on these through the long weekend?", "time": 1522322050.0, "sentiment": ""}, {"id": 118090650, "text": "Courtesy of $AMZN , the people backing up Amazon unintentionally created this Baba\u2018s Chinese madness. Communist owned, but claims capitalist", "time": 1522321998.0, "sentiment": ""}, {"id": 118090476, "text": "$AMZN I still order my stuff off amazon...that doesn\u2019t mean it\u2019s stock is priced correctly", "time": 1522321770.0, "sentiment": "Bearish"}, {"id": 118090187, "text": "$AMZN watch this to make bank; https://youtu.be/yX5cvQjLfU4", "time": 1522321405.0, "sentiment": ""}, {"id": 118089987, "text": "#Announcement: We are happy to announce our free discord chat channel. Please join us: https://discord.gg/x46mwu $AAPL $TSLA $AMZN $GOOGL $WMT", "time": 1522321193.0, "sentiment": ""}, {"id": 118089822, "text": "$AMZN $NFLX $APPL $GOOGL $FB looks like there\u2019s a change of leadership underway.. ..if you pay attention; it\u2019s staring you in the face!", "time": 1522321008.0, "sentiment": ""}, {"id": 118089418, "text": "$AMZN $NFLX Might Start shorting tomorrow if tech doesn\u2019t bounce, everything at critical technical levels", "time": 1522320557.0, "sentiment": ""}, {"id": 118089144, "text": "$AMZN And if u dont mind if I add,, Cramer is so clueless on tech ,He has to pay someone to plug in his TV. Imho", "time": 1522320279.0, "sentiment": ""}, {"id": 118089072, "text": "$AMZN ITS THE END OF THEWORLD AMZN IS DOWNNNNN", "time": 1522320214.0, "sentiment": "Bearish"}, {"id": 118088753, "text": "$AMZN Should I hide in a Fox hole until earnings to check for a price update? #Nam", "time": 1522319896.0, "sentiment": ""}, {"id": 118088627, "text": "$AMZN She needs to go and go now!", "time": 1522319772.0, "sentiment": ""}, {"id": 118088573, "text": "$AMZN funny, republicans hate business now? I thought they were business friendly, $AMZN has made many small bus millionaires! Impeach Trump", "time": 1522319728.0, "sentiment": "Bullish"}, {"id": 118088372, "text": "$AMZN https://twitter.com/cmkshama?lang=en \n \nOMG they will every business right out town.", "time": 1522319568.0, "sentiment": ""}, {"id": 118088290, "text": "$AMZN You should losing lots of money listening to Cramer.", "time": 1522319484.0, "sentiment": ""}, {"id": 118088207, "text": "$AMZN Cramer told viewers to ignore the minute-by-minute headlines and stay focused on the long-term picture. \n \nhttps://www.thestreet.com/story/14538562/1/amazon-gets-slammed-cramers-mad-money-recap-march-28.html", "time": 1522319413.0, "sentiment": "Bullish"}, {"id": 118088180, "text": "$AMZN This is retail not Tech. Thats the way I look at it. Sorry.", "time": 1522319383.0, "sentiment": ""}, {"id": 118088157, "text": "$AMZN fake news. Only adding jobs", "time": 1522319360.0, "sentiment": ""}, {"id": 118088068, "text": "$AMZN AWS killing MSFT in cloud", "time": 1522319273.0, "sentiment": ""}, {"id": 118087976, "text": "$FB $AMZN we will see the biggest drop tmrw ... another 6-8%", "time": 1522319193.0, "sentiment": "Bearish"}, {"id": 118087916, "text": "$AMZN   \n Canada government on Tuesday made good on its threat to impose a local sales taxes on  Netflix and Amazon Prime, starting in 2019", "time": 1522319135.0, "sentiment": ""}, {"id": 118087885, "text": "$AMZN Dont worry about J Bezos he can take care of himself. Bet on it.", "time": 1522319105.0, "sentiment": ""}, {"id": 118087698, "text": "Daily Recap 3.27: $QQQ $SPY $AMZN $TSLA $FB $NVDA $AMD $BABA $BA $INTC $MSFT $SPLK $LULU $RH $NFLX $ADSK $ATVI $TWTR https://youtu.be/Z-A_2J5Prlo", "time": 1522318933.0, "sentiment": ""}, {"id": 118087580, "text": "$AMZN Does anyone know why EBAY is not getting ragged on? about same issue or is Trump blowing his reelection. I bet on the latter.", "time": 1522318824.0, "sentiment": ""}, {"id": 118087545, "text": "$AMZN everyone laughed when I said 1k would be tested again...", "time": 1522318786.0, "sentiment": "Bearish"}, {"id": 118087542, "text": "@cmsal9 market cap would have to be near 4 trillion to reach $AMZN pps.", "time": 1522318785.0, "sentiment": ""}, {"id": 118087400, "text": "$AMZN 29-Mar-18 ATM Implied Vol Climbs +43.5% to 53.1. Straddle Implies a Move of \u00b12.7% http://tinyurl.com/glec3hk", "time": 1522318663.0, "sentiment": ""}, {"id": 118087284, "text": "$AMZN Walmart picks the best locations . Why shouldnt AMZN?", "time": 1522318540.0, "sentiment": ""}, {"id": 118087149, "text": "$AMZN $NFLX wish this garbage wasn\u2019t irrationally lumped in with $AAPL $GOOG and the semis. Not all FAANGs created equally #dismemberFAANG", "time": 1522318413.0, "sentiment": ""}, {"id": 118086937, "text": "$AMZN Could easily go down 25-50% from here, but still will have outperformed the market over the last few years.", "time": 1522318195.0, "sentiment": ""}, {"id": 118086920, "text": "$AMZN S&amp;P and Nasdaq Futures are Green!", "time": 1522318179.0, "sentiment": "Bullish"}, {"id": 118086895, "text": "$AMZN What is it, down to a couple states. Whatdouthink is happening?", "time": 1522318157.0, "sentiment": ""}, {"id": 118086886, "text": "$AMZN you\u2019re thinking of $WMT bro", "time": 1522318149.0, "sentiment": ""}, {"id": 118086699, "text": "$AMZN lol CNBC playing clips of trump from 2 years ago fear mongering lmao", "time": 1522318000.0, "sentiment": ""}, {"id": 118086671, "text": "$FB $AMZN $HD $TEVA $GILD $BAC $SPY $NFLX $BABA $NTES https://docs.google.com/forms/d/e/1FAIpQLSdltgcAx1xXVMS06SKHo6ZzBzu0rDb9ziWcvezwDJkRDlo6oQ/viewform?usp=sf_link ... so far it\u2019s pretty close", "time": 1522317978.0, "sentiment": ""}, {"id": 118086647, "text": "$AMZN You will hear lots more of this when HQ 2 gets announced.", "time": 1522317959.0, "sentiment": ""}, {"id": 118086643, "text": "@aureliuscapital @PerSE @AlexanderHandleton @reez007 @April0505 @ryanman0 @godzillalizard @luvngspnful Today Trump $AMZN Cant wipe History", "time": 1522317958.0, "sentiment": "Bearish"}, {"id": 118086471, "text": "@aureliuscapital @PerSE @AlexanderHandleton @reez007 @April0505 @ryanman0 @godzillalizard @luvngspnful Trump HAS attacked USA $FB $AMZN $SPY", "time": 1522317814.0, "sentiment": "Bearish"}, {"id": 118086392, "text": "$AMZN All a state problem same with opiolds. They take it to the big man so he wont get reelected.", "time": 1522317740.0, "sentiment": ""}, {"id": 118086382, "text": "$AMZN Buyer @ $100 without any forward split.", "time": 1522317730.0, "sentiment": "Bearish"}, {"id": 118086327, "text": "@aureliuscapital @PerSE @AlexanderHandleton @reez007 @April0505 @ryanman0 @godzillalizard @luvngspnful OR Trump Bear markets $SPY $FB $AMZN", "time": 1522317678.0, "sentiment": "Bearish"}, {"id": 118086287, "text": "@aureliuscapital @PerSE @AlexanderHandleton @reez007 @April0505 @ryanman0 @godzillalizard @luvngspnful Trump should Close his Mouth $AMZN", "time": 1522317649.0, "sentiment": "Bearish"}, {"id": 118086225, "text": "Let Bezos get richer &amp; richer until he has ALL da $$$ in da world &amp; let $AMZN pay no or little share of taxes. gee what a novel idea! LOL", "time": 1522317598.0, "sentiment": "Bearish"}, {"id": 118086026, "text": "@aureliuscapital @PerSE @AlexanderHandleton @reez007 @April0505 @ryanman0 @godzillalizard @luvngspnful Politics Matter Effects  Trump $AMZN", "time": 1522317429.0, "sentiment": "Bearish"}, {"id": 118086017, "text": "$AMZN Its not the stock It is Trump", "time": 1522317422.0, "sentiment": ""}, {"id": 118085599, "text": "$AMZN 1500 tomorrow", "time": 1522317116.0, "sentiment": "Bullish"}, {"id": 118085584, "text": "@aureliuscapital @PerSE @AlexanderHandleton @reez007 @April0505 @ryanman0 @godzillalizard @luvngspnful  Jan26 Called Top $SPY $XIV $FB $AMZN", "time": 1522317099.0, "sentiment": ""}, {"id": 118085260, "text": "$AMZN down day tomm. Future s Red", "time": 1522316811.0, "sentiment": "Bearish"}, {"id": 118085199, "text": "$AMZN whoever is shorting AMZN paid Axios to post a BS article based on tweets from 2016 from a guy that tweets 100 times a week Casino play", "time": 1522316770.0, "sentiment": ""}, {"id": 118084971, "text": "$AMZN shares fall after report Trump wants to curb its power, stock drops -0.49%, https://www.newsquantified.com/amzn/stock-report/amazoncom-update-3amazon-shares-fall-after-05akx0", "time": 1522316578.0, "sentiment": ""}, {"id": 118084743, "text": "$AMZN https://stocktwits.com/TalkMarkets/message/118084467", "time": 1522316402.0, "sentiment": "Bullish"}, {"id": 118084656, "text": "$AMZN with the crash in market and trump attack this is going to hit to bottom", "time": 1522316331.0, "sentiment": ""}, {"id": 118084467, "text": "Editor&#39;s Choice: 5 Blue Chips Quietly Developing A Use For The Blockchain  @TipRanks $BABA $AMZN $AKAM $AAPL $VMW https://t.co/gYd0nKRnw6", "time": 1522316176.0, "sentiment": ""}, {"id": 118084261, "text": "$AMZN (Amazon.com Inc) has a 3-month RSI of 59 http://bit.ly/1FwqbUL #AMZN", "time": 1522316018.0, "sentiment": ""}, {"id": 118084123, "text": "Today\u2019s plays tomorrow\u2019s watch $INTC $BABA $MSFT $QQQ $AMZN $TSLA $AMD $AKER $TWTR $KTOS $TXMD $SPLK $ADSK $NFLX https://youtu.be/Z-A_2J5Prlo", "time": 1522315916.0, "sentiment": ""}, {"id": 118084098, "text": "$AMZN nasdaq looks good", "time": 1522315896.0, "sentiment": "Bullish"}, {"id": 118083696, "text": "Winner winner, $AMZN (Amazon.com Inc) dinner: 49.67% gain in the last 6 months http://bit.ly/1FwqbUL #AMZN", "time": 1522315596.0, "sentiment": ""}, {"id": 118083688, "text": "@Mrbobroberts so many le.mings just ready to follow whatever is trending. Dont waste your $ on $fb, $twtr, $amzn or $tsla... buy $GE", "time": 1522315585.0, "sentiment": "Bearish"}, {"id": 118083600, "text": "$AMZN the only way is up. If it\u2019s not tomorrow...next few days.... but it will....we all know that.", "time": 1522315530.0, "sentiment": ""}, {"id": 118083437, "text": "$AMZN now ER makes no sense .", "time": 1522315405.0, "sentiment": ""}, {"id": 118083420, "text": "$AMZN", "time": 1522315389.0, "sentiment": ""}, {"id": 118083341, "text": "$AMZN ", "time": 1522315344.0, "sentiment": "Bullish"}, {"id": 118083245, "text": "$AMZN bullish", "time": 1522315261.0, "sentiment": "Bullish"}, {"id": 118083161, "text": "$AMZN tomorow looses .09% ,allowing for loses on Good Friday.", "time": 1522315189.0, "sentiment": "Bearish"}, {"id": 118082993, "text": "$AMZN $500", "time": 1522315067.0, "sentiment": "Bearish"}, {"id": 118082963, "text": "$AMZN Amazon give us green tomorrow. It\u2019s end of month and holiday weekend. Everyone wants to be happy.", "time": 1522315045.0, "sentiment": "Bullish"}, {"id": 118082785, "text": "$AMZN gotta love volatility baby, 100% in 3 minutes today geezzzzzzzzz", "time": 1522314902.0, "sentiment": ""}, {"id": 118082370, "text": "$AMZN minimum wage", "time": 1522314666.0, "sentiment": ""}, {"id": 118082340, "text": "$AMZN bezos is extremely greedy his workers earn only minmum wage", "time": 1522314647.0, "sentiment": ""}, {"id": 118082209, "text": "$AMZN It looks amazon website will file for bankruptcy &amp; the cloud &amp; products department will be split off", "time": 1522314544.0, "sentiment": ""}, {"id": 118082147, "text": "$AMZN it\u2019s up from tomorrow till 4/26 and beyond!", "time": 1522314501.0, "sentiment": ""}, {"id": 118081907, "text": "$AMZN Hey Alexa, please short Amazon and buy puts for me. Alexa: sure (wink) hehehehe(creepy diabolic laughter)", "time": 1522314310.0, "sentiment": "Bearish"}, {"id": 118081791, "text": "$AMZN Bots will  shorting this like there is no tomorrow when the time is right", "time": 1522314236.0, "sentiment": "Bearish"}, {"id": 118081732, "text": "$AMZN okay, prepare to see more red days than green for next few weeks", "time": 1522314190.0, "sentiment": "Bearish"}, {"id": 118081535, "text": "$AMZN under 1400", "time": 1522314069.0, "sentiment": ""}, {"id": 118081185, "text": "Is the decline in tech going to continue? $TSLA $AMZN $NFLX $GOOGL $AAPL $FB $NVDA #FANG #Investing https://investmentsrevolution.com/2018/03/international-stocks-and-other/technology-weighs-on-stocks-as-dollar-jumps/", "time": 1522313830.0, "sentiment": "Bullish"}, {"id": 118080891, "text": "Low Tech  $TSLA  $AMZN  $FNGD Also $NDX  $VIX  $JYN  $GLD https://goo.gl/ReUawT", "time": 1522313626.0, "sentiment": ""}, {"id": 118080548, "text": "$AMZN $GOOG $NFLX $BABA $SHOP $SQ All will be ok next week bro. Didnt u tell me u were a long time investor?", "time": 1522313406.0, "sentiment": "Bullish"}, {"id": 118080298, "text": "$GOOGL $BABA $NFLX $AMZN Fun time is about to be over for bears. Hope they enjoyed 2 days of glory!", "time": 1522313255.0, "sentiment": "Bullish"}, {"id": 118080196, "text": "@GoldDoubleEagle Not to that degree IMO. Names like $AMZN and $NFLX are expensive but they have strong growth and legit business", "time": 1522313191.0, "sentiment": ""}, {"id": 118079898, "text": "Here\u2019s what 24 Estimize analysts believe $AMZN will report for Q1 AWS Revenue on 04/26 AMC.\nhttp://www.estimize.com/intro/amzn?chart=historical&amp;metric_name=aws_revenue&amp;utm_content=AMZN&amp;utm_medium=metric_update&amp;utm_source=stocktwits", "time": 1522313016.0, "sentiment": ""}, {"id": 118079897, "text": "Here\u2019s what 14 Estimize analysts believe $AMZN will report for Q1 CSOI on 04/26 AMC.\nhttp://www.estimize.com/intro/amzn?chart=historical&amp;metric_name=csoi&amp;utm_content=AMZN&amp;utm_medium=metric_update&amp;utm_source=stocktwits", "time": 1522313016.0, "sentiment": ""}, {"id": 118079793, "text": "I analyzed $AMZN $LULU $TSLA and much more in my video market recap from earlier: https://marketchess.com/2018/03/28/stock-market-recap-03-28-18-video $QQQ $SPY #stocks", "time": 1522312953.0, "sentiment": ""}, {"id": 118079688, "text": "$AMZN nice cloud top support test after kijusen support fail.. flat cloud equilibrium getting warmed up.. $SPY", "time": 1522312875.0, "sentiment": ""}, {"id": 118079666, "text": "$AMZN aside from Amazon&#39;s proprietary items isn&#39;t erything else consignment/ commission.  So small business still flourish. What&#39;s the prob?", "time": 1522312868.0, "sentiment": ""}, {"id": 118079283, "text": "$AMZN losing a ton on this stock, but they got my beef jerky here in one business day.", "time": 1522312628.0, "sentiment": "Bullish"}, {"id": 118079056, "text": "how $amzn healthcare may work: https://youtu.be/-E4naYzg6CY", "time": 1522312495.0, "sentiment": ""}, {"id": 118078926, "text": "$AMZN this company is too big to take down...", "time": 1522312418.0, "sentiment": "Bullish"}, {"id": 118078857, "text": "@Scorpio244 @supertrader2020 was this done yesterday? $amzn is now low $1400. so you were right? :)", "time": 1522312387.0, "sentiment": ""}, {"id": 118078814, "text": "$AMZN blackcherry has skills\ud83d\ude02. Perfectly stated", "time": 1522312362.0, "sentiment": "Bullish"}, {"id": 118078386, "text": "$AMZN if you can\u2019t afford Amazon stock go to amazon.com they have cheaper stuff there.", "time": 1522312105.0, "sentiment": ""}, {"id": 118078237, "text": "$AMZN bought a boat load today", "time": 1522312011.0, "sentiment": "Bullish"}, {"id": 118078233, "text": "$FNGU What should I do with this? $FB $amzn $aapl $nflx $baba $bidu $nvda $tsla $goog $TWTR", "time": 1522312004.0, "sentiment": ""}, {"id": 118078218, "text": "$AMZN $NFLX $FB  @titanfan", "time": 1522311996.0, "sentiment": ""}, {"id": 118077881, "text": "Estimize revenue expectations are 0.03% higher than that of Wall Street for $AMZN Q1 [Reporting 04/26 AMC]\nhttp://www.estimize.com/intro/amzn?chart=change-over-time&amp;metric_name=revenue&amp;utm_content=AMZN&amp;utm_medium=revenue_difference&amp;utm_source=stocktwits", "time": 1522311766.0, "sentiment": ""}, {"id": 118077827, "text": "$QQQ $amzn $fb $nvda $mj $nflx \nCare Bears. We \u2665\ufe0f your tender concern. Sell now, then update us on your losses; so we can learn too.", "time": 1522311731.0, "sentiment": "Bullish"}, {"id": 118077525, "text": "$TCEHY $AMZN $FB $NFLX     Tech Stocks Dominating Global Markets  https://www.wsj.com/articles/warning-sign-tech-stocks-are-dominating-global-markets-like-never-before-1522231729 via @WSJ", "time": 1522311543.0, "sentiment": ""}, {"id": 118077283, "text": "@Mak10707mobile 1. Blame capitalism. 2. Documentation, plz. 3. $AMZN actually is a great service/business. 4. Biggest threat to USA is Trump", "time": 1522311399.0, "sentiment": "Bullish"}, {"id": 118076861, "text": "$AMZN : Rally starts tomorrow and in few days $1700+", "time": 1522311103.0, "sentiment": "Bullish"}, {"id": 118076154, "text": "$FB $AMZN $NFLX", "time": 1522310632.0, "sentiment": ""}, {"id": 118075857, "text": "$TSLA $SPY $AMZN $BTC.X all hat no cattle", "time": 1522310434.0, "sentiment": ""}, {"id": 118075848, "text": "$SPY $QQQ  $AMZN  first u pump it and then u dump it", "time": 1522310428.0, "sentiment": ""}, {"id": 118075814, "text": "$AMZN Tom Giles discusses AMZN\u2019s slide and a report that President Trump is &quot;obsessed&quot; with regulating the e-commerce giant. \ud83d\udcb0", "time": 1522310411.0, "sentiment": ""}, {"id": 118075754, "text": "$AMZN Trump attack\u2019s Dr Evil!  Make Amazon Go Away 2020 Anti Trust! (No POSition)", "time": 1522310376.0, "sentiment": "Bearish"}, {"id": 118075690, "text": "$AMZN Why did this go down so much today ?  Did trump sink it ?", "time": 1522310342.0, "sentiment": ""}, {"id": 118075558, "text": "$AMZN If Walmart and Costco close we have to blame Amazon too? I have my own biz if are slow I don\u2019t blame my competition. I blame myself!", "time": 1522310273.0, "sentiment": ""}, {"id": 118075109, "text": "$AMZN\n\n I&#39;m middle class and I buy from Amazon to SAVE MONEY Mr. Prez.", "time": 1522310019.0, "sentiment": "Bullish"}, {"id": 118075087, "text": "$AMZN Welp, it\u2019s official. This is bullsht lol I F\u2019d up big time yesterday and sold my 1480 puts.... missed out on thousands!!!!!!!\ud83e\udd2c\ud83e\udd2c\ud83e\udd2c", "time": 1522310009.0, "sentiment": ""}, {"id": 118075047, "text": "$AMZN Last month I needed to add ram to my laptop. Went to Best Buy, but they were out. Ordered instead through AMZN. How is that not fair?", "time": 1522309983.0, "sentiment": ""}, {"id": 118075003, "text": "$AMZN Takes Fresh Stab at $16B Housekeeping Industry - https://www.bloomberg.com/news/articles/2018-03-28/amazon-takes-fresh-stab-at-16-billion-housekeeping-industry - $ANGI", "time": 1522309955.0, "sentiment": ""}, {"id": 118074844, "text": "$AMZN As if I needed yet another reason to dislike Trump. Hope Amazon can get some spokespeople out there tomorrow.", "time": 1522309861.0, "sentiment": "Bullish"}, {"id": 118074612, "text": "How did I do? 13 Stock Charts That May Predict Where The Stock Market Goes Next $fb $mu $nvda $nflx $amzn $tsla https://mottcapitalmanagement.com/13-charts-that-may-predict-where-the-stock-market-goes-next/", "time": 1522309720.0, "sentiment": ""}, {"id": 118074607, "text": "$AMZN this giant is killing all small business, it\u2019s unfair. Look at toys r us", "time": 1522309716.0, "sentiment": ""}, {"id": 118074549, "text": "$AMZN poor Amazon. You\u2019re the target for Mr. Drama who is trying to ruin the economy.", "time": 1522309681.0, "sentiment": ""}, {"id": 118074548, "text": "6 Dividend Yielding Defensive Picks To Survive Tech Turmoil $BT $MDC $NJR $PCH $SJI $TEF $BAC $AAPL $AMZN $NVD... https://t.co/EMkCwS1nCz", "time": 1522309680.0, "sentiment": ""}, {"id": 118074368, "text": "$AMZN get ready for rally bull run tomorrow", "time": 1522309569.0, "sentiment": "Bullish"}, {"id": 118074239, "text": "$AMZN Even though I&#39;ll be eating ramen tonight I&#39;m confident this will eventually turn around.", "time": 1522309502.0, "sentiment": "Bullish"}, {"id": 118074212, "text": "$AMZN", "time": 1522309489.0, "sentiment": ""}, {"id": 118073828, "text": "$WFM Shouldn&#39;t have said anything about thse ham/cheese mini croissants, you stopped selling &#39;em entirely. Why would you do ths to me? $AMZN", "time": 1522309254.0, "sentiment": ""}, {"id": 118073820, "text": "$AMZN They can spend years in court and make lawyer rich. Biz continue with Amazon. People still order. It unstoppable!", "time": 1522309250.0, "sentiment": ""}, {"id": 118073632, "text": "$AMZN Why is this still a story?", "time": 1522309128.0, "sentiment": ""}, {"id": 118073498, "text": "$AMZN Sanders said  &quot;we have no announcements and no specific policies or actions that we&#39;re currently pushing forward or considering.&quot;", "time": 1522309056.0, "sentiment": ""}, {"id": 118073442, "text": "$AMZN Even he goes after Amazon. I don\u2019t think it will hurt Amazon. He can\u2019t stop the evolution of technology.", "time": 1522309023.0, "sentiment": "Bullish"}, {"id": 118073308, "text": "$FB $AMZN $NFLX $TSLA My brokerage account these past few weeks", "time": 1522308936.0, "sentiment": ""}, {"id": 118073100, "text": "How $MSFT is Bucking the Market Correction https://chc.li/2Gg62qd $AAPL $NFLX $AMZN", "time": 1522308828.0, "sentiment": ""}, {"id": 118072860, "text": "It\u2019s ok for him n friends to make money but anyone else isn\u2019t allowed. Gtfoh man. Your cronies are butt hurt so you come after $AMZN stop it", "time": 1522308709.0, "sentiment": ""}, {"id": 118072607, "text": "For whom the bell tolls, it tolls for thee $AAPL $AMZN $FB $GOOG $GOOGL $SQ $NFLX $BZUN $IQ", "time": 1522308566.0, "sentiment": ""}, {"id": 118072473, "text": "$AMZN I hate bears.", "time": 1522308498.0, "sentiment": ""}, {"id": 118072444, "text": "$AMZN long Tesla short. FB and google long, NFLX short.", "time": 1522308477.0, "sentiment": ""}, {"id": 118072346, "text": "$PXS such a nice feeling to finally see the bottom all they can go is up from here \ud83d\udcaa\ud83d\udcaa\ud83d\udcaa\n$btc.x $eth.x $tops $XXII  $amzn $fb", "time": 1522308422.0, "sentiment": "Bullish"}, {"id": 118072113, "text": "$AMZN honest predictions for tomorrow?\nAnother 3% net drop, which way first? Up?\nI need to go up because of call exp\ud83d\ude30", "time": 1522308258.0, "sentiment": "Bullish"}, {"id": 118072029, "text": "$AMZN all theses fang stocks have been trading way higher than their historical avg P/E ratios. It\u2019s time things come back down", "time": 1522308211.0, "sentiment": ""}, {"id": 118071935, "text": "@nomoneyp @JoeH43 Oh &amp; since you\u2019re shorting everything because of Trump, how come no short on $AMZN ?! Stop lying to yourself.", "time": 1522308154.0, "sentiment": ""}, {"id": 118071924, "text": "Wonder how much $AMZN Trump&#39;s Robert Mercer loaded up on off that 1422.87  \n http://www.32trades.com/amzn/", "time": 1522308149.0, "sentiment": "Bullish"}, {"id": 118071889, "text": "$AMZN has already taken over. It\u2019s not going to do anything now. Let\u2019s put all competition to rest, WHY?!? This is fuckin with my money \ud83d\udcb0", "time": 1522308128.0, "sentiment": "Bullish"}, {"id": 118071783, "text": "$SPY how did this defy gravity with $AMZN $NFLX and $APPL down much more?", "time": 1522308067.0, "sentiment": ""}, {"id": 118071758, "text": "$AMZN Everything will be okay. \n\nhttps://www.tickcounter.com/countdown/1611151200000/america-new_york/yodhms/FFFFFF3B5998000000FF0000/Time_Until_Trump_Leaves_Office", "time": 1522308049.0, "sentiment": ""}, {"id": 118071718, "text": "@rrny $amzn is Down about 10 pct now and so is $nflx", "time": 1522308027.0, "sentiment": ""}, {"id": 118071443, "text": "Bottom in or more selling pressure? $FB $AAPL $AMZN Technical Analysis https://youtu.be/QtfmrwwozyU", "time": 1522307864.0, "sentiment": ""}, {"id": 118071423, "text": "$TSLA $SPY $AMZN $BTC.X are all going to lose you money. Don&#39;t invest!", "time": 1522307845.0, "sentiment": "Bearish"}, {"id": 118071211, "text": "$AMZN Can someone please educate me? How come \u2018bearish\u2019 comments are sort of in the \u201cnegative\u201d? They are happy that the market is down?", "time": 1522307711.0, "sentiment": ""}, {"id": 118071027, "text": "$AMZN getting regulated is good. They&#39;re literally a legal monopoly. Let those share prices fall. Nobody likes a robber baron.", "time": 1522307612.0, "sentiment": "Bearish"}, {"id": 118070870, "text": "$AMZN  Amazon replaces the local business , who hires local people, pays local taxes. school taxes, lives locally and spends money locally.", "time": 1522307531.0, "sentiment": ""}, {"id": 118070749, "text": "$SPY $FB $NFLX $AMZN $AAPL $JPM $GM $NVDA $CAT $GS $MU $TSLA $TWTR new survey https://docs.google.com/forms/d/e/1FAIpQLSdltgcAx1xXVMS06SKHo6ZzBzu0rDb9ziWcvezwDJkRDlo6oQ/viewform?usp=sf_link", "time": 1522307476.0, "sentiment": ""}, {"id": 118070444, "text": "$AMZN wait the sky is falling lol! wake up the pros drive it down and then earnings wake up", "time": 1522307302.0, "sentiment": ""}, {"id": 118070324, "text": "Trump hates $AMZN but you know he\u2019s online shopping for a lawyer right now \ud83d\ude06", "time": 1522307228.0, "sentiment": "Bullish"}, {"id": 118070096, "text": "$OXLC $FB $AMZN $GOOG $NVDA exactly that\u2019s want I been talking about \ud83d\udcb0\ud83d\udcb0\ud83d\udcb5\ud83d\udcb5", "time": 1522307091.0, "sentiment": ""}, {"id": 118069885, "text": "Looking for other options trader to trade side by side with HMU $QQQ $DIA $SPY $IWM $FB $C $GS $BA $AAPL $NFLX $MU $TSLA $AMZN $AMD $GLD $T", "time": 1522306977.0, "sentiment": ""}, {"id": 118069067, "text": "$AMZN Net income has mattered in the last 20 years, won&#39;t matter for the next 20", "time": 1522306528.0, "sentiment": "Bullish"}, {"id": 118068946, "text": "Market Review \nhttps://youtu.be/CVX17OWUayw \n$AVGO $AMZN $ATVI $BA $NVDA $BIDU $BABA $TSLA $MU $SPY $ROKU $NFLX $AAPL $ADSK $MSFT $COST $W $UVXY", "time": 1522306460.0, "sentiment": ""}]