[{"id": 121490680, "text": "$AMZN Stop the whining\nStocks go \u2b06\ufe0f &amp; \u2b07\ufe0f\nIf you bought high, hold \nOr sell and stay out \nStock market is not for babies, grow up!", "time": 1524865557.0, "sentiment": ""}, {"id": 121490674, "text": "$AMZN get ready, it ,may turn around 1610 to burn all puts, good ol mms", "time": 1524865556.0, "sentiment": ""}, {"id": 121490655, "text": "$AMZN just morning flush, too many calls @ $1620+ expiring today.  Will head back up by eod", "time": 1524865548.0, "sentiment": "Bullish"}, {"id": 121490631, "text": "$AMZN this should be above 1650\nThis sucks", "time": 1524865543.0, "sentiment": "Bullish"}, {"id": 121490630, "text": "$AMZN common guys. Pull it back. I completely rely on amazon. 10k profit needed to cover my losses in google.", "time": 1524865543.0, "sentiment": ""}, {"id": 121490597, "text": "$AMZN  taking over everything...", "time": 1524865536.0, "sentiment": ""}, {"id": 121490591, "text": "$AMZN", "time": 1524865535.0, "sentiment": ""}, {"id": 121490590, "text": "$AMZN looks to be a red close", "time": 1524865534.0, "sentiment": ""}, {"id": 121490583, "text": "$AMZN Unfortunately I think we may giving back some today.  Mkt struggling today and trade war fear and strong GDP", "time": 1524865532.0, "sentiment": ""}, {"id": 121490483, "text": "$AMZN https://www.cnbc.com/2018/04/27/cramer-on-amazon-this-was-the-best-quarter-ever-for-a-company.html", "time": 1524865500.0, "sentiment": "Bullish"}, {"id": 121490438, "text": "$AMZN  Strong US Economy, Inflation &amp; Rate Hike worries , Trump Tariffs /Higher prices Why Nasdaq dipping (Thanks Trump for the tariffs! )", "time": 1524865491.0, "sentiment": ""}, {"id": 121490425, "text": "$AMZN market makers game is on lol", "time": 1524865488.0, "sentiment": ""}, {"id": 121490418, "text": "$AMZN 1680 to 1700 end of day....just watch what happens after lunch..", "time": 1524865485.0, "sentiment": "Bullish"}, {"id": 121490388, "text": "$AMZN No matter how you fight... You didn&#39;t make money, you still lose...", "time": 1524865477.0, "sentiment": ""}, {"id": 121490335, "text": "$AMZN it is all about the options", "time": 1524865462.0, "sentiment": "Bullish"}, {"id": 121490296, "text": "$AMZN Dont be short sighted. It is being brought down so the shorts can cover and the bulls who missed run can get in. Buy and profit.", "time": 1524865452.0, "sentiment": ""}, {"id": 121490289, "text": "$AMZN People who think this is bad stock, it is the DOW which brought it down...", "time": 1524865451.0, "sentiment": ""}, {"id": 121490279, "text": "$AMZN did trump tweet on this again ??", "time": 1524865448.0, "sentiment": ""}, {"id": 121490277, "text": "$AMZN ER and Rev. tremendous beat now comes the manipulation. No worries still headed in the right direction. Analysts still in love with it", "time": 1524865448.0, "sentiment": "Bullish"}, {"id": 121490245, "text": "$AMZN won\u2019t make sense for AMZN to be below ATH if PT were raised lmao", "time": 1524865438.0, "sentiment": "Bullish"}, {"id": 121490215, "text": "$amzn agree with the price target rises. This will be easily 1700.", "time": 1524865432.0, "sentiment": "Bullish"}, {"id": 121490172, "text": "$AMZN this will bounce. Mark my words", "time": 1524865418.0, "sentiment": "Bullish"}, {"id": 121490151, "text": "$AMZN holding since 1040. If it drops closer to 1500, got cash ready to poue in this.", "time": 1524865413.0, "sentiment": ""}, {"id": 121490134, "text": "Daily Chatter: Trillion Dollar Babies $AMZN http://dlvr.it/QR0Jy2", "time": 1524865408.0, "sentiment": ""}, {"id": 121490088, "text": "$AMZN $NQ_F Will Bezos go RED today?", "time": 1524865394.0, "sentiment": "Bearish"}, {"id": 121490067, "text": "@HitTheBidRadio - shorting the $FB gap up yesterday, so far hasn;t worked out - today is a reality check with $AMZN $MSFT $INTC under attack", "time": 1524865390.0, "sentiment": ""}, {"id": 121490065, "text": "$AMZN \nCommon common. Quite stressed. Looking for 1650$", "time": 1524865390.0, "sentiment": "Bullish"}, {"id": 121490035, "text": "$AMZN gap closed.... back up", "time": 1524865383.0, "sentiment": "Bullish"}, {"id": 121490007, "text": "$AMZN   \nAmazon stock price target raised to $1,830 from $1,760 at UBS", "time": 1524865375.0, "sentiment": ""}, {"id": 121489963, "text": "$AMZN reversal imminent", "time": 1524865359.0, "sentiment": "Bullish"}, {"id": 121489959, "text": "$AMZN wonder if they come in and hold this up more; or they give back every single ounce of profit..", "time": 1524865359.0, "sentiment": ""}, {"id": 121489916, "text": "$amzn a buy opp: This should be up at least 7%. Also consumer sentiment, consumer spendg continued strong. $qqq $xly $msft $intc $xlf $ma $v", "time": 1524865346.0, "sentiment": ""}, {"id": 121489884, "text": "$AMZN 21-Jun-19 1370 Puts Traded 100 Times for $990K in Premium. http://tinyurl.com/yc68ycqu", "time": 1524865336.0, "sentiment": ""}, {"id": 121489850, "text": "$amzn go read my posts from yesterday, told you guys were foolish for bashing me, short at open was my call, idiots for not takin profits", "time": 1524865327.0, "sentiment": ""}, {"id": 121489799, "text": "$AMZN 23 days Low 1352.88, sq 52 again @ 3.25 weeks, 1/16th, 1352 low is 52, 1638 is 26, Range286, 5.5 yrs Up: 26, these are cycles i posted", "time": 1524865311.0, "sentiment": ""}, {"id": 121489726, "text": "Owning stocks is a waste of time and money.  also a distraction from what you should be doing. SHORTING all gap ups. $AMZN $MSFT $INTC $QQQ", "time": 1524865294.0, "sentiment": ""}, {"id": 121489713, "text": "$AMZN It is not only $AMZN, all stocks are down, just stay", "time": 1524865290.0, "sentiment": "Bullish"}, {"id": 121489539, "text": "$AMZN still too early in the day", "time": 1524865251.0, "sentiment": ""}, {"id": 121489531, "text": "$AMZN can&#39;t go red today, can it?", "time": 1524865249.0, "sentiment": ""}, {"id": 121489515, "text": "$amzn shorts taking their profits.  #shortsighted and RUDE.  Can\u2019t we just have a rally into the weekend?!  Take on Monday!", "time": 1524865246.0, "sentiment": "Bullish"}, {"id": 121489492, "text": "$AMZN oops nearly there", "time": 1524865239.0, "sentiment": "Bullish"}, {"id": 121489461, "text": "$AMZN Great Company! But when literally everyone bullish and short interest is a mere 1% - it&#39;s a well known setup when suckers buying a top", "time": 1524865233.0, "sentiment": ""}, {"id": 121489448, "text": "$AMZN little dramatic don&#39;t you think Amazon...let&#39;s settle it down.", "time": 1524865231.0, "sentiment": "Bullish"}, {"id": 121489421, "text": "$AMZN is such a bitch to the $SPY", "time": 1524865225.0, "sentiment": ""}, {"id": 121489406, "text": "$AMZN Shorters at work and stupid momo crowd helping bring all stocks down.1661 to 1570&#39;s. Should end up above 1625 though.", "time": 1524865222.0, "sentiment": "Bullish"}, {"id": 121489375, "text": "$SPY $AMZN boxes got stolen off my portfolio&#39;s porch! $1577", "time": 1524865216.0, "sentiment": ""}, {"id": 121489296, "text": "$AMZN IT HURTSSSSSSSSSSSSSS, GET BURNTTTTTTTTTTTTTTTTTTTTTTTTTTTTTT HOLY SHITT WHERE ARE YOU NOW AFTER HOURS PEOPLE???", "time": 1524865200.0, "sentiment": "Bearish"}, {"id": 121489289, "text": "$amzn maybe I was a little too optimistic...&#39;", "time": 1524865199.0, "sentiment": "Bearish"}, {"id": 121489284, "text": "$AMZN 45* In Time from Top 1617.54, 45* Up in Price: 1637.71, 45.5 days, 6.5weeks, gann square of 52 at 1/8: 1638 is 26, Two Time Price Bal", "time": 1524865197.0, "sentiment": ""}, {"id": 121489213, "text": "$AMZN Ouch... what a fade.", "time": 1524865183.0, "sentiment": ""}, {"id": 121489205, "text": "$AMZN stock is going down but, option call is going up!", "time": 1524865181.0, "sentiment": ""}, {"id": 121489202, "text": "$AMZN 1572 first level to watch", "time": 1524865180.0, "sentiment": ""}, {"id": 121489165, "text": "$CMG wow going up against market.. $amzn $msft.", "time": 1524865170.0, "sentiment": ""}, {"id": 121489160, "text": "$AMZN Has anyone ever asked themselves, if things are soo good why do you need to raise the membership price?", "time": 1524865169.0, "sentiment": "Bearish"}, {"id": 121489078, "text": "$AMZN I am a beast.", "time": 1524865143.0, "sentiment": ""}, {"id": 121489070, "text": "$AMZN Covering profits here. Silly how one tweet could crush this amazing stock. Never know when Trump will ruin your gains.", "time": 1524865140.0, "sentiment": "Bearish"}, {"id": 121489043, "text": "$AMZN why do you say this?", "time": 1524865132.0, "sentiment": ""}, {"id": 121489027, "text": "$AMZN up we go", "time": 1524865127.0, "sentiment": ""}, {"id": 121489015, "text": "$AMZN +2.2k locked.", "time": 1524865123.0, "sentiment": ""}, {"id": 121488945, "text": "$AMZN I got nothin.... Suprised so far at the selling... Whatever, I&#39;m holding pure profits from 1400&#39;s", "time": 1524865108.0, "sentiment": ""}, {"id": 121488937, "text": "$AMZN how the f is CMG hold its $90+ gains", "time": 1524865107.0, "sentiment": ""}, {"id": 121488934, "text": "$AMZN what happened to 1700", "time": 1524865106.0, "sentiment": ""}, {"id": 121488929, "text": "$AMZN the market is not healthy. with earnings like that would have blown sky high otherwise. be careful.", "time": 1524865105.0, "sentiment": ""}, {"id": 121488864, "text": "$AMZN Is it because max pain is 1422.5?", "time": 1524865087.0, "sentiment": ""}, {"id": 121488811, "text": "$AMZN Day trader and Long have different objectives, so no need of verbal fight. Just do what you have to do.", "time": 1524865070.0, "sentiment": "Bullish"}, {"id": 121488809, "text": "7 Biggest Price Target Changes For Friday\n\n$AMZN $COLM $EXPE $WDC $PEP $MSFT $MHK \n\nhttps://m.benzinga.com/article/11593776", "time": 1524865069.0, "sentiment": ""}, {"id": 121488802, "text": "Search New Stock 52Week Highs &amp; Lows 4 trade Ideas $AMZN $MSFT $INTC $SYK $TJX $VLO $TPR $SIVB $LULU $VST  $GDDY $TSU https://marketchameleon.com/Reports/Equity52WeekHighsAndLows", "time": 1524865068.0, "sentiment": ""}, {"id": 121488789, "text": "$AMZN wth?", "time": 1524865066.0, "sentiment": ""}, {"id": 121488768, "text": "$AMZN and on that note, I think Im calling this a week...", "time": 1524865060.0, "sentiment": ""}, {"id": 121488742, "text": "$AMZN whoever shorted $1660.Congratulations \nBye bye calls over 1600", "time": 1524865050.0, "sentiment": ""}, {"id": 121488738, "text": "$AMZN GOING RED!", "time": 1524865049.0, "sentiment": "Bearish"}, {"id": 121488734, "text": "$AMZN Inflation rate/rate Hikes (Economy &quot;too strong&quot;) and Trump tar riffs &amp; latter&#39;s impact on higher prices -Why Nasdaq dipping! My.02!", "time": 1524865048.0, "sentiment": ""}, {"id": 121488729, "text": "$AMZN 1575.", "time": 1524865047.0, "sentiment": ""}, {"id": 121488629, "text": "$AMZN JB is a genius but does it make it right. He is going to crush every industry. He needs to be regulated.", "time": 1524865020.0, "sentiment": ""}, {"id": 121488613, "text": "$AMZN why the dump?  Amazon beat by a huge margin?", "time": 1524865018.0, "sentiment": ""}, {"id": 121488591, "text": "$AMZN \nWonder who&#39;s the iDiot long at $1610 today .....crazy moronzzz.\nStupidity at maximum !!!!!!!", "time": 1524865012.0, "sentiment": "Bearish"}, {"id": 121488590, "text": "$AMZN omg,  for real?", "time": 1524865012.0, "sentiment": ""}, {"id": 121488562, "text": "$AMZN pathetic. Still holding it", "time": 1524865004.0, "sentiment": "Bullish"}, {"id": 121488511, "text": "$AMZN pathetic", "time": 1524864989.0, "sentiment": ""}, {"id": 121488510, "text": "$AMZN Ha, bears trying but it is futile", "time": 1524864988.0, "sentiment": "Bullish"}, {"id": 121488459, "text": "$AMZN The league has reached a deal with the tech giant to stream Thursday night games for another two seasons. https://stocknews.com/news/amzn-amazon-com-inc-amzn-locks-up-tnf-deal-with-nfl-once/", "time": 1524864974.0, "sentiment": ""}, {"id": 121488363, "text": "$AMZN Market is not making new highs... big stocks are failing too... take your profits and run!!", "time": 1524864949.0, "sentiment": ""}, {"id": 121488362, "text": "$AMZN may end up red today", "time": 1524864948.0, "sentiment": ""}, {"id": 121488292, "text": "$AMZN whoa!! Thank God I sold at 1630ish! GLTA\u2764\ufe0f", "time": 1524864932.0, "sentiment": ""}, {"id": 121488233, "text": "$AMZN I\u2019m out from 1374. Till next time", "time": 1524864921.0, "sentiment": "Bullish"}, {"id": 121488221, "text": "$AMZN Well, yesterday&#39;s morning I hope $1,520 holds for the week. Not really concern at this point.", "time": 1524864918.0, "sentiment": "Bullish"}, {"id": 121488220, "text": "$AMZN will cover at $1542", "time": 1524864918.0, "sentiment": ""}, {"id": 121488205, "text": "$AMZN Well, I guess my $1653 sell in pre-mkt wasn&#39;t so bad. Was kicking myself when it jumped another 10 pts. Never bad to ring the register", "time": 1524864915.0, "sentiment": ""}, {"id": 121488118, "text": "$AMZN Dumping HARD.  What a short Pre-Market", "time": 1524864896.0, "sentiment": ""}, {"id": 121488116, "text": "$AMZN Going Long Again !!! Long Bezos\nShort DJT !!! Amazing ER &amp; conference call. Innovation on a massive scale.", "time": 1524864896.0, "sentiment": "Bullish"}, {"id": 121488094, "text": "$AMZN looking like Bitcoin 15-19K. Buyers decisions based on FOMO. Even if gets to 1T better to not participate now. Easier ways to make 25%", "time": 1524864892.0, "sentiment": ""}, {"id": 121488084, "text": "$AMZN load up more! Wait till next week!", "time": 1524864890.0, "sentiment": "Bullish"}, {"id": 121488059, "text": "$AMZN If The Cycles Play Out as I&#39;ve Previously Posted, This is an Extremely late Cycle Peak and is very bullish", "time": 1524864886.0, "sentiment": ""}, {"id": 121487984, "text": "$AMZN BUYING CALLS 1600 for next week!!!$$", "time": 1524864870.0, "sentiment": ""}, {"id": 121487951, "text": "$AMZN up", "time": 1524864863.0, "sentiment": "Bullish"}, {"id": 121487890, "text": "$AMZN whoever said not to sell a single share should die", "time": 1524864843.0, "sentiment": ""}, {"id": 121487885, "text": "$AMZN So essentially US Economy  too robust and algos worried about inflation &amp; rate hikes to correct inflation (Why Nasdaq/Amazon dipping!)", "time": 1524864842.0, "sentiment": ""}, {"id": 121487884, "text": "$AMZN short mine at open. Buying it again at price down.", "time": 1524864842.0, "sentiment": ""}, {"id": 121487722, "text": "$amzn I TOLD YOU FOOLS YESTERDAY, never mock me, I am usually right , told you to short at open", "time": 1524864802.0, "sentiment": ""}, {"id": 121487702, "text": "$AMZN", "time": 1524864798.0, "sentiment": "Bullish"}, {"id": 121487692, "text": "$AMZN  \n \nOUcH! That\u2019s all I have to say", "time": 1524864796.0, "sentiment": ""}, {"id": 121487679, "text": "$AMZN will close red. See $SWN that shattered all expectations and PE below 3  also red now", "time": 1524864792.0, "sentiment": ""}, {"id": 121487656, "text": "$AMZN !0 min candles...", "time": 1524864784.0, "sentiment": ""}, {"id": 121487641, "text": "$AMZN Welcome to Fadeland", "time": 1524864780.0, "sentiment": ""}, {"id": 121487630, "text": "$AMZN so $INTC is now Red! $AMZN is headed there Watchout!", "time": 1524864778.0, "sentiment": "Bearish"}, {"id": 121487499, "text": "$AMZN Bulls don\u2019t be depressed, it\u2019s still green...", "time": 1524864746.0, "sentiment": ""}, {"id": 121487394, "text": "$AMZN \nPerfect short again $1600 \n!!!!!!!!!!!!\nWARNING !!!!!", "time": 1524864720.0, "sentiment": "Bearish"}, {"id": 121487348, "text": "$AMZN (Nasdaq dipping) Fed will make 4 rate hikes this year, economists say after latest GDP, reports  (wages  https://on.mktw.net/2FkcU4E", "time": 1524864706.0, "sentiment": ""}, {"id": 121487338, "text": "Magic 8-Ball will $AMZN stay above 78.6% Fib level today ($1559.64)??", "time": 1524864703.0, "sentiment": ""}, {"id": 121487327, "text": "$AMZN  Thanks for providing liquidity to all us sellers. Come back again next earnings.", "time": 1524864700.0, "sentiment": ""}, {"id": 121487240, "text": "$ES_F Long $AMZN on Dip", "time": 1524864678.0, "sentiment": "Bullish"}, {"id": 121487227, "text": "$AMZN run", "time": 1524864677.0, "sentiment": ""}, {"id": 121487223, "text": "$AMZN reason down is because DOW is down...", "time": 1524864675.0, "sentiment": ""}, {"id": 121487217, "text": "$AMZN TO THE PEOPLE TALKING SHIT AFTER HOURS YESTERDAY.. WHERE ARE YOU NOW???????????????? YOU&#39;ALL GET BURNTTTTT RIGHT? TALK SHIT MORE TO ME", "time": 1524864673.0, "sentiment": "Bearish"}, {"id": 121487215, "text": "$amzn im out. have a good weekend im taking rest of the day off", "time": 1524864672.0, "sentiment": ""}, {"id": 121487194, "text": "$AMZN oh no.. Market turned RED !", "time": 1524864669.0, "sentiment": "Bullish"}, {"id": 121487190, "text": "$AMZN What a sell off...", "time": 1524864668.0, "sentiment": "Bearish"}, {"id": 121487038, "text": "$AMZN can some1 please explain to me why my calls are going up if price is going down?...", "time": 1524864628.0, "sentiment": "Bullish"}, {"id": 121487012, "text": "$AMZN will close Red at the EOD", "time": 1524864620.0, "sentiment": "Bearish"}, {"id": 121486987, "text": "$amzn i&#39;ll cover at new day lows and call it a day.", "time": 1524864614.0, "sentiment": ""}, {"id": 121486962, "text": "$AMZN so if AMZN is doing so well with  record earnings why are they raising the price of Amazon prime? GREED??", "time": 1524864608.0, "sentiment": ""}, {"id": 121486955, "text": "$AMZN  call holders dreams smoked who did not sell at open", "time": 1524864605.0, "sentiment": ""}, {"id": 121486902, "text": "$AMZN  \nAdmit it you Long s were just schooled on market makers taking profits on massive rise in AH and pre", "time": 1524864594.0, "sentiment": ""}, {"id": 121486899, "text": "$AMZN hard to bet against a stock that has unlimited capital...until that capital gets expensive!", "time": 1524864593.0, "sentiment": ""}, {"id": 121486887, "text": "$AMZN Jeff taking profits too", "time": 1524864590.0, "sentiment": "Bearish"}, {"id": 121486850, "text": "$AMZN if the averages are weak and the FANGs are down or sluggish, AMZN is usually sluggish. Important to understand the herd.", "time": 1524864579.0, "sentiment": ""}, {"id": 121486795, "text": "$MSFT beats $AMZN on cloud revenue Q1... wuuuuut \n \n https://www.forbes.com/sites/bobevans1/2018/04/27/microsoft-tops-amazon-in-q1-cloud-revenue-6-0-billion-to-5-44-billion-ibm-third-at-4-2-billion/#7350dd815d4b", "time": 1524864563.0, "sentiment": ""}, {"id": 121486762, "text": "7 Biggest Price Target Changes For Friday https://benzinga.com/z/11593776 $AMZN $COLM $EXPE $WDC $EXPE $PEP $MSFT $MHK", "time": 1524864554.0, "sentiment": ""}, {"id": 121486750, "text": "$AMZN", "time": 1524864551.0, "sentiment": ""}, {"id": 121486748, "text": "$AMZN $FB $INTC smart money dumping everywhere. When you see 5M intel for example dumping in 3 minutes that not you and me trading..", "time": 1524864550.0, "sentiment": "Bearish"}, {"id": 121486738, "text": "$AMZN 10:30am reversal coming?", "time": 1524864548.0, "sentiment": "Bullish"}, {"id": 121486701, "text": "$AMZN \nHey iDiots, you enjoy all time/ forever $1600 top ???\nHa, ha, ha .....perfect short again here $1600\nSPAMAZONICUS - FAANGINITAS", "time": 1524864540.0, "sentiment": "Bearish"}, {"id": 121486654, "text": "$AMZN good show but still quite an option value deflation", "time": 1524864526.0, "sentiment": ""}, {"id": 121486570, "text": "$AMZN Let people try to manipulate this stock, just a matter of time before it keeps climbing...", "time": 1524864506.0, "sentiment": "Bullish"}, {"id": 121486553, "text": "$AMZN What a great time to gut this stock. Starts making real money, people think it&#39;s unicorns and rainbows ahead. Trades at 250 PE", "time": 1524864501.0, "sentiment": "Bearish"}, {"id": 121486437, "text": "$AMZN a lot of bears for being some change off of an ATH.", "time": 1524864476.0, "sentiment": ""}, {"id": 121486395, "text": "$AMZN such a fake out. guidance is there. thats why the pt increases.", "time": 1524864469.0, "sentiment": "Bullish"}, {"id": 121486355, "text": "$AMZN bought 75 more", "time": 1524864455.0, "sentiment": "Bullish"}, {"id": 121486336, "text": "$AMZN 5 min psar flip coming soon.... wait for it :)", "time": 1524864449.0, "sentiment": "Bullish"}, {"id": 121486285, "text": "$AMZN Watchout! $INTC is now almost at Even! Same is going to happen to Amazon!", "time": 1524864436.0, "sentiment": "Bearish"}, {"id": 121486146, "text": "$AMZN I sold for a lot less than I wanted:-/ but still made $$$$ looking for an entry ... this baby is going to close over 1600 EOD", "time": 1524864397.0, "sentiment": "Bullish"}, {"id": 121486127, "text": "$AMZN Looks like low of the day is in now... Afternoon rally is in the making... Waiting for EU Close.", "time": 1524864391.0, "sentiment": ""}, {"id": 121486022, "text": "$AMZN Thanks Trump  for those tariffs and its impact on higher prices  and Consumer sentiment!!", "time": 1524864361.0, "sentiment": ""}, {"id": 121485947, "text": "$amzn relentless lower highs since 8:50am", "time": 1524864340.0, "sentiment": ""}, {"id": 121485865, "text": "See the latest #broker #ratings changes http://bit.ly/1eLLpAY $CFR $FB $IMAX $INTC $MSFT $NKE $CDE $HSY $SYMC $JNCE  $AMZN $AAL $ELLI $LUV", "time": 1524864320.0, "sentiment": ""}, {"id": 121485796, "text": "$AMZN (Trump tariffs weighing on Consumer confidence-Higher Prices etc,.) Consumer sentiment &amp;, tariffs phttps://on.mktw.net/2Hv6XaR", "time": 1524864303.0, "sentiment": ""}, {"id": 121485769, "text": "@kevinzhang1020 ... re: &quot;$AMZN ... Remain $1700 target by EOD!&quot;  Not Going To Happen ... no matter how many posts you write today.", "time": 1524864296.0, "sentiment": ""}, {"id": 121485758, "text": "$SPY now that $AMZN Reported earnings it\u2019s straight profit taking", "time": 1524864292.0, "sentiment": "Bearish"}, {"id": 121485653, "text": "$SPY $QQQ $FB $AMZN $TSLA $NFLX $AAPL $GOOG   FATNAG Stocks are Priced for Utopia", "time": 1524864263.0, "sentiment": "Bearish"}, {"id": 121485594, "text": "Why the market is fucked up. $CMG up on downgrades and $INTC and $AMZN tanked on upgrades.", "time": 1524864250.0, "sentiment": ""}]