[{"id": 129723996, "text": "$AMZN There is no winner when it comes to trade conflict. It\u2019s a war without guns. Slap me and I slap you back with tariffs game on", "time": 1531284847.0, "sentiment": ""}, {"id": 129723643, "text": "$AMD $AMZN and I quote our Orange Swan in Chief \u201ccause fuck you and your profits\u201d", "time": 1531284663.0, "sentiment": ""}, {"id": 129723162, "text": "$AMZN Trump to release additional $200B in Chinese products to be hit with tariffs. List likely this week Bloomberg  https://www.bloomberg.com/news/articles/2018-07-10/u-s-is-said-poised-to-publish-200-billion-china-tariff-list", "time": 1531284382.0, "sentiment": ""}, {"id": 129723016, "text": "@Lel0uche_Vi_Brittania $SPY $AMZN $UVXY $VIX see it in real time &amp; react fast @jnjn @dukefinadv @JoshPatterson @Crimsonforce @ProTraderMark", "time": 1531284298.0, "sentiment": ""}, {"id": 129722750, "text": "$AMZN EU poised to slap Google with multibillion-dollar antitrust (Search Engine) fine.Could be &gt; $2.8 billion https://on.mktw.net/2KYMPid", "time": 1531284153.0, "sentiment": ""}, {"id": 129721671, "text": "@freemarketguy @4vip I think the picture has changed with $GEVO from before the r/s - quite a bit of positive news.  Is this $AMZN?  No.", "time": 1531283621.0, "sentiment": ""}, {"id": 129721548, "text": "Amazon takes Prime Day perks beyond e-commerce to drive traffic to Whole Foods stores $AMZN https://www.marketwatch.com/story/amazon-takes-prime-day-perks-beyond-e-commerce-to-drive-traffic-to-whole-foods-stores-2018-07-10?siteid=yhoof2&amp;yptr=yahoo", "time": 1531283562.0, "sentiment": ""}, {"id": 129721405, "text": "$SPY CRASH CRASH CRASH \nSHORT $GOOGL $AMZN $NFLX", "time": 1531283499.0, "sentiment": "Bearish"}, {"id": 129721145, "text": "$AMZN Stock-market bulls look for earnings to trump trade-war fears Global growth picking up steam after pause MW https://on.mktw.net/2KMeaoO", "time": 1531283378.0, "sentiment": ""}, {"id": 129720504, "text": "http://www.tradingmyira.com/p/fund-balance.html?m=1 Small IRA via M1 Finance at 19% YTD. Core $AMZN $NFLX $ADP $ACN $FB $GOOG $NVDA $DJIA $SPY", "time": 1531283083.0, "sentiment": ""}, {"id": 129720496, "text": "$AMZN Trump China Tariffs and Google search-engine-monopoly issues (Wed is also part of 2 day inflation reporting (PPI/CPI)!", "time": 1531283082.0, "sentiment": ""}, {"id": 129720220, "text": "$AMZN Enjoy Wed Shorts!!", "time": 1531282954.0, "sentiment": ""}, {"id": 129720139, "text": "$AMZN Google to Suffer \u2018Multibillion\u2019 EU Fine (For its Search Engine ( Monopoly issues)), Says DJ https://www.barrons.com/articles/alphabets-google-to-suffer-multibillion-eu-fine-says-dj-1531253246 via @BarronsOnline", "time": 1531282918.0, "sentiment": ""}, {"id": 129720076, "text": "$AMZN gonna be fing blood bath 2morrow damn it", "time": 1531282890.0, "sentiment": ""}, {"id": 129719554, "text": "$AMZN Trump preparing a list of an additional $200 billion in Chinese products to be hit with tariffs, https://www.bloomberg.com/news/articles/2018-07-10/u-s-is-said-poised-to-publish-200-billion-china-tariff-list via @bpolitics", "time": 1531282621.0, "sentiment": ""}, {"id": 129719517, "text": "$BABA $JD $CAT $EEM $AMZN $AAPL $SPY $IWM $GOOGL $FB Got to love that Trumpy clown and his big mouth :) all this winning!", "time": 1531282605.0, "sentiment": ""}, {"id": 129719499, "text": "$BAC $C $GS $WYNN $BABA $WFC $AMZN $AAPL What happeNed AH, all stocks are going down, Any news or twee? Thanks in advance", "time": 1531282592.0, "sentiment": ""}, {"id": 129719442, "text": "$AMZN bruhhhhhhhh!!!!!!", "time": 1531282562.0, "sentiment": ""}, {"id": 129719039, "text": "$AMZN wtf", "time": 1531282380.0, "sentiment": ""}, {"id": 129718877, "text": "$AMZN (Amazon Red in AH (FAANG News) ) EU poised to slap Google with multibillion-dollar antitrust fine MW 07-10 AH", "time": 1531282308.0, "sentiment": ""}, {"id": 129718398, "text": "$AMZN All crashing AH.. whats the news?", "time": 1531282072.0, "sentiment": ""}, {"id": 129718389, "text": "$AMZN Dow jumps more than 100 points, posts 4-day winning streak as earnings kick off https://cnb.cx/2L4ATII  CNBC", "time": 1531282069.0, "sentiment": ""}, {"id": 129718032, "text": "$AMZN what the heck is happening AH, $NFLX ????", "time": 1531281905.0, "sentiment": ""}, {"id": 129717827, "text": "$AMZN Increasing unusual option volume: NVDA AMZN AMD T MSFT GE PEP C JPM NXPI CHK http://www.streetinsider.com/Options/Increasing+unusual+option+volume%3A+NVDA+AMZN+AMD+T+MSFT+GE+PEP+C+JPM+NXPI+CHK/14387274.html via @Street_Insider", "time": 1531281802.0, "sentiment": ""}, {"id": 129717704, "text": "$AMZN why the ah dump?", "time": 1531281746.0, "sentiment": ""}, {"id": 129717644, "text": "$AMZN S&amp;P 500 climbs on earnings optimism http://www.streetinsider.com/ETFs/S%26P+500+climbs+on+PepsiCo+results%2C+earnings+optimism/14384559.html via @Street_Insider", "time": 1531281724.0, "sentiment": ""}, {"id": 129716443, "text": "$AMZN was holding calls since Fri. dumped them today right at 1749 and reloaded smaller at 1735. looking for the 1763 retest before earnings", "time": 1531281285.0, "sentiment": ""}, {"id": 129715231, "text": "KeyBanc Downgrades Nordstrom, Urban Outfitters, Says E-Commerce Pressures Are Only Increasing\n\n$JWN $SFIX $AMZN $URBN  \n\nhttps://m.benzinga.com/article/12001265", "time": 1531280716.0, "sentiment": ""}, {"id": 129715047, "text": "Raymond James: iRobot Shares Reflect A More Balanced Risk-Reward Trade-Off\n\n$IRBT $AMZN \n\n https://m.benzinga.com/article/12000531", "time": 1531280622.0, "sentiment": ""}, {"id": 129714332, "text": "$MSFT $AAPL $GOOG $AMZN CNBC needs a new chart master Carterworth has been struggling.", "time": 1531280267.0, "sentiment": ""}, {"id": 129713824, "text": "$AMZN amzn. amzn", "time": 1531280045.0, "sentiment": ""}, {"id": 129713042, "text": "$WATT $AMZN what do you think about this tweet by Dialog, WATT\u2019s partner. WATT being in Alexa devices would be huge. 30m devices sold so far", "time": 1531279716.0, "sentiment": "Bullish"}, {"id": 129712765, "text": "$AMZN How to Trade Amazon After an Earnings Beat http://news.cmlviz.com/2018/07/09/how-to-trade-amazon-com-inc-after-an-earnings-rip.html", "time": 1531279606.0, "sentiment": ""}, {"id": 129712228, "text": "$AMZN turning cloud information into cash. Like owning $BRK.A turning distress into cash when it loaned billions to $BAC and $GS", "time": 1531279377.0, "sentiment": "Bullish"}, {"id": 129711497, "text": "$AMZN analysts on Estimize are expecting 41.82% YoY revenue growth for Q2, down from 42.92% in Q1 [Reporting 07/26 AMC]\nhttp://www.estimize.com/intro/amzn?chart=historical&amp;metric_name=revenue&amp;utm_content=AMZN&amp;utm_medium=revenue_growth&amp;utm_source=stocktwits", "time": 1531279109.0, "sentiment": ""}, {"id": 129711379, "text": "$AMZN probably be a down day tomorrow do not se this market continuing it needs a slight break and then continuation", "time": 1531279067.0, "sentiment": ""}, {"id": 129711164, "text": "$AMZN PUSHES THROUGH PREVIOUS SESSION HIGH: https://techniquant.com/reports/stock-amzn-daily-technical-analysis-report-for-2018-07-10/", "time": 1531278980.0, "sentiment": ""}, {"id": 129710745, "text": "$AMZN one stupid mistake here ruined my whole day profit wise. Accidentally sold 1735 calls vs buying this when dipped, smh, so stupid", "time": 1531278827.0, "sentiment": ""}, {"id": 129710166, "text": "$AMZN  https://www.cnbc.com/2018/07/10/tech-and-banks-expected-to-post-big-numbers-this-earnings-season.html \nTech companies and banks are expected to post big numbers this earnings season", "time": 1531278640.0, "sentiment": ""}, {"id": 129710032, "text": "perfect ex. seconds after my post the expert guest uses a hitler analogy to make his pt $WMT v $AMZN wow.", "time": 1531278595.0, "sentiment": ""}, {"id": 129709841, "text": "$AMZN U.S. stocks extend gains for fourth session mw https://on.mktw.net/2N3LHY4", "time": 1531278532.0, "sentiment": ""}, {"id": 129709567, "text": "$AMZN decent close. Will we test 1750 tomorrow? I think it will.", "time": 1531278436.0, "sentiment": ""}, {"id": 129709309, "text": "$AMZN Long &amp; Strong &amp; Proud to be a part of Amazon!", "time": 1531278349.0, "sentiment": ""}, {"id": 129709279, "text": "$AMZN +$4ish today, man did this trade like sh-t!!   \nWe will see tomorrow!!", "time": 1531278337.0, "sentiment": ""}, {"id": 129708749, "text": "in February added july 1300/1510/1600 Call Spread Risk Reversals in $AMZN for a $5 credit. ......", "time": 1531278168.0, "sentiment": ""}, {"id": 129708660, "text": "$AMZN No Complaints !! 2500 by Xmas!", "time": 1531278140.0, "sentiment": ""}, {"id": 129708517, "text": "$GRPN Plus=14 since 9/2017 w/47 bucks saved.Some things #Amateurzon $AMZN #YelpSucks $YELP can\u2019t buy,4 everything else there is Groupon FTW!", "time": 1531278098.0, "sentiment": ""}, {"id": 129707709, "text": "$AMZN Mkt dip is all GOOG which has legal troubles in the EU. That&#39;s the news that caused the stall", "time": 1531277872.0, "sentiment": ""}, {"id": 129707334, "text": "$SPY locking in profit rolling up &amp; rolling out in a spread. Closed the $UVXY puts congrats on those team. Picked up some $AMZN gamble puts", "time": 1531277749.0, "sentiment": "Bullish"}, {"id": 129707090, "text": "$AMZN lets try for 1750 tomorrow folks. Also, lets hope the news stays quiet as well.  We all know.", "time": 1531277659.0, "sentiment": ""}, {"id": 129707048, "text": "KeyBanc Downgrades Nordstrom, Urban Outfitters, Says E-Commerce Pressures Are Only Increasing https://benzinga.com/z/12001265 $AMZN $JWN $URBN $SFIX", "time": 1531277642.0, "sentiment": ""}, {"id": 129706325, "text": "$AMZN well I guess I should be glad it\u2019s not in the red..", "time": 1531277345.0, "sentiment": ""}, {"id": 129706235, "text": "$SNAP Snap: Prepare For A False Rally To $20\nSnap: Prepare For A False Rally To $20 https://seekingalpha.com/article/4186403?source=ansh $SNAP, $AMZN, $FB", "time": 1531277311.0, "sentiment": "Bullish"}, {"id": 129706224, "text": "$AMZN no EOD run like yesterday??", "time": 1531277306.0, "sentiment": ""}, {"id": 129706036, "text": "$AMZN https://qz.com/1319700/amazon-profits-when-us-stores-dont-have-products-in-stock/", "time": 1531277243.0, "sentiment": "Bullish"}, {"id": 129705929, "text": "$TSLA Appreciate the cooperation. Much cleaner vs yday morning. Plain English back. $AMZN*", "time": 1531277199.0, "sentiment": ""}, {"id": 129705196, "text": "$SPY $QQQ would expect any weakness now into $NFLX ER to bounce higher for peak ER season into $AMZN $FB $GOOGL ERs, no idea post ERs though", "time": 1531276923.0, "sentiment": "Bullish"}, {"id": 129704786, "text": "$AMZN According to eMarketer, Alexa is the preferred option for smart speaker enthusiasts. https://stocknews.com/news/amzn-amazon-com-incs-amzn-alexa-has-sales-edge-over-google-assistant/", "time": 1531276764.0, "sentiment": ""}, {"id": 129702801, "text": "$AMZN finance.yahoo.com/video/ama..", "time": 1531275989.0, "sentiment": "Bullish"}, {"id": 129702069, "text": "$AMZN June 2020 $2500 calls for $105. Good idea?", "time": 1531275676.0, "sentiment": ""}, {"id": 129701648, "text": "$AMZN mehhh lets just close green today.", "time": 1531275488.0, "sentiment": "Bullish"}, {"id": 129701303, "text": "Amazon takes Prime Day perks beyond e-commerce to drive traffic to Whole Foods stores $AMZN https://www.marketwatch.com/story/amazon-takes-prime-day-perks-beyond-e-commerce-to-drive-traffic-to-whole-foods-stores-2018-07-10?siteid=yhoof2&amp;yptr=yahoo", "time": 1531275331.0, "sentiment": ""}, {"id": 129701207, "text": "$AMZN $1775 EOD Close", "time": 1531275293.0, "sentiment": "Bullish"}, {"id": 129701175, "text": "$AMZN https://www.marketwatch.com/story/amazon-takes-prime-day-perks-beyond-e-commerce-to-drive-traffic-to-whole-foods-stores-2018-07-10", "time": 1531275278.0, "sentiment": "Bullish"}, {"id": 129701006, "text": "$NFLX https://www.surveymonkey.com/r/8XYZ2J8 $amzn fill out the survey to see how subs are doing", "time": 1531275210.0, "sentiment": ""}, {"id": 129700455, "text": "Just three stocks are responsible for most of the market\u2019s gain this year $AMZN $NFLX https://www.cnbc.com/2018/07/10/amazon-netflix-and-microsoft-hold-most-of-the-markets-gain-in-2018.html", "time": 1531274988.0, "sentiment": ""}, {"id": 129700243, "text": "$AMZN i feel a bad power hour coming", "time": 1531274903.0, "sentiment": "Bullish"}, {"id": 129700231, "text": "$SPY Bears not happy &amp; taking it out on their Brokers $BABA $AAPL $AMZN $QQQ $TSLA $GOOG $QQQ $XLF", "time": 1531274899.0, "sentiment": "Bullish"}, {"id": 129700179, "text": "$GOOGL In a very long term ascending triangle. Good bet on pull backs. $SPY $AMZN", "time": 1531274874.0, "sentiment": ""}, {"id": 129700178, "text": "$AMZN new highs soon or nope?", "time": 1531274874.0, "sentiment": ""}, {"id": 129699849, "text": "$NFLX $AMZN $BA \nand BABA", "time": 1531274739.0, "sentiment": ""}, {"id": 129699754, "text": "$AMZN power hour will hit 1750+", "time": 1531274701.0, "sentiment": "Bullish"}, {"id": 129699694, "text": "$WMT Slowly but surely $WMT is building a global strategy to compete head on with $AMZN.  New acquisition like PillPack in healthcare??", "time": 1531274675.0, "sentiment": "Bullish"}, {"id": 129699604, "text": "Power hour $NFLX $AMZN $BA", "time": 1531274632.0, "sentiment": "Bullish"}, {"id": 129699470, "text": "$AMZN Sit stupid at home ordering online. People move out to inner cities and malls Amazon and internet giants  cancer for domestic economy", "time": 1531274584.0, "sentiment": "Bearish"}, {"id": 129699214, "text": "$AMZN put in sell order for 300 shares @1747 that I bought at 1739. Hoping it fills during power hour!!!", "time": 1531274471.0, "sentiment": "Bullish"}, {"id": 129698559, "text": "$AMZN Power Hour at work-Early!", "time": 1531274256.0, "sentiment": ""}, {"id": 129698476, "text": "$AMZN once it hit ATH then way to go 2000", "time": 1531274221.0, "sentiment": "Bullish"}, {"id": 129698459, "text": "$AMZN and $PEP trading around $4 up lol", "time": 1531274212.0, "sentiment": ""}, {"id": 129698100, "text": "$AMZN ya set it and??? Prime day will be bigger then ever with wholefoods integration!! \n \nhttps://www.usatoday.com/story/tech/talkingtech/2018/07/10/amazon-give-you-10-shop-whole-foods-run-up-prime-day/769868002/ \n \nhttps://www.usatoday.com/story/tech/talkingtech/2018/07/10/amazon-give-you-10-shop-whole-foods-run-up-prime-day/769868002/", "time": 1531274050.0, "sentiment": "Bullish"}, {"id": 129697487, "text": "$AMZN 50% Range of the Tops: 1763.1-1725: 1744.05", "time": 1531273798.0, "sentiment": ""}, {"id": 129697399, "text": "So far survey showing subscriber loyalty to $AMZN but not so much to $NFLX . Keep sharing for more insight https://www.surveymonkey.com/r/8XYZ2J8", "time": 1531273763.0, "sentiment": ""}, {"id": 129696916, "text": "$AMZN $GOOG What happened around 1:50pm?", "time": 1531273571.0, "sentiment": ""}, {"id": 129696501, "text": "$AMZN close at 1760?", "time": 1531273375.0, "sentiment": "Bullish"}, {"id": 129695946, "text": "$AMZN analysts on Estimize expect 33.72% YoY growth in CSOI for Q2, up from -12.43% in previous year [Reporting 07/26 AMC]\nhttp://www.estimize.com/intro/amzn?chart=change-over-time&amp;metric_name=csoi&amp;utm_content=AMZN&amp;utm_medium=metric_growth&amp;utm_source=stocktwits", "time": 1531273148.0, "sentiment": ""}, {"id": 129695945, "text": "$AMZN analysts on Estimize expect 41.39% YoY growth in AWS Revenue for Q2, down from 42.07% in previous year [Reporting 07/26 AMC]\nhttp://www.estimize.com/intro/amzn?chart=change-over-time&amp;metric_name=aws_revenue&amp;utm_content=AMZN&amp;utm_medium=metric_growth&amp;utm_source=stocktwits", "time": 1531273148.0, "sentiment": ""}, {"id": 129695776, "text": "$AMZN Yesterday was bull flag breakout on daily. Target is a test of previous ATH. As long as news doesn&#39;t tank the market.", "time": 1531273077.0, "sentiment": ""}, {"id": 129695769, "text": "$GRPN  $BABA owns 5%.... $AMZN  $GOOG $TWTR  would fight for a piece of this action. 50M users  Mobile /local /partnership focused.", "time": 1531273074.0, "sentiment": ""}, {"id": 129695758, "text": "What Happens Next? - Tuesday, July 10 $SPX $TYX $DJI $NDX $AMZN $FB $AAPL https://goo.gl/YyHP1m", "time": 1531273064.0, "sentiment": ""}, {"id": 129695649, "text": "Don&#39;t miss the breakout on $AMZN. Buy stop @1750.1, stop loss @1691.68 is suggested by the ChartMill analyzer.. https://www.chartmill.com/analyze.php?utm_source=stocktwits&amp;utm_medium=TA&amp;utm_content=TRADINGSETUP&amp;utm_campaign=social_tracking#/AMZN?key=7e23e545-7a86-47d1-a0b4-6048c3164d97", "time": 1531273018.0, "sentiment": ""}, {"id": 129695528, "text": "$QQQ $nflx $AMZN Made a two question survey. Might be helpful going into earnings. Feel free to share https://www.surveymonkey.com/r/8XYZ2J8", "time": 1531272970.0, "sentiment": ""}, {"id": 129695490, "text": "$AMZN I\u2019m disappointed in this stock. It should be at $2200 already. Lol", "time": 1531272958.0, "sentiment": "Bullish"}, {"id": 129694852, "text": "$AMZN 11pt breakout in morning, 16pt top reversal to LOD, 10pt bounce to VWAP. 3 friendly opps. \n$TSLA 5pt VWAP breakdown to LOD.", "time": 1531272682.0, "sentiment": ""}, {"id": 129694442, "text": "$AMZN Washington Post issues correction after citing ClickHole in anti-Trump article\nhttps://twitchy.com/gregp-3534/2018/07/10/washington-post-issues-correction-after-citing-clickhole-in-anti-trump-article/", "time": 1531272513.0, "sentiment": ""}, {"id": 129694341, "text": "$AMZN VWAP", "time": 1531272471.0, "sentiment": ""}, {"id": 129694297, "text": "$AMZN \ud83d\ude4c\ud83c\udffe\ud83d\ude4c\ud83c\udffe", "time": 1531272450.0, "sentiment": "Bullish"}, {"id": 129694108, "text": "$AMZN I can&#39;t imagine AMZN not seeing 2000 sometime this year. Don&#39;t be silly and buy all you can. Geez.", "time": 1531272364.0, "sentiment": ""}, {"id": 129693872, "text": "$PLUG Amazing growth by $AMZN. Michigan will go from 0 to 4 fulfillment centers in about 2years. Plug will be in 2 of them. Livonia &amp; Shelby", "time": 1531272253.0, "sentiment": ""}, {"id": 129693838, "text": "$SPOT $AAPL $GOOGL $AMZN The Music-Streaming Space May Be Getting a Bit More complex https://finance.yahoo.com/news/music-streaming-space-may-getting-180646126.html", "time": 1531272243.0, "sentiment": ""}, {"id": 129693542, "text": "$AMZN 1900 before ER??", "time": 1531272116.0, "sentiment": "Bullish"}, {"id": 129693345, "text": "10 Businesses $AMZN Is In besides Selling Books Online https://investorplace.com/2018/07/10-businesses-amazon-is-in-besides-selling-books-online/", "time": 1531272021.0, "sentiment": ""}, {"id": 129692979, "text": "Bought +1 Butterfly $AMZN 100 20 JUL 18 1800/1850/1900 @ 2.94......bought it on the dip!...only way to go!", "time": 1531271842.0, "sentiment": "Bullish"}, {"id": 129692702, "text": "$AMZN 1750 by eod", "time": 1531271724.0, "sentiment": "Bullish"}, {"id": 129692635, "text": "$AMZN What are the chances of meeting the 1666 resistance this week?", "time": 1531271702.0, "sentiment": ""}, {"id": 129692574, "text": "Light volume day. Good trading early in the day. Bought into some red. Holding $nflx $msft $amzn and got some $spy puts for disaster cov", "time": 1531271671.0, "sentiment": ""}, {"id": 129692555, "text": "Spotify Stock Initiated At Neutral, Limited Upside Seen http://ow.ly/PbTG30kTfcO $SPOT $AAPL $AMZN", "time": 1531271663.0, "sentiment": ""}, {"id": 129692547, "text": "$AMZN Dont be shaken", "time": 1531271656.0, "sentiment": "Bullish"}, {"id": 129692462, "text": "$AMZN how much has AMZN gone up since IPO \nI found 83,400% &amp; 49,000% \nAs of 5/2017. Which is it?", "time": 1531271616.0, "sentiment": ""}, {"id": 129692424, "text": "$AMZN u guys lost ur chance to buy the dip", "time": 1531271599.0, "sentiment": "Bullish"}, {"id": 129692002, "text": "$AMZN nasty,", "time": 1531271441.0, "sentiment": "Bullish"}, {"id": 129689709, "text": "$AMZN bought at 1735 to hold either for $10 gain or until after prime day.", "time": 1531270566.0, "sentiment": ""}, {"id": 129689438, "text": "$AMZN down over 17pts from intraday high. Looking 4 another 5-10pts drop b4 I get in for a trade along with $GOOG and a 2pts drop for $SPY", "time": 1531270452.0, "sentiment": "Bullish"}, {"id": 129689414, "text": "$AMZN good moment to buy more?", "time": 1531270441.0, "sentiment": ""}, {"id": 129688930, "text": "$AMZN buy dip!!1", "time": 1531270260.0, "sentiment": "Bullish"}, {"id": 129688500, "text": "$AMZN wow that was the easiest money. In and out of 1735P", "time": 1531270096.0, "sentiment": ""}, {"id": 129688044, "text": "$AMZN What happened, did trump tweet?", "time": 1531269922.0, "sentiment": "Bullish"}, {"id": 129687948, "text": "$AMZN sold some calls that expire this week", "time": 1531269879.0, "sentiment": ""}, {"id": 129687474, "text": "$AMZN 1m bit oversold. Caution.", "time": 1531269700.0, "sentiment": ""}, {"id": 129687441, "text": "$AMZN whAt is going\nOn here", "time": 1531269692.0, "sentiment": ""}, {"id": 129687039, "text": "$AMZN well, that\u2019s ugly", "time": 1531269547.0, "sentiment": ""}, {"id": 129686947, "text": "$SPY $amzn just went red.  MAGA morons buying up there.", "time": 1531269505.0, "sentiment": ""}, {"id": 129686740, "text": "$AMZN Anyone uses robinhood for options? Is it safe to do it with Robinhood? So hard to close a position sometimes. Any thoughts?", "time": 1531269425.0, "sentiment": ""}, {"id": 129686139, "text": "$AMZN Hedge funds shorting the hell out of Nasdaq! to 2500 by XMAS!", "time": 1531269194.0, "sentiment": ""}, {"id": 129686120, "text": "$SPY what a coincidence $amzn money flow is negative when it\u2019s at the top of a flag that could breakdown through a 3 month trendline", "time": 1531269185.0, "sentiment": ""}, {"id": 129685917, "text": "$AMZN leveraging their platform.  https://www.cnbc.com/2018/07/03/amazon-makes-prime-day-better-by-charging-sellers-more.html", "time": 1531269101.0, "sentiment": ""}, {"id": 129685190, "text": "$AMZN Gann Seasonal Price Tunnels, offshoot of his Book &quot;A Tunnel Thru The Air&quot; as in Signs, Gemini, Libra, Aquarius", "time": 1531268829.0, "sentiment": ""}, {"id": 129684394, "text": "$SPY $QQQ over the next couple weeks fang should still move higher pre and post ERs $FB $AMZN $NFLX $GOOGL per usual 3wk runs into ERs", "time": 1531268519.0, "sentiment": "Bullish"}, {"id": 129684383, "text": "Raymond James: iRobot Shares Reflect A More Balanced Risk-Reward Trade-Off https://benzinga.com/z/12000531 $AMZN $IRBT", "time": 1531268514.0, "sentiment": ""}, {"id": 129684316, "text": "$SPY $QQQ $IWM $FB $AAPL $MSFT $AMZN $GOOG Definitely time to cool off and consolidate a bit :) Nice run though", "time": 1531268488.0, "sentiment": "Bullish"}, {"id": 129684101, "text": "$AMZN $MSFT $NFLX https://www.cnbc.com/2018/07/10/amazon-netflix-and-microsoft-hold-most-of-the-markets-gain-in-2018.html", "time": 1531268425.0, "sentiment": ""}, {"id": 129683983, "text": "$AMZN first time came bad news 1700 puts https://thefly.com/landingPageNews.php?id=2756168&amp;headline=WMT-Walmarts-Jetcom-will-be-offering-sameday-delivery", "time": 1531268381.0, "sentiment": "Bearish"}, {"id": 129683867, "text": "$AMZN VWAP.", "time": 1531268343.0, "sentiment": ""}, {"id": 129683797, "text": "$AMZN MM waiting for sell side puts then bam next leg up ...only up 5.00 on the day. don&#39;t think so", "time": 1531268321.0, "sentiment": "Bullish"}, {"id": 129683369, "text": "$AMZN Closef swing trade position here as well.", "time": 1531268156.0, "sentiment": ""}, {"id": 129683164, "text": "$AMZN #Alert - Open Jul-13 1742.5 Puts at $10.8 per contract. \nStock at: 1744.9 Short term swing based on RSI. 60Min Candle", "time": 1531268077.0, "sentiment": "Bearish"}, {"id": 129682496, "text": "Who Could Win Big Now That Toys &#39;R&#39; Us Is a Relic of the Past? $AMZN http://dlvr.it/Qb5xKr", "time": 1531267811.0, "sentiment": ""}, {"id": 129682140, "text": "@MoolaLover see these articles like every 90 days on square. Like $AMZN $NFLX it keeps on chugging.", "time": 1531267666.0, "sentiment": "Bullish"}, {"id": 129681701, "text": "Walgreens Sell-Side Analyst Finally Sells https://www.bloomberg.com/news/articles/2018-07-10/walgreens-analyst-changes-call-after-painful-experience  Evercore\u2019s Ross Muken changes call after &quot;painful experience&quot;. $WBA $AMZN", "time": 1531267491.0, "sentiment": ""}, {"id": 129681371, "text": "@Allocation @NNNSSS If $AMZN is working with $SNAP on this and has success why not just acquire $SNAP. Just 1 shareholder needed to approve.", "time": 1531267355.0, "sentiment": ""}, {"id": 129681191, "text": "$EBAY THe downgrade from Suntrust over SCOTUS but no mention of $AMZN", "time": 1531267284.0, "sentiment": ""}, {"id": 129678921, "text": "Amazon Flex package delivery jobs seem like a pretty good gig. This guy whines about it b/c he&#39;s in San Fran. $AMZN http://www.theatlantic.com/technology/archive/2018/06/amazon-flex-workers/563444/?utm_source=twb", "time": 1531266395.0, "sentiment": ""}, {"id": 129678337, "text": "$AMZN slow consolidation day. imo--it&#39;s not going to dump 20 or 30 pts. Too close to earnings", "time": 1531266159.0, "sentiment": ""}, {"id": 129677983, "text": "Which way next for $AMZN https://investormint.com/investing/amazon-stock", "time": 1531266003.0, "sentiment": ""}, {"id": 129676414, "text": "$WMT  competing with $amzn! \ud83d\udcb0", "time": 1531265379.0, "sentiment": "Bullish"}, {"id": 129675611, "text": "Prime Day Deals Starts on Wednesday at Whole Foods $AMZN http://dlvr.it/Qb5j6b", "time": 1531265045.0, "sentiment": ""}, {"id": 129674774, "text": "$TSLA Support. \n$AMZN Sideways over VWAP.", "time": 1531264709.0, "sentiment": ""}, {"id": 129674502, "text": "[SITREP] Sell on Earnings? Close $AMZN Weekly Spread https://youtu.be/Xmot4ZUukDs get long $VIX $VXX before Q2 earnings $RTN showing life", "time": 1531264604.0, "sentiment": ""}, {"id": 129674395, "text": "$AMZN\n\nLets break 1750", "time": 1531264561.0, "sentiment": "Bullish"}, {"id": 129673648, "text": "$AMZN $NFLX &amp; this mystery stock (3 STOCKS!) Account for 70% of the yearly gains for $SPY If you don\u2019t think that\u2019s a \ud83d\udea9 You lost your mind", "time": 1531264275.0, "sentiment": "Bearish"}, {"id": 129673617, "text": "~50% of US internet users watch live streaming videos at least once a week, &amp; 23% said at least once a day. $NFLX $GOOG $TWTR $FB $AMZN", "time": 1531264263.0, "sentiment": ""}]