[{"id": 130557148, "text": "$AMZN rally continue ?  :0", "time": 1531952263.0, "sentiment": "Bullish"}, {"id": 130556954, "text": "$AMZN was definitely an insider leak with Netflix earnings! The mms knew what would happen and set us up! Keep an eye on amazon price!", "time": 1531952210.0, "sentiment": ""}, {"id": 130556768, "text": "$AMZN picking up a bit. But careful. People tend to buy around this time.", "time": 1531952158.0, "sentiment": ""}, {"id": 130556577, "text": "$EBAY and $GOOG &amp;&amp;&amp; $MSFT and $WMT against $AMZN", "time": 1531952098.0, "sentiment": ""}, {"id": 130556460, "text": "$AMZN", "time": 1531952063.0, "sentiment": ""}, {"id": 130556434, "text": "$AMZN 7 days till earnings. If this breaks through $1900 - you know the insiders already know the results!", "time": 1531952057.0, "sentiment": ""}, {"id": 130556381, "text": "$AMZN Share price rockets and now we have actual rockets. Bezos ftw.", "time": 1531952042.0, "sentiment": ""}, {"id": 130556106, "text": "Short $AMZN and Long $TSLA", "time": 1531951963.0, "sentiment": ""}, {"id": 130555990, "text": "$AMZN the market is going green fast. But amazon moving kinda slow. Oops.", "time": 1531951930.0, "sentiment": ""}, {"id": 130555734, "text": "$AMZN Melt Up...Slowly but Surely - NASDAQ Moving...", "time": 1531951856.0, "sentiment": "Bullish"}, {"id": 130555462, "text": "$AMZN Up &amp; Dwn in $5 increments.Seems like a Scalp or Consolidation day. Bull or Bear Day? Who knows?", "time": 1531951782.0, "sentiment": ""}, {"id": 130555458, "text": "$AMZN the jump up and rally is coming", "time": 1531951782.0, "sentiment": "Bullish"}, {"id": 130555371, "text": "$AMZN have to say AMZN is great at shaking out weak hands.", "time": 1531951759.0, "sentiment": ""}, {"id": 130555351, "text": "$AMZN it will be green soon and probably up 1 percent", "time": 1531951751.0, "sentiment": "Bullish"}, {"id": 130555080, "text": "$AMZN prime day takeaway: when you sell product at/below cost, customers buy a lot. The question is how much are sales down today/tomorrow.", "time": 1531951673.0, "sentiment": ""}, {"id": 130555033, "text": "$AMZN $1900 SOON", "time": 1531951663.0, "sentiment": "Bullish"}, {"id": 130555006, "text": "Blue Origin livestream: Watch rocket New Shepard max out in 9th flight $AMZN enjoy  https://www.cnbc.com/2018/07/18/blue-origin-livestream-watch-rocket-new-shepard-max-out-in-9th-flight.html", "time": 1531951655.0, "sentiment": ""}, {"id": 130554900, "text": "$AMZN ", "time": 1531951627.0, "sentiment": "Bullish"}, {"id": 130554897, "text": "Market looks to pull back.. trade carefully\n\n$SPY $AMZN $NFLX $GOOGL", "time": 1531951626.0, "sentiment": ""}, {"id": 130554617, "text": "$AMZN may go under 1800 soon", "time": 1531951549.0, "sentiment": "Bearish"}, {"id": 130554135, "text": "$AMZN bullish sentiment is thinning out here. I still think it could drop more in the PM", "time": 1531951405.0, "sentiment": ""}, {"id": 130553907, "text": "$AMZN wonder how it\u2019s gonna person in the pm", "time": 1531951344.0, "sentiment": ""}, {"id": 130553338, "text": "&#39;experts&#39; called the death of #FANG gang at every poke. wrong. be brave 2trade ur thesis not TV rhetoric$FB $AMZN $NFLX $GOOGL $GOOG", "time": 1531951199.0, "sentiment": "Bullish"}, {"id": 130553212, "text": "$AMZN it&#39;s like watching birth and when becoming green slowly is like the head is coming out", "time": 1531951161.0, "sentiment": "Bullish"}, {"id": 130552978, "text": "$AMZN don\u2019t think she\u2019s going down much any more today...", "time": 1531951096.0, "sentiment": ""}, {"id": 130552894, "text": "$AMZN resilient sumbitch..", "time": 1531951071.0, "sentiment": "Bullish"}, {"id": 130552777, "text": "$AMZN VWAP.", "time": 1531951042.0, "sentiment": ""}, {"id": 130552637, "text": "$AMZN .............", "time": 1531951002.0, "sentiment": "Bullish"}, {"id": 130552485, "text": "$AMZN No VWAP tap yet.", "time": 1531950962.0, "sentiment": ""}, {"id": 130552365, "text": "$AMZN", "time": 1531950926.0, "sentiment": "Bullish"}, {"id": 130552230, "text": "$AMZN I think Amazon should go into travel industry like Priceline $BKNG", "time": 1531950890.0, "sentiment": ""}, {"id": 130552072, "text": "#Update $AMZN Jul-27 1785 Calls Up +54%.  53.52 to 82.45 per contract since alerted on Jul 12, 2018. \n\n 9 days to expire.", "time": 1531950851.0, "sentiment": "Bullish"}, {"id": 130551915, "text": "$VUZI $ORCL &amp; $AMZN R the biggest cloud services and both chose Vuzix hardware to showcase it\nIt\u2019s very telling IMO", "time": 1531950801.0, "sentiment": "Bullish"}, {"id": 130551779, "text": "$AMZN EU fine/Housing start miss &amp; EIA/API Crude build  -&gt; Nasdaq red! 3 reasons", "time": 1531950764.0, "sentiment": ""}, {"id": 130551624, "text": "$AMZN okay.  Wrap it up.  Economy is strong. Unemployment going down.  Growth is good.", "time": 1531950724.0, "sentiment": "Bullish"}, {"id": 130551381, "text": "$AMZN hope everybody bought the dip this morning!", "time": 1531950660.0, "sentiment": ""}, {"id": 130551273, "text": "$AMZN -Time to sell the news", "time": 1531950634.0, "sentiment": ""}, {"id": 130551213, "text": "$AMZN I was going to short but thats like jumping in front of the freight train. The initial prime day  numbers are great. going long!!!", "time": 1531950616.0, "sentiment": "Bullish"}, {"id": 130551098, "text": "$AMZN", "time": 1531950585.0, "sentiment": ""}, {"id": 130551072, "text": "$AMZN matter of time people. Patience.", "time": 1531950575.0, "sentiment": "Bullish"}, {"id": 130551070, "text": "$AMZN The e-commerce giant reports that this year&#39;s version of the shopping holiday was the biggest one yet. https://stocknews.com/news/amzn-amazon-com-inc-amzn-exceeds-its-own-prime-day-sales-expectations/", "time": 1531950575.0, "sentiment": ""}, {"id": 130551002, "text": "$AMZN (Nasdaq Red) U.S. crude stocks up; production hits 11 million barrels per day: EIA http://www.streetinsider.com/Commodities/U.S.+crude+stocks+up%3B+production+hits+11+million+barrels+per+day%3A+EIA/14410475.html via @Street_Insider", "time": 1531950554.0, "sentiment": ""}, {"id": 130550868, "text": "$AMZN CAN U TANK FOR ME PLEASE. I WANT TO BUY", "time": 1531950516.0, "sentiment": ""}, {"id": 130550605, "text": "$AMZN loving this level II action", "time": 1531950440.0, "sentiment": ""}, {"id": 130550416, "text": "$AMZN https://www.cnbc.com/2018/07/18/reuters-america-us-stocks-wall-st-at-5-month-highs-amazon-hits-900-bln-market-cap.html", "time": 1531950386.0, "sentiment": ""}, {"id": 130550406, "text": "$AMZN Prime day wrapped up early Wednesday.  Calm before Thursday&#39;s rocket launch to 1900.", "time": 1531950380.0, "sentiment": "Bullish"}, {"id": 130550356, "text": "@tradeblur we all do, $AMZN  rarely gives you big dips unfortunately, have to take what you can get", "time": 1531950367.0, "sentiment": ""}, {"id": 130550102, "text": "$AMZN I want a bigger dip \ud83d\ude2b - next week is going to be huge!", "time": 1531950300.0, "sentiment": "Bullish"}, {"id": 130550076, "text": "$AMZN RH charts do not tell the true story of the price action. Please make sure you use better charting for analysis \ud83d\ude09", "time": 1531950294.0, "sentiment": "Bullish"}, {"id": 130549366, "text": "$AMZN Looking Just Fine. Looking for new highs by the close once Europe closes. Need More Bears !!!", "time": 1531950098.0, "sentiment": "Bullish"}, {"id": 130549324, "text": "$AMZN each big red candle makes a higher low and is followed by an equally sized green candle. No reason to sell yet. 1820s aren\u2019t coming.", "time": 1531950083.0, "sentiment": "Bullish"}, {"id": 130549208, "text": "$AMZN next dip might be the last chance to sell puts today", "time": 1531950043.0, "sentiment": ""}, {"id": 130548688, "text": "$NFLX $AMZN $MSFT \n\nJust intentionally driving the Nasdaq down , reminds me of that corrupt AF \nFebruary plunge , hang tough let the BS pass", "time": 1531949902.0, "sentiment": "Bullish"}, {"id": 130548595, "text": "$SPY Don&#39;t know why Kudlow drank the Kool-aid but he&#39;s smarter than this $AMZN $BABA $FB $GOOG $JPM $GS $AAPL $DJIA", "time": 1531949884.0, "sentiment": "Bullish"}, {"id": 130548540, "text": "$AMZN Go green!!", "time": 1531949868.0, "sentiment": "Bullish"}, {"id": 130548505, "text": "$AMZN Bought More Common.", "time": 1531949858.0, "sentiment": "Bullish"}, {"id": 130548389, "text": "$AMZN remember this dropped 100 points and regain it in 1 day? Don\u2019t worry people.", "time": 1531949829.0, "sentiment": "Bullish"}, {"id": 130548187, "text": "$TGT Everyone taking a smaller piece of the $amzn prime day pie", "time": 1531949774.0, "sentiment": ""}, {"id": 130547926, "text": "$AMZN Ms waters, shut your face", "time": 1531949692.0, "sentiment": "Bullish"}, {"id": 130547899, "text": "$AMZN this candle action smells like a reversal", "time": 1531949685.0, "sentiment": ""}, {"id": 130547754, "text": "$AMZN lolololololol", "time": 1531949641.0, "sentiment": "Bearish"}, {"id": 130547681, "text": "$AMZN Buy any dips! Prime was biggest day ever! $2500 faster than you think.Glta", "time": 1531949624.0, "sentiment": "Bullish"}, {"id": 130547559, "text": "$AMZN bought 1 more!", "time": 1531949587.0, "sentiment": "Bullish"}, {"id": 130547256, "text": "$AMZN should\u2019ve bought the dip!! This train is now leaving the station!!", "time": 1531949514.0, "sentiment": "Bullish"}, {"id": 130546886, "text": "$AMZN Company said to be in talks to invest in India&#39;s Medplus, according to FactorDaily https://stocknews.com/news/amzn-company-said-to-be-in-talks-to-invest-in-indias/", "time": 1531949418.0, "sentiment": ""}, {"id": 130546279, "text": "$AMZN anytime in the red just suggests indigestion.  Green will be back shortly.", "time": 1531949247.0, "sentiment": "Bullish"}, {"id": 130546161, "text": "$AMZN Spiral by 7 pts set to todays date (which it has worked to); 225* angle: 1825.17, 240* angle: 1844.04, Main 0* angle: 1850.25, str/wkn", "time": 1531949216.0, "sentiment": ""}, {"id": 130544986, "text": "$AMZN what is wrong with tech sector today?", "time": 1531948909.0, "sentiment": ""}, {"id": 130544896, "text": "$AMZN why is this down so much?", "time": 1531948886.0, "sentiment": ""}, {"id": 130544851, "text": "$AMZN $QQQ $SPY $AAPL Febuary like sell off coming", "time": 1531948872.0, "sentiment": "Bearish"}, {"id": 130544651, "text": "$AMZN just bought the most expensive latte ever. Missed that dip \u2615\ufe0f\ud83e\udd37\ud83c\udffc\u200d\u2642\ufe0f", "time": 1531948821.0, "sentiment": ""}, {"id": 130544603, "text": "$MSFT $AAPL $GOOG $AMZN MaGA| Cramer, thanks for the interview w/Kudlow!", "time": 1531948809.0, "sentiment": ""}, {"id": 130544313, "text": "$AMZN Google Fine- Nasdaq down!", "time": 1531948734.0, "sentiment": ""}, {"id": 130544225, "text": "$AMZN (Nasdaq red) EU Commission Fines Google EUR4.34 billion for Illegal Practices Regarding Android Mobile Devices http://www.streetinsider.com/Corporate+News/European+Commission+Fines+Google+%28GOOGL%29+EUR4.34+billion+for+Illegal+Practices+Regarding+Android+Mobile+Devices/14409286.html", "time": 1531948712.0, "sentiment": ""}, {"id": 130544204, "text": "$AMZN Monster breakdown, monster bounce to almost-VWAP, monster fade.", "time": 1531948706.0, "sentiment": ""}, {"id": 130544153, "text": "$AMZN Amazon reverses higher http://www.economies.com/stocks/united-states-analysis/amazon-reverses-higher---analysis---18-07-2018-53023", "time": 1531948694.0, "sentiment": ""}, {"id": 130544085, "text": "$AMZN should I buy more... (?) ..mmmm", "time": 1531948674.0, "sentiment": "Bullish"}, {"id": 130544005, "text": "$AMZN why is this down", "time": 1531948653.0, "sentiment": ""}, {"id": 130543751, "text": "$AMZN good time to load up some before we get moving again. If we could just chill until Friday so I can get my paycheck that would be cool", "time": 1531948582.0, "sentiment": "Bullish"}, {"id": 130543454, "text": "5 things that may help you Navigate Earnings $TSLA $C $CBIO $FB $AAOI $RIOT $AMZN $MS $JPM $MSFT $GOOG  $AAPL https://www.youtube.com/watch?v=FoXzGxPKJyI&amp;feature=youtu.be", "time": 1531948501.0, "sentiment": ""}, {"id": 130543417, "text": "$AMZN that\u2019s right flush \n\nI won\u2019t be bag holding", "time": 1531948491.0, "sentiment": "Bearish"}, {"id": 130543304, "text": "GrowGeneration Partners with $AMZN to Capture 100MM+ Hydroponics Market  \n \nhttps://mjobserver.com/investments/grwg-growgeneration-partners-with-amazon-amzn-to-capture-hydroponics-marketshare/ \n \n$GRWG $MJ $HMMJ.CA", "time": 1531948462.0, "sentiment": "Bullish"}, {"id": 130543132, "text": "$AMZN #Alert - Watching: Aug-03 1840 Puts at $56 per contract. \nStock at: 1842.97", "time": 1531948416.0, "sentiment": "Bearish"}, {"id": 130543076, "text": "Amazon crosses $900 billion. Fluke. $amzn", "time": 1531948399.0, "sentiment": ""}, {"id": 130542985, "text": "Amazon&#39;s 2018 Prime Day Is Biggest Sales Event In Company History https://benzinga.com/z/12037598 $AMZN", "time": 1531948378.0, "sentiment": ""}, {"id": 130542879, "text": "$AMZN ok", "time": 1531948351.0, "sentiment": "Bullish"}, {"id": 130542847, "text": "$AMZN been up 9 days, in a row, everyday up risk for downturn grows, that will be a buying opp", "time": 1531948341.0, "sentiment": ""}, {"id": 130542643, "text": "$AMZN damn. What made it go down to 1832", "time": 1531948286.0, "sentiment": ""}, {"id": 130542047, "text": "Elliott Wave Analysis: Amazon Showing Impulse Rally $AMZN https://elliottwave-forecast.com/stock-market/elliott-wave-amazon-showing-impulse/ #elliottwave #Stocks", "time": 1531948126.0, "sentiment": ""}, {"id": 130542046, "text": "$AMZN red to green like nothing. Hope nobody panicked.", "time": 1531948125.0, "sentiment": "Bullish"}, {"id": 130542024, "text": "$AMZN has to break 65EMA", "time": 1531948121.0, "sentiment": ""}, {"id": 130541811, "text": "$AMZN earnings blow out coming", "time": 1531948067.0, "sentiment": ""}, {"id": 130541671, "text": "$AMZN Powell did well yesterday.  More if the same", "time": 1531948030.0, "sentiment": "Bullish"}, {"id": 130541627, "text": "$AMZN was waiting for this great dip, now can spend a bit more time down here as ppl shake out, then back up we go 4 quick day trade!", "time": 1531948021.0, "sentiment": ""}, {"id": 130541540, "text": "$AMZN probably got a good hour sideways before we move up substantially", "time": 1531948000.0, "sentiment": ""}, {"id": 130541037, "text": "Does Netflix&#39;s Stumble Show We&#39;ve Reached Peak FANG? Maybe Not\n\n$NFLX $GOOG $GOGOL $AAPL $FB $AMZN  \n\nhttps://www.thestreet.com/technology/are-faang-stocks-losing-their-luster-14654012", "time": 1531947868.0, "sentiment": ""}, {"id": 130540993, "text": "$FB $AMZN we bounce and go!", "time": 1531947855.0, "sentiment": "Bullish"}, {"id": 130540979, "text": "$NFLX When it\u2019s lump together in over 150 ETFs with the likes of $AAPL $FB $GOOGL $AMZN $MSFT It will take a lot of conviction to just sell.", "time": 1531947848.0, "sentiment": ""}, {"id": 130540944, "text": "$AMZN lets break 1847 then smooth to 1852 for you daytraders", "time": 1531947838.0, "sentiment": ""}, {"id": 130540882, "text": "$AMZN swallowed that red candle whole on the 3min. Stop freaking out people. And don\u2019t listen to bears.", "time": 1531947821.0, "sentiment": "Bullish"}, {"id": 130540839, "text": "$AMZN damnit.. Knew i should have doubled my call!", "time": 1531947811.0, "sentiment": "Bullish"}, {"id": 130540766, "text": "$AMZN typical", "time": 1531947793.0, "sentiment": ""}, {"id": 130540726, "text": "$AMZN the fuck", "time": 1531947785.0, "sentiment": ""}, {"id": 130540521, "text": "@FreeMoneyAllDay $amzn can\u2019t even stay red after a big run up", "time": 1531947735.0, "sentiment": ""}, {"id": 130540409, "text": "$AMZN what a swing.", "time": 1531947710.0, "sentiment": ""}, {"id": 130540340, "text": "$AMZN Guess today will be stagnant. +/- 2-3 points at most.", "time": 1531947695.0, "sentiment": ""}, {"id": 130540209, "text": "$SPY $amzn is getting a huge save.", "time": 1531947666.0, "sentiment": ""}, {"id": 130540078, "text": "$AMZN tee hee", "time": 1531947632.0, "sentiment": "Bearish"}, {"id": 130539928, "text": "$AMZN we can\u2019t short this monster, it will bounce quickly wipes out all the out Alonso\u2019s of our profits", "time": 1531947600.0, "sentiment": "Bullish"}, {"id": 130539796, "text": "$AMZN Glad we got the bear posts out of the way quick this morning. Cruising altitude now.", "time": 1531947562.0, "sentiment": "Bullish"}, {"id": 130539752, "text": "$AMZN Let The Bears Pile On &amp; Weak Hands Sell. Buying shares again after selling my Calls at the open today. Massive Profit Booked.", "time": 1531947550.0, "sentiment": "Bullish"}, {"id": 130539709, "text": "$AMZN Is it me, or does this move whole points faster than ever? I get its lower %, but jeez!", "time": 1531947540.0, "sentiment": ""}, {"id": 130539599, "text": "The best deal on Prime Day may be Amazon\u2019s stock https://yhoo.it/2Lpmy9X $AMZN #PrimeDay", "time": 1531947514.0, "sentiment": ""}, {"id": 130539570, "text": "$NFLX Outside of a small handful of shows, Prime content is all terrible, low budget B movies. No contest there! $AMZN Fleabag I \u2764\ufe0f though", "time": 1531947508.0, "sentiment": ""}, {"id": 130539524, "text": "$AMZN this is healthy consolidation", "time": 1531947498.0, "sentiment": ""}, {"id": 130539441, "text": "$NFLX The company narrative keeps changing like Trump\u2019s stories. At first, we want to be #1 option on top of cable. Now, we &amp; $AMZN together", "time": 1531947476.0, "sentiment": ""}, {"id": 130539334, "text": "$AMZN U.S. housing starts hit nine-month low; permits fall http://www.streetinsider.com/Economic+Data/U.S.+housing+starts+hit+nine-month+low%3B+permits+fall/14409782.html via @Street_Insider", "time": 1531947451.0, "sentiment": ""}, {"id": 130539230, "text": "(am Press Releases $WTFC $RMBL $ROX $DWDP $KMB $KO $PEP $PG $UAL $TAST $MMC $AMZN $HSTM $GCBC $HMAO $S $QUMO https://marketchameleon.com/PressReleases", "time": 1531947423.0, "sentiment": ""}, {"id": 130539190, "text": "$AMZN Apparently it&#39;s sell the news today for #PrimeDay results. Should climb up in anticipation of earnings starting w/ $MSFT results tmrw", "time": 1531947413.0, "sentiment": ""}, {"id": 130539150, "text": "$SPY Amazon, where will you take me? Driving me towards where everything goes right now $AMZN", "time": 1531947400.0, "sentiment": ""}, {"id": 130539126, "text": "$AMZN Take profits and sell", "time": 1531947395.0, "sentiment": "Bearish"}, {"id": 130539122, "text": "$AMZN Haha. Good joke. You can turn around now amzn.", "time": 1531947394.0, "sentiment": "Bullish"}, {"id": 130539088, "text": "$AMZN +4.6k locked.", "time": 1531947383.0, "sentiment": ""}, {"id": 130539021, "text": "$AMZN dayummmmmmmmmmm.", "time": 1531947362.0, "sentiment": ""}, {"id": 130538995, "text": "$NFLX people still binge but streamland is filled with many players (even $WMT has &quot;vudu&quot;, and $AMZN &quot;Flywheel&quot; prime video)", "time": 1531947358.0, "sentiment": ""}, {"id": 130538885, "text": "$SPY i wanted to buy an $amzn put yesterday but i couldn&#39;t afford them... kinda lame", "time": 1531947334.0, "sentiment": ""}, {"id": 130538873, "text": "$AMZN what&#39;s happening", "time": 1531947331.0, "sentiment": ""}, {"id": 130538817, "text": "$AMZN I called this, my puts are ripping", "time": 1531947317.0, "sentiment": ""}, {"id": 130538761, "text": "$AMZN going down to 1810 range", "time": 1531947301.0, "sentiment": "Bearish"}, {"id": 130538758, "text": "$SPY lol watching $amzn go red so quickly... lol", "time": 1531947299.0, "sentiment": ""}, {"id": 130538738, "text": "$AMZN it\u2019s going to be the same as yesterday. Today is the tomorrow that we worried about yesterday.", "time": 1531947295.0, "sentiment": ""}, {"id": 130538727, "text": "$AMZN Caution with range so quick this morning. Appreciate what&#39;s given on silver platter.", "time": 1531947293.0, "sentiment": ""}, {"id": 130538644, "text": "$AMZN 1833 is my loading point of I can get it", "time": 1531947272.0, "sentiment": ""}, {"id": 130538600, "text": "$AMZN Should chg its name to AMAZOOM. A top holding for a lot of techies and retirees. Do your #DD. #AAAstock for years folks. Peace", "time": 1531947263.0, "sentiment": ""}, {"id": 130538538, "text": "$AMZN analysts on Estimize expect 37.72% YoY growth in CSOI for Q2, up from -12.43% in previous year [Reporting 07/26 AMC]\nhttp://www.estimize.com/intro/amzn?chart=change-over-time&amp;metric_name=csoi&amp;utm_content=AMZN&amp;utm_medium=metric_growth&amp;utm_source=stocktwits", "time": 1531947249.0, "sentiment": ""}, {"id": 130538537, "text": "$AMZN analysts on Estimize expect 42.85% YoY growth in AWS Revenue for Q2, up from 42.07% in previous year [Reporting 07/26 AMC]\nhttp://www.estimize.com/intro/amzn?chart=change-over-time&amp;metric_name=aws_revenue&amp;utm_content=AMZN&amp;utm_medium=metric_growth&amp;utm_source=stocktwits", "time": 1531947249.0, "sentiment": ""}, {"id": 130538355, "text": "$SPY struggling to save $amzn apparently, not sure why spy keeps rebounding", "time": 1531947201.0, "sentiment": ""}, {"id": 130538300, "text": "$AMZN up for the 10th market day in a row,1st time in 5 years. Shares are up +55.88% &amp; +79.48% in 52 wks. Market capitalization at $894.7B.", "time": 1531947186.0, "sentiment": ""}, {"id": 130538294, "text": "$AMZN Trust your instinct! Buy,sell or hold it\u2019s up to you at the end of the day It\u2019s your money not bears I mean theirs.\ud83d\ude00", "time": 1531947184.0, "sentiment": ""}, {"id": 130538248, "text": "$AMZN the board sounds like it is crashing 5% or somethin.. in fact it is flirting with yesterday close.. indicates bullishness.", "time": 1531947174.0, "sentiment": ""}, {"id": 130538004, "text": "$AMZN Amazon says this Prime Day was its biggest shopping event ever and your stock highest ever ever", "time": 1531947112.0, "sentiment": "Bearish"}, {"id": 130537951, "text": "A little perspective on the whole&quot;FANG blowing up&quot; $NFLX was up 110% YTD, $AMZN 57%, $GOOGL $FB less than 20%", "time": 1531947098.0, "sentiment": ""}, {"id": 130537895, "text": "Here\u2019s what 227 Estimize analysts believe $AMZN will report for Q2 2018 revenue [Reporting 07/26 AMC]\nhttp://www.estimize.com/intro/amzn?chart=historical&amp;metric_name=revenue&amp;utm_content=AMZN&amp;utm_medium=revenue_update&amp;utm_source=stocktwits", "time": 1531947086.0, "sentiment": ""}, {"id": 130537874, "text": "$AMZN $1660 today.. with all the updates flowing out on primeday and million Alexa devices sold = more sales. Not many sellers today", "time": 1531947081.0, "sentiment": ""}, {"id": 130537858, "text": "$AMZN Under VWAP near lows.", "time": 1531947078.0, "sentiment": ""}, {"id": 130537721, "text": "$AMAT $GOOGL $AMZN $FB $IQ $AAPL $NFLX\n\nThis small dip is a classic bear trap. Watch for a bounce soon.", "time": 1531947044.0, "sentiment": ""}, {"id": 130537502, "text": "$AMZN $FB $AAPL $NFLX", "time": 1531946992.0, "sentiment": ""}, {"id": 130537461, "text": "$AMZN Jeff b owns all the stock and he ain\u2019t selling so green forever", "time": 1531946978.0, "sentiment": "Bullish"}, {"id": 130537354, "text": "$AMZN if $BRK.A is at its present price then $AMZN has a long way to go.  Don&#39;t sweat the small stuff.", "time": 1531946951.0, "sentiment": "Bullish"}, {"id": 130537310, "text": "$AMZN prime subscribers are more likely to discontinue $nflx subscription or not add one", "time": 1531946940.0, "sentiment": ""}]