[{"id": 130676046, "text": "hmm i believe if $amzn announced the partnership $SNAP will be $17 with moment imho .. before the ER", "time": 1532033174.0, "sentiment": "Bullish"}, {"id": 130675933, "text": "$AMZN I am a Amazon bull forever but I see 1.5%+ down today.  Maybe I&#39;m wrong.... Still long  term bullish", "time": 1532033144.0, "sentiment": "Bearish"}, {"id": 130675875, "text": "$AMZN double bottom of the day reached!. So it has to fly at lest to $1850.00 but no strength", "time": 1532033133.0, "sentiment": ""}, {"id": 130675870, "text": "$ANET up on word that Amazon Web Services (AWS) $AMZN is not targeting the networking market.", "time": 1532033132.0, "sentiment": ""}, {"id": 130675496, "text": "@DJEuphoria mate, eBay is dead, writing has been on the wall for years. $AMZN will eat them alive going forward along with $UPS", "time": 1532033039.0, "sentiment": ""}, {"id": 130675474, "text": "$AMZN BUYING MORE", "time": 1532033035.0, "sentiment": "Bullish"}, {"id": 130675256, "text": "Are the World&#39;s Biggest FANG Stocks Screaming Buys? http://bit.ly/2uOaQ1k $FB $AMZN $NFLX $GOOG $GOOGL", "time": 1532032980.0, "sentiment": ""}, {"id": 130675065, "text": "$AMZN i am out from my options .  waiting for 50MA", "time": 1532032922.0, "sentiment": "Bullish"}, {"id": 130675064, "text": "$AMZN that&#39;s what we&#39;re talking about https://www.cnbc.com/2018/07/19/jp-morgan-says-amazon-is-a-top-pick-recommends-internet-giant-into-.html", "time": 1532032921.0, "sentiment": "Bullish"}, {"id": 130675021, "text": "$AMZN that was a fatty drop", "time": 1532032911.0, "sentiment": ""}, {"id": 130674988, "text": "Study: Amazon was up 9 days in a row. Short term bearish for $AMZN\n\nhttps://t.co/f43SLLMQrw", "time": 1532032902.0, "sentiment": ""}, {"id": 130674826, "text": "$AMZN VWAP. Range.", "time": 1532032861.0, "sentiment": ""}, {"id": 130674386, "text": "$AMZN scalped at open for a nice profit in 7 minutes.  Done for week.   Good trading everyone", "time": 1532032753.0, "sentiment": ""}, {"id": 130674188, "text": "$AMZN Just gathering steam in the early morning be it launches.", "time": 1532032704.0, "sentiment": "Bullish"}, {"id": 130673624, "text": "$AMZN $goog recovered but not amzn. Does it mean buying opportunity or bearish signal for the day?", "time": 1532032548.0, "sentiment": ""}, {"id": 130673597, "text": "$AMZN This is going to be a nice bounce for daytraders.  Calls loaded", "time": 1532032541.0, "sentiment": ""}, {"id": 130673540, "text": "$AMZN Highs.", "time": 1532032525.0, "sentiment": ""}, {"id": 130672925, "text": "$AMZN Flash up w/ SPY out gate. \n$TSLA Flash down out gate. Doesn&#39;t follow SPY.", "time": 1532032324.0, "sentiment": ""}, {"id": 130672302, "text": "$AMZN Can I buy calls today or wait till tomorrow.Excited", "time": 1532032097.0, "sentiment": "Bullish"}, {"id": 130672297, "text": "Stocks Set for Lower Start $ibm $ebay $pm $axp $trv $csco $amzn $foxa $cmcsa https://bit.ly/2uJCRr3", "time": 1532032095.0, "sentiment": ""}, {"id": 130672177, "text": "$AMZN $BABA US jobless claims fall to the lowest level since 1969.", "time": 1532032055.0, "sentiment": "Bullish"}, {"id": 130672142, "text": "$AMZN (Some Good News!) Avis to give Amazon customers 20% gift card for using Alexa to book a car https://on.mktw.net/2uBrD8C", "time": 1532032043.0, "sentiment": ""}, {"id": 130671803, "text": "$SNAP &amp; $AMZN  partnership .. will hurts a lot of others", "time": 1532031921.0, "sentiment": "Bullish"}, {"id": 130671444, "text": "$SEDG $DK $AA $IXUS $MU $SQ $AMZN", "time": 1532031796.0, "sentiment": "Bullish"}, {"id": 130671399, "text": "$SPY When Bears come out happy with the Mrkt isn&#39;t even down 1% that should tell you how desperate they&#39;ve gotten. Wow $AAPL $FB $AMZN $GOOG", "time": 1532031777.0, "sentiment": "Bullish"}, {"id": 130671018, "text": "$AMZN Gap down ~20pts. 1825 PM LOD. \n$TSLA Gap down 8pts off ATH. 315.5 PM LOD. \n$NFLX Gap down small after ER day 2 recovery.", "time": 1532031655.0, "sentiment": ""}, {"id": 130670912, "text": "$AMZN JPM&#39;s top pick", "time": 1532031613.0, "sentiment": ""}, {"id": 130670873, "text": "$AMZN scratching....clawing.....and climbing. ...1834", "time": 1532031600.0, "sentiment": "Bullish"}, {"id": 130670429, "text": "$AAOI buyout chances and premium went threw the roof with $AMZN attempts to take on $CSCO! What does $AVGO  or Huawei $QQQ", "time": 1532031440.0, "sentiment": "Bullish"}, {"id": 130670108, "text": "Here\u2019s what 238 Estimize analysts believe $AMZN will report for Q2 2018 revenue [Reporting 07/26 AMC]\nhttp://www.estimize.com/intro/amzn?chart=historical&amp;metric_name=revenue&amp;utm_content=AMZN&amp;utm_medium=revenue_update&amp;utm_source=stocktwits", "time": 1532031321.0, "sentiment": ""}, {"id": 130670072, "text": "Here\u2019s what 17 Estimize analysts believe $AMZN will report for Q2 CSOI on 07/26 AMC.\nhttp://www.estimize.com/intro/amzn?chart=historical&amp;metric_name=csoi&amp;utm_content=AMZN&amp;utm_medium=metric_update&amp;utm_source=stocktwits", "time": 1532031311.0, "sentiment": ""}, {"id": 130670071, "text": "Here\u2019s what 28 Estimize analysts believe $AMZN will report for Q2 AWS Revenue on 07/26 AMC.\nhttp://www.estimize.com/intro/amzn?chart=historical&amp;metric_name=aws_revenue&amp;utm_content=AMZN&amp;utm_medium=metric_update&amp;utm_source=stocktwits", "time": 1532031311.0, "sentiment": ""}, {"id": 130669830, "text": "$AMZN Bears are funny. So prior to a blowout ER theres a sale. I guess thats what they call bad :o)", "time": 1532031200.0, "sentiment": "Bullish"}, {"id": 130669808, "text": "$AMZN GOING GREEN", "time": 1532031192.0, "sentiment": "Bullish"}, {"id": 130669744, "text": "$AMZN going the buy more at the open!!! It\u2019s goin GREEN!!! \ud83c\udf89$$$", "time": 1532031161.0, "sentiment": "Bullish"}, {"id": 130668984, "text": "$AMZN I will also say, if I was short(which I\u2019m not) I would sell ASAP. This thing can shoot back up in 5 mins. GL bulls and bears!!!", "time": 1532030831.0, "sentiment": "Bullish"}, {"id": 130668740, "text": "$AMZN not gonna lie. I\u2019m getting a little nervous here now. Hopefully a jump back up at open. 41k shares PM. Not a huge amt. But not small.", "time": 1532030719.0, "sentiment": ""}, {"id": 130668700, "text": "$AMZN I have halted the most powerful stock on the market with my 7/20 calls. I am the ULTIMATE jinx. Sigh.", "time": 1532030697.0, "sentiment": "Bearish"}, {"id": 130668676, "text": "$AMZN i smell a red to green day", "time": 1532030686.0, "sentiment": ""}, {"id": 130668552, "text": "$AMZN Healthy pullback after, what, an 8 day run?", "time": 1532030621.0, "sentiment": ""}, {"id": 130668091, "text": "$AAOI if $AMZN attempts to take $CSCO business away is not a walk up call for consolidation I don\u2019t know what is! $QQQ", "time": 1532030415.0, "sentiment": "Bullish"}, {"id": 130667454, "text": "$AMZN who else wrote short calls this week?", "time": 1532030119.0, "sentiment": "Bearish"}, {"id": 130667287, "text": "$CSCO shares are getting a boost following a #MarketWatch report that $AMZN&#39;s AWS had no plans to start selling network switching equipment", "time": 1532030043.0, "sentiment": ""}, {"id": 130667266, "text": "@5kysTheLimit $AMZN doesnt want this junk", "time": 1532030035.0, "sentiment": ""}, {"id": 130666855, "text": "$AMZN just heard about a lot of returns not sure how widespread it is can&#39;t make money that way good luck no position....", "time": 1532029855.0, "sentiment": ""}, {"id": 130666411, "text": "$AMZN adding such a good number to be dipping", "time": 1532029659.0, "sentiment": ""}, {"id": 130666305, "text": "Premarket watchlist $RKDA $RCON $MTSL $SNES $CPAH $AMZN $NFLX $AVEO", "time": 1532029630.0, "sentiment": "Bullish"}, {"id": 130666127, "text": "$AMZN BULLISH AF!", "time": 1532029548.0, "sentiment": "Bullish"}, {"id": 130666053, "text": "$DIS Deal should help media stocks. We&#39;re in earnings folks so its let the weakhands go BTD! $SPY $BABA $AAPL $AMZN $FB $JPM $XLF $GS $MS $C", "time": 1532029521.0, "sentiment": "Bullish"}, {"id": 130666005, "text": "Plan:Buying the dip on $SPX $QQQ $SPY (which won&#39;t be much) heading into $AMZN ER. @ top, I will short for the sell off.Thank you.Good day.", "time": 1532029508.0, "sentiment": ""}, {"id": 130665541, "text": "$AMZN A Beat US Economy very Strong!! (Loose the tariffs Trump!)", "time": 1532029285.0, "sentiment": ""}, {"id": 130665493, "text": "$AMZN U.S. weekly jobless claims drop to more than 48-and-a-half-year low (207 VS 220) http://www.streetinsider.com/Economic+Data/U.S.+weekly+jobless+claims+drop+to+more+than+48-and-a-half-year+low/14414015.html via @Street_Insider", "time": 1532029253.0, "sentiment": ""}, {"id": 130665474, "text": "$AMZN Greatest CEO in world. Best company in world. Buy &amp; do not sell.", "time": 1532029242.0, "sentiment": "Bullish"}, {"id": 130665378, "text": "$AMZN Writing \u270d\ufe0f premium while you guys are holding weekly calls trying to squeeze more out. \n\nGreed is a hell of a thing.", "time": 1532029190.0, "sentiment": "Bearish"}, {"id": 130665234, "text": "$AMZN Monthly option expiry tomorrow.Late call buyers will panic. Looking to buy Calls on a fire-sale. I never hold over earnings crapshoot", "time": 1532029122.0, "sentiment": "Bullish"}, {"id": 130665119, "text": "$AMZN Let the age of musical chairs begin", "time": 1532029063.0, "sentiment": "Bearish"}, {"id": 130665047, "text": "$SPY $NDX $DJIA Breaking news 5 mins ago weekly jobless claims drop to 48 yr low market should be up! $IBM Beat earnings $NFLX $FB $AMZN https://www.cnbc.com/2018/07/18/us-weekly-jobless-claims-july-14-2018.html", "time": 1532029026.0, "sentiment": "Bullish"}, {"id": 130664860, "text": "$AMZN Need More Bears !!! 20 years of Bear carnage &amp; more show up everyday. Calling a top in Amzn has been painful.\nStaying Long Common.", "time": 1532028948.0, "sentiment": "Bullish"}, {"id": 130664827, "text": "$AMZN I wouldn\u2019t mind some panic selling to drop this baby to 1800-1810 for reentry. Load up for ER", "time": 1532028929.0, "sentiment": "Bullish"}, {"id": 130664445, "text": "$AMZN US weekly jobless claims total 207,000, vs 220,000 expected https://www.cnbc.com/2018/07/18/us-weekly-jobless-claims-july-14-2018.html", "time": 1532028764.0, "sentiment": "Bullish"}, {"id": 130664424, "text": "Market Recon $CRM $SPLK $IBM $AA $SAP $WDAY $NOW $NEWR $VMW $ADBE $AMZN $MSFT $C $DHR $DPZ $NUE  $TRV $UNP $COF $SWKS https://realmoney.thestreet.com/articles/07/19/2018/im-still-cloud-9-these-cloud-kings-market-recon?_ga=2.85925777.989657983.1531736467-20533965.1521547079", "time": 1532028752.0, "sentiment": ""}, {"id": 130664320, "text": "$AMZN 207000 vs 220000 jobless claim", "time": 1532028710.0, "sentiment": "Bullish"}, {"id": 130664084, "text": "$AMZN Stay low (or lower) so I can load up on this", "time": 1532028592.0, "sentiment": "Bullish"}, {"id": 130664080, "text": "$CSCO (+1.5% pre) Amazon $AMZN denies it will challenge Cisco with switch sales - MW\n\n$JNPR\n\nhttp://ooc.bz/l/25601", "time": 1532028589.0, "sentiment": ""}, {"id": 130664052, "text": "$AMZN $CSCO So its a worry for a few years away atm. Amazon is a big Cisco customer", "time": 1532028570.0, "sentiment": ""}, {"id": 130664025, "text": "$SWIR  &quot;SURGING DEMAND driving revenue up 18% for cloud service providers&quot; https://datacenternews.asia/story/surging-demand-driving-revenue-18-cloud-service-providers/ $INTC $IBM $GOOG $AMZN $QCOM $CSCO $T $VZ", "time": 1532028557.0, "sentiment": "Bullish"}, {"id": 130663958, "text": "$AMZN $CSCO I didn&#39;t like the verbiage on that statement. Won&#39;t be selling switches just probably making &amp; testing internal ones.", "time": 1532028523.0, "sentiment": ""}, {"id": 130663905, "text": "$AMZN buying more!", "time": 1532028491.0, "sentiment": "Bullish"}, {"id": 130663658, "text": "$AMZN thx for the premium gentlemen", "time": 1532028366.0, "sentiment": "Bearish"}, {"id": 130663393, "text": "$AMZN dpz missed its earnings", "time": 1532028219.0, "sentiment": ""}, {"id": 130663292, "text": "S&amp;P 500 Just 2% Below Record High, but There&#39;s More Uncertainty $QQQ $AAPL $AMZN $SPX https://goo.gl/VWHw65", "time": 1532028165.0, "sentiment": ""}, {"id": 130662644, "text": "$SPY $QQQ $IWM $DIA $AAPL $NFLX $AMZN", "time": 1532027805.0, "sentiment": ""}, {"id": 130662419, "text": "$AMZN $NFLX $TSLA All three of my 7/20 calls woke up red this morning. I am the ultimate jinx. JFC.", "time": 1532027689.0, "sentiment": "Bearish"}, {"id": 130662352, "text": "Quantamize Morning Quant Ride providing you with what you need to know for today&#39;s trading day! $AXP $AMZN $TSLA $MS http://bit.ly/mqr-st-7-19-2018", "time": 1532027650.0, "sentiment": ""}, {"id": 130662310, "text": "$AMZN Lmao at the bulls saying &quot;Told you!&quot; It&#39;s down $5 - .28% - and you&#39;re saying the sky is falling? What sort of paranoia do you livewith", "time": 1532027629.0, "sentiment": "Bullish"}, {"id": 130661825, "text": "JP Morgan says Amazon is a \u2018top pick,\u2019 recommends internet giant into its earnings report next week $AMZN https://www.cnbc.com/2018/07/19/jp-morgan-says-amazon-is-a-top-pick-recommends-internet-giant-into-.html", "time": 1532027363.0, "sentiment": ""}, {"id": 130661677, "text": "$AMZN this is looking like a perfect entry point pre earnings! Anything $1810-1830", "time": 1532027263.0, "sentiment": "Bullish"}, {"id": 130661665, "text": "$AMZN Price moved higher this week, matching CrowdThnk&#39;s forecast based on Positioning: https://crowdthnk.com/stocks/AMZN", "time": 1532027255.0, "sentiment": ""}, {"id": 130661492, "text": "$CSCO +1.4% (higher on reports that $AMZN has denied plans to sell switches)", "time": 1532027169.0, "sentiment": ""}, {"id": 130661081, "text": "$AMZN slipping down again probably settling in 1831-1833 range before popping", "time": 1532026931.0, "sentiment": "Bullish"}, {"id": 130660762, "text": "$SPY DeathStar on mission to destroy \ud83c\uddfa\ud83c\uddf8! $AMZN $WMT $CSCO", "time": 1532026719.0, "sentiment": "Bullish"}, {"id": 130659591, "text": "$QQQ $SPY $AMZN $AAPL \u2018Shocking&#39; and &#39;bogus&#39;: China&#39;s foreign ministry rebukes Kudlow for trade remarks", "time": 1532025933.0, "sentiment": "Bearish"}, {"id": 130659549, "text": "$AMZN Nasdaq Red!", "time": 1532025900.0, "sentiment": ""}, {"id": 130659538, "text": "$AMZN China calls Kudlow&#39;s trade accusations &quot;bogus&quot; https://www.forexlive.com/news/!/china-calls-kudlows-trade-dispute-accusations-bogus-20180719", "time": 1532025889.0, "sentiment": ""}, {"id": 130659474, "text": "$CSCO up $AMZN down ?!", "time": 1532025837.0, "sentiment": "Bullish"}, {"id": 130659105, "text": "$AMZN I jinxed the bulls yesterday with my calls.", "time": 1532025507.0, "sentiment": "Bearish"}, {"id": 130658894, "text": "$AMZN is a globalists US companies destroyer. Importing all that chinese stuff to US customers. Hurt our economy and workplaces.", "time": 1532025343.0, "sentiment": "Bearish"}, {"id": 130658709, "text": "$AMZN $FDX I am going to the dentist, see you later!!", "time": 1532025209.0, "sentiment": "Bullish"}, {"id": 130657810, "text": "$AAOI which player in optical DC business did not here the battle cry with recent activity by $AMZN. Consolidation is here! $QQQ", "time": 1532024355.0, "sentiment": "Bullish"}, {"id": 130657699, "text": "$AMZN over 4 billion huh? Jesus. Even high end estimates were way low. This company is a monster. Being down a couple bucks PM is a joke.", "time": 1532024250.0, "sentiment": "Bullish"}, {"id": 130657606, "text": "$AAOI avoiding death by $AMZN premium just went up! $140+ $QQQ", "time": 1532024172.0, "sentiment": "Bullish"}, {"id": 130657547, "text": "$AMZN met some amazon staff recently.  They seemed a bit depressed and nervous.", "time": 1532024114.0, "sentiment": ""}, {"id": 130657429, "text": "$AMZN https://www.google.com/amp/s/techcrunch.com/2018/07/18/amazon-prime-day-outage-cost/amp/", "time": 1532024002.0, "sentiment": "Bullish"}, {"id": 130657163, "text": "$AMZN This company\u2019s webpage error messages are accompanied by dogs. Wonder why the marketing dept chose dogs", "time": 1532023708.0, "sentiment": ""}, {"id": 130657132, "text": "$AMZN based on June 5th to June 8th slope I expect we see 1833 before ripping upwards....", "time": 1532023668.0, "sentiment": "Bullish"}, {"id": 130656985, "text": "$AMZN Buy on dips, it has worked for two years, watch the RS, 100 day moving avg etc, pattern has worked for over 1 yr.", "time": 1532023535.0, "sentiment": ""}, {"id": 130656981, "text": "$CSCO DeathStar $AMZN will come after $CSCO", "time": 1532023532.0, "sentiment": "Bullish"}, {"id": 130656284, "text": "$AMZN Feel bad for people whose calls expiring tomorrow! Including myself \ud83d\ude22", "time": 1532022652.0, "sentiment": ""}, {"id": 130656096, "text": "Chip Stocks Join The Party, Are The Banks Turning For The Better, $v $mu $spy $xlf $nflx $smh $fb $amzn $nflx $ba  https://mottcapitalmanagement.com/chip-stocks-join-the-party-are-the-banks-turning-for-the-better-more/", "time": 1532022418.0, "sentiment": ""}, {"id": 130655759, "text": "$AMZN 3 hrs left of PM and this is down on just 2000 shares traded. Don\u2019t fret just yet bulls. Talk to me at 9am.", "time": 1532021958.0, "sentiment": "Bullish"}, {"id": 130655553, "text": "$AMZN down in premarket", "time": 1532021665.0, "sentiment": "Bearish"}, {"id": 130655453, "text": "$AMZN Like many Indices can be ending 5 waves advances since 6.25.2018 and soon 3 waves back should happen. #elliottwave $SPX $NQ_F", "time": 1532021534.0, "sentiment": ""}, {"id": 130655223, "text": "$AMZN  Biggest Prime day(s) ever sure as Hell ain\u2019t gonna hurt earnings, I\u2019m long all the way", "time": 1532021214.0, "sentiment": "Bullish"}, {"id": 130655204, "text": "$AMZN will beat $AAPL in race to a trillion", "time": 1532021175.0, "sentiment": "Bullish"}, {"id": 130655183, "text": "$AMZN I tried to warn you all since Monday that the rug will be pulled out. That someone\u2019s gotta hold the bag. \n\nYesterday: \u201c2k coming!\u201d", "time": 1532021131.0, "sentiment": "Bearish"}, {"id": 130655141, "text": "$AMZN  probably gonna see a couple of red candles next few days. Go back &amp; study the charts, ref last few ATH\u2019s", "time": 1532021091.0, "sentiment": "Bullish"}, {"id": 130654948, "text": "$AMZN cmon down amzn.  I&#39;ll just double my calls.  $1920 after ER", "time": 1532020723.0, "sentiment": "Bullish"}, {"id": 130654873, "text": "$AMZN I&#39;m starting to feel bearish at least until ER", "time": 1532020594.0, "sentiment": ""}, {"id": 130654596, "text": "$SPY $BABA $AAPL $FB $AMZN facts are a b. At some point even Fox can\u2019t avoid.", "time": 1532020233.0, "sentiment": ""}, {"id": 130654504, "text": "$AMZN dayum", "time": 1532020107.0, "sentiment": ""}, {"id": 130654469, "text": "$AMZN $1920 after ER", "time": 1532020036.0, "sentiment": ""}, {"id": 130654215, "text": "#Elliottwave Analysis #Amazon showing impulse rally https://elliottwave-forecast.com/stock-market/elliott-wave-amazon-showing-impulse/ $AMZN", "time": 1532019623.0, "sentiment": ""}, {"id": 130654120, "text": "$AMZN 18 July update from yesterday: While dips stay above 1790.7, it still can see further upside #elliottwave", "time": 1532019372.0, "sentiment": ""}, {"id": 130654110, "text": "$AMZN Flushing out. \n\nTruly beautiful stuff", "time": 1532019349.0, "sentiment": "Bearish"}, {"id": 130653805, "text": "$AAOI what happens to AOI as Deathsrar comes for Cisco? $AMZN $CSCO $QQQ", "time": 1532018203.0, "sentiment": ""}, {"id": 130652752, "text": "$BABA what a steal. Copy $amzn and so much cheaper?  I hear they have a good #cloud too! Go long! Hold! $AABA", "time": 1532013439.0, "sentiment": ""}, {"id": 130652718, "text": "$AMZN $BABA $FB $GOOGL $NFLX Where to join?", "time": 1532013222.0, "sentiment": ""}, {"id": 130652678, "text": "$FB $AMZN $GOOGL $AAPL $AMD $BA $BABA $BIDU $BTC.X $ETH.X $CSCO $DIS $DPZ $IBM $INTC $IQ $ISRG $ADBE $AVGO $BRK.B $CRM", "time": 1532013016.0, "sentiment": ""}, {"id": 130652441, "text": "PowerTarget Trades Live Stream $AAPL $SPY $AMZN $NFLX $TSLA $GOOGL JULY 18 \n \nhttp://algorithmbasedstockscans.com/powertarget-trades-live-stream-aapl-spy-amzn-nflx-tsla-googl-july-18/", "time": 1532011901.0, "sentiment": ""}, {"id": 130652097, "text": "$AMZN It&#39;s not President Putin mini me who is saving the economy.  It&#39;s Bezos and the AMZN Prime day effect.  Big Etailers did fantastic.", "time": 1532010295.0, "sentiment": "Bullish"}, {"id": 130651519, "text": "$AMZN Amazon says it got more new Prime members on July 16 than any other day in its history https://on.mktw.net/2Lpkizv", "time": 1532007515.0, "sentiment": ""}, {"id": 130651334, "text": "Find out how good $AMZN earnings are and how the company\u2019s stock is affected by it entering more and more industries. https://www.stockmetrix.net/blog/post/071718/stealthy-quality-amazon-earnings?t=gauST#20a", "time": 1532006753.0, "sentiment": ""}, {"id": 130650612, "text": "Stocks to watch: $NVCN $CEI $AYTU $STAF $PEIX $MTSL $OASM $AMZN  $PED $HUBS $SHOP $AMD $CHRS $SMRT $CPAH  $AVRO $RIOT  $OKTA $NVDA", "time": 1532004962.0, "sentiment": "Bullish"}, {"id": 130650304, "text": "$SPY Peter Lynch put it perfectly. People who are nervous should sell &amp; let the Bulls move forward. History $AAPL $BABA $QQQ $GOOG $FB $AMZN", "time": 1532004035.0, "sentiment": "Bullish"}, {"id": 130650240, "text": "@BeyondPlusUltra @RayNC I was unclear before: no question $AMZN AWS far ahead of all cloud players. $MSFT $GOOGL maybe compete soon-ish ?", "time": 1532003833.0, "sentiment": "Bullish"}, {"id": 130649952, "text": "$SPY Wow, even Fox is turning. We&#39;re close kids. It&#39;s happening. Mrkt would dip than Rally once the Traitor is gone $BABA $AAPL $FB $AMZN", "time": 1532003031.0, "sentiment": "Bullish"}, {"id": 130649771, "text": "S T R O N G   B U Y \n$MCHP     $UNH      $ANTM     #SAMG     $ZAGG  \n \nB  U  Y \n$AMZN     $PEBK     $HEES     $GRC      $PLPC", "time": 1532002541.0, "sentiment": "Bullish"}, {"id": 130649705, "text": "$AMZN 25 bathrooms ....  ok", "time": 1532002355.0, "sentiment": "Bullish"}, {"id": 130649189, "text": "$AMZN when are prime day results being announced?", "time": 1532001386.0, "sentiment": "Bullish"}, {"id": 130648509, "text": "$DOGE.X maybe one Day we can use dogecoin to buy things on $AMZN , $EBAY , $WMT  and much more", "time": 1531999899.0, "sentiment": ""}, {"id": 130648502, "text": "$AMZN https://thefly.com/landingPageNews.php?id=2759548&amp;headline=AMZN-Amazoncom-price-target-raised-to--from--at-Piper-Jaffray", "time": 1531999890.0, "sentiment": ""}, {"id": 130648205, "text": "$AAOI in the crosshairs of Optical DC $CSCO\nVersus $AMZN ; ? \ud83c\udde8\ud83c\uddf3/ $AVGO", "time": 1531999312.0, "sentiment": "Bullish"}, {"id": 130647972, "text": "@zen25 sell $AMZN buy msft", "time": 1531998864.0, "sentiment": "Bullish"}, {"id": 130647932, "text": "#Update $AMZN Jul-27 1785 Calls Up +58%.  53.52 to 84.5 per contract since alerted on Jul 12, 2018. \n\n 8 days to expire.", "time": 1531998801.0, "sentiment": "Bullish"}, {"id": 130647822, "text": "$AMZN $AAPL $FB $GOOG $NFLX Just cuz mkt correction seems way overdue, does that mean da tech bubble will NOT grow even bigger like in 1999?", "time": 1531998627.0, "sentiment": "Bearish"}, {"id": 130647743, "text": "@zen25 calling $MSFT overvauled and also advocating people to buy the most overbought, overvauled, cult following stock $AMZN, just stop", "time": 1531998513.0, "sentiment": ""}, {"id": 130647579, "text": "$CSCO needs to protect itself from $AMZN $SapY $QQQ", "time": 1531998240.0, "sentiment": ""}, {"id": 130647442, "text": "$MSFT Sell this and buy $AMZN", "time": 1531998008.0, "sentiment": "Bearish"}, {"id": 130646586, "text": "$AMZN How many of you are holding through earnings?", "time": 1531996726.0, "sentiment": "Bullish"}, {"id": 130646533, "text": "$AMZN someone helped the stock go up a few points it seems.", "time": 1531996654.0, "sentiment": "Bullish"}, {"id": 130645941, "text": "$NFLX wont go down to $330 or so unless the entire stock mkt experiences a healthy pull back, especially all FANGs $FB $GOOG $AAPL $AMZN", "time": 1531996009.0, "sentiment": "Bearish"}, {"id": 130645684, "text": "$AMZN wow just wow lately..glad i didnt store my cash in a coffee can buried in backyard", "time": 1531995716.0, "sentiment": "Bullish"}, {"id": 130645629, "text": "$CSCO DeathStar $AMZN wants $CSCO $200 bil market cap! $QQQ", "time": 1531995650.0, "sentiment": "Bullish"}, {"id": 130645560, "text": "$AMZN I call $1,850 before earnings and it happen  strong setup $1900.00 here we come", "time": 1531995547.0, "sentiment": "Bullish"}, {"id": 130645331, "text": "Thursday\u2019s Watch 1 $FB $AMZN $GOOGL $AAPL $AMD $BA $BABA $BIDU $BTC.X $ETH.X $CSCO $DIS $DPZ $IBM $INTC $IQ $ISRG $ADBE $AVGO $BRK.B $CRM", "time": 1531995294.0, "sentiment": ""}, {"id": 130644876, "text": "$EBAY $AMZN we all know ebay is going to $50 by this time next year. Steady 5% revenue growth every year. price to earnings best in class", "time": 1531994704.0, "sentiment": "Bullish"}, {"id": 130644580, "text": "$MSFT $AMZN \n@BeyondPlusUltra @RayNC azure definitely gaining... but pretty sure the world still runs on AWS. \nanyone?", "time": 1531994290.0, "sentiment": "Bullish"}, {"id": 130644524, "text": "$AMZN I\u2019m wondering if I shoulda sold my call when this crept up past $1855 today. I\u2019m still up $1000 but I\u2019m exiting tomorrow I think.", "time": 1531994210.0, "sentiment": "Bullish"}, {"id": 130644518, "text": "$AMZN $SPY $TSLA $NFLX A part of me dies when people type the word &#39;loose&#39; when they mean to say &#39;lose&#39;. #CantFixStupid", "time": 1531994203.0, "sentiment": ""}, {"id": 130644070, "text": "$AMZN making waves at a 20.62% gain since 3 months ago http://bit.ly/1FwqbUL #AMZN", "time": 1531993733.0, "sentiment": ""}]