[{"id": 131069067, "text": "$GOOGL Congrats longs! This should set a nice tone tomorrow for $AMZN.", "time": 1532401902.0, "sentiment": ""}, {"id": 131069062, "text": "$GOOG So $fb and $amzn jump AH because this has good ER? People are so dumb.", "time": 1532401900.0, "sentiment": ""}, {"id": 131069023, "text": "$AMZN $FB up steep w/ $GOOGL $GOOG in AH", "time": 1532401890.0, "sentiment": ""}, {"id": 131068919, "text": "$AMZN really Amazon and trump. Couldn\u2019t we have skipped all the drama today and gone straight to now?", "time": 1532401861.0, "sentiment": ""}, {"id": 131068847, "text": "$AMZN i should have bought this :(", "time": 1532401839.0, "sentiment": ""}, {"id": 131068801, "text": "$GOOG leading the way, other techs going up as well $TWTR $FB $AMZN", "time": 1532401825.0, "sentiment": "Bullish"}, {"id": 131068775, "text": "$GOOG God, I love earnings season. $AMZN $FB $AAPL", "time": 1532401816.0, "sentiment": ""}, {"id": 131068772, "text": "$AMZN Facebook on Wednesday!!!", "time": 1532401816.0, "sentiment": ""}, {"id": 131068745, "text": "$AMZN Congrats FAANG LOngs!!!!!!!!", "time": 1532401805.0, "sentiment": ""}, {"id": 131068718, "text": "$AMZN wow someone lifted this \ud83d\ude1c", "time": 1532401795.0, "sentiment": "Bullish"}, {"id": 131068711, "text": "$AMZN  BULLETIN https://www.marketwatch.com/investing/stock/googl?mod=bnbh \nAlphabet shares jump 4% after results top expectations", "time": 1532401793.0, "sentiment": ""}, {"id": 131068639, "text": "$AMZN alright, now $GOOGL has also done her part. over to you, $FB &amp; $AMZN. woohoo, all that $!!", "time": 1532401774.0, "sentiment": "Bullish"}, {"id": 131068537, "text": "$GOOG $GOOGL charging up its buddies $AMZN $FB $NFLX \ud83e\udd11\ud83e\udd11", "time": 1532401741.0, "sentiment": "Bullish"}, {"id": 131068507, "text": "$AMZN 1900 friday!!!!!!!!!", "time": 1532401728.0, "sentiment": ""}, {"id": 131068476, "text": "$AMZN Likely see 1835 tomorrow", "time": 1532401715.0, "sentiment": ""}, {"id": 131068417, "text": "$AMZN I left my calls open!!! Woooootttr!!!!", "time": 1532401699.0, "sentiment": ""}, {"id": 131068407, "text": "$AMZN Google up 60 Points!", "time": 1532401698.0, "sentiment": ""}, {"id": 131068276, "text": "$AMZN Lord in Heaven Nasdaq will be rocking on Tuesday!!", "time": 1532401665.0, "sentiment": ""}, {"id": 131068215, "text": "$AMZN going to be up BIGLY tommorow", "time": 1532401649.0, "sentiment": "Bullish"}, {"id": 131068194, "text": "$AMZN GOOG firing on all cylinders big beat", "time": 1532401644.0, "sentiment": ""}, {"id": 131068148, "text": "$GOOGL lets GooooooOooOoooooo!!!!!!!! $SPY $Amzn all in baby!!!!", "time": 1532401631.0, "sentiment": "Bullish"}, {"id": 131068024, "text": "$AMZN Alphabet beats by $2.21, beats on revenue https://seekingalpha.com/news/3372508-alphabet-beats-2_21-beats-revenue?source=tweet $GOOG $GOOGL", "time": 1532401599.0, "sentiment": ""}, {"id": 131068010, "text": "$AMZN Question...is it better to have sector ETFs or just invest into SPY?", "time": 1532401595.0, "sentiment": ""}, {"id": 131067972, "text": "$GOOG Great numbers! $MSFT $AMZN $FB price spiking!!", "time": 1532401585.0, "sentiment": ""}, {"id": 131067884, "text": "$GOOG Great numbers. Should boost $AMZN too", "time": 1532401565.0, "sentiment": ""}, {"id": 131067856, "text": "$GOOG and a little relief for $AMZN too...", "time": 1532401557.0, "sentiment": ""}, {"id": 131067833, "text": "$AMZN and this is up 9+", "time": 1532401551.0, "sentiment": ""}, {"id": 131067789, "text": "$AMZN and $BABA up ah", "time": 1532401541.0, "sentiment": "Bullish"}, {"id": 131067688, "text": "$AMZN Up 43 Points!! I think They beat the EU Fine!!", "time": 1532401513.0, "sentiment": ""}, {"id": 131067498, "text": "$AMZN Google up 30 pointys In after HourS!", "time": 1532401464.0, "sentiment": ""}, {"id": 131067341, "text": "RECAP 7/23\n+Chatter: $BBBY $PYPL\n-Chatter: $AMZN $MDXG", "time": 1532401420.0, "sentiment": ""}, {"id": 131067042, "text": "$AMZN Monster morning. Unreal range. Options priced extraordinarily high this morning.", "time": 1532401342.0, "sentiment": ""}, {"id": 131066304, "text": "$AMZN 2 Minutes To Google earnings", "time": 1532401138.0, "sentiment": ""}, {"id": 131065955, "text": "$SPY $ALGN $RNG $OFG $QQQ $IWM $XLF $CFR $CBU $ VLY $AMZN $TWTR $ETSY $CSX $IBB $BIIB $VIX Market outlook and earnings review: https://youtu.be/tJcx_CBgpSc", "time": 1532401030.0, "sentiment": "Bullish"}, {"id": 131065925, "text": "The Fabulous Earnings Charts of the 5 Hottest Tech Stocks $GOOGL $FB $PYPL $AMZN $TWTR https://www.zacks.com/stock/news/312809/the-fabulous-earnings-charts-of-the-5-hottest-tech-stocks", "time": 1532401024.0, "sentiment": ""}, {"id": 131065478, "text": "$AMZN the guy is a influencer and he and his pals know it. If they want an in, he sets it up. This is going to the moon after blowout ER.", "time": 1532400894.0, "sentiment": ""}, {"id": 131065468, "text": "$AMZN hey... who said 1812 was a good deal last week? :&lt;", "time": 1532400892.0, "sentiment": ""}, {"id": 131064960, "text": "$AMZN GOOG beats and this will push 20 points...if GOOG beats", "time": 1532400732.0, "sentiment": ""}, {"id": 131064713, "text": "$AMZN will explode when $goog announces insane earnings. thanks for the buy in, orangutan", "time": 1532400659.0, "sentiment": "Bullish"}, {"id": 131064029, "text": "@hoos97 why? Guess where lots of people are shopping for toys? Answer: $AMZN.", "time": 1532400426.0, "sentiment": ""}, {"id": 131063871, "text": "@Dianastock @derekjames \ud83d\udd2e $AMZN will outlast him", "time": 1532400374.0, "sentiment": "Bullish"}, {"id": 131063630, "text": "$SPY If you want to win the space wars, you can&#39;t do it without Bezos $AMZN", "time": 1532400286.0, "sentiment": ""}, {"id": 131063628, "text": "$SPy $GOOGL $AMZN $aapl exciting big $$$ tech week. Managing your risk and ignore the online ADHD $$$ noise!!!", "time": 1532400285.0, "sentiment": ""}, {"id": 131063574, "text": "$AMZN Only a fool would invest in this with a 300 PE and the president has a vendetta against it!! Strong sell!!!", "time": 1532400265.0, "sentiment": "Bearish"}, {"id": 131063515, "text": "$AMZN Those 1850 weekly calls are looking attractive about now.  Thinking of getting some", "time": 1532400243.0, "sentiment": "Bullish"}, {"id": 131063150, "text": "$AMZN Google results will propel FANG stocks tomorrow. AMZN 1900 by Friday. Hop on now or be left behind.", "time": 1532400106.0, "sentiment": ""}, {"id": 131063143, "text": "@godzillalizard @reez007 @Frenzy @PerSE @AlexanderHandleton Trump on TV Just Attacked Globalist $AMZN $SPY $VIX", "time": 1532400104.0, "sentiment": "Bearish"}, {"id": 131063030, "text": "$AMZN is expected to show a strong growth in EPS. In the coming 2 years, the EPS will grow by 111.22% yearly. https://www.chartmill.com/analyze.php?utm_source=stocktwits&amp;utm_medium=FA&amp;utm_content=GROWTH&amp;utm_campaign=social_tracking#/AMZN?r=fa&amp;key=7e23e545-7a86-47d1-a0b4-6048c3164d97", "time": 1532400062.0, "sentiment": ""}, {"id": 131062986, "text": "$AMZN if $GOOGL misses it\u2019s ER, wonder where will it be!", "time": 1532400048.0, "sentiment": ""}, {"id": 131062359, "text": "$AMZN Is another tweet coming ?", "time": 1532399812.0, "sentiment": ""}, {"id": 131062237, "text": "$AMZN we miss power hours but seems aint today though", "time": 1532399768.0, "sentiment": "Bullish"}, {"id": 131062031, "text": "This week&#39;s top stock picks are Amazon $AMZN, and GrubHub $GRUB. https://www.zacks.com/stock/news/312800/top-stock-picks-for-the-week-of-july-23rd", "time": 1532399694.0, "sentiment": ""}, {"id": 131061846, "text": "@cybercash28 $AMZN partnered with $PYPL would truly be Amazoning!", "time": 1532399628.0, "sentiment": ""}, {"id": 131061535, "text": "Trade alerts expected this week $MMM $T $BIIB $HOG $TXN $F $GILD $V $AMZN $BMY $EMN $HSY $MA $LUV $SBUX $CVX $XOM $GOOGL $EA", "time": 1532399525.0, "sentiment": ""}, {"id": 131061093, "text": "$AMZN get the defib kit again, wake up amazon!!!", "time": 1532399352.0, "sentiment": "Bullish"}, {"id": 131060981, "text": "$TSLA $AMZN Happy Monday. $RETA $GOOGL", "time": 1532399312.0, "sentiment": ""}, {"id": 131060559, "text": "Four Members of the $800+ Billion Market Cap Club $AAPL $AMZN $CSCO $INTC $MSFT $NFLX $GOOGL $JPM $NVDA $GE https://goo.gl/oKff4o", "time": 1532399157.0, "sentiment": ""}, {"id": 131060503, "text": "$AMZN tune into google er here https://www.youtube.com/watch?v=TTvjOoMWWB8 63 minutes to go", "time": 1532399139.0, "sentiment": ""}, {"id": 131060261, "text": "Who do you think? $FB $AAPL $AMZN $GOOGL", "time": 1532399039.0, "sentiment": ""}, {"id": 131060172, "text": "With increased regulatory scrutiny &amp; earnings reports this week for some, who will be the last FAANG stock standing?! $FB $AAPL $AMZN $GOOGL", "time": 1532399006.0, "sentiment": ""}, {"id": 131060150, "text": "$GOOG - Peeps out of $AMZN for $GOOG run-up.", "time": 1532398997.0, "sentiment": ""}, {"id": 131059855, "text": "$AMZN Alphabet Earnings: What to Watch WSJ https://www.wsj.com/articles/alphabet-earnings-what-to-watch-1532338200 via @WSJ", "time": 1532398879.0, "sentiment": ""}, {"id": 131059628, "text": "$AMZN More comments about to come from Dump Truck.. yikesss....", "time": 1532398792.0, "sentiment": ""}, {"id": 131059595, "text": "$AMZN   \nAlphabet earnings could propel the stock closer to $1 trillion  https://www.cnbc.com/2018/07/23/google-alphabet-earnings-could-propel-stock-closer-to-1-trillion.html", "time": 1532398781.0, "sentiment": ""}, {"id": 131059573, "text": "$AMZN I hope Trump won&#39;t bash $GOOG on a tweet just before ER results. Looks like he can do whatever he wants and it works", "time": 1532398771.0, "sentiment": ""}, {"id": 131059557, "text": "$AMZN Everyone waiting for $GOOG results x", "time": 1532398764.0, "sentiment": ""}, {"id": 131059358, "text": "$AMZN more like sideways hour", "time": 1532398687.0, "sentiment": "Bullish"}, {"id": 131059347, "text": "$AMZN Tha nks Amzngirl!! Power Hour now!! and Google earnings in approx 45 Minutes!!", "time": 1532398683.0, "sentiment": ""}, {"id": 131059185, "text": "$AMZN @TraderEquities where are you to announce \u201cPower Hour\u201d. ?? \ud83d\ude1c\ud83d\ude1c", "time": 1532398623.0, "sentiment": "Bullish"}, {"id": 131058998, "text": "Loeb says $PYPL will be next $NFLX $AMZN, why not just buy the next Netflix -&gt; $DIS streaming service", "time": 1532398543.0, "sentiment": ""}, {"id": 131058967, "text": "US Calendar: Week Ahead $F $GM $HAS $MMM $T $VZ $AMZN $GOOG $FB $TWTR $SPX $BA https://goo.gl/15bX5J", "time": 1532398533.0, "sentiment": ""}, {"id": 131058899, "text": "$AMZN Tweets on ER week...shocker", "time": 1532398507.0, "sentiment": ""}, {"id": 131058511, "text": "$AMZN if $GOOGL does well on ER, I see amzn opening at1820 or so", "time": 1532398358.0, "sentiment": "Bullish"}, {"id": 131058319, "text": "$AMZN I predict massive beat again on rising expectations.  Look ahead to $100 to $200 pop.  Will beat application to $1tril on ER.", "time": 1532398277.0, "sentiment": ""}, {"id": 131057940, "text": "reducing my $AMZN position for the time being..", "time": 1532398113.0, "sentiment": "Bearish"}, {"id": 131057708, "text": "$AMZN everyone waiting on google i see", "time": 1532398015.0, "sentiment": "Bullish"}, {"id": 131057694, "text": "$AMZN 15min chart,  after crossing under 200ma, usually tests 800ma. Currently 1739ish, don&#39;t be fooled by end of day short cover!", "time": 1532398009.0, "sentiment": ""}, {"id": 131057660, "text": "$AMZN That fraud Trump tweeting about Amazon again. Worst president in US history. Bezo real businessman. Trump is here cause of daddy&#39;s $$$", "time": 1532397998.0, "sentiment": "Bullish"}, {"id": 131057398, "text": "$AMZN I have same feeling. But Amazon will rise after earnings.", "time": 1532397892.0, "sentiment": ""}, {"id": 131057396, "text": "$AMZN who&#39;s throwing the dice on this for the ER? I&#39;m still licking my $NFLX wounds.", "time": 1532397891.0, "sentiment": ""}, {"id": 131057319, "text": "I mean I will invest in cie that Trump likes, aand enjoy instead as he manipulated $AMZN  like a puppet", "time": 1532397861.0, "sentiment": ""}, {"id": 131056947, "text": "@BullRunner007 I see it for $AMZN but $MSFT is transitioning to growth. (looks expensive for a div stock, but still cheap for growth.)", "time": 1532397715.0, "sentiment": ""}, {"id": 131056862, "text": "$AMZN so what is the favorite Trump cie to be certain that he wont bash it and manipulate the market again?", "time": 1532397678.0, "sentiment": ""}, {"id": 131056755, "text": "$AMZN maybe I&#39;ll stop trading Amazon coz I dont wanna have a Trump Damocles Sword on my account that can make it drop whenever he wants", "time": 1532397636.0, "sentiment": "Bullish"}, {"id": 131056505, "text": "$AMZN Wow so many shorts!", "time": 1532397530.0, "sentiment": ""}, {"id": 131056358, "text": "$AMZN This will be + after $GOOGL beat.", "time": 1532397479.0, "sentiment": "Bullish"}, {"id": 131056165, "text": "$AMZN I have the worst feeling that goog Er will drag amzn down... please let me be 100% wrong lol", "time": 1532397407.0, "sentiment": "Bullish"}, {"id": 131056072, "text": "Estimize revenue expectations are 1.13% higher than that of Wall Street for $AMZN Q2 [Reporting 07/26 AMC]\nhttp://www.estimize.com/intro/amzn?chart=change-over-time&amp;metric_name=revenue&amp;utm_content=AMZN&amp;utm_medium=revenue_difference&amp;utm_source=stocktwits", "time": 1532397371.0, "sentiment": ""}, {"id": 131055918, "text": "$AMZN estimates distribution - here\u2019s what 30 Estimize analysts are expecting $AMZN to report for Q2 AWS Revenue on 07/26 AMC.\nhttp://www.estimize.com/intro/amzn?chart=scatterplotOrHistogram&amp;metric_name=aws_revenue&amp;utm_content=AMZN&amp;utm_medium=metric_distribution&amp;utm_source=stocktwits", "time": 1532397316.0, "sentiment": ""}, {"id": 131055765, "text": "$AMZN well it was looking bullish for a few minutes. Gotta wait to see how Google does I guess", "time": 1532397253.0, "sentiment": ""}, {"id": 131055500, "text": "$AMZN estimates distribution - here\u2019s what 20 Estimize analysts are expecting $AMZN to report for Q2 CSOI on 07/26 AMC.\nhttp://www.estimize.com/intro/amzn?chart=scatterplotOrHistogram&amp;metric_name=csoi&amp;utm_content=AMZN&amp;utm_medium=metric_distribution&amp;utm_source=stocktwits", "time": 1532397138.0, "sentiment": ""}, {"id": 131055414, "text": "$AMZN Almost Power Hour.", "time": 1532397113.0, "sentiment": ""}, {"id": 131055209, "text": "$GOOGL $GOOG FREE #Earnings Preview ($FB $AMZN $NFLX $QQQ) http://www.everytimeicash.com/wolf/2018/7/23/alphabetical-order-goog-googl-earnings", "time": 1532397037.0, "sentiment": ""}, {"id": 131054683, "text": "$AMZN usually moves with /NQ, BUT lagging big time right now, someone is keeping is down", "time": 1532396853.0, "sentiment": "Bearish"}, {"id": 131054607, "text": "@Middle_Class_Investor $amzn change your handle poor class investor because you short you end up in trailer park!", "time": 1532396828.0, "sentiment": "Bullish"}, {"id": 131054530, "text": "$AMZN google +up 20 points", "time": 1532396801.0, "sentiment": ""}, {"id": 131054334, "text": "$AMZN LOL, I don&#39;t know much but I know not to short AMZN.", "time": 1532396725.0, "sentiment": "Bullish"}, {"id": 131054331, "text": "@Middle_Class_Investor $amzn yet u never made a dime from it because of that attitude. Probably shorted it every earnings to only lose huge!", "time": 1532396725.0, "sentiment": "Bullish"}, {"id": 131054221, "text": "$AMZN Price target is 300", "time": 1532396690.0, "sentiment": "Bearish"}, {"id": 131054150, "text": "$AMZN This POS is about 1500 overvalued", "time": 1532396660.0, "sentiment": "Bearish"}, {"id": 131053971, "text": "$RAD $WBA $CVS $AMZN way overvalued and pumped making monkey money on UPS", "time": 1532396596.0, "sentiment": ""}, {"id": 131053839, "text": "$AMZN https://www.scmp.com/business/companies/article/2156529/deadline-looms-us-china-trade-war-leaves-fate-qualcomm-nxp-merger", "time": 1532396541.0, "sentiment": ""}, {"id": 131053254, "text": "$AMZN a lot of people took their $100 move fm $1700 &amp; left. Now they r going 2 regret the move to $1900 by Sept so get ready 4 that whimper!", "time": 1532396330.0, "sentiment": "Bullish"}, {"id": 131052611, "text": "$AMZN being held down by @osirustwits and he has a short watch on $HOG ouch", "time": 1532396091.0, "sentiment": "Bearish"}, {"id": 131051941, "text": "$AMZN Google +up 17 points", "time": 1532395843.0, "sentiment": ""}, {"id": 131051838, "text": "$AMZN down, $SPY up.", "time": 1532395805.0, "sentiment": ""}, {"id": 131051794, "text": "$AMZN I F in hate Trump who&#39;s with me?   Get him out already", "time": 1532395793.0, "sentiment": ""}, {"id": 131051612, "text": "$AMZN  &#39;&#39;Market manipulation is a deliberate attempt to interfere with the free + fair operation of the market&#39;&#39; Just like Trump this morn?", "time": 1532395719.0, "sentiment": "Bullish"}, {"id": 131051580, "text": "$AMZN VWAP. \n$TSLA Highs.", "time": 1532395707.0, "sentiment": ""}, {"id": 131050894, "text": "$AMZN All price action after 10am is low volume nonsense. The clue was massive buying in the 1700s, and will follow market up soon.", "time": 1532395444.0, "sentiment": ""}, {"id": 131050002, "text": "Alphabet, Amazon, Oh My: A Big Week For Internet ETFs https://www.etftrends.com/alphabet-amazon-oh-my-a-big-week-for-internet-etfs/ $AMZN $GOOGL $GOOG $OGIG $SOCL $FDN $PNQI $XWEB $TECL $QQQ", "time": 1532395087.0, "sentiment": ""}, {"id": 131049257, "text": "$AMZN close 1805. very interested to see the effect google er has on amzn", "time": 1532394797.0, "sentiment": ""}, {"id": 131049232, "text": "$AMZN I bet that Trump will tweet something against AMZN AGAIN on ER day , no ethic, no class, just brutal bashing", "time": 1532394788.0, "sentiment": "Bullish"}, {"id": 131049204, "text": "$AMZN I guess this is where we&#39;ll be touch above 1800 until ER fireworks. Using mute button more than ever since Orange boy became President", "time": 1532394778.0, "sentiment": ""}, {"id": 131048692, "text": "$AMZN is it legal to a President to comment like that about stock market cies?. Looks like ethic problems to say the least", "time": 1532394577.0, "sentiment": "Bullish"}, {"id": 131048675, "text": "Top SellFlow Money $IVE $SPY $BIV $AMZN $AAXJ $BABA $FB $CSCO $DXJ", "time": 1532394568.0, "sentiment": ""}, {"id": 131048392, "text": "Why we Long $HUYA $SOGO $IQ $JD they&#39;re just like Top 5 FANG only China. #1 $AMZN=JD, #2 $NFLX=HUYA &amp; IQ, #5 $GOOG=search SOGO &amp; JD Partner", "time": 1532394452.0, "sentiment": "Bullish"}, {"id": 131048183, "text": "@PerSE @Frenzy @reez007 @AlexanderHandleton @godzillalizard Trump want Markets Down $SPY =&gt;&gt;Blame it on Globalist&lt;&lt;== $AMZN FANG $VIX", "time": 1532394385.0, "sentiment": "Bearish"}, {"id": 131048021, "text": "@PerSE @Frenzy @reez007  @AlexanderHandleton @godzillalizard Trump Shorting $AMZN So can Tell his Followers Great Economy=Witch hunt did it", "time": 1532394313.0, "sentiment": "Bearish"}, {"id": 131047980, "text": "$AMZN Violent flush out gate. Bizarre. Trump still obsessed with Bezos?", "time": 1532394298.0, "sentiment": ""}, {"id": 131047972, "text": "$AMZN he is proving himself his logic against wp/amzn has no basis.. his tweet is BULLISH long term.. this is too funny", "time": 1532394294.0, "sentiment": ""}, {"id": 131047928, "text": "$AMZN funny people on here telling bezos to sell the post cause orangeface is cranky. Don&#39;t people see he&#39;s trying to distract from russia?", "time": 1532394274.0, "sentiment": "Bullish"}, {"id": 131047646, "text": "I believe the expectations for most big tech stocks are too high to see a gap and go action this quarter. $GOOGL $AAPL $AMZN", "time": 1532394161.0, "sentiment": ""}, {"id": 131047626, "text": "$AMZN Bezos for president", "time": 1532394150.0, "sentiment": "Bullish"}, {"id": 131047197, "text": "$AMZN Yea Bezos should sell W Post or make peace with POTUS", "time": 1532394001.0, "sentiment": ""}, {"id": 131046960, "text": "$AMZN I believe Friday&#39;s revenue will come in between $57B-$60B which crushes the $53 revenue estimate.  Driven by ad rev and whole foods", "time": 1532393896.0, "sentiment": "Bullish"}, {"id": 131046780, "text": "$AMZN donald duck being happy or not happy is not the point. the point is that he is giving Kim higher and higher ground by tweeting gabages", "time": 1532393821.0, "sentiment": ""}, {"id": 131046533, "text": "@PerSE @AlexanderHandleton @godzillalizard @Frenzy @reez007 If we give it to Trump he will short $AMZN so we do FBI! ahahaha $SPY $VIX", "time": 1532393715.0, "sentiment": "Bullish"}, {"id": 131046428, "text": "$AMZN Google +up 13 Points ! https://www.marketwatch.com/investing/stock/goog  Earnings tonite after Bell!", "time": 1532393672.0, "sentiment": ""}, {"id": 131046192, "text": "@howardlindzon $AMZN", "time": 1532393561.0, "sentiment": ""}, {"id": 131046145, "text": "$AMZN umm excuse me why is this still above 1800", "time": 1532393543.0, "sentiment": ""}, {"id": 131045654, "text": "$AMZN really tempted to buy some calls eod for a gap up play recovery. Let\u2019s see where we end today, let\u2019s some burn up some theta first", "time": 1532393316.0, "sentiment": ""}, {"id": 131045453, "text": "$AMZN You\u2019ve had your fun Amazon.  Now it\u2019s time for Facebook to eat.", "time": 1532393233.0, "sentiment": "Bullish"}, {"id": 131044902, "text": "$AMZN bring it on coward. Just do not talk the talk. AMZN", "time": 1532393000.0, "sentiment": "Bullish"}, {"id": 131044439, "text": "$AMZN this could get ugly", "time": 1532392813.0, "sentiment": ""}, {"id": 131044347, "text": "$AMZN #Amazon #earnings: Prime Day isn\u2019t the only thing giving business a boost https://www.marketwatch.com/story/amazon-earnings-prime-day-isnt-the-only-thing-giving-business-a-boost-2018-07-23", "time": 1532392775.0, "sentiment": ""}, {"id": 131044100, "text": "Checking them off one by one... not many left now... go get &#39;em Donnie! #ManyFeelTheyShouldBeBrought #EveryoneIsSayingIt #CK2018 $AMZN", "time": 1532392665.0, "sentiment": ""}, {"id": 131044006, "text": "$AMZN Look for Trump to throw a monkey wrench right around earnings. Question is, will he succeed? Doubt it.", "time": 1532392622.0, "sentiment": "Bullish"}, {"id": 131043913, "text": "$EBAY do it for $amzn and $GOOGL", "time": 1532392577.0, "sentiment": ""}, {"id": 131043315, "text": "$AMZN got a share at 1780 what a baller", "time": 1532392338.0, "sentiment": "Bullish"}, {"id": 131043305, "text": "$AMZN https://finance.yahoo.com/m/f22f7ff3-ed4b-3585-a830-4312709ac989/why-all-5-faang-stocks-are.html \n \nJust buy the dips", "time": 1532392334.0, "sentiment": "Bullish"}, {"id": 131043277, "text": "$AMZN holding above $1800 that\u2019s a good sign I hope?!", "time": 1532392323.0, "sentiment": "Bullish"}, {"id": 131043215, "text": "Hold $AMZN $GOOGL $MU  $NVDA $NTNX $NFLX  $TWTR $TSLA \n\nWe climb a wall of worry.", "time": 1532392303.0, "sentiment": ""}, {"id": 131042896, "text": "@QuarterToDollar normal $AMZN sell Chinese products too", "time": 1532392168.0, "sentiment": "Bullish"}, {"id": 131042400, "text": "$AMZN PRETTY IMPRESSIVE - HOLDING IT PRETTY GOOD", "time": 1532391928.0, "sentiment": "Bullish"}, {"id": 131041859, "text": "Will my Sept &#39;18 options be good then?  Can I buy a time machine on $AMZN yet?", "time": 1532391690.0, "sentiment": "Bullish"}, {"id": 131041562, "text": "$AMZN I don\u2019t think everyone understands how lucky they are if bought it this morning", "time": 1532391565.0, "sentiment": "Bullish"}, {"id": 131041505, "text": "$AMZN 30pt breakdown through 1800 and 1797.38 daily support off ATH. Bounced 38pts off LOD and safe ~20pts after dir estd. Risky out gate.", "time": 1532391545.0, "sentiment": ""}, {"id": 131041454, "text": "@freericky Would probably need $AMZN $GOOGL and $FB to all miss, although as we saw with $NFLX, a miss on any metric, not just EPS can do it", "time": 1532391521.0, "sentiment": ""}, {"id": 131041211, "text": "Estimize EPS expectations are 6.14% higher than that of Wall Street for $AMZN Q2 [Reporting 07/26 AMC]\nhttp://www.estimize.com/intro/amzn?chart=change-over-time&amp;metric_name=eps&amp;utm_content=AMZN&amp;utm_medium=eps_difference&amp;utm_source=stocktwits", "time": 1532391428.0, "sentiment": ""}]