[{"id": 135559570, "text": "$AMZN 4 Points to 2000!", "time": 1535595174.0, "sentiment": ""}, {"id": 135559562, "text": "$AMZN \n\nAnyone who says one more word about \u201ccorporate greed\u201d will get blocked. \n\nDon\u2019t bite the hand that feeds you.\n\nFUCK BERNIE SANDERS.", "time": 1535595172.0, "sentiment": "Bullish"}, {"id": 135559499, "text": "$AMZN 2k coming right up.", "time": 1535595152.0, "sentiment": ""}, {"id": 135559487, "text": "$AMZN good entry point here? or should I wait for pullback to 1992.50?", "time": 1535595149.0, "sentiment": ""}, {"id": 135559411, "text": "$DIA will I get my first fortnite victory before $AMZN gets to 2k/share?  click on this link and find out! https://mixer.com/SCREAMNGseagull", "time": 1535595126.0, "sentiment": ""}, {"id": 135559395, "text": "$AMZN Gracias!!!", "time": 1535595122.0, "sentiment": "Bullish"}, {"id": 135559276, "text": "$866,700 of bullish unusual option activity detected for $AMZN https://t.co/5pMDj5879F https://t.co/bWJt0ReynV", "time": 1535595085.0, "sentiment": ""}, {"id": 135559270, "text": "$1,429,840 of bearish unusual option activity detected for $AMZN https://t.co/5pMDj5879F https://t.co/1zVoHkKzSs", "time": 1535595083.0, "sentiment": ""}, {"id": 135559266, "text": "will I get my first fortnite victory before $AMZN gets to 2k/share? \nclick on this link and find out! https://mixer.com/SCREAMNGseagull", "time": 1535595082.0, "sentiment": ""}, {"id": 135559229, "text": "Unlike $AMZN,$TWTR knows how to stream sports well where users rave about the quality.  Can u say acquisition!  https://money.cnn.com/2018/08/29/technology/amazon-us-open-coverage/index.html", "time": 1535595067.0, "sentiment": ""}, {"id": 135559223, "text": "$AMZN is taking all the shine from $WMT today.", "time": 1535595065.0, "sentiment": ""}, {"id": 135559172, "text": "[3:08PM] Got a feeling that $AMZN $CGC And $AAPL will ramp way higher into the close   https://wavegenius.com/308pm-got-a-feeling-that-amzn", "time": 1535595047.0, "sentiment": ""}, {"id": 135559027, "text": "$AMZN this bish flying", "time": 1535595003.0, "sentiment": "Bullish"}, {"id": 135558999, "text": "$AMZN todays inflow/outflow chart..we should get to a trillion dollar eow", "time": 1535594994.0, "sentiment": "Bullish"}, {"id": 135558884, "text": "$AMZN $fb $googl $msft The Bull Market will only end after the $T gang all gets together. $qqq $spy", "time": 1535594960.0, "sentiment": "Bullish"}, {"id": 135558881, "text": "$AMZN", "time": 1535594960.0, "sentiment": ""}, {"id": 135558874, "text": "$AMZN $300 by next year? This is the type of conviction that destroys trading accounts.", "time": 1535594958.0, "sentiment": ""}, {"id": 135558840, "text": "$AMZN how much to get to trillion value?", "time": 1535594950.0, "sentiment": "Bullish"}, {"id": 135558812, "text": "$AMZN so the question is..where is amazongirl!", "time": 1535594943.0, "sentiment": ""}, {"id": 135558806, "text": "50 shares of $amzn or 14 bitcoins. If bitcoin hits 20k again you make 182k. To make 182k in amzn it needs to hit 6k lol. What&#39;s more likely?", "time": 1535594942.0, "sentiment": ""}, {"id": 135558759, "text": "$AMZN same person that is bearish is the same person who thought amazon would crash to 1500 after ER HAHAHA give me the money \ud83e\udd11\ud83e\udd11\ud83e\udd11", "time": 1535594929.0, "sentiment": "Bullish"}, {"id": 135558716, "text": "$AMZN  pump it, 2000 eod, 2200 next week...", "time": 1535594917.0, "sentiment": "Bullish"}, {"id": 135558684, "text": "$AMZN $spy Amazon the ultimate mkt hedge play now. F**k gold, bonds, bitcoin, consumer staples, etc.   Anti AMZN Trump tweet any moment now", "time": 1535594907.0, "sentiment": ""}, {"id": 135558672, "text": "$AMZN", "time": 1535594904.0, "sentiment": "Bullish"}, {"id": 135558649, "text": "$AMZN i&#39;d say &quot;not looking good shorts&quot; but i&#39;ll let the man from San Fran do his thing", "time": 1535594896.0, "sentiment": ""}, {"id": 135558553, "text": "$AMZN", "time": 1535594862.0, "sentiment": "Bearish"}, {"id": 135558547, "text": "$GCG $SQ $AMZN no partial profits. I don&#39;t readjust anything in my portfolio until 8/1/2020. Until then my portfolio is locked for selling.", "time": 1535594860.0, "sentiment": ""}, {"id": 135558507, "text": "$AMZN I\u2019m more interested what will happen AH", "time": 1535594849.0, "sentiment": ""}, {"id": 135558493, "text": "$AMZN remeber those days when a company was too big and they created antitrust laws? What the hell happened to that?", "time": 1535594844.0, "sentiment": ""}, {"id": 135558461, "text": "$AMZN Opened up large short position. This bloated pig headed back to $300 by next yr", "time": 1535594836.0, "sentiment": "Bearish"}, {"id": 135558356, "text": "$AMZN stock boosts +2.06% as newly hired  hires executive Marie Donoghue, formerly from ESPN was announced https://www.newsquantified.com/amzn/stock-report/amazoncom-hires-former-espn-executive-marie-05qwiz#app0", "time": 1535594806.0, "sentiment": ""}, {"id": 135558293, "text": "$AMZN few more for 2", "time": 1535594780.0, "sentiment": "Bullish"}, {"id": 135558231, "text": "$AMZN all right... let&#39;s go to 2000", "time": 1535594761.0, "sentiment": "Bullish"}, {"id": 135558176, "text": "$AMZN WTF.  they getting into coal mining or something?", "time": 1535594742.0, "sentiment": ""}, {"id": 135558168, "text": "$AMZN today is actually going to be the day?  2k", "time": 1535594740.0, "sentiment": ""}, {"id": 135558095, "text": "$NVDA $AMZN $V $AAPL Thank you Mr Trump for a hearty return!", "time": 1535594713.0, "sentiment": "Bullish"}, {"id": 135557994, "text": "$CGC $SQ $AMZN I&#39;d like to share with everyone I am not taking any profits and well over 150% on all trades.", "time": 1535594682.0, "sentiment": ""}, {"id": 135557832, "text": "$AMZN $QQQ $BTC Same muppets", "time": 1535594637.0, "sentiment": ""}, {"id": 135557785, "text": "$AMZN Doesn\u2019t look like 2k until AH or PM", "time": 1535594618.0, "sentiment": ""}, {"id": 135557762, "text": "$AMZN mind doing a forward share split?", "time": 1535594612.0, "sentiment": ""}, {"id": 135557750, "text": "$AMZN Please enlighten me, explain to me how with a trillion-dollar valuation, AMZN will ever have a PE ratio less than 30? I say impossible", "time": 1535594607.0, "sentiment": ""}, {"id": 135557688, "text": "$AMZN HAHAHAH", "time": 1535594588.0, "sentiment": "Bullish"}, {"id": 135557643, "text": "$AMZN $2,000 breach coming", "time": 1535594573.0, "sentiment": "Bullish"}, {"id": 135557634, "text": "$AMZN Get it now. Why wait until the floodgates open at $2k?", "time": 1535594570.0, "sentiment": "Bullish"}, {"id": 135557580, "text": "$AMZN Welcome to Power Hour!", "time": 1535594551.0, "sentiment": "Bullish"}, {"id": 135557529, "text": "$AMZN The Power Hour!", "time": 1535594535.0, "sentiment": ""}, {"id": 135557527, "text": "$AMZN 6 points away !!", "time": 1535594535.0, "sentiment": "Bullish"}, {"id": 135557523, "text": "$QQQ $AMZN Bull markets end in parabolic buy panics", "time": 1535594534.0, "sentiment": ""}, {"id": 135557500, "text": "$AMZN just blow your load already", "time": 1535594522.0, "sentiment": ""}, {"id": 135557492, "text": "$AMZN what a wonderful YTD run...woot woot ..go beast go", "time": 1535594520.0, "sentiment": "Bullish"}, {"id": 135557473, "text": "$AMZN $4 in 2 minutes ...", "time": 1535594514.0, "sentiment": ""}, {"id": 135557451, "text": "$amzn covered half for decent gainer 1992", "time": 1535594508.0, "sentiment": ""}, {"id": 135557444, "text": "$AMZN Is this the push that&#39;s going to bring to $2000...", "time": 1535594506.0, "sentiment": "Bullish"}, {"id": 135557438, "text": "$AMZN Power hour - don\u2019t think you want to be watching on the sides or holding this tomorrow - going over $2,000 today!\ud83d\ude80", "time": 1535594503.0, "sentiment": "Bullish"}, {"id": 135557315, "text": "$AMZN Every $1 up makes Bezos $78 million dollars richer....WOW", "time": 1535594465.0, "sentiment": ""}, {"id": 135557271, "text": "$AMZN 2K Biyatches", "time": 1535594452.0, "sentiment": ""}, {"id": 135557256, "text": "$QQQ $SPY $AMZN  do you really think so?", "time": 1535594447.0, "sentiment": ""}, {"id": 135557218, "text": "$AMZN Unless you own 1k shares of this you are wasting your time...better off to have bitcoin imo...chance to make huge versus meh.", "time": 1535594434.0, "sentiment": ""}, {"id": 135557201, "text": "$AMZN forgot to eat today, couldnt leave my computer", "time": 1535594429.0, "sentiment": "Bullish"}, {"id": 135557196, "text": "$AMZN", "time": 1535594428.0, "sentiment": ""}, {"id": 135557169, "text": "$AMZN 2k gonna smack this thing in the face like a brick wall. Setting buys sporadically thought out 1k to 1350 idc when they fill", "time": 1535594421.0, "sentiment": "Bearish"}, {"id": 135556949, "text": "$AAPL $AMZN  undervalued here?...", "time": 1535594342.0, "sentiment": "Bullish"}, {"id": 135556830, "text": "$AMZN Todays volume is 5mill we have had 6-9mill vol arnd july.. Tomorrow momentum will continue.. hoping for 2% day tomorrow", "time": 1535594302.0, "sentiment": "Bullish"}, {"id": 135556813, "text": "$AMZN MM\u2019s need to burn some call option premium. There will be a drop soon. They can\u2019t have a straight up move.", "time": 1535594295.0, "sentiment": ""}, {"id": 135556805, "text": "$AMZN *generic statement here*", "time": 1535594294.0, "sentiment": ""}, {"id": 135556792, "text": "$BTC.X For the price of 3 shares of amazon you could have 1 bitcoin. Think about that. 1btc could be 500k...3 amazon shares NOPE.$amzn", "time": 1535594289.0, "sentiment": ""}, {"id": 135556695, "text": "$AMZN bought 1 share 1990 will hold til 100000.", "time": 1535594258.0, "sentiment": ""}, {"id": 135556676, "text": "$AMZN should i buy on this dip? down $7 off intraday highs", "time": 1535594252.0, "sentiment": ""}, {"id": 135556668, "text": "$AMZN crazy, everyone has annoying bears! I\u2019m hoping 2200 by next month!", "time": 1535594249.0, "sentiment": ""}, {"id": 135556615, "text": "$AMZN 2200 next week, they are going wild....", "time": 1535594230.0, "sentiment": "Bullish"}, {"id": 135556562, "text": "$AMZN bubble bubble bubble", "time": 1535594216.0, "sentiment": "Bearish"}, {"id": 135556517, "text": "$AMZN oversold", "time": 1535594201.0, "sentiment": ""}, {"id": 135556420, "text": "$AMZN There is SO MICH institutional money in this company. \n\nOne analyst on CNBC saying sell, won\u2019t do SHIT.\n\nThe market has a short memory", "time": 1535594170.0, "sentiment": ""}, {"id": 135556401, "text": "$AMZN when to sell tho still have 10 calls exp sep 7", "time": 1535594163.0, "sentiment": "Bullish"}, {"id": 135556400, "text": "$AMZN Power Hour - in T minus 4. \ud83d\ude80", "time": 1535594163.0, "sentiment": "Bullish"}, {"id": 135556399, "text": "$AMZN Power Hour in 5 Minutes!! To 2000 at Bell!  We can do this!!", "time": 1535594163.0, "sentiment": ""}, {"id": 135556356, "text": "$AMZN another momentum this can break 2k and hit 2010", "time": 1535594149.0, "sentiment": "Bullish"}, {"id": 135556329, "text": "$AMZN buying gifts, bc amazon is basically giving me gifts \ud83d\udcb0", "time": 1535594139.0, "sentiment": "Bullish"}, {"id": 135556248, "text": "@AlexanderHandleton @Frenzy @luvngspnful @reez007 @April0505 @Boyle @PerSE @Stockcat01 &amp; Trump hating FANG $GOOG $AMZN Could do no damage", "time": 1535594117.0, "sentiment": ""}, {"id": 135556185, "text": "$AMZN Currently saved by buying in other techs ... Last hour will show", "time": 1535594097.0, "sentiment": ""}, {"id": 135556161, "text": "$QQQ $TQQQ $SQQQ $AMZN $AAPL https://www.cnbc.com/2018/08/29/stocks-rally-to-new-highs-but-september-could-bring-negative-shocks.html", "time": 1535594091.0, "sentiment": ""}, {"id": 135556136, "text": "$AMZN With no neg overnight news this will likely gap over that 2k", "time": 1535594082.0, "sentiment": ""}, {"id": 135556016, "text": "$AMZN next leg down", "time": 1535594038.0, "sentiment": ""}, {"id": 135555993, "text": "$SPY $QQQ $AMZN $AAPL $MSFT $NVDA  Bulls running wild on Wall Street again!...", "time": 1535594026.0, "sentiment": "Bullish"}, {"id": 135555979, "text": "$AMZN people going to take profits this last hour of trading we will finish around $1,972", "time": 1535594024.0, "sentiment": ""}, {"id": 135555968, "text": "$AMZN why is this down $8 off intraday highs?! reason for concern?", "time": 1535594020.0, "sentiment": ""}, {"id": 135555955, "text": "$AMZN frotheeeeeeee...good lawd.", "time": 1535594013.0, "sentiment": ""}, {"id": 135555908, "text": "$AAPL $AMZN $FTNT $SQ  $ETSY $DXCM  $ABMD   $EW $NVDA $GOOGL   $NFLX  $TTD $TWLO  $GRUB $WWE Buy when U can stks !", "time": 1535593995.0, "sentiment": ""}, {"id": 135555899, "text": "$AMZN $2K", "time": 1535593993.0, "sentiment": "Bullish"}, {"id": 135555845, "text": "$SPY one upgrade for $amzn and you have massive buy volume into a pure vertical parabola", "time": 1535593973.0, "sentiment": ""}, {"id": 135555796, "text": "$AMZN momentum like this doesn\u2019t go away overnight. I think we see 1 trillion by the end of the week.", "time": 1535593956.0, "sentiment": ""}, {"id": 135555683, "text": "$AMZN come on morgan stanley... only $2500?", "time": 1535593922.0, "sentiment": ""}, {"id": 135555664, "text": "$AMZN I went long 5000 shares at $1990", "time": 1535593917.0, "sentiment": "Bullish"}, {"id": 135555559, "text": "$AMZN  im up from 1920 calls  i been at work all day and just saw this  calls exp 2 days", "time": 1535593882.0, "sentiment": ""}, {"id": 135555327, "text": "$AMZN I don\u2019t know how you handle risk. I am holding what little I have, for what it\u2019s worth.", "time": 1535593807.0, "sentiment": ""}, {"id": 135555245, "text": "$AAPL 18.82% $AMD 40.1% $AMZN \n14.59% $NFLX $CSCO 15.58% $CRM 19.57% $NVDA 16.82% $MSFT 6.91%, $SPY 4.46%, $QQQ 6.98% 1 Month return= Bubble", "time": 1535593780.0, "sentiment": "Bearish"}, {"id": 135555173, "text": "$AMZN $QQQ $SPY  &quot; I am worth how much?...&quot;", "time": 1535593760.0, "sentiment": "Bullish"}, {"id": 135555054, "text": "@Frenzy @AlexanderHandleton @luvngspnful @reez007 @April0505 @Boyle @PerSE @Stockcat01 Trump supporters listen to Trump keep shorting $AMZN", "time": 1535593720.0, "sentiment": ""}, {"id": 135555023, "text": "$AMZN I think this week is 2000.", "time": 1535593711.0, "sentiment": ""}, {"id": 135555013, "text": "$AMZN so overbought", "time": 1535593708.0, "sentiment": ""}, {"id": 135555003, "text": "$SPY pullbacks in like $AAPL and  $AMZN are profit taking and allow for opportunities to add to your current positions.  They r not crashing", "time": 1535593703.0, "sentiment": ""}, {"id": 135554971, "text": "$AMZN BUCKKE UP", "time": 1535593691.0, "sentiment": "Bearish"}, {"id": 135554962, "text": "$AMZN 2061$ per stock makes this 1 trillion market cap. Stay long", "time": 1535593689.0, "sentiment": "Bullish"}, {"id": 135554936, "text": "$AMZN  what do u think about holding till tomorrow", "time": 1535593681.0, "sentiment": ""}, {"id": 135554913, "text": "$AMZN Let&#39;s see what the power hour has got.", "time": 1535593673.0, "sentiment": "Bullish"}, {"id": 135554865, "text": "$AMZN wait", "time": 1535593659.0, "sentiment": ""}, {"id": 135554862, "text": "$AMZN  should hit 2200 next week, could see melt up to 2500 by mid Sep....", "time": 1535593656.0, "sentiment": "Bullish"}, {"id": 135554859, "text": "$AMZN hoping for a drop to 1880 to buy 2k calls for next week.", "time": 1535593655.0, "sentiment": ""}, {"id": 135554856, "text": "$AMZN power hour is going to be a show", "time": 1535593655.0, "sentiment": ""}, {"id": 135554817, "text": "$AMZN shud i close at 1989 or wait for another wave up", "time": 1535593641.0, "sentiment": "Bullish"}, {"id": 135554808, "text": "$AMZN another down leg on tap!  MM\u2019s need to flush some of the call buyers piling on..,", "time": 1535593637.0, "sentiment": ""}, {"id": 135554752, "text": "$AMZN The company should be broken up", "time": 1535593620.0, "sentiment": ""}, {"id": 135554746, "text": "$AMZN make this 2000$ and split. That will get this to 1 trillion market cap much faster", "time": 1535593619.0, "sentiment": "Bullish"}, {"id": 135554728, "text": "$AMZN I remember when this was 1600 then 1700 then 1800 then 1900... why short this company. Trains just getting started.", "time": 1535593609.0, "sentiment": "Bullish"}, {"id": 135554661, "text": "$AMZN Morgan Stanley", "time": 1535593588.0, "sentiment": ""}, {"id": 135554602, "text": "$AMZN this is my best trade yet and will also be my greatest regret. I sold my puts at open thinking there will be pullback.", "time": 1535593570.0, "sentiment": "Bullish"}, {"id": 135554537, "text": "$AMZN CNBC just stopped them dead in their tracks", "time": 1535593542.0, "sentiment": ""}, {"id": 135554429, "text": "$AMZN how long until this is listed on coinmarketcap?", "time": 1535593505.0, "sentiment": "Bearish"}, {"id": 135554421, "text": "$AMZN Here&#39;s the dip.  But do you really think we&#39;re not getting past 2000 though.  Hearing crickets from put buyers.", "time": 1535593500.0, "sentiment": "Bullish"}, {"id": 135554376, "text": "$AMZN", "time": 1535593484.0, "sentiment": "Bullish"}, {"id": 135554311, "text": "$AMZN fack since I just got long it won&#39;t go up anymore I guess...", "time": 1535593462.0, "sentiment": ""}, {"id": 135554287, "text": "$AMZN I want $2000 too guys but this is not the time. Volume is too low. It most likely won\u2019t hold.", "time": 1535593453.0, "sentiment": ""}, {"id": 135554230, "text": "@Frenzy @AlexanderHandleton @luvngspnful @reez007 @April0505 @Boyle @PerSE @Stockcat01 Another Trump follower Blocked ME $AMZN Ahahaha $SPY", "time": 1535593434.0, "sentiment": "Bullish"}, {"id": 135554203, "text": "$SPY $QQQ $AMZN $AAPL $NVDA $MSFT  Keep buying, push it higher into the close...", "time": 1535593426.0, "sentiment": "Bullish"}, {"id": 135554193, "text": "$AMZN lmao if you don\u2019t take profits here wyd", "time": 1535593425.0, "sentiment": ""}, {"id": 135554191, "text": "$TSLA Took profits in $AMZN at ATH. Increased our position in $TSLA. We ain&#39;t skeered. We are Legion...", "time": 1535593424.0, "sentiment": "Bullish"}, {"id": 135554188, "text": "$AMZN We need Trump to attack Bezos again so people can get a pull back.", "time": 1535593422.0, "sentiment": ""}, {"id": 135554123, "text": "$AMZN fwiw i remind myself that money not made is not the same as money lost.", "time": 1535593402.0, "sentiment": ""}, {"id": 135554118, "text": "$AMZN 2000 lets go", "time": 1535593401.0, "sentiment": "Bullish"}, {"id": 135554104, "text": "$AMZN who&#39;s buying at 2k? Lol \ud83d\ude06", "time": 1535593398.0, "sentiment": ""}, {"id": 135554041, "text": "Please don&#39;t $AMZN $SPY", "time": 1535593376.0, "sentiment": ""}, {"id": 135554019, "text": "Big bullish unusual option activity detected: $AMD, $CTL, $AAPL, $UNP, $MSFT - big bearish: $PBR, $AAPL, $AMD, $FB, $AMZN", "time": 1535593368.0, "sentiment": ""}, {"id": 135554004, "text": "$AMZN  oh what a day. Blackbox!! @MariaC82 @teresa66 @TekMuNNee @blackbox2", "time": 1535593361.0, "sentiment": "Bullish"}, {"id": 135553905, "text": "$AMZN The latest retard buy move cost serious investment - now the muppets are only trying to hold the stock. Below 1986 is dangerous", "time": 1535593325.0, "sentiment": ""}, {"id": 135553843, "text": "$GOOGL 1266 support , it will touch 1270 today alon with $Amzn 2000", "time": 1535593299.0, "sentiment": "Bullish"}, {"id": 135553796, "text": "@EveryTimeICash @1simpletrader who hits 3000 first $AMZN or $SPX $SPY ?", "time": 1535593286.0, "sentiment": ""}, {"id": 135553702, "text": "$AMZN $AAPL have run too high, time for a pullback", "time": 1535593255.0, "sentiment": "Bearish"}, {"id": 135553650, "text": "$AMZN defying the law of large numbers... still growing 40% YoY: https://www.finstead.com/posts/AMZN-buy-or-sell", "time": 1535593236.0, "sentiment": ""}, {"id": 135553644, "text": "@Frenzy @AlexanderHandleton @luvngspnful @reez007 @April0505 @Boyle @PerSE @Stockcat01 Bezos Please Adapt=modify =&gt;Ahaha Frnezy $AMZN LOL ;)", "time": 1535593234.0, "sentiment": "Bullish"}, {"id": 135553601, "text": "$AMZN $10 pullback was nice, did anyone load up for $2000 MAGNET", "time": 1535593220.0, "sentiment": ""}, {"id": 135553553, "text": "$AMZN like this if you love when bears come in when it goes down .002% haha", "time": 1535593204.0, "sentiment": "Bullish"}, {"id": 135553535, "text": "$AMZN 4000 by next year this time", "time": 1535593200.0, "sentiment": "Bullish"}, {"id": 135553502, "text": "$AMZN feels very toppy, love the company and the stock but the chase today is sort of nonsense", "time": 1535593188.0, "sentiment": ""}, {"id": 135553426, "text": "$AMZN The &quot;real&quot; cryptocurrency is actually Amazon stock...", "time": 1535593164.0, "sentiment": ""}, {"id": 135553411, "text": "$AMZN imagine thinking this isn\u2019t hitting 2,000 today. LOL", "time": 1535593159.0, "sentiment": "Bullish"}, {"id": 135553399, "text": "$AMZN 2100 by mid september", "time": 1535593153.0, "sentiment": "Bullish"}, {"id": 135553388, "text": "$AMZN Headed closer and closer to $1T. Beast. $AAPL $GOOGL $GOOG $MSFT $FB $SPY $QQQ", "time": 1535593148.0, "sentiment": ""}, {"id": 135553352, "text": "$AMZN Juggernaut!", "time": 1535593136.0, "sentiment": ""}, {"id": 135553312, "text": "$AMZN 2500", "time": 1535593122.0, "sentiment": "Bullish"}, {"id": 135553249, "text": "$AMZN damn 2k by tomorrow", "time": 1535593098.0, "sentiment": ""}]