[{"id": 135762673, "text": "$AMZN $AAPL $NVDA this market is sooo greedy", "time": 1535705460.0, "sentiment": ""}, {"id": 135762671, "text": "$PDD guess you missed that $NFLX &amp; $AMZN trade", "time": 1535705459.0, "sentiment": ""}, {"id": 135762639, "text": "$SPY Stay Focus Shorts, We aren&#39;t China. They&#39;re just following are lead :o) $AMZN $FB $AAPL", "time": 1535705427.0, "sentiment": "Bullish"}, {"id": 135762328, "text": "$SPY $SPX $BABA $AMZN $CAT $TSLA $GM $F $FB $AMD $MU $NVDA $QQQ BABA  to $165.00if breaks 38.2% FibSupport Weekly then BABA\ud83d\udc37\ud83c\udde8\ud83c\uddf3 $150 50%\ud83d\udc3b", "time": 1535705176.0, "sentiment": ""}, {"id": 135762229, "text": "$FB $AMZN $TSLA $SPY $DIA $QQQ \n\nCome on. Almost there. Turn green dammit. I will buy a huge bag of Cheetos\n\nFutures...", "time": 1535705080.0, "sentiment": ""}, {"id": 135762059, "text": "$AMZN 2100 call Oct 19? Yes please.", "time": 1535704930.0, "sentiment": "Bullish"}, {"id": 135761663, "text": "$AMZN When they give Trump the nod this could crash 50%", "time": 1535704601.0, "sentiment": ""}, {"id": 135761633, "text": "$AMZN It still has room to continue, but hedge funds (Trumps largest donors) have been walking it up for a big short.", "time": 1535704574.0, "sentiment": ""}, {"id": 135760916, "text": "$NDX $SPX $DJIA $QQQ $SPY $MU $APPL $GOOGL $JPM $LMT $MMM $AMZN Tomorrows gonna be a good day to burn shorts. \ud83d\udd25\ud83d\udd25\ud83d\udd25", "time": 1535703946.0, "sentiment": "Bullish"}, {"id": 135760914, "text": "$FB Trump on anti-trust statement: \u201cI just can\u2019t comment. I won\u2019t comment on the breaking up, of whether it\u2019s $googl or $amzn or Facebook.\u201d", "time": 1535703945.0, "sentiment": "Bearish"}, {"id": 135760895, "text": "$IQ Wow never knew there was such a large BEAR population. Reminds me of $AMZN $NFLX $AAPL and even $FB 5-8 years ago. Bears made 2 pts?", "time": 1535703923.0, "sentiment": ""}, {"id": 135760864, "text": "$FB BREAKING: Trump said some people see an \u201cantitrust situation\u201d with Google, Facebook and Amazon. $amzn $GOOGL $QQQ $NDX $COMPQ", "time": 1535703890.0, "sentiment": "Bearish"}, {"id": 135760533, "text": "$AMZN Why wont this stock consolidate before next earnings?? Sept &amp; Oct too much $$$ in calls!", "time": 1535703581.0, "sentiment": ""}, {"id": 135760430, "text": "Bears are trolling? Really? They got a full 0.56 drop in $SPY today while Bulls up almost 9% this month. Wow$AAPL $FB $TSLA $AMZN $QQQ $NVDA", "time": 1535703488.0, "sentiment": "Bullish"}, {"id": 135760303, "text": "$AMZN with President Trump wanting to split Amazon, we accept his request and do a 5 for 1 split!!!", "time": 1535703357.0, "sentiment": ""}, {"id": 135759184, "text": "$AMZN I like it like that!", "time": 1535702401.0, "sentiment": ""}, {"id": 135759174, "text": "$AMZN I wonder who the genius buying at $2025 thought now was the time to step in... probably an idiot momo trader", "time": 1535702396.0, "sentiment": "Bearish"}, {"id": 135758770, "text": "$AMZN anyone want to play Fortnite?", "time": 1535702038.0, "sentiment": ""}, {"id": 135758744, "text": "Joy = buying $AMZN @875 Tears = looking back, realizing us could&#39;ve bought 100 more shares, but instead, got $ABBV cuz friend said diversify", "time": 1535702022.0, "sentiment": "Bullish"}, {"id": 135758712, "text": "$AMZN 100 pt dump takes us to mid BB. Unlikely it will stay there.", "time": 1535701989.0, "sentiment": "Bullish"}, {"id": 135758600, "text": "$AMZN @SonGoku @TekMuNNee @teresa66 @MariaC82 @blackbox2 grabbed puts,October 19th way ATM 1800 strike 2for 9.65 one for10.20, up 15%already", "time": 1535701882.0, "sentiment": ""}, {"id": 135758454, "text": "Looking Ahead to the Long Weekend $STUDY $DIA $DJIA $SPX $COMPQ $NFLX $GOOG $AAPL $AMZN $CAT $IBM $BIDU $TSLA https://youtu.be/soblFJj4WV0", "time": 1535701734.0, "sentiment": ""}, {"id": 135758225, "text": "$AMZN", "time": 1535701535.0, "sentiment": ""}, {"id": 135758096, "text": "We\u2019re not in a tech bubble and this investor explains why: https://www.cantechletter.com/2018/08/were-not-in-a-tech-bubble-and-this-investor-explains-why/ $QQQ $FB $AMZN $AAPL $NFLX $GOOG $GOOGL $COMPX", "time": 1535701440.0, "sentiment": ""}, {"id": 135758088, "text": "$AMZN 2,007 opening, touches 2056 tomorrow... Pure speculation of course", "time": 1535701430.0, "sentiment": "Bullish"}, {"id": 135758003, "text": "$AMZN wouldn\u2019t be surprised if MM\u2019s pin this MF as close to 2k as possible. 2k next week. You heard it here folks!", "time": 1535701363.0, "sentiment": ""}, {"id": 135757916, "text": "$AMZN made good dough on calls yesterday and today but now have some puts for a pullback tomorrow. Good luck all \ud83d\udc4d", "time": 1535701291.0, "sentiment": "Bearish"}, {"id": 135757879, "text": "$AMZN Amazon Technical Analysis 8-30-18 Daily Update Recap TOP OF CHANNEL\nhttps://youtu.be/JFxOCFSu6hk $tsla $aapl $nvda $baba", "time": 1535701256.0, "sentiment": ""}, {"id": 135757626, "text": "$AMZN", "time": 1535701054.0, "sentiment": ""}, {"id": 135757605, "text": "@tmbhatt surely u know better! Street all abt future growth. $AMZN EPS been on a tear ($5.07 vs $2.48 expected), PE trending \u2193", "time": 1535701038.0, "sentiment": ""}, {"id": 135757478, "text": "$AMZN", "time": 1535700931.0, "sentiment": "Bullish"}, {"id": 135757351, "text": "$AMZN Cloud adoption still early.. AWS &amp; ads growth--&gt;$AMZN can crank up EPS at will, PE&#39;ll trend lower. Read their overall strategy, u&#39;ll c", "time": 1535700823.0, "sentiment": "Bullish"}, {"id": 135756808, "text": "$AMZN I&#39;m excited abt $AMZN cuz.. while core biz = low margin, all else they&#39;re growing into are far higher (AWS, ads).. future prospects \u2191", "time": 1535700365.0, "sentiment": "Bullish"}, {"id": 135756747, "text": "$AMZN Bears, ready to feel real fear tomorrow? Don\u2019t stress over what you can\u2019t change... \u00af\\_(\u30c4)_/\u00af", "time": 1535700319.0, "sentiment": "Bullish"}, {"id": 135756587, "text": "$AMZN Strong BuyStrong BuyStrong BuyStrong BuyStrong BuyStrong BuyStrong BuyStrong BuyStrong BuyStrong BuyStrong BuyStrong BuyStrong Buy", "time": 1535700188.0, "sentiment": "Bullish"}, {"id": 135756516, "text": "$AMZN Consumer sentiment- expected t/b improvement over preliminary report Yah.Finance   https://finance.yahoo.com/news/consumer-sentiment-need-know-markets-friday-2-214227124.html?soc_src=social-sh&amp;soc_trk=tw", "time": 1535700141.0, "sentiment": ""}, {"id": 135756437, "text": "$AMZN Morgan Stanley Buy$2,500 Maintained Yesterday", "time": 1535700086.0, "sentiment": "Bullish"}, {"id": 135756342, "text": "$AMZN why there is always a fail gekko and why he is always wrong", "time": 1535700023.0, "sentiment": "Bullish"}, {"id": 135756067, "text": "a 100 point Wipe out :&#39;v a bear can dream he is think it about it! fake $SPY and bubble bubble! :&#39;v $AAPL $QQQ $UVXY $FB $AMD $NVDA $AMZN", "time": 1535699813.0, "sentiment": "Bearish"}, {"id": 135756052, "text": "$AMZN  Amazon finished up about 0.2% today($2002.38). It needs to hit $2,053 tomorrow to make the magic (1 Trillion) number.  Investing. com", "time": 1535699797.0, "sentiment": ""}, {"id": 135755934, "text": "$AMZN. I like what i see here", "time": 1535699717.0, "sentiment": ""}, {"id": 135755902, "text": "$AMZN waz up bag holders", "time": 1535699700.0, "sentiment": "Bearish"}, {"id": 135755409, "text": "Video out . Trump headlines spooks Mkt ( no one cares ) monster momo in $AMZN $SQ $NFLX provide huge rips at open . Accessatrader.com", "time": 1535699352.0, "sentiment": ""}, {"id": 135755367, "text": "$AMZN  i\u2019ve got 150k burning a hole in my pocket, \u201call in\u201d with rest", "time": 1535699317.0, "sentiment": ""}, {"id": 135755222, "text": "$AMZN challenging $WMT M\u00e9xico &amp; $COST &quot;Amazon adds food and drinks, including wine and liquor,to its inventory&quot; https://mexiconewsdaily.com/news/amazon-adds-food-and-drinks-to-its-inventory/  $SPY", "time": 1535699219.0, "sentiment": ""}, {"id": 135754931, "text": "$AMZN  You are better off selling naked puts,,,, in lieu of buying", "time": 1535699022.0, "sentiment": ""}, {"id": 135754819, "text": "$AMZN  I never understood why shorting strong stocks is a good strategy? Especially in a Bull mrkt... odds are against you", "time": 1535698943.0, "sentiment": ""}, {"id": 135754545, "text": "$AMZN I\u2019m betting No... but have no insight", "time": 1535698749.0, "sentiment": ""}, {"id": 135754503, "text": "$AMZN $ADSK $AAPL  adsk will eventually fill the gap below but may be green tmrw.", "time": 1535698717.0, "sentiment": ""}, {"id": 135754465, "text": "$AMZN  $1986... maybe, my guess", "time": 1535698686.0, "sentiment": ""}, {"id": 135754070, "text": "Price Moves vs Expected Moves $SIG $P $ULTA $NFLX $WMT $AMZN $DAL $DG $HD $BABA $DLTR $ANF http://tinyurl.com/y7zbwhgq", "time": 1535698402.0, "sentiment": ""}, {"id": 135753696, "text": "$AMZN pull back to $1980 tomorrow?", "time": 1535698155.0, "sentiment": ""}, {"id": 135753665, "text": "Market Review \nhttps://youtu.be/WeXlHwZA1i0 \n$AVGO $AMZN $ATVI $BA $NVDA $BIDU $BABA $GILD $AMGN $FIVE", "time": 1535698133.0, "sentiment": ""}, {"id": 135753622, "text": "Tesla&#39;s Stock Nears A Tipping Point, Apple Continues On Its Path To $300 $spy $aapl $tsla $amzn $sq $ma $v $amd  https://mottcapitalmanagement.com/teslas-stock-nears-a-tipping-point-plus-apple-continues-on-its-path-to-300/", "time": 1535698102.0, "sentiment": ""}, {"id": 135753504, "text": "$SPY $SPX $BABA $MU $NVDA $CAT $GM $F $TSLA $AAPL $AMD $GOOG $AMZN $FB MKT ATHs SPY 291.74 TARIFFS\ud83d\udca5\ud83c\udde8\ud83c\uddf3 SPY WK lo 288.68 closeBELOW 286\ud83d\udc40\ud83d\udc3b", "time": 1535698033.0, "sentiment": ""}, {"id": 135753379, "text": "$AMZN expect a stock split news tomorrow and will go moooooon 2100 tomorrow", "time": 1535697946.0, "sentiment": "Bullish"}, {"id": 135753308, "text": "$AMZN Looking very good for a nice bear treat tomorrow. Expect 1970s-2000s levels tomorrow", "time": 1535697902.0, "sentiment": "Bearish"}, {"id": 135753273, "text": "$AMZN WE HIT THE TRILLION MARKET CAP TOMORROW!\nnot\n-\nA\nA\nAa\n\nAa\nA\nA\n\nBut im still bullish with my calls :)", "time": 1535697875.0, "sentiment": "Bullish"}, {"id": 135753239, "text": "$AMZN Looks really good AH", "time": 1535697854.0, "sentiment": ""}, {"id": 135753165, "text": "$AMZN after hours pressure upwards.  What will happen btw now and morning?", "time": 1535697808.0, "sentiment": ""}, {"id": 135753073, "text": "$AMZN after hours pressure upwards. What\u2019s going to happen btw now and in the morning?", "time": 1535697746.0, "sentiment": ""}, {"id": 135752988, "text": "$AMZN all down hill from here", "time": 1535697685.0, "sentiment": "Bearish"}, {"id": 135752581, "text": "$AMZN People don&#39;t stop buying because of a trade war; they just &quot;switch&quot; products so affect is mitigated and smaller numbers being quoted", "time": 1535697405.0, "sentiment": "Bullish"}, {"id": 135752577, "text": "$AMZN at what point does a stock split make sense for Amazon?", "time": 1535697402.0, "sentiment": ""}, {"id": 135752531, "text": "$AMZN  Yea If trade war escalates Bond yields depress and Nasdaq elevates!", "time": 1535697359.0, "sentiment": ""}, {"id": 135752524, "text": "Dow drops 137 points. $AAPL $AMZN hit all time highs. $FB strong. Live https://www.periscope.tv/Naviavatar", "time": 1535697356.0, "sentiment": ""}, {"id": 135752437, "text": "$AMZN $SPY $QQQ Even if trade war escalates, &quot;substitutes&quot; mitigate the affect of certain products being available; affect is small", "time": 1535697306.0, "sentiment": "Bullish"}, {"id": 135752357, "text": "$AMZN Just buy and hold forever.  Ages like fine wine.", "time": 1535697243.0, "sentiment": "Bullish"}, {"id": 135752336, "text": "Most Active Options:\n\n$AAPL $MSFT $P $CRON $TSLA $T $AMD\n$X $EA $SQ $NFLX $BABA $NVDA $WFT $BAC $TWTR $MU $JD $FB $AMZN $CRM", "time": 1535697229.0, "sentiment": ""}, {"id": 135752278, "text": "$AMZN never gonna buy put  on this beast anymore", "time": 1535697182.0, "sentiment": ""}, {"id": 135752247, "text": "$AMZN FYI Monday is a holiday ,so Friday trading volume may be thin with elevated volatility https://www.nyse.com/markets/hours-calendars", "time": 1535697164.0, "sentiment": ""}, {"id": 135752092, "text": "$AMZN Five Reasons Amazon Will Hit $4,000 By 2019 via @forbes   Forbes 08-30 https://www.forbes.com/sites/petercohan/2018/08/30/five-reasons-amazon-will-hit-4000-by-2019/#23a37fc5433b", "time": 1535697046.0, "sentiment": ""}, {"id": 135751989, "text": "$AMZN Amazon could double its value in three to five years, analyst says CNBC 50 MInutes ago https://cnb.cx/2NFivY0", "time": 1535696965.0, "sentiment": ""}, {"id": 135751961, "text": "$AMZN That was a great day.", "time": 1535696948.0, "sentiment": ""}, {"id": 135751741, "text": "$AMZN opening a campus here in boulder?... Sure hope the kids don&#39;t muck it up like they did Google...", "time": 1535696813.0, "sentiment": "Bearish"}, {"id": 135751669, "text": "$AMZN  31 of 47 analysts surveyed have stock PTs above Amazon\u2019s $1 trillion market cap threshold of $2,050.27 https://on.mktw.net/2NwC5Wp", "time": 1535696765.0, "sentiment": ""}, {"id": 135751437, "text": "$SPY Doesn&#39;t matter Market green or red $AAPL $AMZN continues going higher with solid fundamentals and growth story. They will carry market", "time": 1535696639.0, "sentiment": ""}, {"id": 135751428, "text": "$AMZN Yea Mr Trump Amazon employs allot of US Citizens and is in the forefront of keep inflation low with its EDLP pricing!", "time": 1535696631.0, "sentiment": ""}, {"id": 135751334, "text": "$AMZN mazon stock tops $2,000, as yet another analyst projects $1 trillion in market cap https://on.mktw.net/2NwC5Wp  MW Today after Bell", "time": 1535696567.0, "sentiment": ""}, {"id": 135750783, "text": "$TWTR seems Bernie+trump short $amzn trump sht$Goog trump sht$fb Hogg sht guns and everyone tweeting but citron likes $twtr so avoid\u2014sad", "time": 1535696231.0, "sentiment": ""}, {"id": 135750613, "text": "$AMZN You don\u2019t Sir-pass Gates\u2019s net worth by $50b in 10yrs unless you have a little genius. Amazon will be all\ud83d\ude02\ud83d\ude1c\ud83d\udc4a", "time": 1535696117.0, "sentiment": ""}, {"id": 135750301, "text": "Amazon (AMZN) Received its Third Buy in a Row $AMZN http://www.analystratings.com/articles/amazon-amzn-received-its-third-buy-in-a-row/", "time": 1535695926.0, "sentiment": ""}, {"id": 135750105, "text": "$AMZN I dont see NAFTA deal getting done tomorrow. Not sure how stocks will react", "time": 1535695816.0, "sentiment": ""}, {"id": 135750005, "text": "$AMZN you sell everything, and make returns ridiculously simple(A-Z return policy, and the amazing \nAmazon Locker). Is there a SP limit\ud83e\udd14", "time": 1535695756.0, "sentiment": ""}, {"id": 135749922, "text": "$AMZN the euphoria right now on this is like equating liberals&#39; obsession with Trump.", "time": 1535695696.0, "sentiment": ""}, {"id": 135749891, "text": "$AMZN please get back to 1800 range dying to load up calls again", "time": 1535695681.0, "sentiment": ""}, {"id": 135749828, "text": "$AMZN Tomorrow should be a pullback. Better to sell PM and get in back by Tuesday", "time": 1535695625.0, "sentiment": ""}, {"id": 135749784, "text": "$AMZN analysts on Estimize are expecting 555.01% YoY EPS growth for Q3, down from 1167.50% in Q2 [Reporting 10/25 AMC]\nhttp://www.estimize.com/intro/amzn?chart=historical&amp;metric_name=eps&amp;utm_content=AMZN&amp;utm_medium=eps_growth&amp;utm_source=stocktwits", "time": 1535695600.0, "sentiment": ""}, {"id": 135749528, "text": "$AMZN took over $TSLA as the MOST shorted stock right now.", "time": 1535695446.0, "sentiment": "Bearish"}, {"id": 135748852, "text": "$AMZN nope I see new highs", "time": 1535695065.0, "sentiment": ""}, {"id": 135748795, "text": "@MariaSt trouble because end of the cycle means that companys like $AMZN $NFLX or $TSLA make good revenue but low profits, and when banks", "time": 1535695040.0, "sentiment": ""}, {"id": 135748765, "text": "$AMZN Probably a red day tomorrow going into the long weekend. stay cash for the cheap calls tomorrow", "time": 1535695015.0, "sentiment": ""}, {"id": 135748764, "text": "$AMZN just getting started forget the shit they sell this is the big money!!!!!!!", "time": 1535695012.0, "sentiment": ""}, {"id": 135748653, "text": "@MariaSt The problem maria that you are looking at the most overvalue market it history, $AMZN has a profit margin of 2.53% in 2017.", "time": 1535694929.0, "sentiment": "Bearish"}, {"id": 135748299, "text": "$AMZN sold my calls at 2020 for $30K profit and bought another $10K worth calls on the dip 2012.5C and 2020C! Will be massive tomorrow :)", "time": 1535694712.0, "sentiment": "Bullish"}, {"id": 135748251, "text": "$AMZN I feel pretty good about being all in cash right now...", "time": 1535694688.0, "sentiment": ""}, {"id": 135748221, "text": "@MariaSt in 2017 $AMZN make 3 Billion In profit so for that has to be value 1 Trillion? That\u2019s that\u2019s the option about what is price in and", "time": 1535694676.0, "sentiment": "Bearish"}, {"id": 135748191, "text": "$AMZN https://www.cnbc.com/2018/08/30/amazon-could-double-its-value-in-three-to-five-years-analyst-says.html", "time": 1535694659.0, "sentiment": ""}, {"id": 135748153, "text": "$AMZN", "time": 1535694628.0, "sentiment": ""}, {"id": 135747866, "text": "$AMZN patents for mobile centers - just look at the patents they\u2019ve been filing. Amazon is the future", "time": 1535694445.0, "sentiment": "Bullish"}, {"id": 135747520, "text": "$AMZN tomorrow \ud83d\udc3b", "time": 1535694241.0, "sentiment": "Bearish"}, {"id": 135747488, "text": "$AMZN who is hotter Kim or Kendall plz help", "time": 1535694220.0, "sentiment": ""}, {"id": 135747417, "text": "$AMZN Jeff has customers first always that\u2019s why it\u2019s so good", "time": 1535694183.0, "sentiment": "Bullish"}, {"id": 135747411, "text": "@Lebowski_Quotes Ha  that could happen if $AMZN and $AAPL announce shifting focus to typewriter selling and saddles without the horse", "time": 1535694180.0, "sentiment": ""}, {"id": 135747391, "text": "$AMZN Should I watch Mamma Mia or Mission Impossible?? Plz Help", "time": 1535694166.0, "sentiment": ""}, {"id": 135747383, "text": "Free video with setups for August 31 &quot;All We Need To Know&quot; $FB $PYPL $TWTR $SPOT $AAPL $AMZN  https://www.learnstocks101.com/stock-market-analysis/2018/08/all-we-need-know", "time": 1535694161.0, "sentiment": ""}, {"id": 135747251, "text": "$AMZN this thing is just warming up as they buy companies and integrate them new freakin opportunities arise it\u2019s crazy\nPlus army of teckies", "time": 1535694097.0, "sentiment": "Bullish"}, {"id": 135746890, "text": "$AMZN resistance at $2000 looks like some rejection from that daily. Bullish but expect investors to take off profits around this price.", "time": 1535693867.0, "sentiment": ""}, {"id": 135746783, "text": "$AMZN The s/h\u2019s of those semi stocks most not have TVs so they didn\u2019t hear about Trumps comments yet.", "time": 1535693798.0, "sentiment": ""}, {"id": 135746519, "text": "$AMZN the semiconduct stocks MU and AVGO went up after Trumps announcement. Either AMZN s/h\u2019s did not get the memo Trump was just joking, or", "time": 1535693636.0, "sentiment": ""}, {"id": 135746302, "text": "$AMZN   Amazon Watch Continues   Investing.com 08-30 after Bell", "time": 1535693511.0, "sentiment": ""}, {"id": 135746170, "text": "$BABA $Amzn India market getting hot because of Bezos? This is laughable. \n\nYour Evening Briefing https://www.bloomberg.com/news/articles/2018-08-30/your-evening-briefing", "time": 1535693435.0, "sentiment": ""}, {"id": 135746082, "text": "Tesla\u2019s Stock Nears A Tipping Point, Plus Apple Continues On Its Path To $300 https://wp.me/p6NqCb-4xZ $tsla $aapl $spy $sq $amd $amzn $v $ma", "time": 1535693395.0, "sentiment": ""}, {"id": 135745960, "text": "where would I rather put my $$ now  $EWZ $EEM or all time high $SPY $QQQ $AAPL $AMZN with limited upside now and HUGE correction risk???", "time": 1535693326.0, "sentiment": "Bullish"}, {"id": 135745942, "text": "$AMZN shorts are so so stupid", "time": 1535693314.0, "sentiment": ""}, {"id": 135745902, "text": "@NE2017 It has been a good run. Here is my TA on $AMZN https://youtu.be/JFxOCFSu6hk", "time": 1535693280.0, "sentiment": ""}, {"id": 135745841, "text": "$AAPL $AMZN $SPY $QQQ @GordonGekkoGreedIsGood \n\nYou are quite the \ud83d\udc3b. Must be very poor \ud83d\ude00", "time": 1535693249.0, "sentiment": ""}, {"id": 135745703, "text": "@Rockyo Here is my analysis on $AMZN https://youtu.be/JFxOCFSu6hk", "time": 1535693164.0, "sentiment": ""}, {"id": 135745624, "text": "@MasterCalls Kinda agree, I just don&#39;t like to bet against $AMZN. Here is my TA on it https://youtu.be/JFxOCFSu6hk", "time": 1535693112.0, "sentiment": ""}, {"id": 135745503, "text": "$AMZN Amazon Technical Analysis 8-30-18 Daily Update Recap TOP OF CHANNEL\nhttps://youtu.be/JFxOCFSu6hk", "time": 1535693040.0, "sentiment": ""}, {"id": 135745056, "text": "6 Top Stock Options for Millennials Right Now\n\n$BR $AAPL $AMED $CBPX $AMZN $ARCB  \n\nhttps://www.zacks.com/stock/news/320589/6-top-stock-options-for-millennials-right-now", "time": 1535692736.0, "sentiment": ""}, {"id": 135745028, "text": "$AMZN $SPY puts for dayz", "time": 1535692722.0, "sentiment": "Bearish"}, {"id": 135745025, "text": "$AMZN Jeff Bezos \ud83e\udd11", "time": 1535692719.0, "sentiment": ""}, {"id": 135744998, "text": "$AAPL $EA $AMD $FB $MU $WFT $NFLX $BABA $BAC $SQ $NVDA $TSLA $CRON $CRM $MSFT $AMZN $PBR $P $JD $X $TWTR $T $GE $C $F Most active options", "time": 1535692711.0, "sentiment": ""}, {"id": 135744955, "text": "@Vitai @checkingout i used to feel the same way about $amzn its more of a biz model that reinvests for cash flow, avoiding taxes", "time": 1535692685.0, "sentiment": ""}, {"id": 135744815, "text": "$AMZN $AAPL $ADSK will these down a little bit tomorrow or down like a waterfall or Green?", "time": 1535692602.0, "sentiment": ""}, {"id": 135744632, "text": "$SPY $AAPL $AMZN $LULU -- $NTES -- Picked up some lotto 7 SEP 205C today.. good Risk/Reward on this trade i think.", "time": 1535692498.0, "sentiment": ""}, {"id": 135744621, "text": "$GOOGL $FB $AMZN Trump Says Google, Facebook, Amazon May Be \u2018Antitrust Situation&#39;", "time": 1535692493.0, "sentiment": "Bullish"}, {"id": 135744178, "text": "@therealscottrogowsky zero because I finally bought calls on $AMZN and they\u2019re at 2030 strike", "time": 1535692229.0, "sentiment": "Bearish"}, {"id": 135744014, "text": "When you have $AAPL and $AMZN 200 B in one month with low volume is when you realize indeed the biggest bubble in US history $SPY $QQQ :&#39;V", "time": 1535692137.0, "sentiment": "Bearish"}, {"id": 135743905, "text": "$AMZN only Jeff can save us from donald and Vladimir", "time": 1535692069.0, "sentiment": "Bullish"}, {"id": 135743855, "text": "$CRON I think it is ridicules to keep bringing irrelevant examples to help you to sleep at night.. Bulls want $AMZN, Shorts want $HMNY", "time": 1535692044.0, "sentiment": ""}, {"id": 135743777, "text": "@derekjames I&#39;ve made a ton shorting $AMZN . It&#39;s called day trading.", "time": 1535691986.0, "sentiment": ""}, {"id": 135743128, "text": "$AMZN close over 2007 is a $120 measured move. Get it bulls", "time": 1535691615.0, "sentiment": ""}, {"id": 135742994, "text": "$AAPL $AMZN $SPX $SPY $QQQ $DJX $NDX $ES_F good short entry on this trade. Will be holding a 6 week long course soon, msg if interested", "time": 1535691535.0, "sentiment": ""}, {"id": 135742983, "text": "$AAPL $amzn how much uglier of reversal candle do you get then this but the magic of WS will kick in I\u2019m sure.", "time": 1535691530.0, "sentiment": ""}, {"id": 135742952, "text": "uff he is scared AF! I can smell fear and bacon :&#39;v all in once! china sell off secured. :&#39;v $SPY $AAPL $AMD $NVDA $VIX $UVXY $QQQ $AMZN :v.", "time": 1535691508.0, "sentiment": "Bearish"}, {"id": 135742843, "text": "$MSFT $AAPL $GOOG $AMZN $FB $NFLX $BAC $JPM what will happen to the market if GOP loses this fall?", "time": 1535691442.0, "sentiment": ""}, {"id": 135742673, "text": "$AMZN chances this hits $2,030 tomorrow?", "time": 1535691339.0, "sentiment": ""}, {"id": 135742606, "text": "$AMZN I&#39;m le&#39; tired.", "time": 1535691302.0, "sentiment": "Bullish"}, {"id": 135742172, "text": "Setups liked, that we&#39;ll be watching Thursday $BJ $XBI $LABU $ROKU $AAPL $ICPT $LULU $SFIX $PCTY $BLUE $AMZN $ARLO $NFLX$USO", "time": 1535691013.0, "sentiment": ""}, {"id": 135741983, "text": "$AMZN this did not work out well", "time": 1535690881.0, "sentiment": ""}, {"id": 135741913, "text": "$SPY $QQQ futures indicating a lower open tomorrow $AAPL $AMZN", "time": 1535690839.0, "sentiment": ""}, {"id": 135741673, "text": "@checkingout I agree with those picks. $AMZN valuation I&#39;ll never understand, but I love $GOOG $NVDA $AAPL $MU $BTC.X", "time": 1535690693.0, "sentiment": "Bullish"}, {"id": 135741306, "text": "$AMZN Remember what WTI did when they ran it to 145 per BBL  &#39;Just because they wanted to see how high they could get it&#39; (actual quote)", "time": 1535690471.0, "sentiment": ""}, {"id": 135741193, "text": "Blind monkey can pick up a wining stock.\nBut humans sell the strong buy the weak\n$AMZN $TSLA $SPY", "time": 1535690406.0, "sentiment": ""}, {"id": 135741086, "text": "$AMZN any bears think this will be below $2000 6months from now? if so are you confident enough to put ur money there or just opinion?", "time": 1535690350.0, "sentiment": "Bullish"}, {"id": 135740902, "text": "@Haxbox @keyscribe I agree and bought puts on $AAPL $NVDA and $AMZN today. \nMy only fear is if positive NAFTA news come out tomorrow", "time": 1535690250.0, "sentiment": ""}, {"id": 135740628, "text": "@g2385shd $AMZN PE is 181. Enough said imo.", "time": 1535690121.0, "sentiment": ""}, {"id": 135740379, "text": "Top 5 LT momentum stocks of the S&amp;P 100: $LLY $AAPL $QCOM $AMZN $MRK \n \nBottom 5: $SO $F $PM $GE $HAL https://bit.ly/2wuxAW9 $ES_F $SPX $SPY", "time": 1535689998.0, "sentiment": ""}]