[{"id": 136921504, "text": "$SSC Going to be bigger than $AMD or $AMZN   meteoric.", "time": 1536729880.0, "sentiment": "Bullish"}, {"id": 136921071, "text": "$AMZN 2000 first man", "time": 1536729627.0, "sentiment": ""}, {"id": 136920384, "text": "$AMZN Simple ..", "time": 1536729184.0, "sentiment": "Bullish"}, {"id": 136920340, "text": "$AMZN $2300 here we come", "time": 1536729154.0, "sentiment": "Bullish"}, {"id": 136919869, "text": "$AMZN still holding support zone", "time": 1536728878.0, "sentiment": ""}, {"id": 136919798, "text": "$AMZN \ud83d\udd25\ud83d\udd25\ud83d\udcaa", "time": 1536728832.0, "sentiment": "Bullish"}, {"id": 136919663, "text": "$AMZN not to rail on this guy too much, but.....", "time": 1536728741.0, "sentiment": ""}, {"id": 136919532, "text": "$AMZN Having Trump in the W.H.has has blessed us with an incredible market.....he&#39;s done a lot for this country..  ", "time": 1536728646.0, "sentiment": "Bullish"}, {"id": 136919239, "text": "$AMZN 2050$ by Friday for sure. Mark it", "time": 1536728476.0, "sentiment": "Bullish"}, {"id": 136919075, "text": "Stocks For You To Swing-Trade: $AAPL $AMZN $TXN https://www.shareplanner.com/featured-blogs/ryan-mallory/watch-lists/24810-stocks-for-you-to-swing-trade-aapl-amzn-txn.html", "time": 1536728397.0, "sentiment": ""}, {"id": 136918924, "text": "$AMZN $2018 very possible tomorrow", "time": 1536728317.0, "sentiment": "Bullish"}, {"id": 136918500, "text": "{VIDEO} Stock Analysis + Free Trade Ideas: $AAPL $AMZN $NFLX $GOOGL $FB $NKE $DIS - click link to watch &gt;&gt; https://www.thetradinganalyst.com/stock-chart-technical-analysis-by-thetradinganalyst-com-9-6/", "time": 1536728084.0, "sentiment": ""}, {"id": 136918249, "text": "$AMZN Amazon net income is less than 2%. Crazy evaluation on this, way overvalued", "time": 1536727943.0, "sentiment": "Bearish"}, {"id": 136918242, "text": "Trade Update On These 3 Stocks: $AAPL $AMZN $MSFT https://goo.gl/Q9PNHy", "time": 1536727939.0, "sentiment": ""}, {"id": 136917663, "text": "$AMZN BC all tech went up for everyone buys dip on any y\u2019all of Tariffs", "time": 1536727643.0, "sentiment": ""}, {"id": 136917474, "text": "$AMZN why did this go up so much ??", "time": 1536727551.0, "sentiment": ""}, {"id": 136917340, "text": "$SPY Having Trump in the WH has made this a crazy, stressful year for Traders so take some advice from Jesse $BABA $JD $TSLA $AAPL $AMZN $FB", "time": 1536727487.0, "sentiment": "Bullish"}, {"id": 136916842, "text": "$AMZN great stock to own...People buy it before it touches 2000$ tomorrow", "time": 1536727225.0, "sentiment": "Bullish"}, {"id": 136916776, "text": "Top 5 LT momentum stocks of the S&amp;P 100: $LLY $COST $QCOM $MRK $AMZN \n \nBottom 5: $F $INTC $GM $HAL $PM https://bit.ly/2oZnUid $ES_F $SPX $SPY", "time": 1536727192.0, "sentiment": ""}, {"id": 136916357, "text": "$AMZN Great Stock for long term. But as for now it going down.", "time": 1536726964.0, "sentiment": "Bearish"}, {"id": 136916257, "text": "@frances1 $AMZN is the stock to own.", "time": 1536726904.0, "sentiment": ""}, {"id": 136916098, "text": "$AMZN congrats on having a StockTwits account for 14 days", "time": 1536726811.0, "sentiment": ""}, {"id": 136916064, "text": "$AMZN I looked at AMAZON stock price today and see it conforming to a long-standing range. Iron Condor to profit \nhttps://topjunkies.com/amzn-stock-how-i-traded-amazon-today", "time": 1536726795.0, "sentiment": ""}, {"id": 136916058, "text": "$FNG ETF Holdings\n\n1. $SQ\n2. $AMZN\n3. $PANW\n4. $SSC\n\nWow!!! SSC now number 4 with 400,000+ shares held \ud83d\udc4c", "time": 1536726792.0, "sentiment": "Bullish"}, {"id": 136916033, "text": "$AMZN it goes to 2050$ by friday", "time": 1536726777.0, "sentiment": "Bullish"}, {"id": 136915822, "text": "$AMZN lets see if we can get it down 80 bucks tomorrow.", "time": 1536726670.0, "sentiment": "Bearish"}, {"id": 136915529, "text": "$AMZN nowhere but 1885", "time": 1536726526.0, "sentiment": "Bearish"}, {"id": 136915005, "text": "$AMZN as I said VERY STRONG CHART even with a gap down it managed to get pulled up. I see 2050-2100 being possible next week! Really strong!", "time": 1536726268.0, "sentiment": ""}, {"id": 136914777, "text": "$AMZN this will be 2000+ after market open", "time": 1536726149.0, "sentiment": "Bullish"}, {"id": 136914160, "text": "$AMZN why is this sinking AH? down 5 pts?", "time": 1536725842.0, "sentiment": ""}, {"id": 136913968, "text": "$SPY The biggest issue the past week has been EU not China. They need to catch up tomorrow &amp; start Buying Mrkts $BABA $AAPL $AMZN $MSFT $JPM", "time": 1536725779.0, "sentiment": "Bullish"}, {"id": 136913944, "text": "Why Amazon Stock Has Sagged Since Labor Day $AMZN http://dlvr.it/QjtC2w", "time": 1536725765.0, "sentiment": ""}, {"id": 136913272, "text": "$AMZN Amazed that Bears are still posting after the reversal today. Smart Bears covered at the open around 1920\u2019s", "time": 1536725503.0, "sentiment": "Bullish"}, {"id": 136912740, "text": "Trade Update On These 3 Stocks https://theotrade.com/trade-update-on-these-3-stocks/ $AMZN $MSFT $AAPL", "time": 1536725284.0, "sentiment": ""}, {"id": 136912467, "text": "$AMZN Apple has always been sell the news during these events. Really hard to see tech rallying higher even though I hope it does.", "time": 1536725177.0, "sentiment": ""}, {"id": 136912235, "text": "$AMZN lets see how it opens tomorrow.", "time": 1536725081.0, "sentiment": ""}, {"id": 136912162, "text": "$AMZN more downward action tomorrow", "time": 1536725047.0, "sentiment": "Bearish"}, {"id": 136911885, "text": "$AMZN Tariffs going in force soon. Hurricane will disrupt many purchases. Lower guidance. Long wmt short amzn", "time": 1536724908.0, "sentiment": "Bearish"}, {"id": 136911523, "text": "$AMZN Strong! Take me higher Papa Bezos \ud83d\udd25\ud83d\udd25\ud83d\udd25\ud83d\ude80\ud83d\ude80\ud83d\ude80\ud83c\udf19\ud83c\udf19", "time": 1536724762.0, "sentiment": "Bullish"}, {"id": 136911162, "text": "$AMZN nice day back in at $1931", "time": 1536724590.0, "sentiment": ""}, {"id": 136911065, "text": "@esquiresecurities @DougKass @realmoney @carlquintanilla I don\u2019t care who buys it! \ud83d\udcb0\ud83d\udcb5 bring the money. $AAPL $GOOG $AMZN $FB", "time": 1536724541.0, "sentiment": ""}, {"id": 136910662, "text": "$AMZN may be double top to $2040-2055 but slow STO chart may not be 80%. I am scared March end chart pattern.", "time": 1536724338.0, "sentiment": ""}, {"id": 136910296, "text": "https://www.marketwatch.com/story/intels-stock-falls-into-first-bear-market-in-over-2-years-2018-09-11 or maybe, just maybe bear has finally started....maybe?:) $SPY $AAPL $AMZN $TSLA $WDC $BABA  $BTC.X", "time": 1536724180.0, "sentiment": ""}, {"id": 136910165, "text": "$AMZN what a close today. Bounced off from bottom channel. 2000$+ opening tomorrow", "time": 1536724117.0, "sentiment": ""}, {"id": 136910000, "text": "$AMZN I won&#39;t talk about getting back to a trillion mkt cap until maybe next week. It will get back before ER.", "time": 1536724044.0, "sentiment": "Bullish"}, {"id": 136909248, "text": "@cleanairact @kenstreet and $FB is a cash generating machine while much of $AMZN is just a disrupter, not a profit maker", "time": 1536723684.0, "sentiment": ""}, {"id": 136909217, "text": "$AMZN hammer on weekly, bullish engulfing on daily. Retraced 61.8 and bounced. Want it to pull back to buy more seems it\u2019s headed to 2k", "time": 1536723671.0, "sentiment": ""}, {"id": 136908955, "text": "$AMZN we need more price upgrades.. lol..", "time": 1536723546.0, "sentiment": "Bullish"}, {"id": 136908881, "text": "$BTC.X $IBM $AMZN  \nHUGE NEWS, $XLM.X BLASTING HIGHER.  \nhttps://www.coindesk.com/stellar-gets-another-boost-with-tokensoft-ico-services-expansion/", "time": 1536723512.0, "sentiment": "Bullish"}, {"id": 136908213, "text": "$AMZN will again need to be nimble tmrw am; i will take a shot at 1975-80 if looks strong in AM; hope it doesn&#39;t gap up", "time": 1536723239.0, "sentiment": "Bullish"}, {"id": 136908140, "text": "$AMZN 2000 + tomorrow....Get in now or regret it.", "time": 1536723207.0, "sentiment": "Bullish"}, {"id": 136907818, "text": "$AMZN next stop $2000. It&#39;s on deck folks.", "time": 1536723087.0, "sentiment": "Bullish"}, {"id": 136907531, "text": "$AMZN very bullish day for tech today. But market as a whole is still at resistance. More sells than buys. Proceed with caution.", "time": 1536722988.0, "sentiment": ""}, {"id": 136907289, "text": "S&amp;P Overcomes Slow Start, Extends Monday&#39;s Rebound https://bit.ly/2OgXxPu $SPY $FB $AAPL $AMZN $NFLX $GOOG $USO", "time": 1536722899.0, "sentiment": ""}, {"id": 136907035, "text": "@sonicmerlin $AMZN and most other tech ripped today. You still haven\u2019t folded your puts/shorts?", "time": 1536722793.0, "sentiment": ""}, {"id": 136907033, "text": "$AMZN to sell &amp; ship live, full-size Christmas tree, wreaths, and garlands. Some will qualify for Prime free shipping.", "time": 1536722791.0, "sentiment": ""}, {"id": 136906708, "text": "$AMZN $GOOGL thanks you two", "time": 1536722667.0, "sentiment": ""}, {"id": 136906650, "text": "$AMZN keep buying", "time": 1536722646.0, "sentiment": "Bullish"}, {"id": 136906351, "text": "$AMZN tomorrow\u2019s pre market people will buy a lot...Its a rally to 2050$ tomorrow. People keep buying will make profit.", "time": 1536722526.0, "sentiment": "Bullish"}, {"id": 136906187, "text": "Tech Brands Dominate Brand Loyalty Rankings\n\n$NFLX $SSNLF $GOOG $GOOGL $AAPL $F $NKE $FB $DNKN $AMZN $DPZ \n\n https://247wallst.com/consumer-products/2018/09/11/tech-brands-dominate-brand-loyalty-rankings/", "time": 1536722466.0, "sentiment": ""}, {"id": 136906144, "text": "$AMZN the bears running back into hiding", "time": 1536722452.0, "sentiment": "Bullish"}, {"id": 136905988, "text": "$AMZN Great volume...its gonna boom tomorrow. Just brought 1000 shares today.", "time": 1536722398.0, "sentiment": "Bullish"}, {"id": 136905947, "text": "$AMZN Don&#39;t forget amazon foward guided lower. But hey it will just keep going up. Right? Trump wont let the market stop. GL", "time": 1536722385.0, "sentiment": "Bearish"}, {"id": 136905925, "text": "$AMZN I have a strong feeling that we will test $2050 soon. It could happen by Friday and if not for sure by next week!", "time": 1536722379.0, "sentiment": "Bullish"}, {"id": 136905793, "text": "$AMZN definetly 2k tomorrow", "time": 1536722338.0, "sentiment": "Bullish"}, {"id": 136905776, "text": "$AMZN FINDS BUYERS AT KEY SUPPORT LEVEL: https://techniquant.com/reports/stock-amzn-daily-technical-analysis-report-for-2018-09-11/", "time": 1536722327.0, "sentiment": "Bullish"}, {"id": 136905772, "text": "$AMZN https://www.marketwatch.com/investing/stock/amzn  1987 marketwatch AH approx", "time": 1536722326.0, "sentiment": ""}, {"id": 136905769, "text": "@monteljb yeah man $AAPL $sq $amzn are big hitters man. Missed out on 400% roi on amzn today oh well.", "time": 1536722325.0, "sentiment": ""}, {"id": 136905542, "text": "$AMZN https://www.cnbc.com/quotes/?symbol=AMZN   1986 CNBC AH", "time": 1536722249.0, "sentiment": ""}, {"id": 136905413, "text": "$AMZN great plays on the down and upside today. Still not completely sold on the rally but I trade on what I see not feel.", "time": 1536722206.0, "sentiment": ""}, {"id": 136905357, "text": "$AMZN wtf is that $1961 AH?", "time": 1536722187.0, "sentiment": ""}, {"id": 136905332, "text": "$AMZN Up about 2.5 percent today is not bad at all. We all saw it coming. Tmrw to be continued.", "time": 1536722179.0, "sentiment": ""}, {"id": 136905242, "text": "Here\u2019s what 161 Estimize analysts believe $AMZN will report for Q3 2018 EPS [Reporting 10/25 AMC]\nhttp://www.estimize.com/intro/amzn?chart=historical&amp;metric_name=eps&amp;utm_content=AMZN&amp;utm_medium=eps_update&amp;utm_source=stocktwits", "time": 1536722154.0, "sentiment": ""}, {"id": 136904983, "text": "$AMZN I loaded this yesterday and today.  the telltale sign was that the 1927, which was prior breakout level, held as support.", "time": 1536722070.0, "sentiment": ""}, {"id": 136904882, "text": "$AMZN Thanks amzn", "time": 1536722028.0, "sentiment": ""}, {"id": 136904881, "text": "$AAPL $AMZN  Continuation tomorrow assuming no trump tweets about tariffs", "time": 1536722028.0, "sentiment": "Bullish"}, {"id": 136904616, "text": "$AMZN what is happening AH??", "time": 1536721927.0, "sentiment": ""}, {"id": 136904552, "text": "$GRPN who harbors enough cash+stock 2 hostile T/O Lefko on open market? $FB $COST $AMZN $GOOG $BKNG $IAC ;pissed if owner F\u2019s UP my fav app", "time": 1536721907.0, "sentiment": "Bullish"}, {"id": 136904347, "text": "$AMZN When you buy calls way out of the money and end the day deep in the money, lol. So awesome.", "time": 1536721837.0, "sentiment": ""}, {"id": 136904308, "text": "$AMZN Amazon making good on its BTB (Platform).On Tues Amazon Business hit $10 billion in global sales..  Bloomberg  \n https://www.bloomberg.com/view/articles/2018-09-11/amazon-amzn-makes-good-on-business-to-business-threat", "time": 1536721821.0, "sentiment": ""}, {"id": 136904260, "text": "$AMZN prolly gonna add some during tomorrows delusional bear raid fighting momentum", "time": 1536721807.0, "sentiment": "Bullish"}, {"id": 136904160, "text": "$AMZN &lt;1970 is a buy tmrw", "time": 1536721783.0, "sentiment": ""}, {"id": 136904106, "text": "$AMZN $AMD $AAPL $TLRY $NFLX Great day! $TWTR $CRON $TSLA I&#39;ll have to be a bit more patient. At the end, all will end very well!", "time": 1536721770.0, "sentiment": "Bullish"}, {"id": 136904052, "text": "$AMZN Back to 2000 tomorrow, just like that.", "time": 1536721751.0, "sentiment": ""}, {"id": 136903939, "text": "$AMZN buying calls during the dip this morning was the move \ud83e\udd11\ud83e\udd11\ud83e\udd11\ud83e\udd11\ud83e\udd11\ud83e\udd11\ud83e\udd11\ud83e\udd11\ud83e\udd11\ud83e\udd11\ud83e\udd11\ud83e\udd11\ud83e\udd11\ud83e\udd11\ud83e\udd11\ud83e\udd11\ud83e\udd11\ud83e\udd11\ud83e\udd11\ud83e\udd11", "time": 1536721709.0, "sentiment": "Bullish"}, {"id": 136903882, "text": "$AAPL $AMZN both stocks can have ended a short term pullback and keep extending within a powerful wave 3.#elliottwave", "time": 1536721691.0, "sentiment": "Bullish"}, {"id": 136903607, "text": "Put Protection Cost Analysis To Hedge Downside Risk $FNKO $GERN $AAPL $AMZN $MSFT $BB $INTC $AOI $USAT $PDD $T $DDD https://marketchameleon.com/volReports/DownsidePutProtection", "time": 1536721605.0, "sentiment": ""}, {"id": 136903500, "text": "$AMZN Bears be like", "time": 1536721574.0, "sentiment": "Bullish"}, {"id": 136903051, "text": "$AMZN $V $AMD keeping me alive.", "time": 1536721432.0, "sentiment": ""}, {"id": 136902738, "text": "$AMZN trillionaire luncheon set for tomorrow. Please RSVP", "time": 1536721353.0, "sentiment": "Bullish"}, {"id": 136902715, "text": "$AMZN Nice face ripper!", "time": 1536721348.0, "sentiment": "Bullish"}, {"id": 136902633, "text": "$AMZN Well, we didn&#39;t get ~1991 support, but we held ~1987. AH could be big.", "time": 1536721323.0, "sentiment": "Bullish"}, {"id": 136902404, "text": "Todays winning trades were $AMZN $CSCO $EMR $GOOG $NFLX $UNH $WFC $SQ  Todays losing trades were $BA $C $GILD $MU $AAPL", "time": 1536721262.0, "sentiment": ""}, {"id": 136902370, "text": "$AMZN 1990 baby! And 2k tomorrow!", "time": 1536721255.0, "sentiment": "Bullish"}, {"id": 136902310, "text": "$AMZN +71 from intraday bottom", "time": 1536721243.0, "sentiment": "Bullish"}, {"id": 136902236, "text": "$AMZN what a ride", "time": 1536721222.0, "sentiment": "Bullish"}, {"id": 136902089, "text": "$AMZN Good day today, let&#39;s repeat it tomorrow", "time": 1536721187.0, "sentiment": "Bullish"}, {"id": 136901989, "text": "$AMZN Thank you. $TSLA $TLRY", "time": 1536721162.0, "sentiment": ""}, {"id": 136901798, "text": "$AMZN sold $2020 calls thinking I\u2019d b safe &amp; then I\u2019d sell next week when we hit $2050+. But might loose them if executes. Not bad problem", "time": 1536721111.0, "sentiment": "Bullish"}, {"id": 136901771, "text": "$USAT $FB $AMZN  9.05 load up exponentially. Under 8.50 borrow from your mom. big boys didn\u2019t sell their blocks. This is opportunistic ply", "time": 1536721105.0, "sentiment": "Bullish"}, {"id": 136901616, "text": "$AMZN Regular clean out of retail stop losses !", "time": 1536721067.0, "sentiment": "Bullish"}, {"id": 136901489, "text": "$AMZN Could we establish ~1991 support (5 &amp; 15) into the close? Maybe?", "time": 1536721032.0, "sentiment": "Bullish"}, {"id": 136901361, "text": "$AMZN and $SQ undefeatble god. strong. \u00b5Ok tried one CALL AMZN 2000$", "time": 1536720999.0, "sentiment": ""}, {"id": 136901325, "text": "$AMZN cinco minutos", "time": 1536720991.0, "sentiment": "Bullish"}, {"id": 136901301, "text": "$AMZN anyone adding here, or shall wait for the", "time": 1536720984.0, "sentiment": ""}, {"id": 136901137, "text": "$AMZN Target 3000 into year end...", "time": 1536720944.0, "sentiment": "Bullish"}, {"id": 136901063, "text": "Closing the $AMZN position that was opened on Sept 10 for a 1.96% gain.", "time": 1536720924.0, "sentiment": ""}, {"id": 136901055, "text": "$amzn another 4$ move,hourly mad cross up,also loves it! congrats bulls", "time": 1536720922.0, "sentiment": "Bullish"}, {"id": 136900997, "text": "$AMZN could see a run to 2500 by Halloween...", "time": 1536720910.0, "sentiment": "Bullish"}, {"id": 136900905, "text": "$AMZN Congrats to all the bulls who stuck it out over the past week. Stick to what you know and don&#39;t buy into the nonsense.", "time": 1536720885.0, "sentiment": "Bullish"}, {"id": 136900779, "text": "$AMZN looking for 2200 by month-end...", "time": 1536720851.0, "sentiment": "Bullish"}, {"id": 136900638, "text": "$AMZN 2000$ after hours. \ud83d\udd25\ud83d\udd25\ud83d\udd25\ud83d\ude80\ud83d\ude80\ud83d\ude80", "time": 1536720817.0, "sentiment": "Bullish"}, {"id": 136900533, "text": "$AMZN continuation tomorrow. New ATH by Friday!", "time": 1536720787.0, "sentiment": "Bullish"}, {"id": 136900478, "text": "$AMZN next stop $2100. Easy money", "time": 1536720774.0, "sentiment": "Bullish"}, {"id": 136900433, "text": "$AMZN Just added 30 more shares", "time": 1536720763.0, "sentiment": "Bullish"}, {"id": 136900320, "text": "$AMZN Too funny.  Gets a much needed pull back and just rockets right back up.", "time": 1536720736.0, "sentiment": ""}, {"id": 136900270, "text": "$AMZN Today 2000$ +", "time": 1536720723.0, "sentiment": "Bullish"}, {"id": 136900242, "text": "$WMT on a solid Green Day for Dow, buyers are not ignoring $WMT Money going into Two A\u2019s $AAPL and $AMZN. But don\u2019t count it out long term.", "time": 1536720716.0, "sentiment": "Bullish"}, {"id": 136900181, "text": "$AMZN we will head back to 2075$", "time": 1536720697.0, "sentiment": "Bullish"}, {"id": 136900177, "text": "$AMZN Well, I have been warning the bears for 2 days that a bear trap was very likely. All the signs were there, and 1st thing this am...", "time": 1536720697.0, "sentiment": "Bullish"}, {"id": 136900056, "text": "$SPY 1/15th of total US GDP growth this year was matched by $AMZN and $AAPL today. Whats left for other companies? Listed or not listed", "time": 1536720666.0, "sentiment": ""}, {"id": 136900004, "text": "$AMZN 12 pts to 2000", "time": 1536720651.0, "sentiment": "Bullish"}, {"id": 136899940, "text": "$AMZN wow!", "time": 1536720631.0, "sentiment": "Bullish"}, {"id": 136899796, "text": "$AMZN \ud83d\udd25\ud83d\udd25\ud83d\udd25\ud83d\udd25\ud83d\udd25\ud83d\udcaa", "time": 1536720590.0, "sentiment": ""}, {"id": 136899576, "text": "$qqq $aapl $amzn $fb $msft $googl $nflx I tried to help you", "time": 1536720532.0, "sentiment": "Bullish"}, {"id": 136899526, "text": "$AMZN this is going to open premarket +2000", "time": 1536720517.0, "sentiment": "Bullish"}, {"id": 136899322, "text": "$AMZN Remarkable +/- 50% retracement from recent low.", "time": 1536720458.0, "sentiment": "Bullish"}, {"id": 136898926, "text": "@sasea $AMZN this and the recode ad article just opens your eyes to how big this TAM is", "time": 1536720341.0, "sentiment": ""}, {"id": 136898882, "text": "$AMZN 2000 Plus tomorrow !!! Retail Bears Have A Huge Problem. Long Bezos Short DJT", "time": 1536720329.0, "sentiment": "Bullish"}, {"id": 136898878, "text": "$AMZN where will this be in December?? \ud83d\ude80\ud83d\ude80\ud83d\ude80\ud83d\ude80\ud83d\udc40", "time": 1536720328.0, "sentiment": "Bullish"}, {"id": 136898742, "text": "$AMZN just need a dollar a min for the rest of day to get to 2k", "time": 1536720297.0, "sentiment": ""}, {"id": 136898730, "text": "$AMZN without BABA this stock will run crazy. performance is awesome", "time": 1536720292.0, "sentiment": "Bullish"}, {"id": 136898690, "text": "$AMZN 1985 printed again. Perma", "time": 1536720278.0, "sentiment": "Bullish"}, {"id": 136898602, "text": "$RSLS $PTIE $AMZN", "time": 1536720255.0, "sentiment": "Bullish"}, {"id": 136898526, "text": "$AMZN may as well open &gt;2000 tomorrow", "time": 1536720237.0, "sentiment": "Bullish"}, {"id": 136898333, "text": "$AMZN Next is ~1991 on 5 and 15.", "time": 1536720178.0, "sentiment": "Bullish"}, {"id": 136898189, "text": "$AMZN Yeah bears r averse to building wealth.", "time": 1536720141.0, "sentiment": "Bullish"}, {"id": 136898172, "text": "$AMZN 1986.9 daily level.", "time": 1536720136.0, "sentiment": ""}, {"id": 136898094, "text": "$AMZN bears post so much negative comments when it doesnt go their way while bulls just trade even on the down side", "time": 1536720112.0, "sentiment": "Bullish"}, {"id": 136898089, "text": "$AMZN this is a very strong reason for reversal", "time": 1536720111.0, "sentiment": "Bullish"}, {"id": 136898024, "text": "$AMZN $2000 by this Friday would be sweet!", "time": 1536720090.0, "sentiment": "Bullish"}, {"id": 136897937, "text": "$AMZN 2k $$$$$$$$&amp;", "time": 1536720068.0, "sentiment": "Bullish"}, {"id": 136897720, "text": "$AMZN buy those damn calls...2k tommorrow", "time": 1536720013.0, "sentiment": "Bullish"}, {"id": 136897436, "text": "$AMZN +20 after hours + 10 pre market.. 1990 close and 2000+ here we come!", "time": 1536719932.0, "sentiment": "Bullish"}, {"id": 136897392, "text": "$AMZN they said it couldn\u2019t be done..", "time": 1536719920.0, "sentiment": "Bullish"}, {"id": 136897312, "text": "$AMZN good shit today", "time": 1536719900.0, "sentiment": ""}, {"id": 136897272, "text": "$AMZN gonna implode just like $FB and image is being destroyed just like FB", "time": 1536719892.0, "sentiment": "Bearish"}, {"id": 136897243, "text": "$NFLX $AMZN $MSFT    $MA  open sep28 215call at $2.44", "time": 1536719886.0, "sentiment": "Bullish"}, {"id": 136897197, "text": "$AMZN power f-ing hour!", "time": 1536719872.0, "sentiment": "Bullish"}, {"id": 136897112, "text": "$NFLX $AMZN $MSFT    $V open sep28 146call at $1.73", "time": 1536719850.0, "sentiment": "Bullish"}]