[{"id": 137555216, "text": "$AMZN I told all of you this would happen! You are all welcome", "time": 1537220321.0, "sentiment": "Bearish"}, {"id": 137555132, "text": "$AMZN i bet Bezos sittin at his desk trying to figure his net worth", "time": 1537220297.0, "sentiment": ""}, {"id": 137554926, "text": "$AMZN you guys really think that deleting reviews is gonna hurt much? Give me a break", "time": 1537220242.0, "sentiment": ""}, {"id": 137554753, "text": "$AMZN wow\ud83d\ude32", "time": 1537220193.0, "sentiment": "Bearish"}, {"id": 137554748, "text": "$AMZN Going to get Ugly for the Bears. Lot of Panic. I am a Buyer .", "time": 1537220192.0, "sentiment": "Bullish"}, {"id": 137554620, "text": "$amzn you dont run in and buy a stock at ATHs when they have a data breach lmao...you sell idiots lol", "time": 1537220162.0, "sentiment": ""}, {"id": 137554574, "text": "$AMZN news in a nutshell. investigations of employees leaking data for bribes, also speculations of company splitting to avoid antitrust law", "time": 1537220151.0, "sentiment": ""}, {"id": 137554428, "text": "$amzn data leak/breach shocker...more to come folks", "time": 1537220109.0, "sentiment": ""}, {"id": 137554356, "text": "$AMZN selling is not done.", "time": 1537220088.0, "sentiment": ""}, {"id": 137554325, "text": "$AMZN definitely should have stayed in bed....", "time": 1537220077.0, "sentiment": ""}, {"id": 137554309, "text": "$AMZN that moment in time where you wanna sell just cause \u201ceveryone is doing it\u201d.", "time": 1537220070.0, "sentiment": ""}, {"id": 137554245, "text": "$AMZN doesn\u2019t matter now if you\u2019re bullish or bearish, IV\u2019s coming down. Be careful", "time": 1537220050.0, "sentiment": ""}, {"id": 137554236, "text": "$AMZN great buying opp right here", "time": 1537220048.0, "sentiment": ""}, {"id": 137554210, "text": "$AMZN this should be back up to $1940-$1950 today.", "time": 1537220042.0, "sentiment": "Bullish"}, {"id": 137554185, "text": "$AMZN Trillion dollar my a$$", "time": 1537220037.0, "sentiment": ""}, {"id": 137554171, "text": "$AMZN Fire \ud83d\udd25 sale over?", "time": 1537220034.0, "sentiment": "Bullish"}, {"id": 137554166, "text": "$AMZN Amazon probes we\u2019re deleting bad reviews. https://abcnews.go.com/Technology/video/amazon-probes-report-workers-deleted-bad-reviews-57875177", "time": 1537220032.0, "sentiment": "Bearish"}, {"id": 137554136, "text": "$AMZN +22 from breakfast collusion @1990", "time": 1537220025.0, "sentiment": ""}, {"id": 137554115, "text": "$AMZN the people who were able to buy under 1.9k are very lucky, it&#39;s too bad I am out of cash in my broker account.", "time": 1537220021.0, "sentiment": "Bullish"}, {"id": 137554042, "text": "Hope you got some $AMZN... ;-)", "time": 1537220005.0, "sentiment": ""}, {"id": 137554005, "text": "$AMZN 2000 Pin for option Friday would kill the Bears. Very Long Now with this meltdown this morning. GLTA", "time": 1537219997.0, "sentiment": "Bullish"}, {"id": 137553985, "text": "$AMZN so cute yall think this is going up hahahahah", "time": 1537219992.0, "sentiment": "Bearish"}, {"id": 137553964, "text": "$AMZN If you haven&#39;t jumped in yet, you&#39;re a Nut. This company is the biggest force on the NASDAQ, best opportunity to get in for a A WHILE.", "time": 1537219988.0, "sentiment": "Bullish"}, {"id": 137553941, "text": "$AMZN \ud83d\udcda\ud83d\udd25", "time": 1537219981.0, "sentiment": ""}, {"id": 137553901, "text": "$AMZN VWAP. \n$TSLA VWAP.", "time": 1537219973.0, "sentiment": ""}, {"id": 137553744, "text": "$AMZN keep an eye on my Little Willy $CTRV as a great update cometh,jmhaho.", "time": 1537219928.0, "sentiment": ""}, {"id": 137553662, "text": "$AMZN 1925 resistance", "time": 1537219906.0, "sentiment": ""}, {"id": 137553642, "text": "Top Implied #Volatility Gainers $AMZN $MCD $IMMU $TNDM $JD $NVDA $NFLX $MOS $IWM $AR $FTV $QID $CMCSA $ASHR http://tinyurl.com/yd54v8v3", "time": 1537219901.0, "sentiment": ""}, {"id": 137553592, "text": "$AMZN cut through the noise and listen to the Amazon earnings call http://bit.ly/FreeQuarterlyEarningsCalls", "time": 1537219890.0, "sentiment": ""}, {"id": 137553532, "text": "$AMZN hahahaha should have stuck with tricky penny stock gamble i used to. this big tech is for the president to settle his score", "time": 1537219873.0, "sentiment": ""}, {"id": 137553520, "text": "$amzn DATA LEAK LMAO this is the heart of there business data...oh boy see you at 1600 LMAO", "time": 1537219871.0, "sentiment": ""}, {"id": 137553457, "text": "$AMZN out of $ puts AND calls look tempting to sell.", "time": 1537219856.0, "sentiment": ""}, {"id": 137553425, "text": "$AMZN expect 1930\u2019s to be resistance now", "time": 1537219843.0, "sentiment": ""}, {"id": 137553259, "text": "#Update(12)  $AMZN Sep-21 1995 Puts Up +143%.  sincealerted on: Sep 05. \n\n https://www.sleekoptions.com/st.aspx?ald=16F7E06E-028C-42B2", "time": 1537219797.0, "sentiment": "Bearish"}, {"id": 137553237, "text": "$AMZN yes, September has been sucking bad month.", "time": 1537219793.0, "sentiment": "Bullish"}, {"id": 137553180, "text": "$AMZN anyone have a link to something regarding this potential data breach/leak?!", "time": 1537219780.0, "sentiment": ""}, {"id": 137553179, "text": "$AMZN another Bull who doesnt listen. Smh", "time": 1537219780.0, "sentiment": ""}, {"id": 137553175, "text": "$AMZN 1917 is the key, reclaim or stay below?", "time": 1537219779.0, "sentiment": ""}, {"id": 137553152, "text": "$AMZN eyeing insurance agency biz in India. Hasn\u2019t sought regulator approval yet. $EBIX BSE way ahead of competition https://www.bloombergquint.com/technology/2018/09/17/amazon-india-plans-to-become-an-insurance-agent", "time": 1537219772.0, "sentiment": ""}, {"id": 137553116, "text": "$AMZN dork", "time": 1537219762.0, "sentiment": ""}, {"id": 137553114, "text": "$AMZN #Amazon Investigates Employees Leaking Data for Bribes https://www.wsj.com/articles/amazon-investigates-employees-leaking-data-for-bribes-1537106401", "time": 1537219761.0, "sentiment": ""}, {"id": 137553080, "text": "$AMZN Using the KISS(Keep It Simple Stupid), long here should net profits. Probably closes above 19.30", "time": 1537219753.0, "sentiment": "Bullish"}, {"id": 137553072, "text": "$SPY So EU is flat/Green.  Looks like we have a HFT move on Open using the SOO orders. Lets see 10:30 $AAPL $AMZN $QQQ $JPM", "time": 1537219751.0, "sentiment": "Bullish"}, {"id": 137553059, "text": "$AMZN Amazon trading strange to other FANGS", "time": 1537219749.0, "sentiment": ""}, {"id": 137553034, "text": "$AMZN wow! My old fib from weeks ago. @AC_TRADER \u2019s school \ud83d\udc4d\ud83d\udcb5", "time": 1537219743.0, "sentiment": ""}, {"id": 137553028, "text": "@callsgirl it&#39;s like buying $AMZN 5 years ago", "time": 1537219741.0, "sentiment": "Bullish"}, {"id": 137552992, "text": "$AMZN \u201cwhen your call was worth 5k but now its worth 500\u201d", "time": 1537219727.0, "sentiment": ""}, {"id": 137552990, "text": "$AMZN where does everyone think Amazon\u2019s price will be come the end of Q4? That answer will determine if you\u2019re really down for the team \ud83e\udd14", "time": 1537219727.0, "sentiment": ""}, {"id": 137552961, "text": "$AMZN Since doubling my money over last 3 weeks, I told myself to back off playing risky weekly calls. I&#39;m $100 away from all in.", "time": 1537219720.0, "sentiment": "Bullish"}, {"id": 137552840, "text": "$AMZN congrats if you got calls under 1900", "time": 1537219684.0, "sentiment": ""}, {"id": 137552839, "text": "$AMZN MM\u2019s shaking out weak hands! Don\u2019t shot ur pants! This is amazon! Future is \ud83d\ude80", "time": 1537219684.0, "sentiment": "Bullish"}, {"id": 137552779, "text": "$AMZN slight more uptrend before this goes on sale again in the next half hour", "time": 1537219668.0, "sentiment": ""}, {"id": 137552767, "text": "$AMZN lol what\u2019s the news?  Down much more than googl nflx AAPL?", "time": 1537219664.0, "sentiment": ""}, {"id": 137552676, "text": "#Update(2)  $AMZN Sep-21 1935 Puts Up +59%.  sincealerted on: Sep 10. \n\nView Details: https://www.sleekoptions.com/st.aspx?ald=C2708B2", "time": 1537219639.0, "sentiment": "Bearish"}, {"id": 137552632, "text": "$AMZN hahahahaha y\u2019all are so easy to trap thjs is a bull trap you\u2019re going to lose your money so bad. Hahah rip to your gains", "time": 1537219627.0, "sentiment": "Bearish"}, {"id": 137552581, "text": "$AMZN $BABA. Thank God I&#39;m long on these.", "time": 1537219614.0, "sentiment": "Bullish"}, {"id": 137552553, "text": "$AMZN Here&#39;s to bribery.", "time": 1537219605.0, "sentiment": "Bullish"}, {"id": 137552516, "text": "$AMZN +- 60 thru friday", "time": 1537219598.0, "sentiment": ""}, {"id": 137552485, "text": "$AMZN I think here is bottoms too, now what ...sideway all day and prepare for down again tmr. , FED might not increased rate next wk.", "time": 1537219585.0, "sentiment": ""}, {"id": 137552481, "text": "$AMZN typo.. 1888 buy\ud83d\ude33", "time": 1537219585.0, "sentiment": "Bullish"}, {"id": 137552412, "text": "$AMZN  around 1890 is a good entry now", "time": 1537219569.0, "sentiment": ""}, {"id": 137552398, "text": "$AMZN Wow, really did hit 1887 but only for a couple of seconds.", "time": 1537219565.0, "sentiment": ""}, {"id": 137552383, "text": "$AMZN UP UP UP", "time": 1537219561.0, "sentiment": ""}, {"id": 137552331, "text": "$AMZN In at 1902. Now back to 2050 please and thank you. ;-)", "time": 1537219549.0, "sentiment": "Bullish"}, {"id": 137552304, "text": "$AMZN Every Year its the same set up before Xmas holidays.  Load up AMZN in Sept.  Adding Dec Calls. $QQQ", "time": 1537219543.0, "sentiment": "Bullish"}, {"id": 137552292, "text": "$AMZN close today will be well above $1950. just look at those orders lined up now", "time": 1537219538.0, "sentiment": "Bullish"}, {"id": 137552268, "text": "$AMZN should be looking to reach 1874.59-1842.97 area before finding buyer&#39;s again looking for 3 wave reaction higher at least #Elliottwave", "time": 1537219532.0, "sentiment": ""}, {"id": 137552261, "text": "$QQQ $AMZN  don\u2019t be surprised for this to hover down here for a bit. If $NKD_F decide to fall then could get more ugly", "time": 1537219530.0, "sentiment": ""}, {"id": 137552233, "text": "$AMZN $aapl the tide has turned $SPY", "time": 1537219522.0, "sentiment": ""}, {"id": 137552193, "text": "$AMZN please go under $1900 again", "time": 1537219511.0, "sentiment": ""}, {"id": 137552100, "text": "$AMZN 1930 EOD", "time": 1537219485.0, "sentiment": ""}, {"id": 137552081, "text": "$AMZN $AAPL  $SPY unless you&#39;re trading with a tax deferred account, it&#39;s not worth losing LT gains for a day trade", "time": 1537219480.0, "sentiment": ""}, {"id": 137552080, "text": "$AMZN down more than BABA", "time": 1537219479.0, "sentiment": ""}, {"id": 137552041, "text": "$AMZN hope you guys heeded my warning pre-market and caught the dip", "time": 1537219472.0, "sentiment": ""}, {"id": 137551940, "text": "$AMZN  Thank you, @Crbramhall  .", "time": 1537219442.0, "sentiment": ""}, {"id": 137551930, "text": "$AMZN Nasdaq retracing north (FAANGS in sync).Japan,China &amp; US still have strong robust Economies! Keep the faith! Loose the tariffs Trump!", "time": 1537219440.0, "sentiment": ""}, {"id": 137551928, "text": "$AMZN $NFLX $GOOG $FB Brown Monday, 2018. It&#39;s shit.", "time": 1537219439.0, "sentiment": ""}, {"id": 137551886, "text": "$AMZN where is god right now... where is god?", "time": 1537219427.0, "sentiment": ""}, {"id": 137551864, "text": "$AMZN 1970+ today by eod??", "time": 1537219421.0, "sentiment": "Bullish"}, {"id": 137551861, "text": "$AMZN what\u2019s going on with amazon just a quick correction?", "time": 1537219421.0, "sentiment": ""}, {"id": 137551852, "text": "$AMZN   \nAmazon tries to gather momentum https://www.economies.com/stocks/united-states-analysis/amazon-tries-to-gather-momentum---analysis---17-09-2018-55118", "time": 1537219419.0, "sentiment": ""}, {"id": 137551832, "text": "$AMZN second dump incoming", "time": 1537219413.0, "sentiment": ""}, {"id": 137551830, "text": "$AMZN If you don&#39;t buy here you&#39;re silly!!", "time": 1537219411.0, "sentiment": "Bullish"}, {"id": 137551773, "text": "$AMZN starting 2 look little H&amp;S&#39;ish, when they fail, they fail big, also looks like ABC Corrective, big spot, down 163pts: 162-162.5 Big", "time": 1537219395.0, "sentiment": ""}, {"id": 137551772, "text": "$AMZN buyers kinda spread out right now.", "time": 1537219395.0, "sentiment": ""}, {"id": 137551735, "text": "$amzn $2000 strike highest OI for this week.", "time": 1537219388.0, "sentiment": ""}, {"id": 137551721, "text": "$AMZN 1955+ cometh this week.\ud83e\udd42", "time": 1537219384.0, "sentiment": ""}, {"id": 137551669, "text": "$AMZN will help me retire at 40...I have faith. I am waiting for the market to really correct itself...so everything goes on sale", "time": 1537219370.0, "sentiment": "Bullish"}, {"id": 137551621, "text": "$AMZN don\u2019t worry everyone, this is normal. It\u2019s cause I bought some on Friday.. the market gives huge opportunities once I buy anything lol", "time": 1537219359.0, "sentiment": "Bullish"}, {"id": 137551611, "text": "$AMZN funny that this stock even has bears when everyone checks amzn first before they make any purchase in stores. Those calls are \ud83e\udd11\ud83e\udd11\ud83e\udd11", "time": 1537219356.0, "sentiment": "Bullish"}, {"id": 137551604, "text": "$AMZN time to cover bears.   market makers shook the tree enough", "time": 1537219355.0, "sentiment": ""}, {"id": 137551537, "text": "$AMZN rsi6 at 32..best time to add more", "time": 1537219333.0, "sentiment": "Bullish"}, {"id": 137551518, "text": "$AMZN holy cow", "time": 1537219326.0, "sentiment": ""}, {"id": 137551465, "text": "$AMZN , was this the bounce we were waiting for", "time": 1537219312.0, "sentiment": ""}, {"id": 137551457, "text": "$AMZN Great  BreakFa$t @ 1990\ud83d\udee9\ufe0f", "time": 1537219310.0, "sentiment": ""}, {"id": 137551418, "text": "$AMZN shorts will now cover...up", "time": 1537219300.0, "sentiment": ""}, {"id": 137551408, "text": "$AMZN There will always be Sellers who want to play Safe &amp; Sell on Open. Those violent flushes are always helpful $BABA $AAPL", "time": 1537219298.0, "sentiment": ""}, {"id": 137551381, "text": "$AMZN oversold. Bears, beware of it.", "time": 1537219291.0, "sentiment": "Bullish"}, {"id": 137551249, "text": "$AMZN selling is for the weak. This will be 10k someday. This is just noise", "time": 1537219257.0, "sentiment": "Bullish"}, {"id": 137551246, "text": "$JD Reminds me of $AMZN from 2013-2014", "time": 1537219257.0, "sentiment": ""}, {"id": 137551170, "text": "$AMZN Well this is it I&#39;m going out side to feed the pigeons bread crumbs and try to lure one into a shake and bake bag.", "time": 1537219237.0, "sentiment": ""}, {"id": 137551152, "text": "$AMZN Gann: Buy Panicky Declines for a quick Rally: This is a Panicky Decline", "time": 1537219232.0, "sentiment": ""}, {"id": 137551135, "text": "$AMZN people checks go straight to amazon stock every week.", "time": 1537219227.0, "sentiment": "Bullish"}, {"id": 137551122, "text": "@LordsAK @HighLimit Already said, $AMZN down due to WSJ article about leaks and fake reviews. Only temporary.", "time": 1537219223.0, "sentiment": ""}, {"id": 137551118, "text": "$AMZN bought Oct 1920 Calls when $1890 BTFD!", "time": 1537219221.0, "sentiment": "Bullish"}, {"id": 137551099, "text": "$AMZN Bought 1950 calls (expiry 10/12) this morning when amazon hit $1898 this morning.... hope 10/12 is enough time to watch the bounce...", "time": 1537219215.0, "sentiment": ""}, {"id": 137551053, "text": "$AMZN finally a buying opportunity on this", "time": 1537219198.0, "sentiment": "Bullish"}, {"id": 137551030, "text": "$AMZN watching 1905.88, 36 pts down 2days price in Square 12 with 2 square of 12 time hits: 948 days from 474 low and 672 days from 710 low", "time": 1537219191.0, "sentiment": ""}, {"id": 137551016, "text": "@MoneyMaker5k blocked for spamming $AMZN $SPY", "time": 1537219185.0, "sentiment": ""}, {"id": 137551011, "text": "$AMZN flash sell\uff1f", "time": 1537219184.0, "sentiment": ""}, {"id": 137550974, "text": "$AMZN $BTC.X rough day here, but no worries, not panic selling", "time": 1537219172.0, "sentiment": "Bullish"}, {"id": 137550971, "text": "$AMZN bullish engulfing begins.", "time": 1537219172.0, "sentiment": ""}, {"id": 137550929, "text": "$AMZN why she is so angry today?", "time": 1537219162.0, "sentiment": ""}, {"id": 137550889, "text": "$AMZN Aleluia....", "time": 1537219151.0, "sentiment": "Bearish"}, {"id": 137550820, "text": "$AMZN I think Amazon has more room to drop before we get to their earnings...I\u2019m excited for their holiday season", "time": 1537219134.0, "sentiment": ""}, {"id": 137550804, "text": "$AMZN Jeff bezos is only poorer 5B today. Me, not so much. I beat Jeff B on financials..!", "time": 1537219129.0, "sentiment": ""}, {"id": 137550769, "text": "$AMZN loading up here for a quick bounce", "time": 1537219120.0, "sentiment": "Bullish"}, {"id": 137550761, "text": "@HighLimit any thoughts on $amzn today it&#39;s down almost 4%", "time": 1537219119.0, "sentiment": ""}, {"id": 137550740, "text": "$AMZN we hit the bottom", "time": 1537219114.0, "sentiment": ""}, {"id": 137550642, "text": "$AMZN sell or forever hold your peace.", "time": 1537219092.0, "sentiment": ""}, {"id": 137550617, "text": "$AMZN 1950 EOD", "time": 1537219086.0, "sentiment": ""}, {"id": 137550615, "text": "$AMZN: Do you love me now? \nMe: If you gonna break $1878.57 levels I will marry you.", "time": 1537219085.0, "sentiment": ""}, {"id": 137550589, "text": "$AMZN Nice 1988 buy, more dry powder! Hmm .. I bet when I retire many years from now I\u2019ll be very happy with today\u2019s buy! I want more\ud83e\udd20", "time": 1537219078.0, "sentiment": "Bullish"}, {"id": 137550563, "text": "$AMZN Buy calls now", "time": 1537219071.0, "sentiment": "Bullish"}, {"id": 137550526, "text": "$AMZN You&#39;re not gonna get a chance like this again for a while. Buy now and go short term this can rip up again!", "time": 1537219061.0, "sentiment": ""}, {"id": 137550506, "text": "$AMZN what\u2019s going on with Amazon \ud83e\udd26\ud83c\udffe\u200d\u2640\ufe0f", "time": 1537219056.0, "sentiment": ""}, {"id": 137550484, "text": "$AMZN Need I say more. #PrivacyExploitation by $XLK. Nxt I\u2019d like2see regulation in \u201cdata\u201dpricing. $T= monopoly unless there is competition.", "time": 1537219051.0, "sentiment": "Bearish"}, {"id": 137550465, "text": "@Jackma1991 bullshit, $AMZN is down more than other stocks that are effected more by China", "time": 1537219045.0, "sentiment": ""}, {"id": 137550432, "text": "$AMZN mms", "time": 1537219035.0, "sentiment": ""}, {"id": 137550403, "text": "$AMZN lunchtime will be awful.", "time": 1537219026.0, "sentiment": ""}, {"id": 137550400, "text": "Forget HQ2, Amazon $AMZN Could Separate the Business - Citi\n\nhttps://www.streetinsider.com/dr/news.php?id=14613257", "time": 1537219025.0, "sentiment": ""}, {"id": 137550351, "text": "$AAPL $AMZN $MSFT $QQQ $SPY $MU $AMD look at \ud83c\udf4e Apple Chart the \ud83d\udc3bBear Flag on 1 minute intraday chart as BIG Drop is Coming \ud83d\ude02\ud83d\udc40TA is GREAT", "time": 1537219015.0, "sentiment": ""}, {"id": 137550322, "text": "$AMZN cant wait for halloween to come", "time": 1537219010.0, "sentiment": "Bullish"}, {"id": 137550319, "text": "$AMZN is this a buy or what?", "time": 1537219010.0, "sentiment": "Bullish"}, {"id": 137550299, "text": "$AMZN lost their ratings integrity.  \nLong road back to trust...  \nmore selling pain ahead.", "time": 1537219003.0, "sentiment": ""}, {"id": 137550294, "text": "$AMZN  672 days 11/14/16 low, sq 12,and Cycle 168: 1911 on 63 (168x11+63), 2days Price 168: 1929.54, 21 down,1/8: 1908.54", "time": 1537219002.0, "sentiment": ""}, {"id": 137550288, "text": "$SQ $AMZN idk what I did to deserve this but I&#39;m buying some more here.", "time": 1537219000.0, "sentiment": "Bullish"}, {"id": 137550279, "text": "$AMZN lol, always hilarious to see the days the bears feel safe to show their face.  Enjoy while you can :-)", "time": 1537218998.0, "sentiment": "Bullish"}, {"id": 137550234, "text": "$AMZN if 1850\u2019s don\u2019t hold it\u2019s a long way to next support around 1750\u2019s, maybe even 1660\u2019s based on daily chart", "time": 1537218985.0, "sentiment": ""}, {"id": 137550217, "text": "$AMZN Does anyone know what&#39;s going on here?", "time": 1537218980.0, "sentiment": ""}, {"id": 137550216, "text": "$AMZN is likened to &quot;Peepping Leaves&quot; of Vermont .Super \ud83d\udebd today", "time": 1537218980.0, "sentiment": ""}, {"id": 137550204, "text": "$AMZN - 2 minute chart...not monthly or daily.", "time": 1537218977.0, "sentiment": ""}, {"id": 137550202, "text": "$AMZN when you are already up 135% I guess 3% isn\u2019t much", "time": 1537218977.0, "sentiment": "Bullish"}, {"id": 137550170, "text": "$AMZN what&#39;s going on?", "time": 1537218968.0, "sentiment": ""}, {"id": 137550164, "text": "$AMZN I&#39;ll add at $1866 ish.", "time": 1537218966.0, "sentiment": ""}, {"id": 137550132, "text": "$AMZN lol Amazon oversold you mean over bought", "time": 1537218957.0, "sentiment": ""}, {"id": 137550110, "text": "$AMZN finally coming down.", "time": 1537218949.0, "sentiment": ""}, {"id": 137550082, "text": "$AMZN I know. WHY???????", "time": 1537218943.0, "sentiment": ""}, {"id": 137550049, "text": "$AMZN should&#39;ve sold at 2050", "time": 1537218938.0, "sentiment": ""}, {"id": 137549970, "text": "Green Dow, $AMZN down 3.3%. Wtf?", "time": 1537218922.0, "sentiment": ""}]