[{"id": 138054316, "text": "$AMZN US economy poised for strong second half of 2018. LEI rises 0.4% in Aug; \u2018It doesn\u2019t get much better than this\u201d https://on.mktw.net/2xBRSfZ", "time": 1537478364.0, "sentiment": ""}, {"id": 138054292, "text": "$TSLA is an undervalued growth juggernaut. Its growth far greater than other top tech cos $AMZN $NFLX $GOOG $NVDA  https://teslamotorsclub.com/tmc/threads/tesla-is-an-undervalued-growth-juggernaut.127272/", "time": 1537478360.0, "sentiment": "Bullish"}, {"id": 138052820, "text": "$SNAP are u really comparing this crap to $AMZN", "time": 1537478071.0, "sentiment": ""}, {"id": 138052809, "text": "$AMZN staying off the broader rally.. but trying to go higher slowly.. painful to watch this beast using stairs..", "time": 1537478070.0, "sentiment": ""}, {"id": 138052716, "text": "$AMZN Looking for a dip and another bounce off the SMA50, or a break of the SMA 20 to buy more calls.", "time": 1537478052.0, "sentiment": ""}, {"id": 138052490, "text": "$QQQ pull back with the $SPY top of range look for $AMZN $AAPL $GOOG $GOOGL to pullback during this. Slight bearish for the pull back trade", "time": 1537478010.0, "sentiment": "Bearish"}, {"id": 138051642, "text": "$AMZN watch that decay burn now; just balancing 1932-1948", "time": 1537477830.0, "sentiment": "Bullish"}, {"id": 138051617, "text": "$AMZN please break out of this range....i feel like it&#39;s coming", "time": 1537477826.0, "sentiment": ""}, {"id": 138051221, "text": "$BB Just in case.... $AMZN $GOOGL $AAPL $MSFT $NVDA $QCOM", "time": 1537477748.0, "sentiment": "Bullish"}, {"id": 138051186, "text": "$AMZN just had to hold 32-33 area now; if that breaks not a good sign", "time": 1537477739.0, "sentiment": "Bullish"}, {"id": 138051025, "text": "$AMZN slowly making it&#39;s way back to 1996", "time": 1537477704.0, "sentiment": ""}, {"id": 138050661, "text": "$AMZN 2k today in the books, event coming with markets rallying to ATH", "time": 1537477639.0, "sentiment": "Bullish"}, {"id": 138050617, "text": "$AMZN Looks like graffiti.", "time": 1537477630.0, "sentiment": ""}, {"id": 138050478, "text": "$spy $qqq $amzn $aapl  $uvxy I am borrowing another 100K so I can go more long the market lol, ORange told me so", "time": 1537477604.0, "sentiment": ""}, {"id": 138050238, "text": "$spy $qqq $amzn $aapl  $uvxy weeeee all clear buy signals...LMAO wow", "time": 1537477555.0, "sentiment": ""}, {"id": 138049950, "text": "$SHOP one day merchants all over the world will revolt against $AMZN.", "time": 1537477495.0, "sentiment": "Bullish"}, {"id": 138049756, "text": "$AMZN just once I would like to a part of those rip rallies, you know the ones that take off by 50p....seem to always miss those.", "time": 1537477455.0, "sentiment": ""}, {"id": 138049616, "text": "$GRPN 5 vouchers bought 9/19 via best local O2O co.2 sweep my heart+wallet. #Amateurzon $AMZN #CostNo $COST $QUOT =joke #YelpSucks $YELP", "time": 1537477428.0, "sentiment": "Bullish"}, {"id": 138049304, "text": "$AMZN why the heck anyone would sell while event is going to start soon..mojo will keep up", "time": 1537477361.0, "sentiment": ""}, {"id": 138049220, "text": "$NFLX Or look at the fundamentails. P/E is back in line with other growth stocks like $AMZN", "time": 1537477344.0, "sentiment": ""}, {"id": 138049159, "text": "$GOOGL $MSFT $AMZN POSITIVE START", "time": 1537477331.0, "sentiment": ""}, {"id": 138049103, "text": "$AMZN $TSLA Bounced. $NFLX", "time": 1537477320.0, "sentiment": ""}, {"id": 138048613, "text": "$AMZN got to love this intraday push and pull. Slow and steady wins the race though. Look at the 200 day MA. $2200 by end of year.", "time": 1537477215.0, "sentiment": ""}, {"id": 138048491, "text": "$AMZN LT fine to buy here; intraday resistance in the 1940s; 1932 bought; buyers active in the 30s; 50/50 now", "time": 1537477190.0, "sentiment": "Bullish"}, {"id": 138048161, "text": "$AMZN $WMT $TGT Tariffs in a nutshell I buy an imported item for $1 and sell it for $1.20 yet when I go back to buy it again it cost $1.25", "time": 1537477121.0, "sentiment": "Bearish"}, {"id": 138047947, "text": "$AMZN i&#39;m guessing lows of the day are in...new devices release today on top of an upgrade and nasdaq up...", "time": 1537477076.0, "sentiment": ""}, {"id": 138047810, "text": "$AMZN $SPY even FTSE is green wt 0.45%, despite been the crappiest index in europe", "time": 1537477048.0, "sentiment": ""}, {"id": 138047566, "text": "$AMZN Speculation abounds on what the e-commerce giant has up its sleeve. https://stocknews.com/news/amzn-amazon-com-inc-amzn-to-have-its-big-gadget-rollout-event/", "time": 1537476991.0, "sentiment": ""}, {"id": 138047469, "text": "$SWIR $AMZN event is today . Let\u2019s see if we are the suitor for the new devices.", "time": 1537476962.0, "sentiment": "Bullish"}, {"id": 138047420, "text": "$AMZN Air pocket... hate these Air pockets!!! ALGO&#39;s trying to get your shares cheeeaaap.", "time": 1537476951.0, "sentiment": ""}, {"id": 138047389, "text": "$AMZN expect a lot of volatility. This will be sold off for real tomorrow.", "time": 1537476944.0, "sentiment": ""}, {"id": 138047268, "text": "$AMZN f&#39;ing manipulation", "time": 1537476915.0, "sentiment": ""}, {"id": 138047264, "text": "$AMZN is fading today and $WMT is the only component in the red. Have investors started to realize how horrible tarriffs are for retailers?", "time": 1537476913.0, "sentiment": "Bearish"}, {"id": 138047054, "text": "$AMZN $SPY did Trump tweet again? WTF? Why the sudden drop?", "time": 1537476858.0, "sentiment": ""}, {"id": 138047031, "text": "$AMZN most retail investors can\u2019t see when they are getting played.", "time": 1537476853.0, "sentiment": ""}, {"id": 138046961, "text": "$spy $qqq $amzn $aapl  so every1 has a job making crap money, now what lol after its all over they will explain what Im talking about", "time": 1537476839.0, "sentiment": ""}, {"id": 138046903, "text": "$AMZN $TSLA Lows.", "time": 1537476826.0, "sentiment": ""}, {"id": 138046846, "text": "$AMZN 10 pt drop in less than 10 min. Love being a bear in this transition market. Panic buying leads to so much opportunity. 1850 comin", "time": 1537476814.0, "sentiment": "Bearish"}, {"id": 138046763, "text": "$spy $qqq $amzn $aapl  getting a job mean nothing if wages blow and u cant pay ur bills lol idiots looking at numbers in a bubble", "time": 1537476797.0, "sentiment": ""}, {"id": 138046732, "text": "$AMZN 1948 -10pts rejected; waiting to buy back in; &lt;1930; bulls not active in the 1940s", "time": 1537476792.0, "sentiment": "Bullish"}, {"id": 138046646, "text": "$AMZN ... and the TRUE Crapazon shows up!  Can&#39;t sustain it&#39;s little run", "time": 1537476777.0, "sentiment": ""}, {"id": 138046584, "text": "$AMZN New Products today \u2708\ufe0f", "time": 1537476763.0, "sentiment": "Bullish"}, {"id": 138046455, "text": "$AMZN Heavy short squeeze starts around 1960 which will take it to 2K!", "time": 1537476737.0, "sentiment": "Bullish"}, {"id": 138046440, "text": "$AMZN $TSLA Popped/bounced and pulled in. \n$NFLX VWAP.", "time": 1537476735.0, "sentiment": ""}, {"id": 138046339, "text": "$AMZN relief rally expected. Waiting to see what happened at 1.", "time": 1537476715.0, "sentiment": ""}, {"id": 138046197, "text": "$AMZN comeon as-wipe. I need one of those 80-100 points green day.", "time": 1537476682.0, "sentiment": "Bullish"}, {"id": 138046195, "text": "$AMZN", "time": 1537476681.0, "sentiment": "Bullish"}, {"id": 138046142, "text": "$AMZN why is this struggling? makes no sense", "time": 1537476669.0, "sentiment": ""}, {"id": 138046062, "text": "$AMZN excited for all the devices they are going to show up with :)", "time": 1537476653.0, "sentiment": "Bullish"}, {"id": 138045733, "text": "Amazon Plans 3,000 Amazon Go Stores by 2021, But the Company Faces Challenges $AMZN https://investorplace.com/2018/09/amazon-plans-3000-amazon-go-stores-by-2021-but-the-company-faces-challenges/", "time": 1537476583.0, "sentiment": ""}, {"id": 138045575, "text": "$AMZN making new devices, spreading into other sectors, eliminating brick and mortar, entering other countries... Over valued I think not.", "time": 1537476550.0, "sentiment": "Bullish"}, {"id": 138045407, "text": "$spy $qqq $amzn $aapl  parabolic charts cant last forever, the hurt when it goes will only keep getting worse", "time": 1537476511.0, "sentiment": ""}, {"id": 138045304, "text": "$spy $qqq $amzn $aapl  bunch of giddy little schools running in to buy ATHs again during OPEX no less, keep buyin sheep LMAO,", "time": 1537476489.0, "sentiment": ""}, {"id": 138045264, "text": "$AMZN hang tight she\u2019s going over $1950 looking good", "time": 1537476483.0, "sentiment": "Bullish"}, {"id": 138045218, "text": "$AAPL $MSFT $GOOG $AMZN $NFLX $WMT $TGT $ADBE $FB $VMW \n\nOnly 12% think economy is the issue. \n\nhttp://iapdc.com/how-good-is-the-economy-only-12-cite-economy-as-the-top-problem-in-the-latest-gallup-poll/", "time": 1537476474.0, "sentiment": "Bullish"}, {"id": 138045054, "text": "$AMZN thanks for the morning gains papa Bezos", "time": 1537476441.0, "sentiment": ""}, {"id": 138044489, "text": "Waiting for $AMZN to announce they are exploring the Cannabis sector lol", "time": 1537476324.0, "sentiment": ""}, {"id": 138044426, "text": "$amzn you can exit at 1948 if you want", "time": 1537476310.0, "sentiment": "Bullish"}, {"id": 138044366, "text": "$AMZN over $1950 lets goooooo", "time": 1537476297.0, "sentiment": ""}, {"id": 138044280, "text": "$AMZN So 2007 didn&#39;t start with this behaviour from the highs and neither did 2000 ? You know nothing", "time": 1537476276.0, "sentiment": ""}, {"id": 138044187, "text": "$AMZN pt 2500", "time": 1537476255.0, "sentiment": "Bullish"}, {"id": 138044084, "text": "$AMZN 3% day", "time": 1537476234.0, "sentiment": "Bullish"}, {"id": 138043954, "text": "$AMZN $AAPL $QQQ This is what happens when bears are wrong and the market corrects their error.", "time": 1537476205.0, "sentiment": ""}, {"id": 138043877, "text": "$AMZN $AAPL $QQQ nobody gets it. Like sheep to slaughter", "time": 1537476194.0, "sentiment": ""}, {"id": 138043843, "text": "$AMZN thank you \ud83d\ude0e", "time": 1537476187.0, "sentiment": "Bullish"}, {"id": 138043828, "text": "$amzn you still have time to buy", "time": 1537476183.0, "sentiment": "Bullish"}, {"id": 138043516, "text": "$AMZN $AAPL $QQQ fear mongering characteristics", "time": 1537476117.0, "sentiment": ""}, {"id": 138043427, "text": "$AMZN $AAPL $QQQ no they ain\u2019t. They are a singular result of turmoil generated by the Tangerine Agent of Chaos.", "time": 1537476095.0, "sentiment": ""}, {"id": 138043190, "text": "$AMZN surprise hardware event at 1pm", "time": 1537476038.0, "sentiment": ""}, {"id": 138043040, "text": "$AMZN you know the trend is down when a stock can\u2019t maintain pop in the morning. Big money sells off at these moments of momentum. To 1850", "time": 1537476004.0, "sentiment": "Bearish"}, {"id": 138042961, "text": "$TSLA Highs. \n$AMZN VWAP.", "time": 1537475988.0, "sentiment": ""}, {"id": 138042720, "text": "$AMZN 1PM ET surprise hardware event from Amazon.", "time": 1537475933.0, "sentiment": "Bullish"}, {"id": 138042679, "text": "$AMZN come on!! You got this!", "time": 1537475921.0, "sentiment": "Bullish"}, {"id": 138042644, "text": "$AMZN $AAPL $QQQ Isn&#39;t anyone else realising that these panic buy waves are a main characteristic of bear markets ?", "time": 1537475912.0, "sentiment": ""}, {"id": 138042535, "text": "$AMZN tough couple of months \ud83d\ude1e", "time": 1537475887.0, "sentiment": ""}, {"id": 138042130, "text": "Markets are closed, $JPM\u2019s view on economy, $AMZN\u2019s entry into physical retail &amp;... http://www.adrsofindia.com/blog/2018/09/20/Morning-News.html $IBN $TTM $INFY $WIT $IFN $EPI", "time": 1537475797.0, "sentiment": ""}, {"id": 138041880, "text": "$AMZN Flash down.", "time": 1537475743.0, "sentiment": ""}, {"id": 138041766, "text": "$AMZN f*****k!!!!", "time": 1537475721.0, "sentiment": ""}, {"id": 138041614, "text": "$AMZN Here comes the flush...", "time": 1537475686.0, "sentiment": "Bearish"}, {"id": 138041375, "text": "$AMZN everyday with this weak Sh!t on the open wtf", "time": 1537475627.0, "sentiment": ""}, {"id": 138041247, "text": "@cournj6 NEVER buy a stock with 100% chance of commoditization $AMZN, $HD, $LOW, $KSS, $JCP, Houzz, etc. $AMZN will kill em. Matter of time", "time": 1537475595.0, "sentiment": "Bearish"}, {"id": 138041117, "text": "$AMZN 3,000 Amazon Go Stores Will Decimate Convenience Stores, Be Big Profit Centers\n\nhttps://www.thestreet.com/video/3000-amazon-go-stores-will-decimate-convenience-stores-and-be-big-profit-centers-14718076", "time": 1537475561.0, "sentiment": ""}, {"id": 138041102, "text": "$AMZN gooooooooooo", "time": 1537475557.0, "sentiment": "Bullish"}, {"id": 138040953, "text": "$AMZN please be a Green Day!!", "time": 1537475505.0, "sentiment": "Bullish"}, {"id": 138040947, "text": "$AMZN wake me up when September ends..", "time": 1537475502.0, "sentiment": ""}, {"id": 138040588, "text": "$AMZN dump at open could be 70 puts+", "time": 1537475400.0, "sentiment": "Bearish"}, {"id": 138040563, "text": "$AMZN", "time": 1537475393.0, "sentiment": ""}, {"id": 138040314, "text": "$AMZN 1970 today then back to 2000 by mid next week. People are taking money from $TLRY and moving it to a sure thing.", "time": 1537475323.0, "sentiment": "Bullish"}, {"id": 138040168, "text": "$AMZN 866 Sears stores left ?? And 1,100 Jcp stores left. \ud83e\udd14 Could Amazon Buy them All ? Bed Bath Beyond ?", "time": 1537475283.0, "sentiment": "Bullish"}, {"id": 138040042, "text": "$AMZN Europe stocks on cusp of longest win streak since summer https://on.mktw.net/2NW1xIt", "time": 1537475249.0, "sentiment": ""}, {"id": 138040026, "text": "$AMZN Wow. Will buy every single dip for now on.  Why was this trading at 1906 yesterday??   What a joke.   Going to 4000 !!!!", "time": 1537475244.0, "sentiment": "Bullish"}, {"id": 138039912, "text": "$AMZN Back to 2000+ soon", "time": 1537475214.0, "sentiment": "Bullish"}, {"id": 138039544, "text": "$TLRY 7am pump ~200 to ~250 and sharp reversal. Day 2. Danger. \n$AMZN $TSLA Gap up w/ SPY. Both recovered yday/overnight.", "time": 1537475117.0, "sentiment": ""}, {"id": 138039528, "text": "Upgrades,downgrades,options flow, charts sharing at  https://www.stockoptionstutorials.comc $amzn PT 2250$", "time": 1537475112.0, "sentiment": ""}, {"id": 138039519, "text": "$AMZN bears definitely need to close their puts today.. should be a good rally Today &amp; Tomorrow.", "time": 1537475108.0, "sentiment": "Bullish"}, {"id": 138039377, "text": "$amzn &gt;1950 magnet", "time": 1537475066.0, "sentiment": "Bullish"}, {"id": 138039321, "text": "$QQQ $AAPL $SPY $NVDA $GOOG $FB $AMZN $NFLX pro tip, don&#39;t short today", "time": 1537475046.0, "sentiment": "Bullish"}, {"id": 138038859, "text": "$AMZN Yeah crazy how people can do the same mistake panic buying, over and over again since the bear market started", "time": 1537474907.0, "sentiment": ""}, {"id": 138038793, "text": "$AMZN where is this heading today??? whats the next major resistance 1960?", "time": 1537474888.0, "sentiment": ""}, {"id": 138038669, "text": "https://www.cnbc.com/2018/09/19/amazon-third-largest-digital-ad-platform-behind-facebook-google.html\n$FB $AMZN  $GOOG", "time": 1537474853.0, "sentiment": ""}, {"id": 138038637, "text": "$AMZN fade or run at open?", "time": 1537474844.0, "sentiment": ""}, {"id": 138037837, "text": "$tsla is going to have the best QT ever and $amzn is going to suffer from trade and over spending using up their free cash", "time": 1537474606.0, "sentiment": ""}, {"id": 138037712, "text": "$AMZN blowing through quite a bit of resistance in PM, including regaining hrly 200ma as support. ~dly 20ma is ~1962.", "time": 1537474568.0, "sentiment": "Bullish"}, {"id": 138037703, "text": "$AMZN $SPY $NFLX my TA prediction never go wrong. Almost there 1945$", "time": 1537474566.0, "sentiment": ""}, {"id": 138037558, "text": "$AMD $AAPL $AMZN All my A&#39;s up this morning. Today is the day to shine triple A&#39;s!", "time": 1537474523.0, "sentiment": "Bullish"}, {"id": 138037522, "text": "$AMZN &quot;Amazon Storefronts&quot; was unveiled earlier this week. https://stocknews.com/news/amzn-amazon-com-inc-amzn-trying-new-mall-like-offering-to-help-small/", "time": 1537474512.0, "sentiment": ""}, {"id": 138037495, "text": "$AAPL $AMZN looking good, financials still going higher. $SPY looks strong", "time": 1537474504.0, "sentiment": ""}, {"id": 138037316, "text": "$AMZN https://www.cnbc.com/2018/09/20/amazon-new-alexa-devices-at-seattle-event.html", "time": 1537474446.0, "sentiment": ""}, {"id": 138037266, "text": "$AMZN Amazon (AMZN) is Announcing New Echo and Fire TV Hardware today - TechCrunch http://www.streetinsider.com/Corporate+News/Amazon+%28AMZN%29+is+Announcing+New+Echo+and+Fire+TV+Hardware+today+-+TechCrunch/14627510.html via @Street_Insider", "time": 1537474429.0, "sentiment": ""}, {"id": 138037249, "text": "Rare quick-fire auction could settle fate of broadcaster Sky $SKYB $CMCSA $FOXA $DIS $TISC $AMZN $NFLX $RDS $SPX https://reut.rs/2DeIRzr", "time": 1537474422.0, "sentiment": ""}, {"id": 138037201, "text": "$TSLA $AMZN may order a big lot semi", "time": 1537474407.0, "sentiment": ""}, {"id": 138037168, "text": "$spy $qqq $amzn $aapl  the minute the consumer gets hurt, all this insanity is over in a blink then it will be way to late", "time": 1537474395.0, "sentiment": ""}, {"id": 138037124, "text": "$AMZN $SPY expecting gap and run today. Economy on all cylinders and tariffs a non-issue. Spy new highs. \ud83e\udd11", "time": 1537474382.0, "sentiment": "Bullish"}, {"id": 138037065, "text": "$spy $qqq $amzn $aapl short term all opex games this week long term this mrkt is scary for any1 holding long, just a ? of when this implodes", "time": 1537474365.0, "sentiment": ""}, {"id": 138037058, "text": "Put Protection Cost Analysis To Hedge Downside Risk $NBEV $GALT $TSLA $AAPL $GOOG $NVDA $SPY $GOOGL $AMZN $DRI $CAT https://marketchameleon.com/volReports/DownsidePutProtection", "time": 1537474364.0, "sentiment": ""}, {"id": 138037028, "text": "$qqq $MSFT $aapl $fb $amzn $googl $nflx $spy y\u2019all don\u2019t know about me. 185 PT for today. 210 by YE.", "time": 1537474354.0, "sentiment": "Bullish"}, {"id": 138036770, "text": "$AMZN I rolled the dice yesterday on the news about the 3000 stores and got 9/21 $1920 calls, super short term", "time": 1537474269.0, "sentiment": ""}, {"id": 138036694, "text": "$AMZN $SPY $NFLX", "time": 1537474247.0, "sentiment": ""}, {"id": 138036649, "text": "$spy $qqq $amzn $aapl  it makes the 2000 bubble look like its little sister...20 yr and we are parabolic in all indexes , not fear just fact", "time": 1537474234.0, "sentiment": ""}, {"id": 138036448, "text": "$spy $qqq $amzn $aapl  bubble? the largest longest bubble of all time price shows you, forget about everything else, it untranslatable", "time": 1537474168.0, "sentiment": ""}, {"id": 138036293, "text": "$spy $qqq $amzn $aapl new all time highs for S&amp;P on open, look at the 20 yr charts, it ameks the crash of 2008 look like a blip on screen", "time": 1537474117.0, "sentiment": ""}, {"id": 138036087, "text": "$AMZN surprise event wow", "time": 1537474049.0, "sentiment": ""}, {"id": 138035987, "text": "$AMZN Surprise, bishes.", "time": 1537474021.0, "sentiment": "Bullish"}, {"id": 138035861, "text": "$AAPL $MSFT $GOOG $AMZN $NFLX $WMT $TGT \n\nOnly 12% think economy is the issue. \n\nhttp://iapdc.com/as-the-u-s-stock-market-shines-chinas-stock-market-is-down-almost-20-percent/", "time": 1537473983.0, "sentiment": "Bullish"}, {"id": 138035628, "text": "$AMD Going to be a great day for some long trades across the whole market, GL all! $BAC $SPY $AAPL $AMZN ect", "time": 1537473918.0, "sentiment": "Bullish"}, {"id": 138035259, "text": "$AMZN Amazon is about to announce new hardware at a surprise event . The Verge https://www.theverge.com/2018/9/20/17878916/amazon-hardware-event-2018-echo-alexa-microwave-car-smart-home?utm_campaign=theverge&amp;utm_content=entry&amp;utm_medium=social&amp;utm_source=twitter via @Verge", "time": 1537473802.0, "sentiment": ""}, {"id": 138035027, "text": "According to analysts, since Amazon\u2019s acquisition of Wholefood\u2019s, prices have largely stayed the same $AMZN \n\nhttps://on.mktw.net/2pp41Rz", "time": 1537473727.0, "sentiment": ""}, {"id": 138034962, "text": "$AMZN Amazon PT Raised to $2,250 at Argus http://www.streetinsider.com/Analyst+PT+Change/Amazon.com+%28AMZN%29+PT+Raised+to+%242%2C250+at+Argus/14627048.html via @Street_Insider", "time": 1537473710.0, "sentiment": ""}, {"id": 138034865, "text": "$AMZN  TO HOLD SEATTLE EVENT TODAY TO UNVEIL NEW DEVICES", "time": 1537473676.0, "sentiment": ""}, {"id": 138034589, "text": "$AMZN Amazon, Samara-owned Witzig Advisory to acquire Aditya Birla Retail&#39;s &#39;More&#39; chain of stores https://www.firstpost.com/business/amazon-samara-owned-witzig-advisory-to-acquire-aditya-birla-retails-more-chain-of-stores-5219981.html", "time": 1537473579.0, "sentiment": ""}, {"id": 138034291, "text": "$amzn and with rising rates, they become a consumer spending headwind. So the risks are rising for growth and margins for amazon.", "time": 1537473464.0, "sentiment": ""}, {"id": 138034160, "text": "$AMZN", "time": 1537473417.0, "sentiment": "Bullish"}, {"id": 138033960, "text": "\u202aRT @alifarhat79 #ThursdayMotivation $AMZN \u202c", "time": 1537473339.0, "sentiment": ""}, {"id": 138033920, "text": "$amzn their goods will be affected. Many Amazon/Amazon Choice products are made in China.", "time": 1537473326.0, "sentiment": ""}, {"id": 138033754, "text": "$AMZN solid upgrade", "time": 1537473263.0, "sentiment": "Bullish"}, {"id": 138033275, "text": "Trading plan $TLRY $AAPL $BABA $FB $BIDU $CAT $NFLX $NVDA $TSLA $LULU $GOOGL $AMZN $MOMO $SQ $SIG $FL $ROKU $AMD $VZ $DBX", "time": 1537473078.0, "sentiment": ""}, {"id": 138033176, "text": "$spy $qqq oh stop, if the pres says it&#39;s a trade war, it&#39;s a trade war. $djia $amzn $fb $xlf $jpm $ba $gm", "time": 1537473041.0, "sentiment": ""}, {"id": 138032939, "text": "$AMZN woohoo gapping! Let&#39;s go!\ud83d\udcb0", "time": 1537472956.0, "sentiment": "Bullish"}, {"id": 138032867, "text": "$AMZN Philly Fed manufacturing index rebounds in September https://on.mktw.net/2NWw88K", "time": 1537472926.0, "sentiment": ""}, {"id": 138032834, "text": "$AMZN  apparently we are having an issue breaking $1,940. That is not nice.", "time": 1537472908.0, "sentiment": "Bullish"}, {"id": 138032813, "text": "$AMZN  Argus ReiteratesAmazon.com (AMZN)$1,926.42 $2,250.00Buy", "time": 1537472904.0, "sentiment": ""}, {"id": 138032642, "text": "$AMZN (Another Beat Folks!) Philadelphia Fed (Sep) 22.9 vs 18 Expected http://www.streetinsider.com/ETFs/Philadelphia+Fed+%28Sep%29+22.9+vs+18+Expected/14627125.html via @Street_Insider", "time": 1537472848.0, "sentiment": ""}, {"id": 138032516, "text": "Amazon, Blue Origin, Tilray and Alibaba&#39;s Jack Ma - 5 Things You Must Know http://bit.ly/2QJX9uy $AMZN $TLRY $BABA $DRI $MU", "time": 1537472793.0, "sentiment": ""}, {"id": 138032313, "text": "$AMZN Argus Research reiterates Buy rating, $2250 PT https://stocknews.com/news/amzn-argus-research-reiterates-buy-rating-2250-pt/", "time": 1537472713.0, "sentiment": ""}, {"id": 138032170, "text": "$GOGO  $SONO  $BABA $AMZN $TSLA $VRAY $EVFM $FIT $HEAR  $NIO \n\nThe backfill on the gogo 3  month chart is off the hook.   7 is next  buy it", "time": 1537472659.0, "sentiment": "Bullish"}, {"id": 138032070, "text": "Premarket movers: $DRI $THO $GE $CAT $PG $CMCSA $SKY $FOXA $DIS $FB $RIO $RHT $WBA $AMZN $SKX $SFIX $HLMR $RL https://cnb.cx/2NXWIOH", "time": 1537472626.0, "sentiment": ""}, {"id": 138031982, "text": "$AMZN funny most bears are new accounts, with baseless opinions", "time": 1537472592.0, "sentiment": "Bullish"}, {"id": 138031950, "text": "Amazon.com&#39;s buy rating reiterated at Argus. $2,250.00 PT. https://www.marketbeat.com/r/1086962 $AMZN", "time": 1537472578.0, "sentiment": ""}, {"id": 138031849, "text": "Apple, Amazon and Alphabet Execs Face Senate Testimony Next Week: What to Expect\n\n$GOOG $GOOGL $AAPL $AMZN  \n\nhttps://www.thestreet.com/technology/apple-amazon-and-alphabet-execs-face-senate-questionin-next-week-what-to-expec-14717891", "time": 1537472541.0, "sentiment": ""}, {"id": 138031835, "text": "$AMZN WHALES we our cancer data was fire!! consider a position. Not a spec stock at all IMO\nhttps://msmoneymoves.com/2018/09/13/gr-md-02-keytruas-partner-cancers-nemesis/", "time": 1537472538.0, "sentiment": "Bullish"}]