[{"id": 138287942, "text": "Errr...sell flow picture.$AAPL $AMZN etc... [ data source: https://goo.gl/FDTCt1 ]", "time": 1537573606.0, "sentiment": ""}, {"id": 138287626, "text": "Alexa, Blow My Mind | The Daily | Gartner L2 $amzn ... interesting take  https://www.l2inc.com/daily-insights/no-mercy-no-malice/alexa-blow-my-mind", "time": 1537573522.0, "sentiment": ""}, {"id": 138287478, "text": "$AMZN $NFLX $AAPL $AMD $TSLA $V $FB \nComing back next month gonna read some trading books any recommendations???", "time": 1537573483.0, "sentiment": ""}, {"id": 138287314, "text": "Alibaba Vs. Amazon: A Simple Choice $AMZN https://seekingalpha.com/article/4207581", "time": 1537573441.0, "sentiment": ""}, {"id": 138287067, "text": "Top BuyFlow Money: $MSFT $AMZN $XOM $FB $GOOG $JPM $BRK.B", "time": 1537573370.0, "sentiment": ""}, {"id": 138286623, "text": "$AMZN yeah, it&#39;s sucky options exp. Friday in a terrible September. Sounding like my 10 year old muffler. Everybody remain calm and breathe.", "time": 1537573241.0, "sentiment": "Bullish"}, {"id": 138286530, "text": "$AMZN Oh what do you want to do today baby lol", "time": 1537573217.0, "sentiment": "Bullish"}, {"id": 138286182, "text": "$AMZN 2000 open on Monday", "time": 1537573113.0, "sentiment": "Bullish"}, {"id": 138286058, "text": "$AAPL $AMZN These two are a freakin joke today, thanks to my jinxing ability. AAPL won&#39;t see 220.5 and AMZN won&#39;t see 1945. Book it.", "time": 1537573078.0, "sentiment": "Bearish"}, {"id": 138285651, "text": "$AMZN Bottoming. It is almost time to resume uptrend. Closely watching next week for ATH", "time": 1537572970.0, "sentiment": "Bullish"}, {"id": 138285496, "text": "Amazon secures place as 3rd largest digital ad platform in the U.S. behind Google and Facebook. $AMZN $FB $GOOGL \n\nhttps://cnb.cx/2Dn913l", "time": 1537572928.0, "sentiment": ""}, {"id": 138284706, "text": "$AMZN down huge on my next week call.. hold or sell?", "time": 1537572686.0, "sentiment": ""}, {"id": 138284595, "text": "$AMZN (Whats driving Nasdaq dip today) Wall Street analysts are worried about a (MU) memory chip downturn CNBC https://cnb.cx/2Dt4FHY", "time": 1537572654.0, "sentiment": ""}, {"id": 138284373, "text": "$BABA Alibaba Vs. Amazon $AMZN: A Simple Choice https://seekingalpha.com/article/4207581", "time": 1537572591.0, "sentiment": ""}, {"id": 138284053, "text": "$AMZN what you are failing to understand is with the home products release alone yesterday, amzn will increase EPS by $5-$15 2019. Non stop", "time": 1537572508.0, "sentiment": "Bullish"}, {"id": 138283939, "text": "$MU $GOOGL $AAPL $ATVI $AMZN why are you spamming on Aapl??", "time": 1537572478.0, "sentiment": ""}, {"id": 138283822, "text": "Best stocks from Jan. 2017 - $NFLX +197% not bad.  $AMD +180%, $ISRG +164%, $NVDA and $AMZN +158%, etc  $SPY", "time": 1537572447.0, "sentiment": ""}, {"id": 138283717, "text": "[FMWU] Break Out The Hopium, While Grabbing Vol $VIX $VXX With BOTH Hands $AMZN near death experience? $FXI pop https://youtu.be/s73An5SItRI", "time": 1537572417.0, "sentiment": "Bullish"}, {"id": 138283232, "text": "$MU I would feel confident as a long time investor to buy this now and forget about it for years. Just like $GOOGL $AAPL $ATVI $AMZN", "time": 1537572281.0, "sentiment": ""}, {"id": 138283194, "text": "$AMZN just ordered one each of the new  Alexa products", "time": 1537572272.0, "sentiment": "Bullish"}, {"id": 138283138, "text": "$AMZN Yea Its Chip (MU (Micron)) Lite Guidance &amp; Cashing out gains on Friday for the weekend explains Nasdaq flatness today!", "time": 1537572259.0, "sentiment": ""}, {"id": 138282770, "text": "$AMZN sucks", "time": 1537572158.0, "sentiment": ""}, {"id": 138282738, "text": "$SPY To be Bearish on this Mrkt &amp; to think its can just stop on a dime is saying a brick wall can stop a speeding train. It cant $AAPL $AMZN", "time": 1537572149.0, "sentiment": "Bullish"}, {"id": 138282659, "text": "$AMZN definitely think twitch news is a reason for the refusal to recover here", "time": 1537572127.0, "sentiment": ""}, {"id": 138282631, "text": "$AMZN as we&#39;ve seen many times before.... When this is done being held down and finally pops it does so parabolically", "time": 1537572120.0, "sentiment": "Bullish"}, {"id": 138282571, "text": "$AMZN loading more", "time": 1537572101.0, "sentiment": ""}, {"id": 138282259, "text": "$AMZN (Nasdaq/Tech sector lower Fri) Micron Technology (MU) PT Lowered to $48 at Morgan Stanley http://www.streetinsider.com/Analyst+PT+Change/Micron+Technology+%28MU%29+PT+Lowered+to+%2448+at+Morgan+Stanley/14630920.html via @Street_Insider", "time": 1537572010.0, "sentiment": ""}, {"id": 138281815, "text": "$AMZN  So Amazon is flat today for two reasons (I) Micro (MU) lite Guidance despite ER beat (II) Fri cashing out for Beer &amp; Wine", "time": 1537571873.0, "sentiment": ""}, {"id": 138281800, "text": "$AMZN done for the day...looks like another leg down coming....hope i&#39;m wrong", "time": 1537571867.0, "sentiment": ""}, {"id": 138281579, "text": "$AMZN $1920 EOD", "time": 1537571800.0, "sentiment": "Bearish"}, {"id": 138281422, "text": "$AMZN this is truly a gamble play today whether bull or bear. Throw technical analysis and fundamentals out of the window.", "time": 1537571755.0, "sentiment": ""}, {"id": 138281388, "text": "$AMZN $QQQ divergence", "time": 1537571746.0, "sentiment": ""}, {"id": 138281002, "text": "$AMZN where can i see the call put volume. Is there any reliable sites", "time": 1537571636.0, "sentiment": ""}, {"id": 138279967, "text": "$AMZN I predict that this trades flat for the rest of the day. Although I am long!", "time": 1537571355.0, "sentiment": "Bullish"}, {"id": 138279936, "text": "$AMZN Nasdaq is about to go green", "time": 1537571346.0, "sentiment": "Bullish"}, {"id": 138279739, "text": "$AMZN  but its stable which means people are buying", "time": 1537571295.0, "sentiment": ""}, {"id": 138279582, "text": "$AMZN Bull Flag or Wedge Consolidation. Either a Wedge or Flag, nevertheless going to buy calls once there is a clear b", "time": 1537571254.0, "sentiment": "Bullish"}, {"id": 138279519, "text": "@GlobalTrekkar $AAPL $AMZN $NFLX? but of course with HMNY &amp; MP it could be some obscure 3rd world crap company that isn&#39;t household name too", "time": 1537571238.0, "sentiment": ""}, {"id": 138279510, "text": "$msft $amzn $xom $fb $goog $jpm $BRK.B $JNJ $CSCO", "time": 1537571235.0, "sentiment": ""}, {"id": 138279453, "text": "$AMZN dip to 1920 and i will buy", "time": 1537571220.0, "sentiment": "Bullish"}, {"id": 138279290, "text": "$AMZN it won\u2019t close near $1940, once it goes green, momentum trades will push it to $1960+", "time": 1537571171.0, "sentiment": "Bullish"}, {"id": 138278899, "text": "$NEWA on to $NFLX and $AMZN until this comes back to it&#39;s senses..", "time": 1537571067.0, "sentiment": ""}, {"id": 138278843, "text": "$AMZN Will close near $1940 today.", "time": 1537571052.0, "sentiment": ""}, {"id": 138278773, "text": "In terms of negatives for $AMZN, there is 1 bearish indicator as of 09-21 https://dividendbot.com?s=AMZN", "time": 1537571033.0, "sentiment": ""}, {"id": 138278628, "text": "$AMZN red candles have double the volume then green:/", "time": 1537570999.0, "sentiment": ""}, {"id": 138278418, "text": "$AMZN theta burn in effect now", "time": 1537570945.0, "sentiment": ""}, {"id": 138278250, "text": "$AMZN folks if you&#39;re trying to be bullish or bearish right now  exit your options pos &amp; just shut off your computer this is done for today", "time": 1537570909.0, "sentiment": ""}, {"id": 138278221, "text": "$AMZN just FYI once this goes green, it will take off.  $1960 very likely today", "time": 1537570898.0, "sentiment": "Bullish"}, {"id": 138278019, "text": "$AMZN once price settles, it will stay pinned. that is the trend lately.", "time": 1537570848.0, "sentiment": ""}, {"id": 138277697, "text": "$Aapl and $amzn reversing. Bullish for $spy", "time": 1537570773.0, "sentiment": "Bullish"}, {"id": 138276710, "text": "$AMZN like clockwork every single opex. Amzn pullls back in the am, settles trades and shoots higher $1960 today", "time": 1537570531.0, "sentiment": "Bullish"}, {"id": 138276605, "text": "$AMZN ", "time": 1537570507.0, "sentiment": ""}, {"id": 138276428, "text": "$AMZN deep bear shit with a qqq PB as well... Qs are so weak with $SPY and $dia rocking recently", "time": 1537570467.0, "sentiment": ""}, {"id": 138276255, "text": "$AMZN hope this doesn&#39;t go much lower since I sold 1930 PUT spreads. Also sold 2000 calls expiring today.", "time": 1537570426.0, "sentiment": ""}, {"id": 138275930, "text": "$AMZN pin around 1925-1930", "time": 1537570352.0, "sentiment": ""}, {"id": 138275919, "text": "$AMZN crazy to hold this thing into next week. I\u2019m long term bullish but much rather buy more lower.", "time": 1537570350.0, "sentiment": ""}, {"id": 138275846, "text": "$AMZN here comes the block buys.  Sorry bears, but it\u2019s going green. $1960", "time": 1537570332.0, "sentiment": "Bullish"}, {"id": 138275753, "text": "$AMZN dcb into lod then sideways - typical Friday here", "time": 1537570314.0, "sentiment": ""}, {"id": 138275499, "text": "$AMZN $AAPL $GOOG $FB $MSFT bull trap", "time": 1537570256.0, "sentiment": "Bearish"}, {"id": 138275335, "text": "$AMZN Under VWAP. \n$TSLA VWAP.", "time": 1537570219.0, "sentiment": ""}, {"id": 138274430, "text": "$AMZN just saw this pattern emerge...can&#39;t really say anything about it....", "time": 1537569997.0, "sentiment": ""}, {"id": 138274357, "text": "$AMZN of course it\u2019s Red Friday.", "time": 1537569979.0, "sentiment": ""}, {"id": 138274300, "text": "$AMZN large block buys will enter shortly. Opex trades are nearly paired off.  Pt $1960", "time": 1537569966.0, "sentiment": "Bullish"}, {"id": 138273850, "text": "$SPY $QQQ $AAPL $AMZN $GOOG https://www.yoptionz.com/blog/momentum-you-mean-to-the-moon", "time": 1537569857.0, "sentiment": ""}, {"id": 138273840, "text": "$AMZN higher than average vol today.  What are you talking about?", "time": 1537569854.0, "sentiment": "Bullish"}, {"id": 138273805, "text": "$AMZN why so low volume today", "time": 1537569845.0, "sentiment": ""}, {"id": 138273669, "text": "$NFLX $TSLA $T $TLRY $MSFT $AAPL $AMZN https://www.yoptionz.com/blog/shouldibeusingroboinvesting", "time": 1537569815.0, "sentiment": ""}, {"id": 138273499, "text": "$AMZN Amazon seems more confident that ever.", "time": 1537569777.0, "sentiment": "Bullish"}, {"id": 138273227, "text": "$AMZN told you bears.   Opex burned.   This will be green this afternoon $1960", "time": 1537569708.0, "sentiment": "Bullish"}, {"id": 138273116, "text": "$AMZN no volume today", "time": 1537569682.0, "sentiment": ""}, {"id": 138273014, "text": "$BABA   \nIn conclusion, I believe Alibaba is the superior investment to $AMZN https://seekingalpha.com/article/4207581-alibaba-vs-amazon-simple-choice?dr=1", "time": 1537569660.0, "sentiment": "Bullish"}, {"id": 138272794, "text": "$AMZN Quick 35%... Step-by-step alert details provided...", "time": 1537569609.0, "sentiment": ""}, {"id": 138272428, "text": "$AMZN a lot of stocks are turning from red to green on my watchlist...just waiting on this one.", "time": 1537569506.0, "sentiment": ""}, {"id": 138272075, "text": "$AMZN Friday\u2019s YTD - 18 finished green, 18 finished red. Today will be the tie breaker.", "time": 1537569410.0, "sentiment": ""}, {"id": 138271855, "text": "Alibaba Vs. Amazon: A Simple Choice $AMZN https://seekingalpha.com/article/4207581", "time": 1537569362.0, "sentiment": ""}, {"id": 138271632, "text": "$TLRY $CGC $CRON on belief of positive results, you have $PLX which has positive results. $UVXY moving $QQQ $AMZN also crypto $XRP.X $ZEN.X", "time": 1537569309.0, "sentiment": ""}, {"id": 138271417, "text": "$AMZN Shorts must cover now", "time": 1537569266.0, "sentiment": "Bullish"}, {"id": 138271010, "text": "$AAPL $AAPL $MSFT $AMZN on Friday market is always jittery.  Worried about TWT (Trump\u2019s Weekend Tweets).  Ignore the jitters.", "time": 1537569172.0, "sentiment": "Bullish"}, {"id": 138270812, "text": "$AMZN when $$$$$ rotates back to tech watch NVDA AAPL NFLX AMZN take off", "time": 1537569119.0, "sentiment": ""}, {"id": 138270782, "text": "$AMZN I\u2019m loaded for bear let\u2019s go!", "time": 1537569113.0, "sentiment": "Bullish"}, {"id": 138270743, "text": "$AMZN MMs testing the bottom pit if it is weak. Next week 2008$", "time": 1537569103.0, "sentiment": "Bullish"}, {"id": 138270353, "text": "$AMZN higher lows on this consolidation needs to break and hold 1957 to take off", "time": 1537569017.0, "sentiment": ""}, {"id": 138270142, "text": "$AMZN $SPY found support on the top of the gap.", "time": 1537568969.0, "sentiment": "Bullish"}, {"id": 138269929, "text": "$AMZN Its all Sep 20th gap up gap filled and running up . Have to see how it sustain and move further", "time": 1537568925.0, "sentiment": ""}, {"id": 138269919, "text": "$AMZN Reversal", "time": 1537568922.0, "sentiment": ""}, {"id": 138269910, "text": "$AMZN nasdaq recoving...", "time": 1537568919.0, "sentiment": ""}, {"id": 138269794, "text": "$AMZN kinda looks like a bear flag to me. let&#39;s get to 1880 so we can head back up", "time": 1537568895.0, "sentiment": "Bearish"}, {"id": 138269634, "text": "$AMZN so annoying that fidelity only lets me write covered calls and not buy puts. I can\u2019t afford 100 shares of Amazon!!!", "time": 1537568858.0, "sentiment": ""}, {"id": 138268627, "text": "$AMZN  Nice Chart Bro. This must go back to 1945-1955$ again", "time": 1537568632.0, "sentiment": ""}, {"id": 138268574, "text": "$AMZN this is clearly being manipulated right now.", "time": 1537568619.0, "sentiment": ""}, {"id": 138268552, "text": "@holleryall Yeah a good tactic! I find this useful if they come down, but gotta be carful with trending names, $AMZN $TSLA in 2012/13,", "time": 1537568613.0, "sentiment": ""}, {"id": 138268306, "text": "$AMZN so much less stress when you have protective puts", "time": 1537568553.0, "sentiment": "Bullish"}, {"id": 138268102, "text": "$AMZN Details of $SPX Sector Shenanigans: $XLC disruption of $XLK $XLY and $XTL  https://www.cnbc.com/2018/09/21/on-monday-google-facebook-and-netflix-will-make-a-big-market-move.html $SPY", "time": 1537568504.0, "sentiment": ""}, {"id": 138268033, "text": "$AMZN Bear trap. Will zoom in few mins. Hold tight.", "time": 1537568488.0, "sentiment": "Bullish"}, {"id": 138267719, "text": "$AMZN staying in Consumer Discretionary and will be a whopping &quot;close to 30% of&quot; $XLY per @CNBC. $XLC 1/", "time": 1537568411.0, "sentiment": ""}, {"id": 138267110, "text": "$AMZN dow is flying", "time": 1537568270.0, "sentiment": "Bullish"}, {"id": 138266514, "text": "$AMZN $AAPL $GOOG $NFLX $FB $MSFT trump\u2019s $267B tariffs this weekend. Better sell your shares now!", "time": 1537568130.0, "sentiment": "Bearish"}, {"id": 138266191, "text": "$AMZN Dammit! Come on!!", "time": 1537568062.0, "sentiment": ""}, {"id": 138265794, "text": "$AMZN picked up a couple 1925 calls. 9/28exp.", "time": 1537567973.0, "sentiment": "Bullish"}, {"id": 138265540, "text": "$AMZN looking good so far...", "time": 1537567911.0, "sentiment": ""}, {"id": 138265445, "text": "$AMZN in decline/correction since 9-05. Bulls need to line up to buy the 9-17 low...", "time": 1537567888.0, "sentiment": ""}, {"id": 138265272, "text": "$SQ $AMZN $PDD Today is a write off..... come back on Monday and everything will be normal again.", "time": 1537567851.0, "sentiment": "Bullish"}, {"id": 138265065, "text": "$AMZN Resistance tested. Time to move higher.", "time": 1537567801.0, "sentiment": "Bullish"}, {"id": 138264994, "text": "$AMZN so testing 1880&#39;s today by eod?", "time": 1537567782.0, "sentiment": ""}, {"id": 138264917, "text": "$AMZN 1945 eod will whipsaw all day till last hour then big jump as money managers load up on this growth potential", "time": 1537567767.0, "sentiment": "Bullish"}, {"id": 138264841, "text": "$AMZN Rate hikes already priced in, they always are with Amazon", "time": 1537567748.0, "sentiment": ""}, {"id": 138264804, "text": "$AMZN rumors growing about a potential amzn special dividend before year end pt $2150 by year end", "time": 1537567739.0, "sentiment": "Bullish"}, {"id": 138264646, "text": "$AMZN BEAR CALL FRIDAY. Why trade today?", "time": 1537567701.0, "sentiment": ""}, {"id": 138264573, "text": "$AMZN up???", "time": 1537567688.0, "sentiment": ""}, {"id": 138264013, "text": "$AMZN day is still early...only good news for bulls", "time": 1537567574.0, "sentiment": ""}, {"id": 138263845, "text": "$AMZN shaking the tree", "time": 1537567540.0, "sentiment": ""}, {"id": 138263754, "text": "$AMZN Time to cover bears", "time": 1537567522.0, "sentiment": "Bullish"}, {"id": 138263645, "text": "$AMZN should be able to get back to 1940s today", "time": 1537567498.0, "sentiment": "Bullish"}, {"id": 138263538, "text": "$AMZN fun little 0DTE Lotto play on a quad witching day \ud83e\udd11\ud83e\udd11\ud83e\udd11 congrats if you played", "time": 1537567478.0, "sentiment": ""}, {"id": 138263435, "text": "Closed $amzn 5.25 Loss 700", "time": 1537567459.0, "sentiment": ""}, {"id": 138263248, "text": "$AMZN testing that 1925", "time": 1537567418.0, "sentiment": ""}, {"id": 138263168, "text": "$AMZN buying calls at 1915", "time": 1537567402.0, "sentiment": ""}, {"id": 138262914, "text": "$AMZN Absolutely killing me. Any chance we see 1940 again today?", "time": 1537567339.0, "sentiment": ""}, {"id": 138262861, "text": "$AMZN opened puts but not selling calls", "time": 1537567328.0, "sentiment": "Bullish"}, {"id": 138262748, "text": "$MYSZ #Attentiondeficitdisorder (ADD)  News will come. When it does, it will be magnanimous!!!! $NKE? $AMZN?  $ADDYY? $UAA? $DIS? $EBAY?", "time": 1537567300.0, "sentiment": "Bullish"}, {"id": 138262259, "text": "$TLRY $CRON Price to EARNINGS would be 3x this number and that is 300% higher / $AMZN do you really think these stocks will outperform AMZN?", "time": 1537567234.0, "sentiment": "Bearish"}, {"id": 138261713, "text": "$AMZN started from the top, now we here.....started from the top now the whole team here eeee", "time": 1537567140.0, "sentiment": "Bearish"}, {"id": 138261663, "text": "$AMZN I\u2019m seeing a nice ascending triangle forming.", "time": 1537567127.0, "sentiment": "Bullish"}, {"id": 138261591, "text": "$AMZN cause im freeeeeeeeeeeeeeeeee, freeeeeeeee fallingggggg", "time": 1537567113.0, "sentiment": "Bearish"}, {"id": 138260838, "text": "$AMZN are they gonna burn the $1920 calls too? Looks like it", "time": 1537566954.0, "sentiment": ""}, {"id": 138260634, "text": "$AAPL $AMZN $NFLX $FB $GOOG $MSFT down, down and more down is waiting for you guys next week. Sell, sell and sell now.", "time": 1537566910.0, "sentiment": "Bearish"}, {"id": 138260471, "text": "$AMZN 1 min chart...in case you were wondering... straight to the gutter.", "time": 1537566873.0, "sentiment": ""}, {"id": 138259706, "text": "$AMZN of course it is going to finish green. This happens every single quad opex day.  $1960", "time": 1537566703.0, "sentiment": "Bullish"}, {"id": 138259553, "text": "$AMZN wonder if any shorts will cover, theta hurts them too.", "time": 1537566673.0, "sentiment": ""}, {"id": 138259116, "text": "$AMZN I bet this finishes the day green", "time": 1537566577.0, "sentiment": "Bullish"}, {"id": 138259095, "text": "$AMZN needs to close 1950 or higher.", "time": 1537566574.0, "sentiment": ""}, {"id": 138258927, "text": "$AMZN yes", "time": 1537566542.0, "sentiment": "Bullish"}, {"id": 138258867, "text": "Mkt as a whole remains short term \ud83d\udc11y in my view until $XBI n $AMZN show clear direction. Those r my tells anyway. N I\u2019m sticking to em!", "time": 1537566531.0, "sentiment": ""}, {"id": 138258739, "text": "$AMZN its funny how the bears come out when it\u2019s breifly red. Lol this is opex folks, it will be up this afternoon for sure. $1960 no issue", "time": 1537566506.0, "sentiment": "Bullish"}, {"id": 138258727, "text": "$AMZN  Got it?", "time": 1537566505.0, "sentiment": ""}, {"id": 138258653, "text": "$AMZN $AAPL $KO $OILNF $TRXC $AMD $MU \n\nOptions are stressful but not if you have a sound strategy in place...\n\ud83e\udde0\ud83d\udc47\n\nhttps://www.yoptionz.com/blog/take-emotions-out-of-your-personal-finance", "time": 1537566489.0, "sentiment": ""}, {"id": 138258140, "text": "Long $AMZN under $1931 for a short term trade.", "time": 1537566383.0, "sentiment": ""}, {"id": 138257561, "text": "$AMZN the daily candles aren\u2019t enticing. I\u2019d like to see a double bottom of 1887 and then hopefully some kind of reversal \ud83d\udc4d\ud83c\udffc", "time": 1537566266.0, "sentiment": "Bearish"}, {"id": 138257462, "text": "$AAPL $AMZN $GOOG $NFLX $MSFT $FB why the drop today? Stupid trump\u2019s new tariffs?", "time": 1537566250.0, "sentiment": "Bearish"}, {"id": 138257210, "text": "$AMZN bears if you want it, you better take the hill here because bulls are getting brave and getting that confidence back.", "time": 1537566195.0, "sentiment": ""}, {"id": 138257132, "text": "$TLRY $AMZN $AAPL $TSLA clown block!!!", "time": 1537566175.0, "sentiment": ""}, {"id": 138256925, "text": "$TLRY Buy Buy, it is going to be the biggest thing ever happen in the history.  $500 next stop then $5000.  Will beat $AMZN, $AAPL, $TSLA", "time": 1537566135.0, "sentiment": "Bearish"}, {"id": 138256705, "text": "$AMZN nice candle forming on the 15 min chart.", "time": 1537566089.0, "sentiment": ""}, {"id": 138256165, "text": "$AMZN 45mins of +6Bagging  \n - right to the -6% line", "time": 1537565970.0, "sentiment": "Bearish"}, {"id": 138255612, "text": "$AMZN bulls are fighting but I would not want to be long during lunch.", "time": 1537565848.0, "sentiment": ""}, {"id": 138255596, "text": "$AMZN if you think this will go green today, please don\u2019t kid yourself. Very unlikely at this point unless news/catalyst hits today", "time": 1537565844.0, "sentiment": ""}, {"id": 138255528, "text": "$AMZN strong bounce. Let\u2019s see if it holds", "time": 1537565829.0, "sentiment": ""}, {"id": 138255526, "text": "$AMZN of course buy the dip, this is quad opex day.  Happens every single time. Amzn and the rest will move higher at noon", "time": 1537565828.0, "sentiment": "Bullish"}, {"id": 138255406, "text": "$AMZN they need money to open 3000 stores", "time": 1537565798.0, "sentiment": "Bullish"}, {"id": 138255359, "text": "$AMZN well. Looks like someone finally realized you can buy stocks too. LOL", "time": 1537565788.0, "sentiment": ""}]