[{"id": 138512345, "text": "$fb $amzn $nflx $googl $msfr $aapl all green. Bears are losers. Don\u2019t quit your day jobs. $spy $qqq", "time": 1537827949.0, "sentiment": "Bullish"}, {"id": 138512305, "text": "$AMZN smh not enough volume still down lol", "time": 1537827940.0, "sentiment": "Bullish"}, {"id": 138512279, "text": "Will $AAPL drag $AMZN up today? \ud83d\udc40\ud83d\udcaa\ud83c\udffc", "time": 1537827932.0, "sentiment": ""}, {"id": 138512274, "text": "$AMZN wow!", "time": 1537827928.0, "sentiment": "Bullish"}, {"id": 138512235, "text": "$SPY $QQQ $AMZN $AAPL the market needs more bad news to go higher, hurry up fire someone else,add more tariffs market needs more pumping lol", "time": 1537827915.0, "sentiment": ""}, {"id": 138512204, "text": "$AMZN go go Amazon!", "time": 1537827904.0, "sentiment": "Bullish"}, {"id": 138512009, "text": "$AMZN where those big shots short sellers now? With fake car pics on their profile", "time": 1537827847.0, "sentiment": "Bullish"}, {"id": 138511946, "text": "$AMZN sold my dt calls for quick profit.", "time": 1537827831.0, "sentiment": ""}, {"id": 138511830, "text": "$AMZN Big runup to stellar ER coming", "time": 1537827790.0, "sentiment": "Bullish"}, {"id": 138511778, "text": "$AMZN hahahahahahahha im dying", "time": 1537827775.0, "sentiment": ""}, {"id": 138511756, "text": "$AMZN lol 2000 otw", "time": 1537827768.0, "sentiment": "Bullish"}, {"id": 138511747, "text": "$AMZN no stopping this rally until 1940ish. Will re-examine my position then.", "time": 1537827765.0, "sentiment": ""}, {"id": 138511741, "text": "$AMZN here we go", "time": 1537827763.0, "sentiment": ""}, {"id": 138511734, "text": "$AMZN recovery point starts now \ud83e\udd38\u200d\u2640\ufe0f\ud83d\udeb4\u200d\u2642\ufe0f", "time": 1537827761.0, "sentiment": "Bullish"}, {"id": 138511588, "text": "$AMZN Tech seems to be getting a bid as a safety play. So many went short Tech Sector &amp; now getting beat $AAPL $FB $BABA $QQQ", "time": 1537827719.0, "sentiment": "Bullish"}, {"id": 138511490, "text": "$AMZN 2050 top retest , dial it in", "time": 1537827689.0, "sentiment": "Bullish"}, {"id": 138511334, "text": "$NFLX whats everyones honest opinion of this as $DIS and $AMZN continue to add $$$", "time": 1537827641.0, "sentiment": ""}, {"id": 138511079, "text": "$SPY $QQQ $AMZN $AAPL never seen a mrkt that loves bad news more than good news after a 10yr run to ATH&#39;s LMAO so ridiculous", "time": 1537827552.0, "sentiment": ""}, {"id": 138511060, "text": "$AMZN this stock amazes me ... its like bitcoin when it dropped...", "time": 1537827544.0, "sentiment": "Bearish"}, {"id": 138510794, "text": "$SPY $QQQ $AMZN $AAPL Uh the weasel is RESIGNING....\n\nhttps://www.axios.com/rod-rosenstein-resign-justice-department-trump-cf761f4c-fca3-4794-92d4-a56c9e32ff43.html", "time": 1537827471.0, "sentiment": ""}, {"id": 138510646, "text": "$AMZN sold for 10% profit lol", "time": 1537827426.0, "sentiment": ""}, {"id": 138510612, "text": "$AMZN weekly premiums are burning like nothing", "time": 1537827417.0, "sentiment": "Bullish"}, {"id": 138510558, "text": "$AMZN Got some here too", "time": 1537827401.0, "sentiment": ""}, {"id": 138510455, "text": "$AMZN been a benign trading period so far in September.  Volatility unseasonably low. feels fishy. love amzn,but up 100% yoy. calls or puts?", "time": 1537827371.0, "sentiment": ""}, {"id": 138510129, "text": "$FIT the buyer is pushing it down one last time.  $GOOGL $AMZN $MSFT", "time": 1537827280.0, "sentiment": "Bullish"}, {"id": 138510085, "text": "$SPY wow is that all for now...... ??? $qqq $googl $amzn $aapl $msft TECH TIME??!?!?", "time": 1537827264.0, "sentiment": "Bullish"}, {"id": 138509937, "text": "$SPY $QQQ $AMZN $AAPL next up will be Mueller, then REP lose seats, Orange gets impeached for cover up LOL BTD comes to end", "time": 1537827217.0, "sentiment": ""}, {"id": 138509815, "text": "$AMZN still holding the 50-day mvoing average. Still iffy, but if it can bounce, could make a nice bull flag play", "time": 1537827185.0, "sentiment": ""}, {"id": 138509787, "text": "$SPY $QQQ $AMZN $AAPL Kelly is going to fire Rosenstein...thats simple .Orange wont dont cuz hes a p*ssy. But he still gets to say he did it", "time": 1537827179.0, "sentiment": ""}, {"id": 138509540, "text": "HUGE Day!!!\n$AMZN Puts $30.66 -&gt; $44.40 + 44% \n$TSLA Calls $11.25 -&gt; $12.63 + 12%\nTrade Recap will be up soon!", "time": 1537827100.0, "sentiment": ""}, {"id": 138509246, "text": "$AMZN bought oct calls", "time": 1537827014.0, "sentiment": ""}, {"id": 138509228, "text": "$AMZN Moving average still shows signs of this falling to 1850 for a bounce. To early for entry for me. Willing to pay 1850 at these levels.", "time": 1537827009.0, "sentiment": "Bearish"}, {"id": 138509038, "text": "$AMZN multi-year uptrend outweighs the  16 day pullback. I see this as a buying opp.", "time": 1537826956.0, "sentiment": "Bullish"}, {"id": 138508928, "text": "$AMZN sideways burn up premium ....just noise on cnbc  remember earnings in 30 days.", "time": 1537826924.0, "sentiment": "Bullish"}, {"id": 138508746, "text": "What amazon really are - how they got to where they are today. Really good read this one. Check it out! $AMZN $SPX \nhttps://chartlab.io/the-grand-theory-of-amazon-the-future-why-amazon-is-unstoppable/", "time": 1537826880.0, "sentiment": "Bullish"}, {"id": 138508322, "text": "$SPY $QQQ $AMZN $AAPL amazing how nothing takes the mrkt down still, china puls out of talks, Roesnstein firing, yawn lol unreal", "time": 1537826756.0, "sentiment": ""}, {"id": 138508273, "text": "$AMZN we gonna check the 1800s again?", "time": 1537826742.0, "sentiment": ""}, {"id": 138507815, "text": "$AMZN Closing price?", "time": 1537826600.0, "sentiment": ""}, {"id": 138507764, "text": "$MSFT $AAPL $GOOG $AMZN President Trump, &quot;You&#39;re fired!&quot;", "time": 1537826586.0, "sentiment": ""}, {"id": 138507604, "text": "$NVDA $AMZN $SPY follow me if you want to live", "time": 1537826540.0, "sentiment": ""}, {"id": 138507504, "text": "$AMZN All worst cases are priced in. Its been while to see the depressed price level. What a opportunity!", "time": 1537826506.0, "sentiment": "Bullish"}, {"id": 138507362, "text": "$AMZN telltale sign.  Any analyst downgrading AMZN?  Didn&#39;t think so. Continue buying those dips.", "time": 1537826464.0, "sentiment": "Bullish"}, {"id": 138507289, "text": "$AMZN can we see at least $1930 today", "time": 1537826443.0, "sentiment": "Bullish"}, {"id": 138506978, "text": "$AMZN rallied, but still weak af. btfd just is cutting it.", "time": 1537826412.0, "sentiment": ""}, {"id": 138506622, "text": "$AMZN yall are so dumb why are you buying this? hahaha", "time": 1537826313.0, "sentiment": "Bearish"}, {"id": 138506569, "text": "$BB dont think facebook will have a chance --think amazon may take them first --security in amazon connected home $AMZN", "time": 1537826298.0, "sentiment": ""}, {"id": 138506529, "text": "Show me ANY headline where they are calling for a 15000% increase for $fb $aapl $amzn $nflx or $goog? \n\n$btc.x lol. \n\nhttps://www.inc.com/eric-mack/unbelievably-bitcoin-is-still-on-track-to-hit-a-million-dollars-by-2021.html", "time": 1537826286.0, "sentiment": ""}, {"id": 138506071, "text": "$FB $GOOGL $MSFT $AMZN This week has to end green if we wanna see next month the price start a correction path. upward.", "time": 1537826153.0, "sentiment": ""}, {"id": 138505960, "text": "$AMZN it is adding up that they were all in colluding to destroy the President....it didn&#39;t work.", "time": 1537826117.0, "sentiment": "Bullish"}, {"id": 138505773, "text": "$AMZN bears can&#39;t get this under 1.9k, orders get eaten up below, good sign", "time": 1537826060.0, "sentiment": "Bullish"}, {"id": 138505715, "text": "$SPY $QQQ $AMZN $AAPL M cohen, manafort, comey, its all ading up folks", "time": 1537826044.0, "sentiment": ""}, {"id": 138505654, "text": "$TWTR imagine if Bezos bought this for $AMZN \ud83d\ude02 to piss off Chump and for the untapped e-commerce potential from the timeline", "time": 1537826028.0, "sentiment": ""}, {"id": 138505613, "text": "$SPY $QQQ $AMZN $AAPL yup this is exactly what happened it watergate, if you find out he resigned because he knew he was being fired", "time": 1537826013.0, "sentiment": ""}, {"id": 138505167, "text": "$AMZN I have no idea where it is going, but I&#39;m in if it hits $1880", "time": 1537825866.0, "sentiment": ""}, {"id": 138505015, "text": "$SPY $QQQ $AMZN $AAPL wait until Mueller get fired all hell will break loose LMAO", "time": 1537825824.0, "sentiment": ""}, {"id": 138504922, "text": "Oppenheimer Downgrades Comcast After $40B Sky Bid, Projects Increasing Competitive Pressure\n\n$CMCSA $FOXA $SKYAY $AMZN  \n\nhttps://m.benzinga.com/article/12395754", "time": 1537825793.0, "sentiment": ""}, {"id": 138504825, "text": "$AMZN damn they bought the hell outta dat dip", "time": 1537825765.0, "sentiment": "Bullish"}, {"id": 138504768, "text": "$AMZN consolidating at 1900 ??", "time": 1537825749.0, "sentiment": ""}, {"id": 138504664, "text": "$AMZN get out now. The writing is on the wall.", "time": 1537825715.0, "sentiment": ""}, {"id": 138504579, "text": "$AMZN where is the $2500?", "time": 1537825693.0, "sentiment": "Bullish"}, {"id": 138504578, "text": "$AMZN it\u2019s moving down soon", "time": 1537825693.0, "sentiment": ""}, {"id": 138504534, "text": "$FNGU FANG might be dead for awhile... $FB $TWTR $GOOG $AMZN  ... under the microscope. Out of social media. Still have Google and Amazon.", "time": 1537825681.0, "sentiment": ""}, {"id": 138504234, "text": "$AMZN Last big dip was in March to April 200 points (1600 to 1400). Then liftoff. Going through a similar pullback in Sept.  October, baby.", "time": 1537825600.0, "sentiment": "Bullish"}, {"id": 138504216, "text": "$AMZN Just when it was about to take off, garbage truck&#39;s news came in and dragging the market.. boy.. we can catch a break with this man..", "time": 1537825595.0, "sentiment": ""}, {"id": 138504115, "text": "$SPY $QQQ $AMZN $AAPL yup this looks real bad like he is firing people who are investigating him , started with Comey, lol", "time": 1537825568.0, "sentiment": ""}, {"id": 138504058, "text": "$AMZN broken 1900", "time": 1537825551.0, "sentiment": ""}, {"id": 138503990, "text": "$SPY $QQQ $AMZN $AAPL its like firing the judge who wants to send you to jail , lol what ajoke", "time": 1537825530.0, "sentiment": ""}, {"id": 138503927, "text": "$SPY $QQQ $AMZN $AAPL you know orange fired him and now he can keep everything on the DL and not have the investigation go on lol", "time": 1537825513.0, "sentiment": ""}, {"id": 138503751, "text": "$AMZN It is a buy in 1800s area for long term", "time": 1537825458.0, "sentiment": "Bullish"}, {"id": 138503664, "text": "$SPY $QQQ $AMZN $AAPL Now Rosenstein will spill the bean sto the press of the real story lol", "time": 1537825430.0, "sentiment": ""}, {"id": 138503161, "text": "$AMZN Sold the 1920 calls from 14.84 &gt;&gt; 19.30 on the earlier bounce.", "time": 1537825294.0, "sentiment": ""}, {"id": 138503079, "text": "$AMZN let&#39;s see if this below 1900 again", "time": 1537825273.0, "sentiment": ""}, {"id": 138503022, "text": "$SPY $QQQ $AMZN $AAPL lol", "time": 1537825255.0, "sentiment": ""}, {"id": 138502709, "text": "$AMZN shorts have been having some fun lately. It was probably necessary.", "time": 1537825177.0, "sentiment": ""}, {"id": 138502440, "text": "$AMZN Who will be right???!!!!", "time": 1537825108.0, "sentiment": "Bullish"}, {"id": 138502311, "text": "$TLRY $FB $AMZN $GOOG $TSLA take note invest in green energy to power all your tech and cannibis grow ops and electrical car revolution $CCJ", "time": 1537825076.0, "sentiment": ""}, {"id": 138501935, "text": "$AMZN broken support...further downside..", "time": 1537824988.0, "sentiment": ""}, {"id": 138501627, "text": "Not sleeping until $amzn close green. Over the moon with 20 shares at 1900. Any other Aussies on here?", "time": 1537824914.0, "sentiment": ""}, {"id": 138501438, "text": "$AMZN buy it upswing in tact for the daily", "time": 1537824865.0, "sentiment": ""}, {"id": 138501244, "text": "$AMZN that premium burn is real.", "time": 1537824825.0, "sentiment": ""}, {"id": 138501096, "text": "@ASM Or we&#39;ll see it in 1000 seconds. .... $AMZN", "time": 1537824796.0, "sentiment": "Bearish"}, {"id": 138500511, "text": "$AMZN betting against the strongest and most powerful company in the world ( I think even more powerful than apple imo ) is not a wise move", "time": 1537824676.0, "sentiment": "Bullish"}, {"id": 138500476, "text": "Put Protection Cost Analysis To Hedge Downside Risk 4 trade Ideas $TSLA $P $AMZN $MSFT $NVDA $NTNX $TWTR $XON $APPL https://marketchameleon.com/volReports/DownsidePutProtection", "time": 1537824669.0, "sentiment": ""}, {"id": 138500177, "text": "$AMZN tough to break 1900", "time": 1537824610.0, "sentiment": ""}, {"id": 138500172, "text": "$AMZN wake me at 2000", "time": 1537824609.0, "sentiment": "Bullish"}, {"id": 138500110, "text": "$AMZN take it", "time": 1537824597.0, "sentiment": ""}, {"id": 138500093, "text": "$AMZN $fb $aapl $nflx $goog you do all realize that there is a new sheriff in town running the market right? Sheriff Bob Bitcoin. ($btc.x)", "time": 1537824594.0, "sentiment": ""}, {"id": 138499665, "text": "$AMZN let it drop", "time": 1537824506.0, "sentiment": "Bullish"}, {"id": 138499210, "text": "Take a Look at Oracle\\&#39;s Fiscal Q1 2019 Earnings $AMZN $MSFT $ORCL https://marketrealist.com/2018/09/why-oracles-eps-is-showing-upside-momentum", "time": 1537824420.0, "sentiment": ""}, {"id": 138498960, "text": "$AMZN 1898", "time": 1537824377.0, "sentiment": "Bullish"}, {"id": 138498807, "text": "$P $AMZN come on! Offer up", "time": 1537824344.0, "sentiment": ""}, {"id": 138498803, "text": "$AMZN one of those stocks you buy and instantly cover your fees from the broker LOL in at 1900", "time": 1537824344.0, "sentiment": "Bullish"}, {"id": 138498401, "text": "Connected TVs to reach 55.5% of US population in 2018, up from 47.4% in 2016. US advertisers will spend $70B on TV. $AMZN $AAPL $GOOG $ROKU", "time": 1537824268.0, "sentiment": ""}, {"id": 138498178, "text": "$AMZN Doji?. 11/16/18, 1860p/1855p credit spreads, r/r good", "time": 1537824223.0, "sentiment": "Bullish"}, {"id": 138498127, "text": "$AMZN May test $1800 soon...", "time": 1537824212.0, "sentiment": ""}, {"id": 138498065, "text": "$GOOGL vs $1190 levels \n$AMZN vs $1950 levels \n$FB vs $172 levels", "time": 1537824200.0, "sentiment": ""}, {"id": 138497961, "text": "$SGMO closed $AMZN today to add here.  Not sweating my $14.80 average.", "time": 1537824180.0, "sentiment": "Bullish"}, {"id": 138497610, "text": "$AMZN Bouncing at 1900, SMA50, bottom bol band, and a hammer. Definitely a strong buy EOD.", "time": 1537824104.0, "sentiment": "Bullish"}, {"id": 138496896, "text": "$AMZN i will be happy either way. If it keeps going up, I will be happy for my current positions. If down, my buy order will be filled.", "time": 1537823974.0, "sentiment": "Bullish"}, {"id": 138496829, "text": "$AMZN not seem to break 1920, another push down", "time": 1537823962.0, "sentiment": "Bearish"}, {"id": 138496594, "text": "$AMZN filling the gap to 1k", "time": 1537823917.0, "sentiment": "Bearish"}, {"id": 138496577, "text": "$AMZN but this is going back down now", "time": 1537823914.0, "sentiment": ""}, {"id": 138496561, "text": "$AMZN Flush out gate quick oversold. Bounced to/through VWAP over highs.", "time": 1537823912.0, "sentiment": ""}, {"id": 138496359, "text": "$AMZN Well, Tarrifs hit taken. Now we spring the NAFTA deal this week and this is going to 2090!", "time": 1537823873.0, "sentiment": "Bullish"}, {"id": 138496334, "text": "$AMZN Big bear trap at open, still following the same pattern as others...predictable. Since then, good money flows &amp; big buys.", "time": 1537823868.0, "sentiment": "Bullish"}, {"id": 138496143, "text": "$AMZN ill be very very happy with 1940+", "time": 1537823829.0, "sentiment": "Bullish"}, {"id": 138495996, "text": "$AMZN Cant lose sight of big picture. 50 dollars down or up is nothing for a stock this big. Dont get shaken.", "time": 1537823801.0, "sentiment": "Bullish"}, {"id": 138495880, "text": "$AMZN picked up another call (spread this time) at 1902. Couldn\u2019t resist.", "time": 1537823774.0, "sentiment": "Bullish"}, {"id": 138495748, "text": "Oppenheimer Downgrades Comcast After $40B Sky Bid, Projects Increasing Competitive Pressure https://benzinga.com/z/12395754 $AMZN $CMCSA $FOXA $SKYAY", "time": 1537823748.0, "sentiment": ""}, {"id": 138495057, "text": "$AMZN loving the call action this am!", "time": 1537823613.0, "sentiment": ""}, {"id": 138494993, "text": "$AMZN bought around 1908 \ud83e\udd14", "time": 1537823599.0, "sentiment": ""}, {"id": 138494871, "text": "$BABA Mrkt looks like it wants to hurt the Tech Shorts today. Let it flush them out first $AMZN $AAPL $FB $QQQ $NFLX", "time": 1537823569.0, "sentiment": "Bullish"}, {"id": 138494849, "text": "$AMZN damn would have been up 1100 per contract. 1900 call from 1885 then sold 1890 \ud83e\udd26\ud83c\udffc\u200d\u2642\ufe0f", "time": 1537823564.0, "sentiment": ""}, {"id": 138494246, "text": "$amzn holds the 50d reverses and $xbi wakes up? would = ZERO fooks given here.  Still early still eyes wide open \ud83d\udc40", "time": 1537823411.0, "sentiment": ""}, {"id": 138494124, "text": "$AMZN Imagine being so stupid you don&#39;t pay 1870, but just a few minutes later you pay 1915? HAHAHAHA. This is bear market behaviour", "time": 1537823383.0, "sentiment": ""}, {"id": 138494113, "text": "$AMZN Thank you Bezos!1 Loose the tarriffs Trump!", "time": 1537823381.0, "sentiment": ""}, {"id": 138494109, "text": "$amzn $aapl green. Bears can suck it. $spy $qqq", "time": 1537823380.0, "sentiment": "Bullish"}, {"id": 138494083, "text": "$AMZN where are all those dumb bears now", "time": 1537823375.0, "sentiment": "Bullish"}, {"id": 138494065, "text": "$AMZN Congrats if you listened to me", "time": 1537823372.0, "sentiment": "Bullish"}, {"id": 138494060, "text": "$AMZN  incredible", "time": 1537823370.0, "sentiment": ""}, {"id": 138493981, "text": "$AMZN Green", "time": 1537823354.0, "sentiment": "Bullish"}, {"id": 138493800, "text": "$AMZN 1 Min silence for all those who sold or short it below 1880 \ud83d\ude02", "time": 1537823303.0, "sentiment": ""}, {"id": 138493755, "text": "$AMZN not too late to cover", "time": 1537823289.0, "sentiment": "Bullish"}, {"id": 138493705, "text": "$amzn is a great co but right now concerned about tariffs affecting prices, margins and consumer demand", "time": 1537823279.0, "sentiment": ""}, {"id": 138493693, "text": "$AMZN Here we go! That was a nice dip this morning!", "time": 1537823277.0, "sentiment": "Bullish"}, {"id": 138493658, "text": "$AMZN There\u2019s Still Time to Buy #Amazon Stock for Tremendous Gains https://investorplace.com/2018/09/theres-still-time-to-buy-amazon-stock-for-tremendous-gains/", "time": 1537823268.0, "sentiment": ""}, {"id": 138493643, "text": "$AMZN huge bounce off lows. There is still a long day of trading ahead. Hope it holds.", "time": 1537823264.0, "sentiment": ""}, {"id": 138493585, "text": "$AMZN what is this sourcery?", "time": 1537823251.0, "sentiment": "Bullish"}, {"id": 138493504, "text": "$AMZN seee greeenn", "time": 1537823233.0, "sentiment": "Bullish"}, {"id": 138493103, "text": "$AMZN daily \ud83d\udd28 so far, look out!", "time": 1537823142.0, "sentiment": "Bullish"}, {"id": 138493039, "text": "now thats what I call a Golden Shower (given that $amzn recovered). Bad joke but couldn&#39;t resist dig at evil evil orange man.", "time": 1537823128.0, "sentiment": ""}, {"id": 138492953, "text": "$AMZN How long can this be pinned down in a bull market. I believe till Thur.. then this will roar...", "time": 1537823104.0, "sentiment": ""}, {"id": 138492894, "text": "$AMZN alao, look at the january calls.\n\nlets just say, it wont be tis the season...", "time": 1537823087.0, "sentiment": "Bearish"}, {"id": 138492785, "text": "$AMZN stock in trouble. last week was last effort. no way it does 2050 by 10.1 and thats sign for first bad monthly in 3 years.", "time": 1537823052.0, "sentiment": "Bearish"}, {"id": 138492729, "text": "$AMZN 50% retrace of last months candle is 1900ish. GL shorts", "time": 1537823038.0, "sentiment": "Bullish"}, {"id": 138492440, "text": "$AMZN not opening up ky account until this goes up lolll", "time": 1537822962.0, "sentiment": ""}, {"id": 138492242, "text": "$AMZN this might close at 1940 today", "time": 1537822913.0, "sentiment": ""}, {"id": 138492124, "text": "$AMZN", "time": 1537822884.0, "sentiment": ""}, {"id": 138492122, "text": "$AMZN Bears clearly have too much money.", "time": 1537822884.0, "sentiment": "Bullish"}, {"id": 138491945, "text": "$AMZN will take that small profit on calls. i know it still has up climb but i tend to get hurt every time. glta", "time": 1537822846.0, "sentiment": ""}, {"id": 138491548, "text": "$AMZN  shit glad i slept in, hopefully that&#39;ll  b the last flush?!", "time": 1537822781.0, "sentiment": "Bullish"}, {"id": 138491547, "text": "$NFLX daymn $Amzn move from 1865.. BTFD \ud83d\udc40", "time": 1537822781.0, "sentiment": "Bullish"}, {"id": 138491487, "text": "$AMZN nothing to see here folks. Amazon held the weekly  13ema. Heading back to ath", "time": 1537822766.0, "sentiment": "Bullish"}, {"id": 138491352, "text": "$SPY $QQQ $AMZN $AAPL lstick save 10,001 LMAO good grief charlie brown, and lucy takes the football away yet again that B*tch lol", "time": 1537822732.0, "sentiment": ""}, {"id": 138491330, "text": "$AMZN thanks for those 20 shares at 1882", "time": 1537822728.0, "sentiment": "Bullish"}, {"id": 138491313, "text": "$AMZN man I fell back asleep this morning and missed out on selling my puts for 200% gains still turned a nice profit and open some calls", "time": 1537822724.0, "sentiment": "Bullish"}, {"id": 138491202, "text": "$QQQ $AAPL $NFLX $AMZN $FB $GOOG $NVDA This is what a recession feels like.", "time": 1537822700.0, "sentiment": ""}, {"id": 138491051, "text": "$AMZN can\u2019t believe they pulled it back to 50 day support 1894 area. Loaded up with some weekly options. Free money", "time": 1537822662.0, "sentiment": "Bullish"}, {"id": 138491005, "text": "$AMZN if it can today. 1940-45 tgt", "time": 1537822655.0, "sentiment": "Bullish"}, {"id": 138490794, "text": "$AMZN She&#39;s going GREEN!", "time": 1537822613.0, "sentiment": ""}]