[{"id": 138621364, "text": "Bullish Flow for today: $AAPL $NFLX $AMZN $BAC $GE $IGT", "time": 1537870158.0, "sentiment": ""}, {"id": 138621233, "text": "Top Calls for today: $AMZN $NFLX $TRU $GE $AMD $JD", "time": 1537870047.0, "sentiment": ""}, {"id": 138621113, "text": "$FB $AMZN $NFLX $GOOG $AAPL $NKE It\u2019s actually the most undervalued faang by a mile", "time": 1537869940.0, "sentiment": ""}, {"id": 138620111, "text": "Finally a new idea \u2014 Shop On Sight: $SNAP Confirms Visual Product Search Collaboration With $AMZN https://www.benzinga.com/node/12397884", "time": 1537868965.0, "sentiment": ""}, {"id": 138620056, "text": "$AMZN could buy $SNAP for $20 billion to lock in engagement of teens just to piss off congress everyone that cares about fundies", "time": 1537868909.0, "sentiment": ""}, {"id": 138619918, "text": "Don&#39;t miss the breakout on $AMZN. Buy stop @1950.65, stop loss @1872.26 is suggested by the ChartMill analyzer.. https://www.chartmill.com/analyze.php?utm_source=stocktwits&amp;utm_medium=TA&amp;utm_content=TRADINGSETUP&amp;utm_campaign=social_tracking#/AMZN?key=7e23e545-7a86-47d1-a0b4-6048c3164d97", "time": 1537868756.0, "sentiment": ""}, {"id": 138619273, "text": "$AMZN where can I pick up one of these Alexawaves from in Australia.", "time": 1537868184.0, "sentiment": "Bullish"}, {"id": 138619052, "text": "$AMZN", "time": 1537867966.0, "sentiment": "Bullish"}, {"id": 138618988, "text": "$fb 160 again held up.  Took smaller call position than $amzn and $nflx but still like the odds.  Could be bear flag too", "time": 1537867911.0, "sentiment": "Bullish"}, {"id": 138618872, "text": "$amzn I liked the nasty shake out this morning.  Also hit the price patch I was looking for", "time": 1537867797.0, "sentiment": "Bullish"}, {"id": 138618629, "text": "$FB $AMZN $NFLX $GOOG $AAPL $NKE Facebook is the weakest FANG https://www.youtube.com/watch?v=HBlihQRBo0k&amp;feature=youtu.be", "time": 1537867574.0, "sentiment": "Bearish"}, {"id": 138618185, "text": "$AMZN wage inflation issues....\nhttps://www.washingtonpost.com/business/2018/09/24/it-feels-like-damage-control-amazon-warehouse-workers-say-company-is-quietly-doling-out-small-raises/", "time": 1537867220.0, "sentiment": ""}, {"id": 138618124, "text": "$MSFT $AMD $AMZN $INTC somebody mention $AMD going to $200 in four years? I think it will be $200 within 2 years if it owns the cloud system", "time": 1537867171.0, "sentiment": ""}, {"id": 138617818, "text": "$SNAP It\u2019s a great opportunity for $SNAP to seize the moment and drive innovation and strengthen partnership\nwith $AMZN $FB", "time": 1537866944.0, "sentiment": ""}, {"id": 138617693, "text": "@ATMcharts will be interesting. time to review charts. that said $SNAP just announced an $AMZN deal; they did a ProductHunt release too", "time": 1537866838.0, "sentiment": ""}, {"id": 138617684, "text": "@bg473 @CB5000Calls This is just the start... mainstream VM offerings will be coming with $AMD Epyc 7nm for both $MSFT Azure and $AMZN AWS", "time": 1537866835.0, "sentiment": "Bullish"}, {"id": 138616952, "text": "$AMZN been pounding on the table about this 1876 support on $AMZN. What a bounce today", "time": 1537866296.0, "sentiment": ""}, {"id": 138616138, "text": "$AMZN save on the 50 MA  heading back up", "time": 1537865646.0, "sentiment": "Bullish"}, {"id": 138615450, "text": "$AMZN itchimoku weak bearish signals, watching for follow through tomorrow if can close 1954/1960 zone would be good", "time": 1537865149.0, "sentiment": ""}, {"id": 138615336, "text": "@TriguyMA $AMZN got the save on 50 MA  it will head up", "time": 1537865059.0, "sentiment": "Bullish"}, {"id": 138615025, "text": "Can Amazon Help Snap Beat Instagram?\n\n$AMZN $SNAP\n\nhttps://www.investopedia.com/news/can-amazon-help-snap-beat-instagram/", "time": 1537864819.0, "sentiment": ""}, {"id": 138614484, "text": "$AMZN Bearish Reversal on 15 minute time frame. Reliability is medium.", "time": 1537864469.0, "sentiment": ""}, {"id": 138613710, "text": "$PAYC , $grub, $amzn, $five and more 2018 winners on investtobefree.com. Performance chart updated - www.investtobefree.com/performance", "time": 1537863866.0, "sentiment": ""}, {"id": 138613501, "text": "$AMZN https://www.marketwatch.com/investing/index/nik?countrycode=jp  Nikkei green in Tues Asia", "time": 1537863715.0, "sentiment": ""}, {"id": 138612678, "text": "$AAPL $AMZN $YHOO $INTC $BTC.X $DIS \n\n3 ways to fund your trading account...(I\u2019ve found success with all 3)\n\ud83e\udde0\ud83d\udc47\n\nhttps://www.yoptionz.com/blog/3-ways-to-fund-your-trading-habits", "time": 1537863172.0, "sentiment": ""}, {"id": 138612271, "text": "$AMZN what I really liked is their tablet and it&#39;s cheap. Good learning tool for kids.", "time": 1537862881.0, "sentiment": "Bullish"}, {"id": 138612118, "text": "$AMZN keep this on watch, if it breaks out of this channel could test ATH, cash rotating in markets again, tech and energy next", "time": 1537862783.0, "sentiment": ""}, {"id": 138611834, "text": "$AMZN 2000 tomorrow", "time": 1537862593.0, "sentiment": "Bullish"}, {"id": 138611792, "text": "Market Review\nhttps://youtu.be/EvXbTyn3mGk\n$AVGO $AMZN $ATVI $BA $NVDA $BIDU $BABA $GILD $AMGN $FIVE $F", "time": 1537862569.0, "sentiment": ""}, {"id": 138610745, "text": "$AMZN 1965 at least before dip. Long 2150", "time": 1537861865.0, "sentiment": "Bullish"}, {"id": 138609522, "text": "$AMZN Long AMZN - Minimalist trade. Stop slightly below todays low. \nThesis here is a critical RSI level bouncing on th", "time": 1537861045.0, "sentiment": "Bullish"}, {"id": 138608990, "text": "Tom and David Gardner held ... $AMZN $TMFC", "time": 1537860679.0, "sentiment": ""}, {"id": 138608476, "text": "$AMZN nice little trend-pull back/flag. Could trigger for a swing above Friday&#39;s high...", "time": 1537860325.0, "sentiment": ""}, {"id": 138608225, "text": "$AMZN #Amazon shows a 5 waves down from 9/4 high ($2051). While rally fails below there, it can do a C leg lower #elliottwave", "time": 1537860142.0, "sentiment": ""}, {"id": 138608202, "text": "$AAPL $FB $AMZN $NFLX $GOOGL not sure whether these FAANG names strong due to the new index funds rebalancing or Window dressing, hmmm", "time": 1537860126.0, "sentiment": ""}, {"id": 138607781, "text": "Why are people afraid of trumpeting their success in Amazon? If you bought in 1997 and never sold, you&#39;re rich. Talk about it. $AMZN", "time": 1537859828.0, "sentiment": ""}, {"id": 138607461, "text": "$SNAP Good video explaining the $AMZN partnership. \nhttps://www.bloomberg.com/news/videos/2018-09-24/why-snapchat-is-teaming-up-with-amazon-video?utm_source=yahoo&amp;utm_medium=bd&amp;utm_campaign=headline&amp;cmpId=yhoo.headline&amp;yptr=yahoo", "time": 1537859613.0, "sentiment": ""}, {"id": 138607352, "text": "$AVGO last trade here! Hell of a ride! Over 18k in profit in past few weeks! Picked up $CRM today still have $NFLX $CSCO eyeing $AMZN $AMD", "time": 1537859548.0, "sentiment": ""}, {"id": 138606763, "text": "$AMZN The Stock is showing 5 waves from peak, which mean more downside should follow after bounce higher.#elliottwave still buying in 3-7-11", "time": 1537859176.0, "sentiment": ""}, {"id": 138606755, "text": "$AMZN  Nice bounce off 50dma. SAR flips on Wednesday?", "time": 1537859171.0, "sentiment": ""}, {"id": 138606371, "text": "$AMZN  give it 3 weeks", "time": 1537858927.0, "sentiment": ""}, {"id": 138606317, "text": "$AMZN  I\u2019m thinking they might take a pass this round, just a hunch", "time": 1537858889.0, "sentiment": ""}, {"id": 138606279, "text": "$AMZN  Forecasters see 131.7 for the Sept consumer confidence index Econoday (Ibid)", "time": 1537858864.0, "sentiment": ""}, {"id": 138606121, "text": "$TLRY $AMZN  TLRY off my list way to \u201cun predictable\u201d  AMZN however just the opposite\ud83e\udd14", "time": 1537858769.0, "sentiment": ""}, {"id": 138605949, "text": "$AMZN http://mam.econoday.com/  Consumer Confidence @ 10:00 AM Tues", "time": 1537858658.0, "sentiment": ""}, {"id": 138605574, "text": "$AMZN give em another 12 mo\u2019s\ud83d\ude02", "time": 1537858445.0, "sentiment": ""}, {"id": 138605292, "text": "$AMZN  What\u2019s your logic???", "time": 1537858291.0, "sentiment": ""}, {"id": 138605268, "text": "$AMZN Snapchat teams up with Amazon to offer image-based shopping https://www.bloomberg.com/news/articles/2018-09-24/snapchat-teams-up-with-amazon-to-offer-image-based-shopping via @technology", "time": 1537858280.0, "sentiment": ""}, {"id": 138605022, "text": "$AMZN Amazon (AMZN) made two approaches for  Deliveroo as Uber circles $2bn delivery company - The Telegraph http://www.streetinsider.com/Mergers+and+Acquisitions/Amazon+%28AMZN%29+made+two+approaches+for+Deliveroo+as+Uber+circles+%242bn+delivery+company+-+The+Telegraph/14637483.html", "time": 1537858121.0, "sentiment": ""}, {"id": 138604972, "text": "$AMZN Snap (SNAP) Announces Shopping Pact with Amazon (AMZN) http://www.streetinsider.com/Corporate+News/Snap+%28SNAP%29+Announces+Shopping+Pact+with+Amazon+%28AMZN%29/14636090.html via @Street_Insider", "time": 1537858089.0, "sentiment": ""}, {"id": 138604893, "text": "$AMZN Signet Jewelers (SIG) on Watch on Reports Amazon (AMZN) Could Sell Its Own Jewelry http://www.streetinsider.com/Rumors/Signet+Jewelers+%28SIG%29+on+Watch+on+Reports+Amazon+%28AMZN%29+Could+Sell+Its+Own+Jewelry/14635991.html via @Street_Insider", "time": 1537858046.0, "sentiment": ""}, {"id": 138604781, "text": "@pigoutman Wish you were right. It still tanked after the $AMZN news.", "time": 1537857975.0, "sentiment": "Bullish"}, {"id": 138604655, "text": "$AMZN Google CEO will meet top Republican lawmakers for talks on Friday https://on.mktw.net/2NF99Qn", "time": 1537857903.0, "sentiment": ""}, {"id": 138604248, "text": "$AMZN added shares ..its a beast in steroids..", "time": 1537857662.0, "sentiment": "Bullish"}, {"id": 138603754, "text": "$COST $SPY $VIX $AMZN it can", "time": 1537857399.0, "sentiment": ""}, {"id": 138603699, "text": "$AMZN analysts on Estimize expect 41.65% YoY growth in CSOI for Q3, up from 6.73% in previous year [Reporting 10/25 AMC]\nhttp://www.estimize.com/intro/amzn?chart=change-over-time&amp;metric_name=csoi&amp;utm_content=AMZN&amp;utm_medium=metric_growth&amp;utm_source=stocktwits", "time": 1537857368.0, "sentiment": ""}, {"id": 138603697, "text": "$AMZN analysts on Estimize expect 42.01% YoY growth in AWS Revenue for Q3, up from 41.88% in previous year [Reporting 10/25 AMC]\nhttp://www.estimize.com/intro/amzn?chart=change-over-time&amp;metric_name=aws_revenue&amp;utm_content=AMZN&amp;utm_medium=metric_growth&amp;utm_source=stocktwits", "time": 1537857368.0, "sentiment": ""}, {"id": 138603563, "text": "$GE $AAPL $AMD $BAC $FB $MU $NFLX $FTV $JD $SNAP $AMRN $MSFT $P $BABA $CMCSA $TSLA $T $AMZN $PBR $WFC $NVDA $XOM $SBUX Most active options", "time": 1537857296.0, "sentiment": ""}, {"id": 138600382, "text": "The Day in Trading for AMD, JD, Sirius, Disney, Amazon, Square, Intel $spy $amrn $jd $amd $siri $dis $amzn $sq $intc https://mottcapitalmanagement.com/the-day-in-trading-for-amd-jd-sirius-disney-amazon-square-intel/", "time": 1537855624.0, "sentiment": ""}, {"id": 138599235, "text": "@egudenas eh just noise. It could very well drop in pre-market tomorrow if there isn&#39;t anymore follow up news from $AMZN.", "time": 1537854989.0, "sentiment": "Bullish"}, {"id": 138598138, "text": "$SNAP $AMZN working together", "time": 1537854410.0, "sentiment": "Bullish"}, {"id": 138596779, "text": "$AMZN daily. Nice to see it catch itself off ~1860 area today.", "time": 1537853694.0, "sentiment": "Bullish"}, {"id": 138596745, "text": "$AMZN sold early and just watched it rise.. :( bad start to the week..", "time": 1537853676.0, "sentiment": ""}, {"id": 138596452, "text": "$QQQ $AAPL $NVDA $AMZN $SPY $FB $NFLX $GOOG shorts on their way home from work in disbelief like.", "time": 1537853520.0, "sentiment": "Bullish"}, {"id": 138596362, "text": "#Green has become my favorite #Color!\n\n-\n$FB\n$GOOGL \n$MSFT \n$AMZN", "time": 1537853467.0, "sentiment": ""}, {"id": 138596356, "text": "$AMZN Today\u2019s dip was done with a purpose. Look at the capital inflow with sideways trading.", "time": 1537853463.0, "sentiment": ""}, {"id": 138596225, "text": "$AMZN nice bounce at support", "time": 1537853400.0, "sentiment": ""}, {"id": 138595866, "text": "$SPY $QQQ $IWM $DIA $DJIA $CMCSA $SKYAY $DIS $SIRI $P $ABX $GOLD $AMZN $TIF $SIG $DGSE $BGI $AMRN $XON $KORS $NTNX Top stock stories for", "time": 1537853197.0, "sentiment": ""}, {"id": 138595625, "text": "$AMZN $200 upside", "time": 1537853058.0, "sentiment": "Bullish"}, {"id": 138594995, "text": "$AMZN Tomorrow gap up to 2000$ journey.", "time": 1537852757.0, "sentiment": "Bullish"}, {"id": 138594352, "text": "$AMZN https://www.cnbc.com/2018/09/24/want-to-see-whats-up-amazons-sleeve-take-a-tour-of-seattle.html", "time": 1537852421.0, "sentiment": ""}, {"id": 138594005, "text": "$STUDY Criteria For Long &amp; Shorts $DJIA $COMPQ $AAPL $AMZN $NFLX $GOOG $BIDu $TSLA $IBM $CAT $BA $COP https://www.youtube.com/watch?v=QkpBXmp1fLo", "time": 1537852237.0, "sentiment": ""}, {"id": 138593826, "text": "$FNKO $AMD $SPY $AMZN $PYPL $SHOP \n\nWhat\u2019s up with Funko?!\n\ud83e\udde0\ud83d\udc47\n\nhttps://www.yoptionz.com/blog/what-the-funko", "time": 1537852137.0, "sentiment": "Bullish"}, {"id": 138593715, "text": "Snap $SNAP Announces Shopping Pact with Amazon $AMZN\n\nhttps://www.streetinsider.com/dr/news.php?id=14636090", "time": 1537852083.0, "sentiment": ""}, {"id": 138593630, "text": "$AAPL $AMZN $MSFT $GOOG $YHOO $INTC $SNAP \n\nSmall wins add up w/ a trading strategy that capitalizes on momentum\n\ud83d\udc47\nhttps://www.yoptionz.com/blog/momentum-you-mean-to-the-moon", "time": 1537852046.0, "sentiment": ""}, {"id": 138593321, "text": "$SPY $QQQ $NDX $DJIA $AAPL $BRK.B $AMZN \n\nA good trader/investor understands both...\n\ud83e\udde0\ud83d\udc47\n\nhttps://www.yoptionz.com/blog/the-fundamental-stock-architect-v-s-the-technical-chart-construction-worker", "time": 1537851902.0, "sentiment": ""}, {"id": 138591862, "text": "@Smokey_Bear_7 One of my biggest regrets was not buying $amzn back in those days. I was fed the same manipulation and stayed clear of it.", "time": 1537851162.0, "sentiment": ""}, {"id": 138591842, "text": "$AMZN  $1,935.98  \ud83d\udd25 \n\nhttps://www.marketwatch.com/investing/stock/amzn", "time": 1537851154.0, "sentiment": "Bullish"}, {"id": 138591781, "text": "@PootyMcPuts lol invoking $AMZN only a few news websites labelled a partnership and they dont need approval to do what theyre doing.", "time": 1537851125.0, "sentiment": ""}, {"id": 138591616, "text": "$AMZN every morning this gets sold on significant volume, means funds reducing into earnings, expect same tomorrow rinse n repeat", "time": 1537851038.0, "sentiment": "Bearish"}, {"id": 138591385, "text": "$AMZN will they buy sfix?", "time": 1537850938.0, "sentiment": ""}, {"id": 138590824, "text": "$AMZN: The EPS growth is accelerating: in the next 2 years the growth will be better than in the last years. https://www.chartmill.com/analyze.php?utm_source=stocktwits&amp;utm_medium=FA&amp;utm_content=GROWTH&amp;utm_campaign=social_tracking#/AMZN?r=fa&amp;key=7e23e545-7a86-47d1-a0b4-6048c3164d97", "time": 1537850700.0, "sentiment": ""}, {"id": 138590729, "text": "$SNAP down 2% for first ever sub $9 close after invoking $AMZN without Bezos approval. Tomorrow 5%.", "time": 1537850655.0, "sentiment": ""}, {"id": 138589662, "text": "@Chazik these stocks dont go up or down on an accountant\u2019s calculator. They move by TAM - Total addressable market, like $AMZN has.", "time": 1537850199.0, "sentiment": ""}, {"id": 138589641, "text": "$AMZN always listens to me", "time": 1537850193.0, "sentiment": ""}, {"id": 138589508, "text": "$WATT So many products in new video r very recognizable. Wouldnt $AAPL, $AMZN, $MSFT have to give permission to use in promo? Y would they?", "time": 1537850139.0, "sentiment": "Bullish"}, {"id": 138589381, "text": "$AMD what for a mega bubble like $AMZN and $AAPL really very sad the wall street is pure manipulation", "time": 1537850092.0, "sentiment": ""}, {"id": 138589344, "text": "$WATT https://www.youtube.com/watch?v=ieI-j1jaixI $AAPL $MSFT $AMZN get ready \ud83d\udc8e", "time": 1537850071.0, "sentiment": "Bullish"}, {"id": 138589333, "text": "$AMZN What a day!\nProps to the bears and bulls that made money both ways. Cheers to all \ud83d\udc4d", "time": 1537850067.0, "sentiment": "Bullish"}, {"id": 138588716, "text": "$TLRY back to back deals in Germany, Australia, Tilray moving to front of pack of leaders $CGC $STZ to become the $AMZN of Cannabis imho", "time": 1537849790.0, "sentiment": ""}, {"id": 138588493, "text": "$AMZN whose porky?", "time": 1537849693.0, "sentiment": ""}, {"id": 138588420, "text": "$AMZN this is momentum stock. Once it gets the momentum then sky is the limit", "time": 1537849661.0, "sentiment": "Bullish"}, {"id": 138588375, "text": "$AMZN This 2nd allegation is straight out of the Porky&#39;s playbook... https://www.youtube.com/watch?v=9wSOyyKHQU0", "time": 1537849642.0, "sentiment": ""}, {"id": 138588178, "text": "$TLRY watching dumb money buy this thing like it\u2019s the $AMZN of pot \ud83d\ude02\ud83d\ude02", "time": 1537849540.0, "sentiment": ""}, {"id": 138587989, "text": "$AMZN  Told you", "time": 1537849449.0, "sentiment": ""}, {"id": 138587977, "text": "$FB $AAPL $AMZN cashed in on the dips Friday. On the sidelines, looking for minor dip to get back in.", "time": 1537849443.0, "sentiment": "Bullish"}, {"id": 138587905, "text": "$AMZN expect a huge pop tomorrow...heavy volume in level 2", "time": 1537849406.0, "sentiment": "Bullish"}, {"id": 138587683, "text": "$AMZN will 2000 hold this time thru? I think yes!", "time": 1537849320.0, "sentiment": "Bullish"}, {"id": 138586498, "text": "$AMZN possibly another tap into 1880 to confirm support and then off we go", "time": 1537848872.0, "sentiment": ""}, {"id": 138585335, "text": "$AMZN  What do you think will happen with Amazon with the fed rate hike this week? Any why", "time": 1537848381.0, "sentiment": ""}, {"id": 138585161, "text": "$AMZN ", "time": 1537848319.0, "sentiment": ""}, {"id": 138584598, "text": "$AMZN We will see $1950 tomorrow no question. It\u2019s Heading right back to ema $1965. Quickly  2k+ by Friday", "time": 1537848106.0, "sentiment": "Bullish"}, {"id": 138584260, "text": "$MU $AAPL $LMT $AG $NOC $ RTN $AMZN DIMS win house market feels economic slowdown will follow. Get out and vote . Say NO to DEMOCRATS!", "time": 1537847990.0, "sentiment": ""}, {"id": 138583051, "text": "$SPY Looks like Trump just arrived at Trump Towers. Floating in now so lets see if we get any more noise AH $AAPL $AMZN $BABA $JPM", "time": 1537847590.0, "sentiment": "Bullish"}, {"id": 138582920, "text": "$AMZN outlook", "time": 1537847543.0, "sentiment": ""}, {"id": 138582624, "text": "$AMZN how is this going to react to the fed hike this week?", "time": 1537847422.0, "sentiment": ""}, {"id": 138581895, "text": "$AMZN I forgot to send money and hence couldnt buy when lower. Dang....\nThis is going to 2k this Thur", "time": 1537847160.0, "sentiment": ""}, {"id": 138580235, "text": "$AMZN I should have made the spread bigger this morning. But, hey, I\u2019m super deep in the money.  Sit back and collect.", "time": 1537846615.0, "sentiment": ""}, {"id": 138579635, "text": "$AMZN when will be over 2k??", "time": 1537846419.0, "sentiment": ""}, {"id": 138579559, "text": "$AMZN let\u2019s keep on pushing up", "time": 1537846399.0, "sentiment": ""}, {"id": 138579471, "text": "ORDER FLOW SENTIMENT IN ACTIVE NAMES: $GE $AAPL $AMD $MU $BAC $NFLX $FB $SNAP $JD $TSLA $MSFT $BABA $AMZN $CMCSA $T $WFC $JPM $TWTR $NVDA", "time": 1537846371.0, "sentiment": ""}, {"id": 138579127, "text": "$AMZN found support at weekly 13ema. And retraced last months candle a little over 50%. 50% at 1900. Short squeeze tomorrow", "time": 1537846253.0, "sentiment": "Bullish"}, {"id": 138579049, "text": "$SNAP Always been LT bearish, but was ST bullish thinking a pop was due. Now starting to wonder given the $AMZN news didn&#39;t hold.", "time": 1537846238.0, "sentiment": "Bullish"}, {"id": 138578718, "text": "$AMZN to daMoooon!", "time": 1537846135.0, "sentiment": "Bullish"}, {"id": 138578618, "text": "$AMZN who holding calls overnight?? Maybe tomorrow we will have some fooking volume", "time": 1537846108.0, "sentiment": "Bullish"}, {"id": 138577798, "text": "$AMZN analysts on Estimize are expecting 648.16% YoY EPS growth for Q3, down from 1167.50% in Q2 [Reporting 10/25 AMC]\nhttp://www.estimize.com/intro/amzn?chart=historical&amp;metric_name=eps&amp;utm_content=AMZN&amp;utm_medium=eps_growth&amp;utm_source=stocktwits", "time": 1537845862.0, "sentiment": ""}, {"id": 138577308, "text": "Google Home Is Gaining Ground On Amazon Echo https://benzinga.com/z/12357324 $AAPL $AMZN $GOOG $GOOGL", "time": 1537845720.0, "sentiment": ""}, {"id": 138576954, "text": "FAANG Stocks Overview:\n$AAPL +1.44%\n$AMZN +1.01%\n$FB +1.52%\n$GOOGL +0.63%\n$NFLX +2.33%\nhttps://techniquant.com/reports/market-reports/faang/2018-09-24/", "time": 1537845623.0, "sentiment": ""}, {"id": 138576947, "text": "$AMZN finds support at 50-day moving average: https://techniquant.com/reports/stock-amzn-daily-technical-analysis-report-for-2018-09-24/", "time": 1537845621.0, "sentiment": "Bullish"}, {"id": 138576395, "text": "$AMZN Not out of the channel yet. $1954 resistence. Technically bullish piercing pattern on the daily by $0.93. Dr. appt set for whiplash.", "time": 1537845453.0, "sentiment": ""}, {"id": 138576276, "text": "$AMZN lol the bears are soooo angry. What did you think was going to happen? This is going much higher from here. 2k this week absolutely !", "time": 1537845423.0, "sentiment": "Bullish"}, {"id": 138576222, "text": "$AMZN Why is this up? Do they accept bitcoin or bitcoin cash now or something?", "time": 1537845408.0, "sentiment": ""}, {"id": 138575769, "text": "$SPY $AMZN hasn&#39;t been hammered. It&#39;s up 5.5% in two months", "time": 1537845290.0, "sentiment": ""}, {"id": 138575402, "text": "The Day in Trading for AMD, JD, Sirius, Disney, Amazon, Square, Intel https://wp.me/p6NqCb-4Cu $spy $amd $jd $siri $dis $amzn $sq $intc $AMRN", "time": 1537845185.0, "sentiment": ""}, {"id": 138574887, "text": "$AMZN More than I made at my 9-5 today. Thank you bulls!", "time": 1537845041.0, "sentiment": "Bullish"}, {"id": 138574599, "text": "$SPY 3 wave corrections done or more to come? $AMZN too", "time": 1537844962.0, "sentiment": ""}, {"id": 138574322, "text": "$AMZN Any calls under 2000 \nEx 1/19. Is gooooooooood", "time": 1537844893.0, "sentiment": "Bullish"}, {"id": 138573924, "text": "$AMZN sold my calls for 115% profit today at 3:59. Took a lot for me not to hold overnight", "time": 1537844799.0, "sentiment": ""}, {"id": 138573828, "text": "$AMZN \ud83d\udc47\ud83c\udffe", "time": 1537844781.0, "sentiment": ""}, {"id": 138573520, "text": "$AMZN EOD melt up", "time": 1537844709.0, "sentiment": "Bullish"}, {"id": 138573111, "text": "$AMZN Well Done!! Thank you all!! Thank you Bezos!!", "time": 1537844622.0, "sentiment": ""}, {"id": 138572353, "text": "Todays winning trades were $ADI $MA $SQ $MSFT $AMZN $TXN $V  Todays losing trades were $NVDA $ADBE", "time": 1537844463.0, "sentiment": ""}, {"id": 138572026, "text": "$AMZN How mentally challenged do you have to be to pay 1935 when you could have paid 1870 a few hours earlier.", "time": 1537844393.0, "sentiment": ""}, {"id": 138571873, "text": "$AMZN scooped up some for gap up.", "time": 1537844357.0, "sentiment": "Bullish"}, {"id": 138571701, "text": "$TLRY $SAEX Happy Monday. $AMZN", "time": 1537844319.0, "sentiment": ""}, {"id": 138571545, "text": "How this 31-year-old makes millions selling soap online - https://goo.gl/sxGW56 - $AMZN $WMT $TGT $FB $GOOG $GOOGL $PG $UL", "time": 1537844291.0, "sentiment": ""}, {"id": 138571540, "text": "$AMZN getting a boost from the deal with SnapChat. Up $68 from LOD.  RSI=50. In SweetSpot. Neither overbought nor oversold.", "time": 1537844289.0, "sentiment": ""}, {"id": 138571469, "text": "$AMZN Hope nobody held those 1920 puts. You just got destroyed", "time": 1537844277.0, "sentiment": "Bullish"}, {"id": 138571421, "text": "$AMZN Amazon Could Become the Next Big Player in Autonomous Driving\n\nhttps://www.thestreet.com/investing/amazon-could-be-next-big-player-in-autonomous-driving-14721412", "time": 1537844268.0, "sentiment": ""}, {"id": 138571381, "text": "$AMZN $AAPL $AMD They are finishing well!", "time": 1537844260.0, "sentiment": "Bullish"}, {"id": 138571350, "text": "$AMZN those cashier-less Amazon Go stores and the Echo auto making margins wider.", "time": 1537844253.0, "sentiment": "Bullish"}, {"id": 138571329, "text": "$AMZN we&#39;re heading up for the earnings run people. Remember, Prime Day(Biggest one day sale ever, anywhere) numbers will be factored in.", "time": 1537844249.0, "sentiment": ""}, {"id": 138571315, "text": "$AMZN need a close over the 20 day to get rolling to 2050", "time": 1537844246.0, "sentiment": ""}, {"id": 138571130, "text": "$AMZN out my calls. Will reenter later. Good luck", "time": 1537844205.0, "sentiment": "Bullish"}, {"id": 138571097, "text": "$AMZN ya baby \ud83d\udc76\ud83c\udffb goo", "time": 1537844200.0, "sentiment": ""}, {"id": 138571062, "text": "$AMZN Short squeeze on!!", "time": 1537844194.0, "sentiment": "Bullish"}, {"id": 138570963, "text": "$AMZN Highs.", "time": 1537844172.0, "sentiment": ""}, {"id": 138570331, "text": "$AMZN exited my 1920 calls x 20 here good day! $wellshit that&#39;s what I saw friday... lol Good Luck!", "time": 1537844048.0, "sentiment": "Bullish"}, {"id": 138570321, "text": "Shop On Sight: Snap Confirms Visual Product Search Collaboration With Amazon\n\n$SNAP $AMZN  \n\nhttps://m.benzinga.com/article/12397884", "time": 1537844046.0, "sentiment": ""}, {"id": 138570281, "text": "$AMZN \ud83d\udd95\ud83c\udfff\ud83d\udc3b", "time": 1537844038.0, "sentiment": "Bullish"}]