[{"id": 140435360, "text": "Visualizing the World&#39;s Tech Giants 2018 - $QQQ $AAPL $AMZN $BABA $MSFT $BABA $AMZN", "time": 1539031066.0, "sentiment": ""}, {"id": 140435342, "text": "$AMZN As Yields go up , Bond Prices go down! This cant continue ! No Investing incentive!", "time": 1539031062.0, "sentiment": ""}, {"id": 140435310, "text": "$AMZN VWAP", "time": 1539031053.0, "sentiment": ""}, {"id": 140435290, "text": "$AMZN insane. If there is one stock to buy and not watch.  It&#39;s this one.", "time": 1539031046.0, "sentiment": "Bullish"}, {"id": 140435249, "text": "$AMZN RSI6 @ 21 .. oversold", "time": 1539031036.0, "sentiment": "Bullish"}, {"id": 140435133, "text": "$AMZN this is wild. Congrats bears.", "time": 1539031001.0, "sentiment": ""}, {"id": 140435080, "text": "$AMZN Careful out there folks", "time": 1539030986.0, "sentiment": "Bearish"}, {"id": 140434952, "text": "$AMZN buyer at 1760", "time": 1539030951.0, "sentiment": ""}, {"id": 140434951, "text": "$AMZN We could be looking atv1841 next target", "time": 1539030951.0, "sentiment": "Bearish"}, {"id": 140434879, "text": "$AMZN Flushed to oversold lows. \n$TSLA Small down.", "time": 1539030928.0, "sentiment": ""}, {"id": 140434823, "text": "$AMZN $AAPL $SPY give it a few min. Heading higher", "time": 1539030915.0, "sentiment": "Bullish"}, {"id": 140434821, "text": "$AMZN purchased 4 nov calls.   Show me the beach view", "time": 1539030915.0, "sentiment": "Bullish"}, {"id": 140434726, "text": "$AMZN 1600 I will add", "time": 1539030890.0, "sentiment": ""}, {"id": 140434681, "text": "$AMZN Get out now", "time": 1539030878.0, "sentiment": ""}, {"id": 140434650, "text": "$AMZN Folks! Global premises are Intact! US/China/Japan strong Economies (Hang in There!)", "time": 1539030867.0, "sentiment": ""}, {"id": 140434321, "text": "$AMZN see why I mean?", "time": 1539030779.0, "sentiment": ""}, {"id": 140434273, "text": "$SQ $FB $AMZN $QQQ $SPY \n\nAre we going to do another crooked AF algo sell off like March", "time": 1539030763.0, "sentiment": ""}, {"id": 140434186, "text": "$AMZN 1855 almost there", "time": 1539030734.0, "sentiment": "Bearish"}, {"id": 140434076, "text": "$AMZN just hold", "time": 1539030700.0, "sentiment": "Bullish"}, {"id": 140434048, "text": "$AMZN ER coming and they\u2019ll drop it like they did to $COST. No matter the outcome this goes down.", "time": 1539030690.0, "sentiment": "Bearish"}, {"id": 140434046, "text": "$AMZN we are F-ed \ud83d\ude2d\ud83d\ude2d\ud83d\ude2d", "time": 1539030689.0, "sentiment": ""}, {"id": 140434022, "text": "$AMZN don&#39;t everyone sell at once.", "time": 1539030677.0, "sentiment": ""}, {"id": 140433989, "text": "$AMZN incredible \ud83d\ude02\ud83d\ude02\ud83d\ude02", "time": 1539030665.0, "sentiment": ""}, {"id": 140433982, "text": "$AMD $NFLX $NVDA $BA $AMZN $AAPL Let&#39;s do this..", "time": 1539030662.0, "sentiment": "Bearish"}, {"id": 140433957, "text": "$AAPL $ALGN $AMZN $BA $HD $MA $NFLX $NVDA \nOh \ud83d\udca9 \nIm going back to \ud83d\ude34 \ud83d\ude00", "time": 1539030654.0, "sentiment": ""}, {"id": 140433808, "text": "$AMZN OOOF", "time": 1539030619.0, "sentiment": "Bearish"}, {"id": 140433720, "text": "$AMZN the squeeze begins", "time": 1539030592.0, "sentiment": "Bullish"}, {"id": 140433379, "text": "$AMZN With lower (Bond) prices canceling out higher yields, investors will get nothing  (Bill Gross) CNBC . https://cnb.cx/2E0l7OV", "time": 1539030486.0, "sentiment": ""}, {"id": 140433132, "text": "$TVIX rules $SPY \n\n$APPL &amp; $AMZN $FB  = bad ERs\n\nApple = product cycle down + smartphone tech TOPPED OUT\nAMZN no hot items\n$FB security", "time": 1539030416.0, "sentiment": ""}, {"id": 140433120, "text": "$AMZN interest rate spike. Wage growth. $AMZN", "time": 1539030411.0, "sentiment": "Bearish"}, {"id": 140433026, "text": "$AMZN Down/sideways. \n$TSLA Gap up/fade. \n$TLRY Gapdown. All 3 names clean Friday.", "time": 1539030382.0, "sentiment": ""}, {"id": 140432475, "text": "$AMZN today i die", "time": 1539030191.0, "sentiment": "Bullish"}, {"id": 140432356, "text": "$AMZN Keep the faith!! Bond yields cant keep climbing forever! As Yields elevate, Bond Prices go down!! (We are entering a Bond Bear mrket!)", "time": 1539030147.0, "sentiment": ""}, {"id": 140432215, "text": "$AMZN last couple time rising rates went up blew over in couple days no reason won&#39;t be same thing, turn around today, worst case manana", "time": 1539030103.0, "sentiment": ""}, {"id": 140432054, "text": "@jackintheb0x $FB Every idiot that buys on Amazon $amzn", "time": 1539030052.0, "sentiment": ""}, {"id": 140431812, "text": "$AMZN The higher the 10 year goes. Look out below", "time": 1539029967.0, "sentiment": "Bearish"}, {"id": 140431576, "text": "$AMZN Record Losing Streak of 13 Days Deserves Attention: Bloomberg \n https://www.bloomberg.com/news/articles/2018-10-08/record-losing-streak-of-13-days-deserves-attention-taking-stock via @business", "time": 1539029889.0, "sentiment": ""}, {"id": 140431558, "text": "@WilliamBligh $AMZN hehe. RIP", "time": 1539029885.0, "sentiment": "Bearish"}, {"id": 140431407, "text": "New Downtrend or Just Downward Correction?\n\n$SPY $SPX $AAPL $AMZN $DJIA $NDX \n\nRead more: https://www.sunshineprofits.com/gold-silver/free-alerts/new-downtrend-just-downward-correction/", "time": 1539029829.0, "sentiment": ""}, {"id": 140431352, "text": "$AMZN  lol", "time": 1539029812.0, "sentiment": ""}, {"id": 140431327, "text": "$AMZN $AAPL many people like @TheTRex are buying at the highs and selling at the lows it&#39;s pathetic how they are shaken out like clockwork", "time": 1539029804.0, "sentiment": "Bullish"}, {"id": 140431180, "text": "$AMZN https://www.cnbc.com/bonds/  10 year Treasury yields -&gt; 3.23%", "time": 1539029754.0, "sentiment": ""}, {"id": 140430949, "text": "$AAPL $ALGN $AMZN $BA $HD $MA $NFLX $NVDA \nHang on, looking like another very ugly red day\nGLTA", "time": 1539029691.0, "sentiment": ""}, {"id": 140430892, "text": "$AMZN the selling is justified. https://investorplace.com/2018/10/amazon-stock-is-nearing-a-prime-buy-zone-after-a-pullback/", "time": 1539029671.0, "sentiment": ""}, {"id": 140430796, "text": "$AMZN When is the last time this had 6 red days in a row?", "time": 1539029639.0, "sentiment": ""}, {"id": 140430734, "text": "$AMZN $AAPL The short seller enrichment commission should investigate Bloomberg for fake news!", "time": 1539029616.0, "sentiment": ""}, {"id": 140430659, "text": "@TheTRex this guy was super bullish on $AMZN on October 3 when should have been bearish, and now bearish- classic example of dumb retail", "time": 1539029588.0, "sentiment": "Bullish"}, {"id": 140430633, "text": "$AMZN Enjoy Monday Morning Shorts!", "time": 1539029580.0, "sentiment": ""}, {"id": 140430618, "text": "$AMZN Nomura still on the sidelines with Amazon https://www.streetinsider.com/dr/news.php?id=14682593&amp;gfv=1", "time": 1539029576.0, "sentiment": ""}, {"id": 140430576, "text": "$AMZN Global data, rising yields and possible Fed hike on agenda this week  Reuters https://reut.rs/2pFOjlt via @Reuters", "time": 1539029560.0, "sentiment": ""}, {"id": 140430447, "text": "$AMZN Doesn\u2019t look like my funds settled from options trading on Friday.  Normally they settle next day.  Is it because Columbus Day?", "time": 1539029520.0, "sentiment": ""}, {"id": 140430385, "text": "$FB $AMZN $NFLX $GOOG - Please pardon the interruption while we move our equipment back to the U.S.", "time": 1539029497.0, "sentiment": "Bearish"}, {"id": 140430106, "text": "$AMZN rates still climbing and will compete with stocks in the near term. Correction coming.", "time": 1539029400.0, "sentiment": ""}, {"id": 140430098, "text": "$AMZN don\u2019t be fooled if we have a short term pop today while the bond market is closed.", "time": 1539029399.0, "sentiment": ""}, {"id": 140430008, "text": "$AMZN At least i&#39;m not holding ALT.", "time": 1539029371.0, "sentiment": ""}, {"id": 140429556, "text": "$AMZN should drop pretty hard today. If the VIX spirals out of control again we could see a 10% market correction like feb. Betting on that", "time": 1539029221.0, "sentiment": "Bearish"}, {"id": 140428933, "text": "PRE Market Movers: $GE $PBR $AAPL $WMT $AMZN $ESV $BA $GOOGL $ALT $BRZU $CIG $IGC $TTPH $AZUL $ITUB  $BBD $SBS $VTVT $EVM $VEDL $JNUG $TLRY", "time": 1539028997.0, "sentiment": ""}, {"id": 140428912, "text": "$AMZN is today going to be another bloodbath?", "time": 1539028991.0, "sentiment": ""}, {"id": 140428609, "text": "$AMZN EOY -2300 close..", "time": 1539028864.0, "sentiment": "Bullish"}, {"id": 140428553, "text": "$amzn rip", "time": 1539028843.0, "sentiment": ""}, {"id": 140428158, "text": "$AMZN $FB $TLT $SPY more blood to come this week. The market lately became a sad story for invistors", "time": 1539028657.0, "sentiment": ""}, {"id": 140427876, "text": "Trading plan $IGC $ALT $FB $AAPL $BABA $BIDU $CAT $NFLX $NVDA $TSLA $LULU $GOOGL $AMZN $MOMO $SIG $FL $ROKU $AMD $DBX", "time": 1539028539.0, "sentiment": ""}, {"id": 140427201, "text": "@anthony01 @jackintheb0x that makes no sense. $AMZN $AAPL $SPY", "time": 1539028197.0, "sentiment": ""}, {"id": 140427184, "text": "China Stocks, Apple, Amazon, Ford and Walmart - 5 Things You Must Know http://bit.ly/2ylU4sl $AAPL $AMZN $F $WMT $SNE $NFLX $DIS $CMCSA", "time": 1539028187.0, "sentiment": ""}, {"id": 140427107, "text": "$Walmart partners with MGM to boost video-on-demand service $Vudu $WMT $NFLX $AMZN $DIS $CMCSA $FOX $T $TGT $SPX  https://reut.rs/2ymOFkT", "time": 1539028146.0, "sentiment": ""}, {"id": 140426825, "text": "$AMZN  No Recession !! US GDP is at a 4.1-1.2% annualized GDP growth rate. Ditto China, Japan.  Global Economic premises are intact!", "time": 1539027984.0, "sentiment": ""}, {"id": 140426821, "text": "Stocks making the biggest moves premarket:  $GE $PBR $AAPL $WMT $AMZN $GOOG $GOOGL $BA $ARNC $ESV https://cnb.cx/2pIdcNu", "time": 1539027981.0, "sentiment": ""}, {"id": 140426757, "text": "$AMZN I don\u2019t understand why ppl won\u2019t let this go down. Cheaper price, better valuations, more upside potential, less rate hikes.", "time": 1539027948.0, "sentiment": ""}, {"id": 140426709, "text": "Stocks Making The Biggest Moves PM: $GE $PBR $AAPL $WMT $AMZN $ESV $BA $GOOGL $ARNC &amp; More https://www.cnbc.com/2018/10/08/stocks-making-the-biggest-moves-premarket-ge-pbr-aapl-wmt--more.html", "time": 1539027927.0, "sentiment": ""}, {"id": 140426609, "text": "$AMZN Which markets are closed (Bond market) on Columbus Day? (Also 1 extra day for any T+2 settlement of Cash) https://on.mktw.net/2QzANvb", "time": 1539027865.0, "sentiment": ""}, {"id": 140426443, "text": "China Stocks, Apple, Amazon, Ford and Walmart - 5 Things You Must Know\n\n$AAPL $AMZN $F $WMT\n\nhttps://www.thestreet.com/markets/5-things-you-must-know-before-the-market-opens-monday-14735095", "time": 1539027775.0, "sentiment": ""}, {"id": 140426303, "text": "$AMZN jinxed it", "time": 1539027695.0, "sentiment": ""}, {"id": 140426186, "text": "$AMZN no bears today???", "time": 1539027625.0, "sentiment": ""}, {"id": 140425884, "text": "US Govt Backs Apple, Amazon Denials of Spy Chip Report - https://www.investopedia.com/news/us-govt-backs-apple-amazon-denials-spy-chip-report/ $AAPL $AMZN", "time": 1539027463.0, "sentiment": ""}, {"id": 140425859, "text": "$AMZN Bloomberg is a piece of shit. https://www.investopedia.com/news/us-govt-backs-apple-amazon-denials-spy-chip-report/", "time": 1539027454.0, "sentiment": ""}, {"id": 140425547, "text": "$AMZN  Jefferies Financial Group ReiteratesAmazon.com (AMZN)$1,889.65Buy", "time": 1539027298.0, "sentiment": ""}, {"id": 140424882, "text": "$AMZN (Monday Morning Thesis Statement) Futures drop with bond yields at multi-year highs http://www.streetinsider.com/ETFs/Futures+drop+with+bond+yields+at+multi-year+highs/14682804.html via @Street_Insider", "time": 1539026942.0, "sentiment": ""}, {"id": 140424773, "text": "$AMZN PBOC announced measures on Sunday to cut the amount of cash that banks have to hold as reserves  https://cnb.cx/2RAQL9I", "time": 1539026875.0, "sentiment": ""}, {"id": 140424720, "text": "New Downtrend or Just Downward Correction? $QQQ $AAPL $AMZN $SPX $DJI https://goo.gl/jXx83m", "time": 1539026848.0, "sentiment": ""}, {"id": 140424239, "text": "$AMZN UBS chief economist: Calm down over bond yields: \u2018This is hardly 1994\u2019 https://on.mktw.net/2C2COMd", "time": 1539026529.0, "sentiment": ""}, {"id": 140424237, "text": "$CERN $AMZN @sammy769 Wwould be nice but have any new info?  Besides months old rumors and Amazons desire to get more into healthcare?", "time": 1539026525.0, "sentiment": ""}, {"id": 140424090, "text": "$AMZN Is Nearing a Prime Buy Zone After a Pullback - https://investorplace.com/2018/10/amazon-stock-is-nearing-a-prime-buy-zone-after-a-pullback/", "time": 1539026435.0, "sentiment": ""}, {"id": 140424081, "text": "$TSLA Revenue growth 100% YOY https://twitter.com/gerberkawasaki/status/1048989413500305408?s=21 $AMZN $NFLX $AAPL $QQQ", "time": 1539026426.0, "sentiment": "Bullish"}, {"id": 140423824, "text": "$AMZN Didn\u2019t stop at 200. Don\u2019t see it stopping at 2000 either.", "time": 1539026259.0, "sentiment": "Bullish"}, {"id": 140423690, "text": "$AMZN gonna just take a deep breath here. Going with my guy that we\u2019re gonna be green.", "time": 1539026160.0, "sentiment": "Bullish"}, {"id": 140423549, "text": "$AMZN $AAPL $SPY fear mongering 101", "time": 1539026075.0, "sentiment": ""}, {"id": 140423298, "text": "$AAPL $AMZN US Govt Backs Apple, Amazon Denials of Spy Chip Report - Investopedia\n\nhttp://ooc.bz/l/28564", "time": 1539025944.0, "sentiment": ""}, {"id": 140422566, "text": "Why Lenovo and Apple Fell... $AMZN $HPQ $DVMT $BABA $BIDU $TCEHY $AAPL $SMCI $MSFT $IBM $GOOG https://marketrealist.com/2018/10/why-lenovo-and-apple-fell-on-friday", "time": 1539025414.0, "sentiment": ""}, {"id": 140420997, "text": "$AMZN should get a market squeeze today...hope this make it above 1904", "time": 1539024185.0, "sentiment": "Bullish"}, {"id": 140420987, "text": "$GOOGL here is the real money for day traders you can make $3 to $5 and repeat if you know how to play the game $nflx $amzn $fb", "time": 1539024175.0, "sentiment": "Bullish"}, {"id": 140420908, "text": "@Cameleon @BigTrader65 thats the nice 10% off the top we hit . I can see a nice round stop at that number than that #BROOKLYN BOUNCE $AMZN", "time": 1539024116.0, "sentiment": "Bullish"}, {"id": 140420671, "text": "$AMZN ", "time": 1539023915.0, "sentiment": ""}, {"id": 140420580, "text": "$AMZN early morning, it was the end of the world...that\u2019s what happens when you claim victory too early.", "time": 1539023813.0, "sentiment": ""}, {"id": 140420431, "text": "$AMZN $AAPL $SPY fed raising rates bec economy is doing amazing! Only a fool would think a great economy is cause to SELL stocks like these", "time": 1539023699.0, "sentiment": "Bullish"}, {"id": 140420402, "text": "$AMD $NFLX $FB $COST $AMZN $AAPL $TSLA $STZ $LEN $MSFT $SGH $AYI $SQ $BAC $GE $INTC $JPM $TWTR $RPM", "time": 1539023677.0, "sentiment": ""}, {"id": 140420321, "text": "$AMZN $GOOG Long Oct calls into both of these last Friday.  2 weeks for pre-ER runs. PM drops don\u2019t seem bad today and may turn green late.", "time": 1539023601.0, "sentiment": "Bullish"}, {"id": 140420179, "text": "$AMZN https://techcrunch.com/2018/10/07/homeland-security-denies-bloomberg-spy-chip-report/ https://techcrunch.com/2018/10/07/homeland-security-denies-bloomberg-spy-chip-report/", "time": 1539023471.0, "sentiment": ""}, {"id": 140419549, "text": "$AMZN short interest ratio at 2018-09-14 is 1.08 and short % to float is 1.24% http://sunshineavenue.com/stock/AMZN/ via @sunshineave", "time": 1539022896.0, "sentiment": ""}, {"id": 140419544, "text": "$AMZN 1950+ closing today", "time": 1539022892.0, "sentiment": "Bullish"}, {"id": 140418677, "text": "$AMZN today down and up for next 4 days", "time": 1539022295.0, "sentiment": ""}, {"id": 140418462, "text": "$TSLA Tesla Model 3 dubbed as vehicle with \u2018lowest probability of injury\u2019 by the NHTSA $AAPL $NVDA $AMZN $BABA $BTC.X $NFLX", "time": 1539022178.0, "sentiment": ""}, {"id": 140418066, "text": "$AMZN down .85% on 8k volume lol", "time": 1539021980.0, "sentiment": ""}, {"id": 140417019, "text": "$AMZN Just wait till this misses earnings &amp; the first few downgrades roll in. You ain&#39;t seen anything yet bulls ....", "time": 1539021279.0, "sentiment": "Bearish"}, {"id": 140416909, "text": "$AMZN No obvious cracks in growth prospects. https://www.tradingview.com/x/sTBXb6eM/\n\nThe last support within the daily", "time": 1539021114.0, "sentiment": "Bullish"}, {"id": 140416496, "text": "$AMZN was there bad news this weekend, i dont see any", "time": 1539020531.0, "sentiment": ""}, {"id": 140416364, "text": "$AMZN approaching major support at 1860. If that breaks, 100 MA at 1820. Load up at those 2 level.", "time": 1539020304.0, "sentiment": ""}, {"id": 140416073, "text": "$AMZN all the way back under 1k", "time": 1539019809.0, "sentiment": "Bearish"}, {"id": 140415647, "text": "$ALT $SPY $SPX $AAPL $AMZN $NFLX Markets must rebound and you will see a relief rally today. Catch the bus now. \ud83e\udd11\ud83e\udd11\ud83e\udd11", "time": 1539019013.0, "sentiment": "Bullish"}, {"id": 140415122, "text": "$SPY $QQQ $IWM $XLF $AAPL $AMZN $BABA $CAT $FB $GE $GS", "time": 1539017900.0, "sentiment": ""}, {"id": 140414755, "text": "@kfc8899  no, pre-market is UTTERLY meaningless ... you cannot draw conclusions positive or negative about $AMZN from these few trades", "time": 1539016502.0, "sentiment": ""}, {"id": 140414692, "text": "$AMZN FUTURES NOT TOO BAD - MIGHT BE A FLAT DAY OR CLOSE GREEN", "time": 1539016264.0, "sentiment": "Bullish"}, {"id": 140414631, "text": "$AMZN oh man \ud83d\ude2d\ud83d\ude2d", "time": 1539015961.0, "sentiment": ""}, {"id": 140414482, "text": "$AMZN glad I strangled rather than loaded calls", "time": 1539015351.0, "sentiment": ""}, {"id": 140414339, "text": "Above the 40 - Not A Bear - Just A Bull Looking for Lower Prices $QQQ $IWM $SPY $CAT $AAPL $AMZN $BABA $GE $GS $FB  https://t.co/qFZ9S5sAQa", "time": 1539014836.0, "sentiment": ""}, {"id": 140414208, "text": "$AMZN i keep buying the dips (leaps) but it keeps dipping. One day it has to stop dipping", "time": 1539014361.0, "sentiment": ""}, {"id": 140414191, "text": "$AMZN GG", "time": 1539014289.0, "sentiment": "Bullish"}, {"id": 140414131, "text": "$AMZN vs #InstaCart downside to Instacart hard to justify a $149 annual fee Prime is not only cheaper &amp; more perks $SPY $XLY spending up $MU", "time": 1539014049.0, "sentiment": "Bullish"}, {"id": 140414106, "text": "$AMZN still looking for 1850-1827. Will be very disappointed if we don\u2019t reach it. My crystal ball is usually right.", "time": 1539013954.0, "sentiment": ""}, {"id": 140414035, "text": "$AMZN &amp; $MSFT ER COMING 24th and 25th of October", "time": 1539013685.0, "sentiment": ""}, {"id": 140413930, "text": "$AMZN dropping like a rock pre-Mari. What\u2019s going on?", "time": 1539013228.0, "sentiment": ""}, {"id": 140413759, "text": "Not A Bear - A Bull Looking for Lower Prices https://drduru.com/onetwentytwo/2018/10/08/t2108-update-181005/ $SPY $QQQ $IWM $XLF #AT40 #T2108 #VIX $AAPL $AMZN $BABA $CAT $FB $GE $GS", "time": 1539012597.0, "sentiment": ""}, {"id": 140413680, "text": "$AMZN the climb into earnings will start soon.  Maybe soft for another day or two then back to chasing new highs.", "time": 1539012338.0, "sentiment": ""}, {"id": 140413554, "text": "$AMZN not too bad only down 4 bucks premarket - gonna rebound", "time": 1539011887.0, "sentiment": "Bullish"}, {"id": 140413405, "text": "$AMZN will be another red day for the market and Amazon.  1850 May hit today", "time": 1539011312.0, "sentiment": ""}, {"id": 140412843, "text": "With Toys r Us gone $AMZN is going to turn postal workers into Santa Clause. Q3 earnings will be good but Q4 is going to be great!!", "time": 1539008978.0, "sentiment": "Bullish"}, {"id": 140412637, "text": "$AMZN 1300 this week is entirely possible.", "time": 1539008083.0, "sentiment": ""}, {"id": 140412522, "text": "$AMZN Nasdaq -0.34%", "time": 1539007625.0, "sentiment": ""}, {"id": 140412507, "text": "$AMZN", "time": 1539007592.0, "sentiment": ""}, {"id": 140412504, "text": "$AMZN Nasdaq -0.34% pls", "time": 1539007584.0, "sentiment": ""}, {"id": 140412404, "text": "@aby1 @Tony555 @sunny49 I think spy may test 286 again n $AMZN testing 1860.", "time": 1539007190.0, "sentiment": "Bearish"}, {"id": 140412036, "text": "$AMZN buy buy buy and hollllllld 3000", "time": 1539005675.0, "sentiment": "Bullish"}, {"id": 140411877, "text": "$AMZN Why would anyone sell now knowing Toy R\u2019 Us is gone this holiday season?", "time": 1539005271.0, "sentiment": ""}, {"id": 140411841, "text": "$IQ 30 $GE 14 $AMZN 2000 $intc 49 $baba 160 $nvda 280", "time": 1539005141.0, "sentiment": ""}, {"id": 140411799, "text": "$SPY $QQQ $AMZN Way oversold for short term. Uptrend is not broken. Expecting 1% move up tomorrow. AMZN to 1950 to 60.", "time": 1539004999.0, "sentiment": "Bullish"}, {"id": 140411503, "text": "$AMZN so I\u2019m guessing there won\u2019t be a rebound tomorrow anytime soon. And with the overall market too", "time": 1539004127.0, "sentiment": ""}, {"id": 140411476, "text": "Amazon.com&#39;s buy rating reiterated at Macquarie. https://www.marketbeat.com/r/1094547 $AMZN", "time": 1539004045.0, "sentiment": ""}, {"id": 140411471, "text": "Amazon.com&#39;s buy rating reiterated at Jefferies Financial Group Inc. https://www.marketbeat.com/r/1094553 $AMZN", "time": 1539004042.0, "sentiment": ""}, {"id": 140411212, "text": "$AMZN has an Altman-Z score of 7.44, meaning it is financially healthy with little risk of bankruptcy. https://www.chartmill.com/analyze.php?utm_source=stocktwits&amp;utm_medium=FA&amp;utm_content=HEALTH&amp;utm_campaign=social_tracking#/AMZN?r=fa&amp;key=7e23e545-7a86-47d1-a0b4-6048c3164d97", "time": 1539003299.0, "sentiment": ""}, {"id": 140411205, "text": "$WMT Walmart partners with MGM to boost video-on-demand service Vudu https://www.reuters.com/article/us-walmart-partnership-mgm/walmart-partners-with-mgm-to-boost-video-on-demand-service-vudu-idUSKCN1MI089 $NFLX $AMZN", "time": 1539003283.0, "sentiment": ""}, {"id": 140411086, "text": "This week, a lot of positive things will happen to $HMNY. And it all starts tomorrow! Preparing for the squeeze. R U ready?  $SIRI $AMZN", "time": 1539002848.0, "sentiment": "Bullish"}, {"id": 140411023, "text": "8 Stocks to Buy That Will Never Go Out of Style\n\n$MSFT $GOOGL $PG $JNJ $MRMD $FB $HD $AMZN  \n\nhttps://investorplace.com/2018/10/8-stocks-to-buy-that-will-never-go-out-of-style/", "time": 1539002516.0, "sentiment": ""}, {"id": 140410792, "text": "$AMZN GREEEN", "time": 1539001756.0, "sentiment": "Bullish"}, {"id": 140410741, "text": "$BB $AMZN Amazon and Blackberry are talking about adding extra security to Alexa smart speakers. https://www.crn.com.au/news/hey-alexa-asks-blackberry-want-to-learn-security-513517", "time": 1539001557.0, "sentiment": "Bullish"}, {"id": 140410588, "text": "$AMZN Futures green holding?", "time": 1539001106.0, "sentiment": ""}, {"id": 140410279, "text": "https://techcrunch.com/2018/10/07/homeland-security-denies-bloomberg-spy-chip-report/\n\n$AAPL $AMZN $SPY $QQQ", "time": 1539000019.0, "sentiment": ""}, {"id": 140410077, "text": "$AMZN open lower , run higher .PRE-ER running will be good .", "time": 1538999331.0, "sentiment": "Bullish"}, {"id": 140409906, "text": "$AMZN with 10k at $50 make 2 millions today", "time": 1538998837.0, "sentiment": ""}, {"id": 140409796, "text": "$AMZN WILL BE GREEN FOR SURE", "time": 1538998526.0, "sentiment": "Bullish"}, {"id": 140409665, "text": "$AMZN market futures fluctuating between green and red.  Want to see it green tomo.  Please.", "time": 1538998189.0, "sentiment": "Bullish"}, {"id": 140409574, "text": "$AMZN Bond markets Closed on Monday", "time": 1538998011.0, "sentiment": ""}]