[{"id": 140956418, "text": "$AMZN Larry Kudlow says the Fed is independent and the president is not dictating policy to central bank https://cnb.cx/2EqinvJ", "time": 1539292243.0, "sentiment": ""}, {"id": 140956330, "text": "$SPY $AMZN $QQQ $AAPL $IWM either you are watching or buying LT; ST 280 in the cards", "time": 1539292224.0, "sentiment": ""}, {"id": 140956235, "text": "$AMZN I dont expect a rally today. Tomorrow, (even though it&#39;s Friday) we might have something more concrete.", "time": 1539292206.0, "sentiment": ""}, {"id": 140956195, "text": "$AMZN  10:07a  https://www.marketwatch.com/investing/index/vix\nKudlow says market corrections &#39;come and go&#39; (Keep the faith!)", "time": 1539292198.0, "sentiment": ""}, {"id": 140956179, "text": "$AMZN there\u2019s poor ppl like me that need you to go green please", "time": 1539292193.0, "sentiment": "Bullish"}, {"id": 140956157, "text": "$AMZN This is keeping my portfolio from bouncing. Frustrating.", "time": 1539292186.0, "sentiment": ""}, {"id": 140956150, "text": "$AMZN RSI12 @ 22 on daily..lol..buy and dont be scared", "time": 1539292186.0, "sentiment": "Bullish"}, {"id": 140956045, "text": "$AMZN what the actually PHHUUUUUUCK", "time": 1539292163.0, "sentiment": "Bullish"}, {"id": 140955928, "text": "$AMZN who wants to buy amazon? Its up for sale for $1800", "time": 1539292137.0, "sentiment": "Bullish"}, {"id": 140955915, "text": "$AMZN added here", "time": 1539292133.0, "sentiment": "Bullish"}, {"id": 140955865, "text": "$AMZN dude what the fuck is going on lol", "time": 1539292123.0, "sentiment": ""}, {"id": 140955848, "text": "$AMZN control the market!", "time": 1539292119.0, "sentiment": "Bullish"}, {"id": 140955795, "text": "$AMZN", "time": 1539292105.0, "sentiment": ""}, {"id": 140955790, "text": "$AMZN this is all out war right now between short sellers, put buyers, and the bulls, we cant loose today or its it&#39;s full recession.", "time": 1539292104.0, "sentiment": "Bullish"}, {"id": 140955772, "text": "$AMZN Waiting to buy around $1630s", "time": 1539292101.0, "sentiment": "Bullish"}, {"id": 140955761, "text": "$AMZN go green come on u pos", "time": 1539292097.0, "sentiment": ""}, {"id": 140955745, "text": "@tommyg7 $AMZN?? no way. Maybe just maybe back to 2k.", "time": 1539292093.0, "sentiment": ""}, {"id": 140955637, "text": "$AMZN be carefull", "time": 1539292069.0, "sentiment": "Bearish"}, {"id": 140955597, "text": "$AMZN lol the really late bears are desperate", "time": 1539292059.0, "sentiment": "Bullish"}, {"id": 140955593, "text": "$AMZN Amazon is like a deer in headlights right now lol! Doesn\u2019t know which way to go", "time": 1539292058.0, "sentiment": ""}, {"id": 140955579, "text": "$AMZN Long Day Ahead. Test of Low before EOD.", "time": 1539292057.0, "sentiment": "Bearish"}, {"id": 140955574, "text": "$SPY $AMZN $QQQ $IWM $AAAPL small trades now (reduce your position sizes); 50/50; bullish &lt;2850", "time": 1539292056.0, "sentiment": "Bullish"}, {"id": 140955485, "text": "$AMZN added here.", "time": 1539292038.0, "sentiment": "Bullish"}, {"id": 140955375, "text": "$AMZN would like to get in around 1625 \ud83d\ude01", "time": 1539292015.0, "sentiment": ""}, {"id": 140955272, "text": "$AMZN sold", "time": 1539291992.0, "sentiment": ""}, {"id": 140955233, "text": "$AMZN", "time": 1539291984.0, "sentiment": "Bullish"}, {"id": 140955187, "text": "$AMZN VWAP,", "time": 1539291977.0, "sentiment": ""}, {"id": 140955177, "text": "$AMZN aahhh sweet 1600  next?", "time": 1539291974.0, "sentiment": ""}, {"id": 140955114, "text": "$AMZN nasty bull trap!!\ud83d\ude11", "time": 1539291959.0, "sentiment": "Bearish"}, {"id": 140955105, "text": "FANG Group Mostly Higher in Shaky Market Start $goog $nflx $amzn https://bit.ly/2NAlOiv", "time": 1539291957.0, "sentiment": ""}, {"id": 140955000, "text": "$QQQ $SPY $AMZN $AAPL market will roll over today. Selling is not over. People buying dead cat bounce will be sad", "time": 1539291936.0, "sentiment": "Bearish"}, {"id": 140954952, "text": "$AMZN what did I tell ya ? Here she comes down", "time": 1539291926.0, "sentiment": "Bearish"}, {"id": 140954893, "text": "$AMZN if you bought before lunch it\u2019s ok. Don\u2019t panic. I will be joining you soon. Stay calm.", "time": 1539291913.0, "sentiment": ""}, {"id": 140954838, "text": "$SPY Kudlow on $BABA $AAPL $FB $AMZN", "time": 1539291899.0, "sentiment": "Bullish"}, {"id": 140954825, "text": "$AMZN bull trap\ud83e\udd14\ud83c\uddfa\ud83c\uddf8", "time": 1539291896.0, "sentiment": "Bearish"}, {"id": 140954538, "text": "$AMZN $TSLA $AAPL $FB  do I worry?? No.", "time": 1539291831.0, "sentiment": "Bullish"}, {"id": 140954501, "text": "$AMZN just gonna \u231a now until a deep dip will fladh again.haaapppeee trading folks.\ud83d\udcb0", "time": 1539291822.0, "sentiment": ""}, {"id": 140954394, "text": "$AMZN Keep the faith Good Economy, Yields VIX Down. Powell Fed raises int rates to keep inflation down (Fed is NOT crazy)", "time": 1539291800.0, "sentiment": ""}, {"id": 140954391, "text": "$AMZN out!!", "time": 1539291799.0, "sentiment": "Bearish"}, {"id": 140954376, "text": "$AMZN addwd", "time": 1539291795.0, "sentiment": "Bullish"}, {"id": 140954361, "text": "$AMZN that\u2019s a bunch of volume!!", "time": 1539291791.0, "sentiment": "Bullish"}, {"id": 140954187, "text": "$AMZN BULLISH as F@#$! from here, no way this can keep falling, has the world lost their minds, BTD theshit out of this cash cow.", "time": 1539291757.0, "sentiment": "Bullish"}, {"id": 140954164, "text": "$AMZN just added at 1750", "time": 1539291753.0, "sentiment": "Bullish"}, {"id": 140954148, "text": "$AMZN mini crash is over this will trick up $20/day on average back to $2,000 it will take around 3 weeks max and as little as 1", "time": 1539291749.0, "sentiment": "Bullish"}, {"id": 140954126, "text": "$AMZN $4mill vol only half an hr in", "time": 1539291746.0, "sentiment": "Bullish"}, {"id": 140954071, "text": "Good job $ZUO Premier Partner with $AMZN \nSee where it goes next week !!!", "time": 1539291734.0, "sentiment": "Bullish"}, {"id": 140953948, "text": "$AMZN Bears You\u2019ve been Warned", "time": 1539291713.0, "sentiment": "Bullish"}, {"id": 140953933, "text": "Rather than blame the Fed why not fix the trade war you started. Market would go bananas Mr. Trump. $YY $BABA $AMZN $AAPL", "time": 1539291710.0, "sentiment": ""}, {"id": 140953870, "text": "$AMZN poised to go green momentarily, followed by $SQ", "time": 1539291698.0, "sentiment": ""}, {"id": 140953849, "text": "$AMZN $AAPL $NFLX $NVDA expensive to hold over night  day traders delight", "time": 1539291695.0, "sentiment": ""}, {"id": 140953829, "text": "$AMZN banked $51.55/sh Gain ave X 550", "time": 1539291690.0, "sentiment": ""}, {"id": 140953787, "text": "$AMZN Book Profits if Long", "time": 1539291681.0, "sentiment": "Bearish"}, {"id": 140953778, "text": "$AMZN new long in the dead body of old long.", "time": 1539291679.0, "sentiment": ""}, {"id": 140953735, "text": "@userbob You&#39;re out of your mind. $BABA is a good buy right now but it is NOT better than $AMZN. At least not until the trade war is over.", "time": 1539291671.0, "sentiment": ""}, {"id": 140953695, "text": "$AMZN this will close at 1610$, the crash is coming", "time": 1539291664.0, "sentiment": "Bearish"}, {"id": 140953614, "text": "$AMZN $AMD We will all look back and say, \u201cWhat a ride\u201d.", "time": 1539291649.0, "sentiment": ""}, {"id": 140953431, "text": "$AMZN BABA is way better.", "time": 1539291613.0, "sentiment": ""}, {"id": 140953341, "text": "$NVAX people are BTFD on $GOOGL $AMZN and $AMD today... very good sign", "time": 1539291596.0, "sentiment": ""}, {"id": 140953337, "text": "Big Trade Blocks for $AMZN (Largest Trade: 0.21% of Volume) https://icebergbot.com?s=AMZN", "time": 1539291595.0, "sentiment": ""}, {"id": 140953334, "text": "$AMZN About to go Green", "time": 1539291594.0, "sentiment": "Bullish"}, {"id": 140953294, "text": "$AMZN face ripping  mode.", "time": 1539291587.0, "sentiment": "Bullish"}, {"id": 140953248, "text": "$AMZN omg new ATM soon", "time": 1539291578.0, "sentiment": ""}, {"id": 140953240, "text": "$AMZN $AMD got this one too, but have not sold yet", "time": 1539291576.0, "sentiment": ""}, {"id": 140953232, "text": "@Tuan20202 People always want to see something successful fail only to wish they succeed again. \ud83e\udd37\u200d\u2640\ufe0f $AMZN", "time": 1539291576.0, "sentiment": ""}, {"id": 140953209, "text": "$AMZN has the 1750 under 1690 at 9.80 sold 11.40 now worth 30.40 god damnet", "time": 1539291571.0, "sentiment": ""}, {"id": 140953179, "text": "$AMZN \ud83d\ude80 \ud83d\ude80 \ud83d\ude80 \ud83d\ude80 \ud83d\ude80 Now", "time": 1539291565.0, "sentiment": ""}, {"id": 140953098, "text": "$AMZN wants green if confirms here", "time": 1539291547.0, "sentiment": ""}, {"id": 140953032, "text": "$AMZN burn these algo", "time": 1539291537.0, "sentiment": ""}, {"id": 140953030, "text": "$AMZN The takeoff we have all been waiting for ! Those who left the market are slowly coming back! Greed wins over fear.", "time": 1539291536.0, "sentiment": "Bullish"}, {"id": 140953022, "text": "$AMZN 4 hours RSI was below 24 lower than all tech, IT WAS GOING TO BOUNCE $$$$$", "time": 1539291535.0, "sentiment": ""}, {"id": 140952949, "text": "$AMZN everyone is going green.,,what about amazon?", "time": 1539291524.0, "sentiment": ""}, {"id": 140952808, "text": "$AMZN great super quick breakfast!!!\ud83d\ude07 \ud83d\udcb0", "time": 1539291496.0, "sentiment": ""}, {"id": 140952786, "text": "$AMZN  Normal correction and necessary for the next leg up. Buy and hold long term.", "time": 1539291492.0, "sentiment": "Bullish"}, {"id": 140952763, "text": "$AMZN ER in 2 wks.. Buy this sale", "time": 1539291488.0, "sentiment": "Bullish"}, {"id": 140952723, "text": "$SPY $AMZN $AAPL $IWM $QQQ 55/45 bullish; LT fine to buy but ST choppy; still think 2800 in the cards", "time": 1539291480.0, "sentiment": "Bullish"}, {"id": 140952704, "text": "$AMZN $AAPL possible sell off incoming", "time": 1539291477.0, "sentiment": ""}, {"id": 140952600, "text": "$AMZN To the Stars!!!", "time": 1539291457.0, "sentiment": "Bullish"}, {"id": 140952564, "text": "$AMZN Won&#39;t see 2000 until at least  the year 2050", "time": 1539291450.0, "sentiment": ""}, {"id": 140952548, "text": "$AMZN Going to get ugly downside again.", "time": 1539291447.0, "sentiment": "Bearish"}, {"id": 140952544, "text": "$AAPL $AMZN $FB $QQQ $SPY Ahhhh yesss.... I LOVE the smell of roasted bear in the morning. I bought the dip. Life&#39;s good.", "time": 1539291446.0, "sentiment": "Bullish"}, {"id": 140952534, "text": "$AMZN 30min market open... 3,5million stocks change!", "time": 1539291444.0, "sentiment": "Bullish"}, {"id": 140952434, "text": "$AMZN down 15% in a week. Had to buy.", "time": 1539291425.0, "sentiment": ""}, {"id": 140952419, "text": "$AMZN I was going to buy some puts around 1765 we&#39;ll see what happens.", "time": 1539291422.0, "sentiment": ""}, {"id": 140952359, "text": "Bears attempting to short this market in oversold conditions will get smashed. $SPY $QQQ $AMZN $AAPL $ADBE $SQ $SPLK $BABA #stocks #markets", "time": 1539291410.0, "sentiment": "Bullish"}, {"id": 140952345, "text": "$AMZN I am out for round one, got 50 points on it $$$", "time": 1539291408.0, "sentiment": ""}, {"id": 140952321, "text": "$AMZN", "time": 1539291405.0, "sentiment": "Bullish"}, {"id": 140952307, "text": "$AMZN sold my put lol", "time": 1539291402.0, "sentiment": "Bullish"}, {"id": 140952269, "text": "$AMZN Monster down volume. That\u2019s good for those trying to find a floor", "time": 1539291396.0, "sentiment": ""}, {"id": 140952265, "text": "$FB $BABA $AMZN who BTFD! Don\u2019t listen to Cramer and the big heads.. buy the dip dammit", "time": 1539291396.0, "sentiment": "Bullish"}, {"id": 140952113, "text": "$AMZN \ud83d\ude80\ud83d\ude80", "time": 1539291369.0, "sentiment": "Bullish"}, {"id": 140952105, "text": "$AMZN why people hate amazon so much?", "time": 1539291367.0, "sentiment": ""}, {"id": 140952091, "text": "$AMZN i just wanna see green for one day..", "time": 1539291364.0, "sentiment": ""}, {"id": 140951965, "text": "$AMZN $AAPL last chance to sell before crashing lower ? :0", "time": 1539291343.0, "sentiment": "Bullish"}, {"id": 140951960, "text": "$AMZN sold my puts way to early. Missed out on a couple grand. But knowing my luck, had I held it would\u2019ve went the other way lol", "time": 1539291342.0, "sentiment": ""}, {"id": 140951915, "text": "$AMZN go baby make me rich\ud83d\ude80\ud83d\udcb5\ud83d\udcb6\ud83d\udcb0\ud83c\uddeb\ud83c\uddf7", "time": 1539291334.0, "sentiment": "Bullish"}, {"id": 140951913, "text": "$AMZN recovery incoming", "time": 1539291333.0, "sentiment": ""}, {"id": 140951904, "text": "$AMZN got some under $1700... if we green ima sit till ER", "time": 1539291332.0, "sentiment": "Bullish"}, {"id": 140951897, "text": "$AMZN wow looks like it should be green soon \ud83e\udd14", "time": 1539291331.0, "sentiment": "Bullish"}, {"id": 140951885, "text": "$AMZN buying calls all the way down to 1700, wow thought I messed up. Run baby", "time": 1539291330.0, "sentiment": ""}, {"id": 140951878, "text": "$AMZN \ud83d\ude80 ooohhhh mama mama\ud83d\udcb0\ud83d\udcb0\ud83d\udcb0\ud83d\udcb0\ud83d\udc46\ud83c\udf0b", "time": 1539291329.0, "sentiment": ""}, {"id": 140951858, "text": "$AMZN protect everything with puts", "time": 1539291324.0, "sentiment": ""}, {"id": 140951855, "text": "$AMZN Where all the Bears at???", "time": 1539291323.0, "sentiment": "Bullish"}, {"id": 140951854, "text": "$AMZN green soon", "time": 1539291323.0, "sentiment": "Bullish"}, {"id": 140951780, "text": "$AMZN dead cat bounce, right on schedule", "time": 1539291313.0, "sentiment": "Bearish"}, {"id": 140951751, "text": "$AMZN first time I&#39;ve smiled in 10 days....", "time": 1539291307.0, "sentiment": ""}, {"id": 140951642, "text": "$AMZN green soon?", "time": 1539291283.0, "sentiment": ""}, {"id": 140951622, "text": "$AMZN big reversal. Nice", "time": 1539291280.0, "sentiment": ""}, {"id": 140951591, "text": "$AMZN sweet 1700&#39;s just about to turn green", "time": 1539291274.0, "sentiment": ""}, {"id": 140951580, "text": "$NFLX $GOOG $AAPL $FB $AMZN  I turned bullish. Big guys stopped messing around.", "time": 1539291272.0, "sentiment": ""}, {"id": 140951536, "text": "$SID new short\n\n$AMD $RACE $SQ $IWM $SPY $AMZN $FB $$TWTR $F \nWait... Ford is trash", "time": 1539291263.0, "sentiment": "Bearish"}, {"id": 140951482, "text": "$SPY I wouldn&#39;t buy $QQQ $AMZN $AAPL until $TLT close over 116 unless confident it can do so", "time": 1539291253.0, "sentiment": ""}, {"id": 140951463, "text": "$AMZN I\u2019ll keep amazon forever. But right now I want to either cry or angry mast**bate", "time": 1539291249.0, "sentiment": ""}, {"id": 140951400, "text": "$AMZN AAPL BABA ADBE FB TSLA DAL green. Will AMZN will hit green before the end of the day?", "time": 1539291239.0, "sentiment": ""}, {"id": 140951353, "text": "$AMZN I warned you Bears", "time": 1539291230.0, "sentiment": "Bullish"}, {"id": 140951335, "text": "$AMZN bull trap", "time": 1539291227.0, "sentiment": "Bearish"}, {"id": 140951159, "text": "$AMZN \n\nBought more, all-in at $1701. No fucking way this bullshit drop keeps up.", "time": 1539291204.0, "sentiment": "Bullish"}, {"id": 140951118, "text": "$AMZN should I put my 401k in Amazon? Asking for a friend", "time": 1539291196.0, "sentiment": "Bullish"}, {"id": 140951094, "text": "Stitch Fix Churn, Prime Wardrobe Threat Keep Piper Analysts On The Sidelines https://benzinga.com/z/12492012 $AMZN $JWN $SFIX", "time": 1539291190.0, "sentiment": ""}, {"id": 140951052, "text": "$AMZN this bitch is so oversold, you aint seen nothing yet.", "time": 1539291183.0, "sentiment": ""}, {"id": 140951001, "text": "$NIO All markets are red. Here, you&#39;ll find safe harbor. $BAC $VOO $BILI $IQ $EROS $BIDU $CRON $DIS $AMZN $TLRY $MJ $IGC $MNGA $OGEN", "time": 1539291175.0, "sentiment": "Bullish"}, {"id": 140950993, "text": "$AMZN 50-point pop from the low.  Guess serious cash made today...Congrats", "time": 1539291173.0, "sentiment": "Bullish"}, {"id": 140950955, "text": "$AMZN all the bears running for their life hahahahahahah", "time": 1539291166.0, "sentiment": "Bullish"}, {"id": 140950933, "text": "$AMZN Apple netflix google all green..amazon will turn greeen in an hr or so :)", "time": 1539291162.0, "sentiment": "Bullish"}, {"id": 140950925, "text": "$NFLX closed put, bought an $amzn call.  CPI number is good.", "time": 1539291161.0, "sentiment": "Bullish"}, {"id": 140950851, "text": "$NIO rebounded 6.95 to 7.28 in the last 15 minutes.  $BAC $VOO $BILI $IQ $EROS $BIDU $CRON $DIS $AMZN $TLRY $MJ $IGC $MNGA $OGEN", "time": 1539291149.0, "sentiment": "Bullish"}, {"id": 140950836, "text": "$QQQ $SPY $AAPL $AMZN dead cat bounce", "time": 1539291147.0, "sentiment": "Bearish"}, {"id": 140950718, "text": "$AMZN Highs", "time": 1539291124.0, "sentiment": ""}, {"id": 140950499, "text": "$SPY Dow Jones Reporting Trump will meet w/ Xi in Nov.  Bears may have to run $BABA $AMZN $AAPL $GOOG $FB $QQQ $JD $BIDU", "time": 1539291087.0, "sentiment": "Bullish"}, {"id": 140950479, "text": "$AMZN I\u2019m in", "time": 1539291084.0, "sentiment": ""}, {"id": 140950455, "text": "$AMZN Panic selling for those that bought over $2K as this decline seems a little crazy.", "time": 1539291078.0, "sentiment": "Bullish"}, {"id": 140950338, "text": "$AMZN I don\u2019t see volumes behind the bounces. No confidence yet.", "time": 1539291060.0, "sentiment": ""}, {"id": 140950320, "text": "$AMZN I&#39;m selling puts if anyone is interested....", "time": 1539291056.0, "sentiment": "Bullish"}, {"id": 140950258, "text": "$AMZN all other tech is green now, amzn is still far away.", "time": 1539291045.0, "sentiment": ""}, {"id": 140950255, "text": "$AMZN I bought lotto calls.", "time": 1539291044.0, "sentiment": "Bullish"}, {"id": 140950208, "text": "$AMZN I wish Cramer would shut up....he confuses the newbies with two side blabber", "time": 1539291035.0, "sentiment": "Bullish"}, {"id": 140950145, "text": "$AMZN Going green, should pop 80+ today", "time": 1539291027.0, "sentiment": "Bullish"}, {"id": 140950117, "text": "$AMZN $SQ $GOOG $DIS $MSFT $BABA $JD $TCEHY $TENCENT", "time": 1539291021.0, "sentiment": ""}, {"id": 140950077, "text": "$AMZN $AAPL $SPY shorts covering tutes loading !!! Bottom is in", "time": 1539291015.0, "sentiment": "Bullish"}, {"id": 140950052, "text": "$AMZN omg why are we still red?", "time": 1539291010.0, "sentiment": ""}, {"id": 140950033, "text": "@itsallaboutheoptions Are you a buyer of $AMZN .. if so what entry are you thinking. Thanks", "time": 1539291006.0, "sentiment": ""}, {"id": 140950001, "text": "$AMZN Nasdaq just popped green", "time": 1539291002.0, "sentiment": ""}, {"id": 140949973, "text": "$AMZN don\u2019t look...ho to the gym... come back after ER", "time": 1539290997.0, "sentiment": ""}, {"id": 140949888, "text": "$AMZN Lets Goooo!!!!", "time": 1539290979.0, "sentiment": "Bullish"}, {"id": 140949815, "text": "$AMZN", "time": 1539290967.0, "sentiment": ""}, {"id": 140949742, "text": "$AMZN bought some", "time": 1539290954.0, "sentiment": "Bullish"}, {"id": 140949741, "text": "$AMZN easy money", "time": 1539290954.0, "sentiment": ""}, {"id": 140949721, "text": "$AMZN and here comes the rip\nUr face off rally", "time": 1539290950.0, "sentiment": ""}, {"id": 140949626, "text": "$AMZN  me too. Been here since 25.", "time": 1539290935.0, "sentiment": ""}, {"id": 140949587, "text": "$AMZN Could realistically hit 1500&#39;s", "time": 1539290927.0, "sentiment": ""}, {"id": 140949547, "text": "$AMZN This is weaker than the mkt wTF?", "time": 1539290920.0, "sentiment": "Bullish"}]