[{"id": 141779429, "text": "$SQ $AMZN $AAPL $TSLA $SPY $QQQ https://www.marketwatch.com/story/2-former-deutsche-bank-traders-found-guilty-in-libor-rigging-scandal-2018-10-17 and then you wonder why you have a constant feeling that mrkt is rigged... it is:)", "time": 1539859196.0, "sentiment": ""}, {"id": 141779189, "text": "$AMZN The Verge, don&#39;t believe everything you read.", "time": 1539858904.0, "sentiment": ""}, {"id": 141779168, "text": "$AMZN I hope tomorrow doesn\u2019t suck...", "time": 1539858879.0, "sentiment": "Bullish"}, {"id": 141778555, "text": "$AMZN $MSFT buncha greedy sellouts. These tech companies dont have any morals..all about the $$$. Sad. http://flip.it/LySJIb", "time": 1539858193.0, "sentiment": "Bearish"}, {"id": 141778237, "text": "$AMZN Nasdaq startng to climb north in Thur Asia", "time": 1539857827.0, "sentiment": ""}, {"id": 141778220, "text": "@Stock_Bites @trader345 @Bigfoot11 add one zero might beat $AMZN .", "time": 1539857808.0, "sentiment": "Bullish"}, {"id": 141777466, "text": "$AMZN Gee tomorw looks great ! Lol", "time": 1539857002.0, "sentiment": ""}, {"id": 141777376, "text": "Short $NFLX long $AMZN", "time": 1539856915.0, "sentiment": ""}, {"id": 141777112, "text": "$AMZN check out our free watchlist. We are predicting rising stocks and building a community to discuss ideas\n\nhttps://join.slack.com/t/knowledgeforsuccess/shared_invite/enQtNDYwMTY3OTU1ODk0LWJlZmQwNTgwOGI3ODY1NDkzZGMwZjY1ZGI4N2QyN2JhMDcwZjkzZDE4ZDZjOWQwNzk1Yzk4MTBhZjhkMTVlNTU", "time": 1539856637.0, "sentiment": ""}, {"id": 141776850, "text": "$AMZN US Treasury declines to call China a FX manipulator (Depreciating Yuan currency to foster exports)   FYI", "time": 1539856365.0, "sentiment": ""}, {"id": 141776798, "text": "$AMZN The sooner Xi and Trump meet, the better South China News 10-17-18 https://sc.mp/2yi4TfO via @SCMPNews", "time": 1539856321.0, "sentiment": ""}, {"id": 141776767, "text": "$AMZN looks like the bulls are screwed again tomorrow. Another major down day :(", "time": 1539856292.0, "sentiment": ""}, {"id": 141776429, "text": "$AAPL $GOOG $GOOGL $AMZN $NFLX $FB very smart!", "time": 1539855948.0, "sentiment": ""}, {"id": 141776274, "text": "$AAPL $GOOG $GOOGL $AMZN $NFLX $FB lowered my position here after rally of last couple of days. Sometimes you just have to take profits.", "time": 1539855811.0, "sentiment": ""}, {"id": 141774779, "text": "$FB bulls sleep well tonight, you might not have good sleep tomorrow night.  $AMZN $NFLX", "time": 1539854424.0, "sentiment": "Bearish"}, {"id": 141774458, "text": "Thursday\u2019s Watch 1 $AMZN $AAPL $AMD $GOOGL $FB $NFLX $BABA $BA $CRM $CZR $I $INTC $ISRG $JNJ $MA $MSFT $MU $MYL $AMRN $AXP $HSGX $AA $BX $CP", "time": 1539854162.0, "sentiment": ""}, {"id": 141774119, "text": "$AMZN My .02 Will be red going into Thur and people will buy the dip by 11:00 AM ET Green By 11:30 AM ET", "time": 1539853843.0, "sentiment": ""}, {"id": 141774036, "text": "$AMZN Asian stocks slip as Fed indicates more hikes CNBC   https://cnb.cx/2RZBJKu", "time": 1539853781.0, "sentiment": ""}, {"id": 141774035, "text": "$YECO $SHLD $SLS $AA $GTLS $spy $GLD $AMZN $BABA", "time": 1539853781.0, "sentiment": ""}, {"id": 141773884, "text": "$AMZN Nasdaq/SPY futures going red over Wed Fed hawkish Minutes comments", "time": 1539853639.0, "sentiment": ""}, {"id": 141773689, "text": "The Winds Of Stock Market Change May Be Brewing For 2019 +More https://mottcapitalmanagement.com/the-winds-of-stock-market-change-may-be-brewing-for-2019/ $spy $qqq $dia $amzn $mu $nflx $tsla $bkx $ndx $rut", "time": 1539853505.0, "sentiment": ""}, {"id": 141773462, "text": "Most Active Options\n$NFLX $FB $GE $M $BABA $AMD $TSLA $AMZN $AFSI $MU $IBM $MSFT $SNAP $SQ $PBR $NVDA $MS $CZR $JPM $T $JD $PYPL $VALE $TLRY", "time": 1539853298.0, "sentiment": ""}, {"id": 141773253, "text": "@ahamilton786 @BriceOnStocks @AlphaTrader8 Oct.  usually a bad month . Nov. is a good mos. Hope good ERs from leaders $AAPL $AMZN $NVDA ...", "time": 1539853082.0, "sentiment": ""}, {"id": 141772892, "text": "$AMZN $2100 by Tuesday", "time": 1539852792.0, "sentiment": "Bullish"}, {"id": 141771785, "text": "$AMZN This looks like a relief rally.", "time": 1539851894.0, "sentiment": ""}, {"id": 141771772, "text": "Market Review\nhttps://youtu.be/jWiz8S4Jy-Y\n$AVGO $AMZN $ATVI $BA $NVDA $BIDU $BABA $GILD $AMGN $FIVE $F", "time": 1539851881.0, "sentiment": ""}, {"id": 141771229, "text": "$AMZN Despite Trump criticism, Fed sees need for more rate hikes http://www.streetinsider.com/Fed/Despite+Trump+criticism%2C+Fed+sees+need+for+more+rate+hikes/14715353.html via @Street_Insider", "time": 1539851451.0, "sentiment": ""}, {"id": 141771144, "text": "Trump and Jerome Powell when it comes to who to blame for the stock market tumble $SPX $DJIA $QQQ $COMPQ $FB $TSLA $AMZN $AAPL", "time": 1539851382.0, "sentiment": ""}, {"id": 141770914, "text": "Cramer: How to play FAANG after $NFLX earnings beat @jimcramer @madmoneyoncnbc @cnbc $FB $AAPL $AMZN $GOOGL $GOOG https://cnb.cx/2CoBx2e", "time": 1539851201.0, "sentiment": ""}, {"id": 141770875, "text": "$AMZN  Fed indicates it&#39;s staying the course on rate hikes despite growing criticism Bullish", "time": 1539851164.0, "sentiment": ""}, {"id": 141770264, "text": "$AMZN Bear hunting season just started hold ur position and u will b rewarded", "time": 1539850691.0, "sentiment": "Bullish"}, {"id": 141769530, "text": "$AMZN almost forgot..tom $PYPL ER ah...if beat market will definitely move few more points above..$AAPL $NFLX", "time": 1539850122.0, "sentiment": "Bullish"}, {"id": 141768411, "text": "@Wamyarty ... re: &quot;$FB $AMZN $NFLX ... Tomorrow going to be a red day.&quot;  Guaranteed? Will you admit being wrong, if wrong? Post becomes LIE.", "time": 1539849171.0, "sentiment": ""}, {"id": 141768355, "text": "$AMZN Oh Well Thur is another trade. People will buy the dip", "time": 1539849126.0, "sentiment": ""}, {"id": 141768325, "text": "$AMZN Amzn down -6 points regarding Hawkish Fed Minutes", "time": 1539849098.0, "sentiment": ""}, {"id": 141768300, "text": "$AMZN (Amzn down 6 points in AH) Wall St. falls as investors eye a united hawkish Fed  Reuters Wed After Bell https://reut.rs/2CQoVSq", "time": 1539849073.0, "sentiment": ""}, {"id": 141768195, "text": "$SWIR &quot;The IoT tsunami is coming&quot; https://www.csoonline.com/article/3314558/internet-of-things/the-iot-tsunami-is-coming.html $NVDA $QCOM $INTC $GOOG $AMZN $MSFT $T $S $VZ $IBM $ORCL $CSCO", "time": 1539849003.0, "sentiment": "Bullish"}, {"id": 141768113, "text": "$AMZN Wonder why Amzn down in AH?? Only Jobless Claims on Thur", "time": 1539848938.0, "sentiment": ""}, {"id": 141768061, "text": "$AMZN  Special counsel Robert Mueller\u2019s investigation may be winding down  MW https://on.mktw.net/2J2EoPL", "time": 1539848896.0, "sentiment": ""}, {"id": 141768010, "text": "Take very short time. Cut _ dried case, Amazon sent emails tobsellers &amp; buyers to woo to $AMZN site. \nNot sure what punitive can be- alot", "time": 1539848848.0, "sentiment": ""}, {"id": 141768006, "text": "$FB $AMZN $NFLX congratulations to everyone who have lowered down their positions.  Tomorrow is going to be red day.", "time": 1539848847.0, "sentiment": "Bearish"}, {"id": 141767915, "text": "$AMZN Jeff Bezos has been quiet on the disappearance of Washington Post journalist Jamal Khashoggi https://cnb.cx/2Etjg6q", "time": 1539848771.0, "sentiment": ""}, {"id": 141767867, "text": "$AMZN Cramer Remix: I&#39;m calling out the Fed as lazy and irresponsible https://cnb.cx/2RXF90n", "time": 1539848729.0, "sentiment": ""}, {"id": 141767692, "text": "$AMZN Ahhh options burn today!", "time": 1539848605.0, "sentiment": ""}, {"id": 141767485, "text": "The Winds Of Stock Market Change May Be Brewing For 2019 https://wp.me/p6NqCb-501 $spy $qqq $dia $amzn $tsla $mu $nflx $dxy $bkx $xlf $tlt", "time": 1539848442.0, "sentiment": ""}, {"id": 141767362, "text": "$AMZN If this can hit $2100 by end of the year I will donate a portion of my profits to hungry people in Africa", "time": 1539848345.0, "sentiment": "Bullish"}, {"id": 141767141, "text": "$AMZN hammer gap up more upside", "time": 1539848147.0, "sentiment": "Bullish"}, {"id": 141766821, "text": "$AMZN Even if Amzn illegally lured sellers, sellers had choice of not going. It&#39;s not Amzn&#39;s fault sellers decided to ditch ebay. $100 fine", "time": 1539847899.0, "sentiment": ""}, {"id": 141766395, "text": "$AMZN all complete trash", "time": 1539847532.0, "sentiment": ""}, {"id": 141766272, "text": "$AMZN next week ...2000PT", "time": 1539847443.0, "sentiment": ""}, {"id": 141766207, "text": "Price Returns vs Expected Daily Move $CZR $NFLX $SBUX $CMCSA $AAL $DIS $WMT $AMZN $DISCA $BABA $HD $M http://tinyurl.com/y7zbwhgq", "time": 1539847393.0, "sentiment": ""}, {"id": 141766191, "text": "$AMZN so much hate... wtf..", "time": 1539847381.0, "sentiment": ""}, {"id": 141766142, "text": "$AMZN $AAPL $GOOGL $SPY  going to teach the bears a lesson tomorrow", "time": 1539847338.0, "sentiment": ""}, {"id": 141765958, "text": "$AMZN EBAY is just desperate to stay alive. Will be a nonissue. It\u2019s not even new news. \nAdding to next weeks calls on any softness.", "time": 1539847179.0, "sentiment": ""}, {"id": 141765461, "text": "$AMZN peeps, keep that powder ready. she may come down enough to load up the truck (yet again) tmrw.", "time": 1539846863.0, "sentiment": "Bullish"}, {"id": 141765445, "text": "$MNGA rocket fuel has a burning temp of 5,800F. $MNGA burns at 10,500F. Get while it&#39;s cheap $YECO  $TLRY $CRON $XOM $NBEV $AMZN", "time": 1539846849.0, "sentiment": "Bullish"}, {"id": 141765409, "text": "$AMZN we should be getting behind this company even more now \nNot sell and bail out like a little bitch", "time": 1539846822.0, "sentiment": "Bullish"}, {"id": 141765167, "text": "$amzn $adbe $sq", "time": 1539846647.0, "sentiment": ""}, {"id": 141764882, "text": "$AMZN so NAS futures are down 30pts and AMZN was down AH. Interested to see what\u2019s in store for tomorrow", "time": 1539846463.0, "sentiment": ""}, {"id": 141764116, "text": "$NFLX All eyes on $AMZN $GOOGL next week..need to push d rally started by netflix..nasdaq bck to ath in 2 wks", "time": 1539845917.0, "sentiment": "Bullish"}, {"id": 141764099, "text": "$AMZN crap, predictions tomorrow with this stupid ebay lawsuit news?", "time": 1539845901.0, "sentiment": ""}, {"id": 141763516, "text": "many watching $AMZN,look at ichimokuu cloud yourself,When was last time under cloud support?where is old flat cloud bottom equilibrium? $SPY", "time": 1539845501.0, "sentiment": ""}, {"id": 141763272, "text": "$AMZN where can I find any data on growth in the UK/Germany/Europe?", "time": 1539845349.0, "sentiment": ""}, {"id": 141763025, "text": "$AMZN 1750 on deck! Crime doesn\u2019t pay!", "time": 1539845191.0, "sentiment": "Bearish"}, {"id": 141762843, "text": "$AMZN not sure if anyone noticed this but after demonitisation of 500Rs notes in India..something else caught up huge..they r everywhere", "time": 1539845073.0, "sentiment": "Bullish"}, {"id": 141762709, "text": "$AMZN Amzn sells these? No way. I remember these on kickstarter a while back. \n\nhttps://www.amazon.com/dp/B01N0H04X8/ref=sspa_dk_detail_1?psc=1&amp;pd_rd_i=B01N0H04X8&amp;pf_rd_m=ATVPDKIKX0DER&amp;pf_rd_p=f52e26da-1287-4616-824b-efc564ff75a4&amp;pf_rd_r=HTYTD8KP7RDT0NQRX0Z7&amp;pd_rd_wg=mYif3&amp;pf_rd_s=desktop-dp-sims&amp;pf_rd_t=40701&amp;pd_rd_w=CAuCW&amp;pf_rd_i=desktop-dp-sims&amp;pd_rd_r=2104a623-d266-11e8-a71d-a5ee98934b6a", "time": 1539844995.0, "sentiment": ""}, {"id": 141762580, "text": "$RAD just sell your RX records to $AMZN. Then sublet the stores back to $WBA  and $CVS  so they can keep battling at the intersections.", "time": 1539844914.0, "sentiment": ""}, {"id": 141762247, "text": "$AMZN I\u2019d like to see a backtest of $1800.", "time": 1539844689.0, "sentiment": ""}, {"id": 141762202, "text": "Dow drops 91 points. $AMZN $NFLX lead the Bulls. $GOOGL strong. Live https://www.periscope.tv/Naviavatar", "time": 1539844662.0, "sentiment": ""}, {"id": 141762069, "text": "$AMZN analysts on Estimize expect 67.89% YoY growth in CSOI for Q3, up from 6.73% in previous year [Reporting 10/25 AMC]\nhttp://www.estimize.com/intro/amzn?chart=change-over-time&amp;metric_name=csoi&amp;utm_content=AMZN&amp;utm_medium=metric_growth&amp;utm_source=stocktwits", "time": 1539844568.0, "sentiment": ""}, {"id": 141762068, "text": "$AMZN analysts on Estimize expect 44.41% YoY growth in AWS Revenue for Q3, up from 41.88% in previous year [Reporting 10/25 AMC]\nhttp://www.estimize.com/intro/amzn?chart=change-over-time&amp;metric_name=aws_revenue&amp;utm_content=AMZN&amp;utm_medium=metric_growth&amp;utm_source=stocktwits", "time": 1539844568.0, "sentiment": ""}, {"id": 141761811, "text": "Estimize EPS expectations are 14.42% higher than that of Wall Street for $AMZN Q3 [Reporting 10/25 AMC]\nhttp://www.estimize.com/intro/amzn?chart=change-over-time&amp;metric_name=eps&amp;utm_content=AMZN&amp;utm_medium=eps_difference&amp;utm_source=stocktwits", "time": 1539844394.0, "sentiment": ""}, {"id": 141761786, "text": "$AMZN Chumps selling after hours on the E Bay noise. Funny how nobody sues poor people.", "time": 1539844381.0, "sentiment": ""}, {"id": 141761768, "text": "@WilliamBligh options OI has over 12,000 calls for $1900 strike for this Friday. Options move the market. $AMZN", "time": 1539844367.0, "sentiment": "Bullish"}, {"id": 141761725, "text": "@MoneyMaker5k problem is $FB and $GOOGL haven&#39;t been hot in months.  $AAPL $AMZN $MSFT are keeping $QQQ afloat. Pray they don&#39;t screw up.", "time": 1539844343.0, "sentiment": ""}, {"id": 141761356, "text": "@Jemi NICE \ud83d\udc4d\ud83c\udffc \ud83d\udc4f\ud83c\udffb\ud83d\udc4f\ud83c\udffb\ud83d\udc4f\ud83c\udffb\ud83d\ude4c\ud83c\udffc\ud83d\ude4c\ud83c\udffc\ud83d\ude4c\ud83c\udffc $AMZN", "time": 1539844101.0, "sentiment": "Bullish"}, {"id": 141761152, "text": "@jondotcom while this is bad for $AMZN, I don\u2019t see how it is good $JCP or consumers.  You do know that tariffs and this move will increase", "time": 1539843967.0, "sentiment": ""}, {"id": 141760916, "text": "$AMZN \ud83d\udc47\ud83c\udffb1800 on deck!", "time": 1539843804.0, "sentiment": "Bearish"}, {"id": 141760106, "text": "@MMASTOCKS $AMZN Baird", "time": 1539843219.0, "sentiment": "Bullish"}, {"id": 141760102, "text": "Jim Cramer: How These Five Tech Powerhouses Keep Coming Back - RealMoney $FB $AMZN $AAPL $NFLX https://realmoney.thestreet.com/articles/10/17/2018/jim-cramer-how-these-five-tech-powerhouses-keep-coming-back", "time": 1539843217.0, "sentiment": ""}, {"id": 141760034, "text": "$AMZN", "time": 1539843176.0, "sentiment": "Bullish"}, {"id": 141758961, "text": "$AMZN what&#39;s this I hear about more negative sentiment due to bonds? Did I miss something in the news?", "time": 1539842555.0, "sentiment": ""}, {"id": 141758406, "text": "$AMZN  I like to se daily increases of $15-$30  Call en sneaker-creaper stocks\ud83d\udcb5", "time": 1539842193.0, "sentiment": "Bullish"}, {"id": 141757823, "text": "$AMZN Cramer makes me nervous every time he mentions FANG.", "time": 1539841841.0, "sentiment": ""}, {"id": 141756925, "text": "$NFLX zero reason to drop = bad look for $SPY and the sexy tickers $AAPL $GOOGL $AMZN $FB $TSLA", "time": 1539841298.0, "sentiment": ""}, {"id": 141756072, "text": "Pretty sure I know.\nGrave mistake to take sellers &amp; buyers from another&#39;s website.\n$EBAY not spend millions cost to sue $AMZN . sued $TIF", "time": 1539840743.0, "sentiment": ""}, {"id": 141755474, "text": "$AMZN  $NFLX $ADBE $INTU $GOOGL     \nThese stocks got turbocharged when companies adopted a subscription model      https://www.marketwatch.com/story/these-stocks-got-turbocharged-when-companies-adopted-a-subscription-model-2018-10-17?siteid=yhoof2&amp;yptr=yahoo", "time": 1539840398.0, "sentiment": ""}, {"id": 141755017, "text": "$AMZN this baby is getting primed to run into ER and fly after, ath high coming, shorts have vanished, they know what&#39;s coming", "time": 1539840141.0, "sentiment": "Bullish"}, {"id": 141754176, "text": "$AMZN zero $F\u2019s given F $EBAY squirming like a \ud83d\udc16 #BEZOS WILL SQUASH $EBAY", "time": 1539839678.0, "sentiment": "Bullish"}, {"id": 141753687, "text": "$AMZN Ebay or not, Amzn will likely have a blow out quarter, probably adding 80 pts after market closes on Oct 25.", "time": 1539839440.0, "sentiment": ""}, {"id": 141753335, "text": "$AMZN $EBAY \ud83d\ude02\ud83d\ude02\n\nEBay is a \ud83e\udd95 \nMerchants want to sell on AMZN", "time": 1539839273.0, "sentiment": ""}, {"id": 141753193, "text": "$AMZN  agree to disagree then, it wasn&#39;t good news.", "time": 1539839209.0, "sentiment": ""}, {"id": 141753159, "text": "$MYSZ look at $YECO keep going. Thats $MYSZ (x2minimun) when partnerships announcement with any of these $SHOP $FTCH $AMZN $PVH $ADDYY $NKE", "time": 1539839190.0, "sentiment": "Bullish"}, {"id": 141752937, "text": "$AMZN anyone c any ah price drop after the news..lol..nothing..but bears should play this news every 5 mins mayb some retailers will sell", "time": 1539839083.0, "sentiment": "Bullish"}, {"id": 141752659, "text": "$AMZN pretty good chance lose billions. Email fraud/deception committed against $EBAY . Direct proof too. 1600", "time": 1539838943.0, "sentiment": "Bearish"}, {"id": 141752462, "text": "$EBAY sues $AMZN $SPY $TVIX  . yep, 1600", "time": 1539838855.0, "sentiment": ""}, {"id": 141752241, "text": "love my monopolies $FB $NFLX $AMZN $GOOG $AAPL $BABA $DIS $V $PYPL $TMUS PUMP PUMP PUMP PROFIT PROFIT PROFIT", "time": 1539838755.0, "sentiment": "Bullish"}, {"id": 141751976, "text": "$AMZN estimates distribution - here\u2019s what 20 Estimize analysts are expecting $AMZN to report for Q3 CSOI on 10/25 AMC.\nhttp://www.estimize.com/intro/amzn?chart=scatterplotOrHistogram&amp;metric_name=csoi&amp;utm_content=AMZN&amp;utm_medium=metric_distribution&amp;utm_source=stocktwits", "time": 1539838628.0, "sentiment": ""}, {"id": 141751975, "text": "$AMZN estimates distribution - here\u2019s what 28 Estimize analysts are expecting $AMZN to report for Q3 AWS Revenue on 10/25 AMC.\nhttp://www.estimize.com/intro/amzn?chart=scatterplotOrHistogram&amp;metric_name=aws_revenue&amp;utm_content=AMZN&amp;utm_medium=metric_distribution&amp;utm_source=stocktwits", "time": 1539838628.0, "sentiment": ""}, {"id": 141751628, "text": "$AMZN estimates distribution - here\u2019s what 247 Estimize analysts are expecting $AMZN to report for Q3 [Reporting 10/25 AMC]\nhttp://www.estimize.com/intro/amzn?chart=scatter-plot&amp;metric_name=eps&amp;utm_content=AMZN&amp;utm_medium=distribution&amp;utm_source=stocktwits", "time": 1539838457.0, "sentiment": ""}, {"id": 141751369, "text": "$AMZN When you really think about it..... instead of buying a lotto ticket.... you just buy some OTM puts or calls....better chances now lol", "time": 1539838331.0, "sentiment": ""}, {"id": 141750583, "text": "$EBAY has just filed a lawsuit against $AMZN !", "time": 1539837966.0, "sentiment": ""}, {"id": 141750170, "text": "$AMZN $SPY $AAPL   10yr treasury gonna going to rip hearts out tomorrow", "time": 1539837801.0, "sentiment": "Bearish"}, {"id": 141749703, "text": "$AMZN Large Trades (Largest Trade: 0.14% of Volume)  https://icebergbot.com?s=AMZN", "time": 1539837590.0, "sentiment": ""}, {"id": 141749542, "text": "$NFLX one thing we know about founders who built great monopoly like $AMZN $NFLX they are extremely long termed, REED HASTING is genius", "time": 1539837520.0, "sentiment": "Bullish"}, {"id": 141749515, "text": "$NVIDIA 200 post-ER , l miss EPS , mayb REV.  \n$AMZN 1600. Miss EPS (ugly) &amp; REV in-line, again mayb.\n$AAPL misses, both. $SPY $TVIX \nIMO.", "time": 1539837509.0, "sentiment": "Bearish"}, {"id": 141749245, "text": "$AMZN Earning coming right up. At least hold until then.", "time": 1539837383.0, "sentiment": ""}, {"id": 141748511, "text": "@kdawg2127 @MJP86_Peace More like gambling when it comes to $WATT (ENERGOUS)...... Investing would be with a company like $AAPL  or $AMZN", "time": 1539837069.0, "sentiment": ""}, {"id": 141748386, "text": "$NFLX is a monopoly. shorties should be real scared. $AMZN $AAPL $GOOG $DIS just realize now but NFLX been dominating for 21 yrs, get lost", "time": 1539837024.0, "sentiment": "Bullish"}, {"id": 141748255, "text": "Have a great evening all. Some all over the place moves again. Cheers! $SPY $QQQ $IWM #FANG $FB $AAPL $AMZN $NFLX Netflix $GOOG $GOOGL $SPX", "time": 1539836964.0, "sentiment": ""}, {"id": 141748135, "text": "$AMZN only a matter of time to 2k", "time": 1539836902.0, "sentiment": "Bullish"}, {"id": 141747660, "text": "$AMZN Part II", "time": 1539836679.0, "sentiment": ""}, {"id": 141747595, "text": "$AMZN PT $2,525", "time": 1539836655.0, "sentiment": ""}, {"id": 141747421, "text": "$AMZN $3,000 after 4th quarter report", "time": 1539836582.0, "sentiment": "Bullish"}, {"id": 141746996, "text": "$AMZN $DAL $FB $PTPL $ILMN  https://www.cnbc.com/2018/10/17/amazon-illumina-among-analysts-favorite-stocks-to-buy-on-this-dip.html", "time": 1539836385.0, "sentiment": ""}, {"id": 141746801, "text": "$CVS I enjoy the fact that everyone in on trying to fk with $cvs and $wba are doing sht lately. $BRK.B $AMZN $JPM", "time": 1539836297.0, "sentiment": ""}, {"id": 141746563, "text": "$AMZN $1900 by Friday", "time": 1539836203.0, "sentiment": "Bullish"}, {"id": 141745364, "text": "$AMZN So we are a Tech stock ? Only cause we in same field", "time": 1539835703.0, "sentiment": "Bullish"}, {"id": 141744436, "text": "I invest in products I use. $AMZN prime member! $WEED.CA $CGC Weed user! $TSLA Model S owner. $AAPL Complete Apple ecosystem", "time": 1539835317.0, "sentiment": "Bullish"}, {"id": 141743675, "text": "$AMZN You will get that tomorrow !!", "time": 1539835007.0, "sentiment": ""}, {"id": 141743649, "text": "@OpenOutcrier $mdxg $IBM $ORCL $$TWTR $XLK $AAPL $GOOG $AMZN $FB $NFLX $SPY $DIA $QQQ $USO $IWN $NUGT $MDT $TSLA $TLRY $GE $IEF $GLD $XLV .", "time": 1539834993.0, "sentiment": ""}, {"id": 141743572, "text": "$AMZN The stock chart is looking better and better from last week\u2019s episode. It\u2019s now going to make higher highs and break out to ATH .", "time": 1539834963.0, "sentiment": ""}, {"id": 141742809, "text": "$AMZN Need a +$20 move in the next two days to be profitable.", "time": 1539834642.0, "sentiment": "Bullish"}, {"id": 141741938, "text": "$AMZN Morgan Stanley is bullish on Amazon and thinks earnings will top Wall Street estimates\nhttps://www.cnbc.com/2018/10/17/morgan-stanley-is-bullish-on-amazon-and-thinks-earnings-will-top-wall-street-estimates.html", "time": 1539834312.0, "sentiment": ""}, {"id": 141741061, "text": "$AMZN $QQQ $AAPL Took large % of profits on all 3 of these at end of session. I\u2019d like to see a nice dip again to reload.", "time": 1539833975.0, "sentiment": ""}, {"id": 141740863, "text": "$AMZN If you&#39;e ever used ebay you&#39;ve been ripped off at least once, AMZN puts customer first.  This is public knowledge not poaching", "time": 1539833895.0, "sentiment": "Bullish"}, {"id": 141740621, "text": "$AMZN what a joke, could be 1000 consumers asking sellers move to AMZN and ditch fraud bay&#39;s non existent customer service", "time": 1539833797.0, "sentiment": "Bullish"}, {"id": 141740547, "text": "$AMZN Lmao whats ebay?", "time": 1539833774.0, "sentiment": ""}, {"id": 141740434, "text": "$FB money will shift from tech $NFLX $AMZN and into other areas, this will boost the economy. tech has too much market share for its good", "time": 1539833733.0, "sentiment": ""}, {"id": 141739877, "text": "$AMZN  blocking your trolling ass", "time": 1539833545.0, "sentiment": ""}, {"id": 141739864, "text": "$AMZN Awesome day! If u know how 2 read charts (stochastics, MACD, MFI, CCI, RSI, MA&#39;s, etc), you&#39;d be crazy to short AMZN.", "time": 1539833542.0, "sentiment": ""}, {"id": 141739711, "text": "$AMZN Go to $2K before earnings date !! I need my $140k back that I lost since oct 1st....", "time": 1539833489.0, "sentiment": ""}, {"id": 141739659, "text": "$AMZN eBay filed lawsuit against amazon today", "time": 1539833471.0, "sentiment": "Bearish"}, {"id": 141739360, "text": "$AMZN not a bad day we will go higher", "time": 1539833374.0, "sentiment": "Bullish"}, {"id": 141739050, "text": "$fb forms bullish \u201cContinuation Wedge\u201d $spy $qqq $nflx $amzn  https://site.recognia.com/recognia/serve.shtml?page=event&amp;usg=RSS&amp;eid=USvxVCAAlpfwAfgABAACAAAD6CRg&amp;utm_campaign=Alerts&amp;utm_content=78580606&amp;utm_medium=social&amp;utm_source=twitter", "time": 1539833263.0, "sentiment": ""}, {"id": 141738766, "text": "$AMZN", "time": 1539833176.0, "sentiment": "Bullish"}, {"id": 141738560, "text": "$AMZN stupid boring day. good job bear retards", "time": 1539833103.0, "sentiment": "Bullish"}, {"id": 141737673, "text": "$ROKU Roku&#39;s 2018 OTT Market Share $NFLX $AMZN", "time": 1539832814.0, "sentiment": ""}, {"id": 141737631, "text": "$AMZN price target $2700 -", "time": 1539832801.0, "sentiment": "Bullish"}, {"id": 141737277, "text": "Here\u2019s what 20 Estimize analysts believe $AMZN will report for Q3 CSOI on 10/25 AMC.\nhttp://www.estimize.com/intro/amzn?chart=historical&amp;metric_name=csoi&amp;utm_content=AMZN&amp;utm_medium=metric_update&amp;utm_source=stocktwits", "time": 1539832689.0, "sentiment": ""}, {"id": 141737276, "text": "Here\u2019s what 28 Estimize analysts believe $AMZN will report for Q3 AWS Revenue on 10/25 AMC.\nhttp://www.estimize.com/intro/amzn?chart=historical&amp;metric_name=aws_revenue&amp;utm_content=AMZN&amp;utm_medium=metric_update&amp;utm_source=stocktwits", "time": 1539832689.0, "sentiment": ""}, {"id": 141737160, "text": "FAANG Stocks Overview: https://techniquant.com/reports/market-reports/faang/2018-10-17/\n$NFLX +5.28%\n$AMZN +0.65%\n$FB +0.40%\n$AAPL -0.43%\n$GOOGL -0.48%", "time": 1539832660.0, "sentiment": ""}, {"id": 141737090, "text": "$AMZN closes higher for the 2nd day in a row: https://techniquant.com/reports/stock-amzn-daily-technical-analysis-report-for-2018-10-17/", "time": 1539832640.0, "sentiment": ""}, {"id": 141736992, "text": "$AMZN what happens when all these things amazon is trying to do fail, because businesses are hard to sustain", "time": 1539832607.0, "sentiment": "Bearish"}, {"id": 141736974, "text": "$AMZN i picked cheap lotto 10/19 1890C @1.5 . Will see", "time": 1539832600.0, "sentiment": "Bullish"}, {"id": 141736669, "text": "Here\u2019s what 246 Estimize analysts believe $AMZN will report for Q3 2018 revenue [Reporting 10/25 AMC]\nhttp://www.estimize.com/intro/amzn?chart=historical&amp;metric_name=revenue&amp;utm_content=AMZN&amp;utm_medium=revenue_update&amp;utm_source=stocktwits", "time": 1539832520.0, "sentiment": ""}, {"id": 141736584, "text": "$AMZN Hope everyone picked up their 10/19 lotto calls!", "time": 1539832494.0, "sentiment": ""}, {"id": 141736403, "text": "$AMZN added here", "time": 1539832437.0, "sentiment": ""}, {"id": 141735966, "text": "$AMZN https://www.cnbc.com/2018/10/17/morgan-stanley-is-bullish-on-amazon-and-thinks-earnings-will-top-wall-street-estimates.html", "time": 1539832307.0, "sentiment": ""}, {"id": 141735792, "text": "$AMZN amzn. amzn", "time": 1539832261.0, "sentiment": ""}]