[{"id": 142589210, "text": "$AMZN throw in the towel?  Baby with the bath water?", "time": 1540436269.0, "sentiment": ""}, {"id": 142589199, "text": "$AMZN what a pos 1650 tgere it bby", "time": 1540436268.0, "sentiment": ""}, {"id": 142589090, "text": "$AMZN can make it up to everyone with a generous split and/or massive buybacks. uh-huh uh-huh", "time": 1540436251.0, "sentiment": ""}, {"id": 142589058, "text": "$AMZN as Bezos said, a \u201chealthy\u201d 30% will be happening. So $2050 x 0.70 = $1435.  That\u2019s what should be the stop/resistance.", "time": 1540436248.0, "sentiment": ""}, {"id": 142589055, "text": "$AMZN holy hell", "time": 1540436247.0, "sentiment": ""}, {"id": 142589037, "text": "$AMZN so fucking glad I bought the dip at 1770!!!", "time": 1540436244.0, "sentiment": ""}, {"id": 142589031, "text": "$AMZN god damn!!!", "time": 1540436242.0, "sentiment": ""}, {"id": 142589013, "text": "$AMZN well.  That was fun.", "time": 1540436240.0, "sentiment": ""}, {"id": 142588998, "text": "$AMZN  OUCH!", "time": 1540436237.0, "sentiment": ""}, {"id": 142588965, "text": "$AMZN 120pt day.", "time": 1540436232.0, "sentiment": ""}, {"id": 142588937, "text": "$AMZN 115pt day.", "time": 1540436227.0, "sentiment": ""}, {"id": 142588889, "text": "$AMZN Who do we blame for market crashing? Trump, the Fed, or Both?", "time": 1540436220.0, "sentiment": ""}, {"id": 142588824, "text": "$AMZN down $100", "time": 1540436208.0, "sentiment": ""}, {"id": 142588804, "text": "$AMZN 110pt day.", "time": 1540436205.0, "sentiment": ""}, {"id": 142588770, "text": "$AMZN woah just saw that 100 pt day print. Sad for all the longs. Its the world&#39;s best company tho, y&#39;all will get the last laugh", "time": 1540436200.0, "sentiment": "Bullish"}, {"id": 142588744, "text": "$AMZN Looks like I&#39;m not going to be looking at my IRA account this year.", "time": 1540436196.0, "sentiment": ""}, {"id": 142588713, "text": "$AMZN why", "time": 1540436190.0, "sentiment": ""}, {"id": 142588672, "text": "$AMZN $115 points down in 1 day.  This is UNFORGIVABLE !!!!", "time": 1540436182.0, "sentiment": ""}, {"id": 142588649, "text": "$AMZN 1650 tomorrow, easily.", "time": 1540436180.0, "sentiment": ""}, {"id": 142588647, "text": "$AMZN there is blood on the streets.", "time": 1540436179.0, "sentiment": ""}, {"id": 142588597, "text": "$AMZN Geez, somone said 1500 and they&#39;re in earlier, and I blocked them.  I have to find em and unblock them. What&#39;s right is right. Long", "time": 1540436171.0, "sentiment": "Bullish"}, {"id": 142588544, "text": "$AMZN  lotta opportunity here", "time": 1540436163.0, "sentiment": ""}, {"id": 142588440, "text": "$AMZN park it on the 200 MA", "time": 1540436145.0, "sentiment": ""}, {"id": 142588434, "text": "$QQQ $SPY $FB $SQ $ACB.CA $AMZN \n\nKnew it , can\u2019t have this bi polar president ; trade war ; unhinged FED . \nTo much volatility is dangerous", "time": 1540436143.0, "sentiment": ""}, {"id": 142588393, "text": "$AMZN Warren said missing buying this early. Now he got a chance. WoW. Throwaway price", "time": 1540436136.0, "sentiment": "Bullish"}, {"id": 142588366, "text": "$AMZN earning am or pm tomorrow", "time": 1540436130.0, "sentiment": ""}, {"id": 142588290, "text": "$AMZN 105pt day.", "time": 1540436117.0, "sentiment": ""}, {"id": 142588220, "text": "$AMZN not a bad day.  Normally this would be down 150pts in a day like this", "time": 1540436107.0, "sentiment": ""}, {"id": 142588203, "text": "$AMZN you\u2019re lucky it\u2019s still this high", "time": 1540436105.0, "sentiment": "Bearish"}, {"id": 142587980, "text": "$AMZN Never Forget: $110 down in 1 day. Karma knows where WS lives.", "time": 1540436065.0, "sentiment": "Bullish"}, {"id": 142587947, "text": "$AMZN panic in daStreets its time to Buy Mortimer Buy buy buy", "time": 1540436058.0, "sentiment": "Bullish"}, {"id": 142587946, "text": "$AMZN don&#39;t worry guys... there&#39;s like a 2500 PT on this lmao", "time": 1540436058.0, "sentiment": ""}, {"id": 142587945, "text": "$AMZN who has calls", "time": 1540436058.0, "sentiment": ""}, {"id": 142587911, "text": "$AMZN time to sell this is just shit", "time": 1540436052.0, "sentiment": ""}, {"id": 142587895, "text": "$AMZN would someone just ring that bell and close the mkt down already?!", "time": 1540436050.0, "sentiment": ""}, {"id": 142587885, "text": "$SPY Tried to warn as many as possible that $AAPL and $AMZN going up 100s of billions was not healthy", "time": 1540436048.0, "sentiment": ""}, {"id": 142587591, "text": "$AMZN no one to me the er results are already out..  what a fucked up day..", "time": 1540435994.0, "sentiment": ""}, {"id": 142587514, "text": "$SPY Has some one peeked at $AMZN and$GOOG ER...?", "time": 1540435982.0, "sentiment": ""}, {"id": 142587440, "text": "$AMZN well we\u2019ll well.  Look who is finally bullish", "time": 1540435966.0, "sentiment": ""}, {"id": 142587308, "text": "$AMZN lol lol lol lol", "time": 1540435943.0, "sentiment": "Bullish"}, {"id": 142587264, "text": "$AMZN so damn sexy.", "time": 1540435936.0, "sentiment": ""}, {"id": 142587249, "text": "$NFLX getting slaughtered but $AMZN is getting crushed.", "time": 1540435934.0, "sentiment": ""}, {"id": 142587247, "text": "$AMZN bailed at 1681.11 for -7.5% loss, -1R", "time": 1540435934.0, "sentiment": ""}, {"id": 142587226, "text": "$SPY $QQQ $FB $AMZN \n\nLike I said yesterday glad I went all cash , HFT crash inbound , it\u2019s unregulated and there\u2019s to much volatility", "time": 1540435930.0, "sentiment": ""}, {"id": 142587218, "text": "$AMZN we will be back after a brief station identification", "time": 1540435929.0, "sentiment": "Bullish"}, {"id": 142587199, "text": "$AMZN keep on falling \ud83d\udee9\ud83d\udee9", "time": 1540435926.0, "sentiment": "Bearish"}, {"id": 142587159, "text": "$AMZN 200ma touch on daily", "time": 1540435919.0, "sentiment": ""}, {"id": 142587158, "text": "$SPY Who would have ever thought that $AMZN hitting 1T would have marked the end of the bull market sucks and I\u2019m long $AMZN", "time": 1540435919.0, "sentiment": ""}, {"id": 142587123, "text": "$AMZN still short from entry at 1790. 1570 incoming. :) it\u2019s raining gold. $UVXY", "time": 1540435913.0, "sentiment": ""}, {"id": 142587112, "text": "$amzn $spy $QQQ lol.  And yesterday you were cheering this up.  Lol. Flip flop. Flip flop. Nice way to analyze.  Lol", "time": 1540435911.0, "sentiment": ""}, {"id": 142587078, "text": "$AMZN Nobody is buying - there is no bottom", "time": 1540435903.0, "sentiment": ""}, {"id": 142587058, "text": "$AMZN bhenchod", "time": 1540435898.0, "sentiment": ""}, {"id": 142587043, "text": "$AMZN $QQQ $AAPL Congrats bears, you&#39;re finally having your time after years of pain. Everybody send Powell a nice bottle for Xmas", "time": 1540435893.0, "sentiment": ""}, {"id": 142586965, "text": "$AMZN Dayyyyyuuuuuummmm!!!!!!!", "time": 1540435880.0, "sentiment": ""}, {"id": 142586937, "text": "$AMZN tossing $1m here", "time": 1540435876.0, "sentiment": "Bullish"}, {"id": 142586900, "text": "$AMZN all algo trading", "time": 1540435867.0, "sentiment": "Bullish"}, {"id": 142586887, "text": "$AMZN I think the Fed should go ahead and raise rates 8 times in November - lets get it over with.  The Fed - the real deep state", "time": 1540435866.0, "sentiment": ""}, {"id": 142586834, "text": "$AMZN Happy October.", "time": 1540435857.0, "sentiment": ""}, {"id": 142586829, "text": "$AMZN ouch.", "time": 1540435856.0, "sentiment": ""}, {"id": 142586763, "text": "$AMZN the bots are going insane... a lot of stops being triggered", "time": 1540435842.0, "sentiment": "Bullish"}, {"id": 142586739, "text": "$AMZN tesla after bell.", "time": 1540435838.0, "sentiment": "Bullish"}, {"id": 142586735, "text": "$AMZN 100pt day.", "time": 1540435838.0, "sentiment": ""}, {"id": 142586634, "text": "$AMZN I was predicting in 5 years looks like in a year will be in 300 range .. tech giant siphoning each other\u2019s gains!!", "time": 1540435817.0, "sentiment": ""}, {"id": 142586632, "text": "$AMZN I agree. This is fucking nuts.  Wassay oversold.  Waaaaay.  This is not an Amazon issue. It\u2019s a stock market issue. Screaming buy", "time": 1540435817.0, "sentiment": ""}, {"id": 142586612, "text": "$AMZN algo&#39;s are feasting before thanksgiving on this one.", "time": 1540435814.0, "sentiment": "Bullish"}, {"id": 142586513, "text": "$AMZN nearing multi-millionaires&#39; stop loss mark... still holding like a billionaire tho", "time": 1540435796.0, "sentiment": "Bullish"}, {"id": 142586498, "text": "$JD $BABA $BIDU $MU $AAPL $FB $TWTR $AMZN  how is that 401k working for you now?  MAGA... LMAO", "time": 1540435794.0, "sentiment": ""}, {"id": 142586488, "text": "$AMZN Puts making money", "time": 1540435792.0, "sentiment": ""}, {"id": 142586441, "text": "$AMZN the worst part is no noob is liking or replying to my posts. that&#39;s the real bear market. they too worried looking at portfolio", "time": 1540435783.0, "sentiment": ""}, {"id": 142586424, "text": "$AMZN now down -87 points. Implied move for earnings tomorrow is -+105", "time": 1540435779.0, "sentiment": ""}, {"id": 142586404, "text": "$AMZN lol 1650 almost there", "time": 1540435774.0, "sentiment": ""}, {"id": 142586331, "text": "$AMZN 100 point day. LOL", "time": 1540435759.0, "sentiment": ""}, {"id": 142586316, "text": "$AMZN u buy waiting for more deep", "time": 1540435755.0, "sentiment": ""}, {"id": 142586275, "text": "$AMZN wowwwwwwwwwwwwww!!!", "time": 1540435747.0, "sentiment": ""}, {"id": 142586247, "text": "$AMZN Where was he when it was actually under 1500?", "time": 1540435742.0, "sentiment": ""}, {"id": 142586219, "text": "$AMZN this is nuts.  Miss already baked in?", "time": 1540435736.0, "sentiment": "Bullish"}, {"id": 142586211, "text": "$AMZN this is like buying a something on sale for 40% off", "time": 1540435735.0, "sentiment": ""}, {"id": 142586158, "text": "$AMZN really screwed me longgggg", "time": 1540435724.0, "sentiment": ""}, {"id": 142586153, "text": "$AMZN Love CNBC trying to explain the mkt. Blah blah we don&#39;t fing know blah blah blah", "time": 1540435723.0, "sentiment": ""}, {"id": 142586147, "text": "$AMZN I won\u2019t ever set it and forget it again.", "time": 1540435722.0, "sentiment": ""}, {"id": 142585966, "text": "$AMZN buy under 1500 till waiting", "time": 1540435686.0, "sentiment": ""}, {"id": 142585939, "text": "$MU/$FB/$SPY/$NFLX/$AMZN  \nMy portfolio is fk, Thank you FED", "time": 1540435680.0, "sentiment": ""}, {"id": 142585927, "text": "$AMZN OMG ducking close", "time": 1540435679.0, "sentiment": ""}, {"id": 142585907, "text": "$AMZN lower lows and lower highs. Wake up folks.", "time": 1540435674.0, "sentiment": "Bearish"}, {"id": 142585895, "text": "$AMZN I don\u2019t think a good ER will help much at this point.", "time": 1540435670.0, "sentiment": ""}, {"id": 142585883, "text": "$AMZN I need a hug.", "time": 1540435667.0, "sentiment": ""}, {"id": 142585847, "text": "$AMZN I hope everyone survives today", "time": 1540435658.0, "sentiment": ""}, {"id": 142585827, "text": "$AMZN wow, crazy", "time": 1540435655.0, "sentiment": ""}, {"id": 142585757, "text": "$AMZN fk the fed", "time": 1540435645.0, "sentiment": ""}, {"id": 142585595, "text": "$AMZN Yrumponomics. Kill the narjey with tariffs", "time": 1540435617.0, "sentiment": ""}, {"id": 142585566, "text": "$AMZN 1685.  Will it bounce?", "time": 1540435609.0, "sentiment": "Bullish"}, {"id": 142585521, "text": "$AMZN 95pt day.", "time": 1540435599.0, "sentiment": ""}, {"id": 142585397, "text": "$SPY $AMZN boxes getting sent back $1684", "time": 1540435576.0, "sentiment": ""}, {"id": 142585370, "text": "You know who you are....$SPY $SPX $QQQ $AMZN $FB $BABA $GOOGL $NVDA $IWM $AMD $MSFT $NFLX $TWTR $SQ $GS", "time": 1540435570.0, "sentiment": "Bearish"}, {"id": 142585326, "text": "Watch our latest webinar for more info our on $AMZN trade and how we&#39;re trading this earnings season with the $SPY and $QQQ in focus now.", "time": 1540435561.0, "sentiment": "Bullish"}, {"id": 142585322, "text": "$AMZN Er discount? You be the judge \ud83d\udc40", "time": 1540435560.0, "sentiment": ""}, {"id": 142585180, "text": "$SPY how is $AAPL 7% off the highs lol. Market would be at 252 without $AAPL $AMZN", "time": 1540435532.0, "sentiment": ""}, {"id": 142585154, "text": "$AMZN Buy more or wait.  1600 would be great add", "time": 1540435528.0, "sentiment": ""}, {"id": 142585112, "text": "$AMZN power qtr hour ... go you punk", "time": 1540435522.0, "sentiment": ""}, {"id": 142585058, "text": "$AMZN down $10k on this - just have to hold", "time": 1540435511.0, "sentiment": ""}, {"id": 142585055, "text": "$AMZN 1685.1 daily level.", "time": 1540435509.0, "sentiment": ""}, {"id": 142585048, "text": "$AMZN hope $MSFT charges up tech for tomorrow", "time": 1540435508.0, "sentiment": ""}, {"id": 142584906, "text": "$AMZN $1666 would be scary.", "time": 1540435478.0, "sentiment": ""}, {"id": 142584842, "text": "$AMZN great buying opportunity. earnings tomorrow", "time": 1540435463.0, "sentiment": ""}, {"id": 142584813, "text": "$AMZN just praying for  good earnings to drag this up.... unbelievable.. capitulation.", "time": 1540435455.0, "sentiment": ""}, {"id": 142584764, "text": "$AMZN so if AMZN beats, like lets say knocks it out of the park with the cloud growth, where we be then. no need to know if miss", "time": 1540435445.0, "sentiment": ""}, {"id": 142584719, "text": "$AMZN looks like it was the wrong time for me to try to buy the dip.. amazing.", "time": 1540435433.0, "sentiment": ""}, {"id": 142584626, "text": "$AMZN Leeroooooooy Jenkins!", "time": 1540435413.0, "sentiment": ""}, {"id": 142584601, "text": "$AMZN I need an adult.  Holding", "time": 1540435409.0, "sentiment": "Bullish"}, {"id": 142584474, "text": "$AMZN I\u2019ve been waiting for this \ud83e\udd20\ud83d\udca5$$", "time": 1540435385.0, "sentiment": "Bullish"}, {"id": 142584416, "text": "$AMZN like I said.. 1600 the next target.", "time": 1540435374.0, "sentiment": ""}, {"id": 142584391, "text": "$AMZN Buy the fear. Unless of course the fear is totally warranted \ud83e\udd14", "time": 1540435368.0, "sentiment": ""}, {"id": 142584382, "text": "$AMZN usually on such a day I buy puts or calls depending on direction. But ER has made options super expensive. Too much risk", "time": 1540435366.0, "sentiment": ""}, {"id": 142584302, "text": "$AMZN This thing need CPR to bring it back to life", "time": 1540435345.0, "sentiment": ""}, {"id": 142584244, "text": "Also, the selling in $AMZN and its mega cap tech cohorts is almost symmetrical, telling us this is programmatic - some small consolation.", "time": 1540435332.0, "sentiment": ""}, {"id": 142584131, "text": "$AMZN 90pt day.", "time": 1540435309.0, "sentiment": ""}, {"id": 142584110, "text": "$AMZN a blowout ER and blowout forecast by Amzn can revive the whole market $nflx $goog $sq $baba $qqq", "time": 1540435303.0, "sentiment": ""}, {"id": 142584086, "text": "$SPY remember $AMZN started the year at 1200. It can easily get back there $QQQ", "time": 1540435299.0, "sentiment": ""}, {"id": 142584046, "text": "$AMZN I don\u2019t even want to think about our next major support level. That\u2019s depressing.", "time": 1540435292.0, "sentiment": ""}, {"id": 142584016, "text": "$AMZN Knock out blow  Unreal", "time": 1540435284.0, "sentiment": ""}, {"id": 142584012, "text": "$AMZN this is an overall market issue. NOT an individual stock issue", "time": 1540435284.0, "sentiment": ""}, {"id": 142584008, "text": "$Amzn right on.", "time": 1540435283.0, "sentiment": ""}, {"id": 142583955, "text": "The only silver lining i can find today is that the volume is not nearly as heavy as is typically the case when $AMZN\nplunges.", "time": 1540435270.0, "sentiment": ""}, {"id": 142583788, "text": "$QQQ $AMZN $AAPL $NFLX $NKE it\u2019s been real ST I think today has finally ended my stock market dreams. It\u2019s been real.", "time": 1540435234.0, "sentiment": "Bearish"}, {"id": 142583724, "text": "$FB $AMZN $ISRG $GOOGL $XBI $BABA 3 years worth of gains gone just like that. Speechless", "time": 1540435220.0, "sentiment": ""}, {"id": 142583660, "text": "$FB $NFLX Netflix &amp; Facebook mattered so much after all. How about Celgene. Keep harping on it.Loser into YE. $CELG$AAPL $AMZN $GOOGL $GOOG", "time": 1540435208.0, "sentiment": ""}, {"id": 142583584, "text": "$AMZN can someone knock some sense into me please?", "time": 1540435192.0, "sentiment": ""}, {"id": 142583582, "text": "$AMZN Hopefully that will do for reversal. Hope it doesn&#39;t go to SMA200. And let earnings tomorrow be shock that starts Amazon&#39;s heart again", "time": 1540435192.0, "sentiment": ""}, {"id": 142583339, "text": "$AMZN Might be forming a double bottom! Check the daily chart. What intra-day low will be today (or tomorrow), and intra-day low on Oct 11", "time": 1540435137.0, "sentiment": ""}, {"id": 142583312, "text": "$AMZN ", "time": 1540435130.0, "sentiment": ""}, {"id": 142583169, "text": "$AMZN 1695 what a steal!", "time": 1540435101.0, "sentiment": "Bullish"}, {"id": 142583127, "text": "$AMZN So who&#39;s straddling friday options just before close tomorrow? Lol Literally can&#39;t lose money.", "time": 1540435092.0, "sentiment": ""}, {"id": 142583116, "text": "$AMZN if the market is trumps gauge on how his administration is doing I\u2019d say it\u2019s a complete fail", "time": 1540435090.0, "sentiment": ""}, {"id": 142583000, "text": "$AMZN amzn didnt get nemo were going up yet", "time": 1540435066.0, "sentiment": ""}, {"id": 142582943, "text": "$AMZN It&#39;ll all be MSFT. They beat and good guidance-- big rally--if not---", "time": 1540435053.0, "sentiment": ""}, {"id": 142582799, "text": "$AMZN is AMZN suppose to get us out of this bloody mess tomorrow?\nOh my \nLet\u2019s pray", "time": 1540435027.0, "sentiment": "Bullish"}, {"id": 142582601, "text": "$AMZN its so much easier shorting this thing", "time": 1540434986.0, "sentiment": ""}, {"id": 142582511, "text": "Buy the fear $tqqq $amzn $twtr $aapl $BRK.B  tomorrow we will see", "time": 1540434967.0, "sentiment": "Bullish"}, {"id": 142582458, "text": "$AMZN and the bloodbath continues", "time": 1540434956.0, "sentiment": ""}, {"id": 142582457, "text": "$AMZN $MSFT the big day tomorrow...", "time": 1540434956.0, "sentiment": ""}, {"id": 142582413, "text": "$TSLA $NIO $IQ $HUYA $GE $FB $AMZN the market will rebound big time tomorrow, it is time to accumulate and hold.", "time": 1540434947.0, "sentiment": "Bullish"}, {"id": 142582315, "text": "$CELG $AMZN $NFLX $T $AMD $NVDA $FB Who else is planning to print out these stock charts today for use as the scariest halloween decorations", "time": 1540434927.0, "sentiment": "Bullish"}, {"id": 142582225, "text": "$AMZN I\u2019m BUYING CALLS!!!", "time": 1540434907.0, "sentiment": "Bullish"}, {"id": 142582220, "text": "$AMZN i miss 2016 \ud83d\ude04 was like 1998,no matter what you bought it went up every day could sleep like a dream", "time": 1540434906.0, "sentiment": ""}, {"id": 142582199, "text": "$AMZN buckle up. We goin to da moon boyz!", "time": 1540434901.0, "sentiment": "Bullish"}, {"id": 142582148, "text": "@fredd1 @mogam111 guys 1693 on $AMZN. 3$ off. If when googl beats this is going back up. 3 day rule no panic sell. U guys r smart u no this!", "time": 1540434890.0, "sentiment": ""}, {"id": 142582013, "text": "$AMZN ", "time": 1540434866.0, "sentiment": "Bullish"}, {"id": 142581953, "text": "$AMZN Reversal coming.", "time": 1540434852.0, "sentiment": "Bullish"}, {"id": 142581906, "text": "$AMZN 02-Nov-18 1687.5 Puts Traded 195 Times for $1.1 Million in Premium. http://tinyurl.com/yd3k5kl9", "time": 1540434842.0, "sentiment": ""}, {"id": 142581893, "text": "$AMZN nasdaq down almost 1,000 points this months. Market is officially broken!!", "time": 1540434838.0, "sentiment": ""}]