[{"id": 142774756, "text": "Today does NOT matter if $goog or $amzn disappoint ...", "time": 1540521874.0, "sentiment": ""}, {"id": 142774667, "text": "$AMD $AMZN meets but manages, $GOOG negative, $INTC prints numbers hollow underneath tomorrow crash. Trouble ahead money moving rotating", "time": 1540521856.0, "sentiment": ""}, {"id": 142774641, "text": "$SNAP Moves its earnings release up to when...same day as $AMZN", "time": 1540521852.0, "sentiment": "Bullish"}, {"id": 142774537, "text": "$AMZN no clue but i rather be in then out. i could see this thing drop to 1500 as easily as it could run to 2300", "time": 1540521826.0, "sentiment": ""}, {"id": 142774535, "text": "$FB Looking for a break above this trend line on 15 min chart. $AMZN $GOOGL earnings can give it the needed push", "time": 1540521826.0, "sentiment": "Bullish"}, {"id": 142774518, "text": "$AMZN Conference call starts in 1 hour and 30 minutes after market close", "time": 1540521821.0, "sentiment": "Bullish"}, {"id": 142774501, "text": "$AMZN Make America Great Again.......Amazon, you can do it!", "time": 1540521817.0, "sentiment": "Bullish"}, {"id": 142774429, "text": "$AMZN is there a call for earnings?  Do anyone have the link to the call?", "time": 1540521800.0, "sentiment": "Bullish"}, {"id": 142774421, "text": "$AMZN good numbers will have the burden with 1900 area , very good numbers will aim at ATH", "time": 1540521798.0, "sentiment": ""}, {"id": 142774420, "text": "$AMZN any leaks?", "time": 1540521798.0, "sentiment": ""}, {"id": 142774417, "text": "$AMZN added 20 more shares before ER", "time": 1540521798.0, "sentiment": "Bullish"}, {"id": 142774396, "text": "$AMZN wow 7% . Not good", "time": 1540521792.0, "sentiment": ""}, {"id": 142774378, "text": "$WDC suspense is getting me! $AMZN will dominate no question", "time": 1540521788.0, "sentiment": ""}, {"id": 142774281, "text": "$AMZN two words = IV CRUSH.", "time": 1540521758.0, "sentiment": ""}, {"id": 142774264, "text": "$AMZN im nervouse", "time": 1540521753.0, "sentiment": ""}, {"id": 142774197, "text": "$AMZN Big Question: Hold 1705c overnight or take profit! IV crush will take profit down tomorrow!", "time": 1540521732.0, "sentiment": ""}, {"id": 142774179, "text": "$AMZN Gonna be a lot of after hours climbing once earning is posted.", "time": 1540521726.0, "sentiment": "Bullish"}, {"id": 142774174, "text": "$AMZN not a single bear in sight? No way this can go down from here, am I right? lol", "time": 1540521724.0, "sentiment": ""}, {"id": 142774126, "text": "@SlowWalker - Well everyone watching $AMZN now.", "time": 1540521713.0, "sentiment": ""}, {"id": 142774102, "text": "$AMZN come $1800... only 19mins left...", "time": 1540521704.0, "sentiment": ""}, {"id": 142774080, "text": "$AMZN Anyone other nervous bulls here?", "time": 1540521698.0, "sentiment": ""}, {"id": 142774076, "text": "When the Mrkt needed $AAPL to save the Economy this summer Tim did &amp; chose the &quot;right envelope.&quot; I expect Jeff to do the same $AMZN $NFLX", "time": 1540521697.0, "sentiment": "Bullish"}, {"id": 142774074, "text": "$AMZN I\u2019m not concerned on blowout quarter but guidance.", "time": 1540521697.0, "sentiment": ""}, {"id": 142774017, "text": "$AMZN What is up with everyone asking when earnings is?  Don&#39;t you do even a minute of research before buying an 1800 dollar stock?  Scary", "time": 1540521679.0, "sentiment": ""}, {"id": 142773963, "text": "$TSLA Hoping we get a free ride if $AMZN and $GOOG kill it.", "time": 1540521663.0, "sentiment": ""}, {"id": 142773941, "text": "$AMZN if a rough miss I expect 1500 soon", "time": 1540521659.0, "sentiment": ""}, {"id": 142773931, "text": "$AMZN 2k+ soon if we get good beat and good guidance. You can&#39;t win if you&#39;re not in.", "time": 1540521657.0, "sentiment": "Bullish"}, {"id": 142773895, "text": "$AMZN sharing this one more time in case you missed it cause it&#39;s cool to look at :)", "time": 1540521647.0, "sentiment": ""}, {"id": 142773872, "text": "$AMZN This will hit $2000 by open if it kills ER", "time": 1540521642.0, "sentiment": "Bullish"}, {"id": 142773865, "text": "$AMZN if good ER, similar to $NFLX do you think this pulls up the Nasdaq another 2-3% AH?", "time": 1540521639.0, "sentiment": "Bullish"}, {"id": 142773795, "text": "$AMZN  Sold the calls at 134, I love to gamble as much as the next guy but $10k in 5 hours is good enough for me.  GL", "time": 1540521622.0, "sentiment": "Bullish"}, {"id": 142773755, "text": "$AMZN lol everyone bullish here . Not one bear. Idk I don&#39;t nt like tthat . But ima stay long cuz of todays daily bullish engulfing candle", "time": 1540521612.0, "sentiment": "Bullish"}, {"id": 142773721, "text": "$AMZN look at that price action", "time": 1540521604.0, "sentiment": ""}, {"id": 142773719, "text": "$AMZN $GOOG  dont blow it for the bulls lol!", "time": 1540521604.0, "sentiment": ""}, {"id": 142773705, "text": "$NFLX dumping into the end of the day...$AMZN &amp; $GOOGL report it&#39;ll bounce AH and then drop pre market and my calls are screwed. GL all !", "time": 1540521600.0, "sentiment": ""}, {"id": 142773684, "text": "$AMZN I swear if this opens at $1900 tomorrow I will be impressed!", "time": 1540521591.0, "sentiment": ""}, {"id": 142773675, "text": "$AMZN this will go up to $2100 after er then $2500 by november", "time": 1540521588.0, "sentiment": "Bullish"}, {"id": 142773601, "text": "$AMZN sell sell sell", "time": 1540521573.0, "sentiment": ""}, {"id": 142773589, "text": "$AMZN roughly an hr  before the ER results..5.30 EST conference call", "time": 1540521568.0, "sentiment": "Bullish"}, {"id": 142773542, "text": "$AMZN Only question is... to sell or not to sell after ER?", "time": 1540521553.0, "sentiment": ""}, {"id": 142773518, "text": "$AMZN probably will back down to $1650 after ER", "time": 1540521546.0, "sentiment": "Bearish"}, {"id": 142773495, "text": "$AMZN bought 50 shares at 1704 and was planning on selling around 1800 AH. Almost Already there......", "time": 1540521540.0, "sentiment": "Bullish"}, {"id": 142773470, "text": "$AMZN scared but ready for some gains in 1865 calls", "time": 1540521532.0, "sentiment": ""}, {"id": 142773462, "text": "$AMZN Jewel of American capitalism and freedom.", "time": 1540521529.0, "sentiment": "Bullish"}, {"id": 142773340, "text": "$AMZN in the past 6 years 2015 and 2017 both beat Expectations. This year I just feel like the expectations might be too high to beat??", "time": 1540521496.0, "sentiment": ""}, {"id": 142773336, "text": "$AMZN Don&#39;t know what earnings holds but I can&#39;t imagine holding short into this , wow", "time": 1540521495.0, "sentiment": ""}, {"id": 142773334, "text": "$AMZN I have managed to profit quite nicely from this dip. I will sit on sidelines until election is over.", "time": 1540521495.0, "sentiment": "Bullish"}, {"id": 142773329, "text": "$AMZN Good luck, bulls. If this is a miserable report, weak guide or equivocal CC, we&#39;re in for it - hard - the whole market, really.", "time": 1540521494.0, "sentiment": ""}, {"id": 142773327, "text": "$AMZN 1600 - 1900", "time": 1540521494.0, "sentiment": "Bullish"}, {"id": 142773275, "text": "$AMZN i wanna buy", "time": 1540521482.0, "sentiment": ""}, {"id": 142773274, "text": "$AMZN $1700 first minutes PM then $1955", "time": 1540521482.0, "sentiment": "Bullish"}, {"id": 142773264, "text": "$AMZN trillion dollars coming", "time": 1540521479.0, "sentiment": "Bullish"}, {"id": 142773235, "text": "$AMZN my guess is 1660-1850", "time": 1540521469.0, "sentiment": ""}, {"id": 142773227, "text": "$AMZN Good Luck Bulls \ud83d\udc0e\ud83d\udc0e", "time": 1540521468.0, "sentiment": "Bullish"}, {"id": 142773207, "text": "$AMZN the price of call on on this is crazy lmao im in a few lotto calls on $AMZN", "time": 1540521461.0, "sentiment": "Bullish"}, {"id": 142773191, "text": "$AMZN wiring money to brokerage acct to add to position before earnings", "time": 1540521457.0, "sentiment": "Bullish"}, {"id": 142773185, "text": "$GOOGL $amzn\na lot running on these two.", "time": 1540521456.0, "sentiment": ""}, {"id": 142773171, "text": "$AMZN Book your profits fellus. Remember 1695-&gt;1800-&gt;1664 happened within this month. Stay safe.", "time": 1540521453.0, "sentiment": ""}, {"id": 142773166, "text": "$AMZN whoa", "time": 1540521451.0, "sentiment": ""}, {"id": 142773066, "text": "$AMZN  $2000 AH", "time": 1540521423.0, "sentiment": "Bullish"}, {"id": 142773051, "text": "$AMZN lol this stock has no room to continue, Er already locked. What goes up.....?", "time": 1540521419.0, "sentiment": "Bearish"}, {"id": 142773030, "text": "$AMZN Paid off &amp; took profits. Still holding some calls so hopefully the rally continues", "time": 1540521413.0, "sentiment": ""}, {"id": 142773026, "text": "$AMZN ER priced in now", "time": 1540521410.0, "sentiment": "Bearish"}, {"id": 142773021, "text": "$AMZN implied move plz?", "time": 1540521408.0, "sentiment": ""}, {"id": 142773002, "text": "$AMZN thank you gods, got some play money from that scrap from 1695 yesterday to 1786 today. Time to robinhood the trick for lottos 5x me", "time": 1540521402.0, "sentiment": ""}, {"id": 142772991, "text": "$AMZN \ud83e\udd11\ud83d\ude01 cant waitttt \ud83d\ude80\ud83d\ude80", "time": 1540521398.0, "sentiment": "Bullish"}, {"id": 142772990, "text": "$AMZN  Amazon to report earnings on 10/25 after Close. The report will be for the fiscal Quarter ending Sep 2018 https://www.nasdaq.com/earnings/report/amzn", "time": 1540521398.0, "sentiment": ""}, {"id": 142772953, "text": "$AMZN Good Luck all!", "time": 1540521383.0, "sentiment": "Bullish"}, {"id": 142772950, "text": "Looking ahead, FANG members Amazon ($AMZN) and Alphabet ($GOOGL) will headline this evening&#39;s Quarterly earnings reports", "time": 1540521382.0, "sentiment": ""}, {"id": 142772889, "text": "(ICYMI) Amazon Q3 Earnings Preview: Keep An Eye On AWS https://benzinga.com/z/12543827 $AMZN", "time": 1540521366.0, "sentiment": ""}, {"id": 142772823, "text": "$amzn ok 25 minutes left instead of pull , can we close above $1,800 ? and $1,975 AH - and $2,100 next week please?", "time": 1540521347.0, "sentiment": "Bullish"}, {"id": 142772816, "text": "$AMZN question is... Hold or sell?", "time": 1540521344.0, "sentiment": "Bullish"}, {"id": 142772779, "text": "$AMZN be careful ER. Play safe take you profit", "time": 1540521336.0, "sentiment": ""}, {"id": 142772775, "text": "$AMZN I think earnings will be good but im not playing in this market its to volatile and bearish", "time": 1540521335.0, "sentiment": "Bearish"}, {"id": 142772761, "text": "$AMZN BUYYYYYYYYYY", "time": 1540521331.0, "sentiment": "Bullish"}, {"id": 142772748, "text": "$AMZN Looking for 1804.67 before the close. Fib Daily Resistance. GLTA", "time": 1540521327.0, "sentiment": "Bullish"}, {"id": 142772745, "text": "$AMZN the question is are any of you smart enough to buy puts", "time": 1540521326.0, "sentiment": ""}, {"id": 142772733, "text": "$AMZN Come on lets make it to 1800 today!", "time": 1540521323.0, "sentiment": ""}, {"id": 142772704, "text": "$AMZN 25 mins to close it&#39;ll make a dollar a min.", "time": 1540521314.0, "sentiment": "Bullish"}, {"id": 142772672, "text": "$AMZN Leisure suit Donald will take down this market", "time": 1540521304.0, "sentiment": ""}, {"id": 142772601, "text": "$AMZN how many price targets are above 2200?", "time": 1540521285.0, "sentiment": "Bullish"}, {"id": 142772587, "text": "$AMZN Amazon (AMZN) 3rd Quarter Earnings: What to Expect https://www.nasdaq.com/article/amazon-amzn-3rd-quarter-earnings-what-to-expect-cm1043007 via @Richard_STv @Nasdaq", "time": 1540521279.0, "sentiment": ""}, {"id": 142772579, "text": "$AMZN fyi w/o a 150 move either direction both calls &amp; puts will lose value good luck!", "time": 1540521278.0, "sentiment": ""}, {"id": 142772552, "text": "$AMZN $1800 RALLY! 25 minutes to go!!", "time": 1540521266.0, "sentiment": "Bullish"}, {"id": 142772550, "text": "$AMZN $GOOG $SNAP to all the \u201cFake Market Gurus\u201d who come after earnings release saying I told you so, post your position now or GTFO", "time": 1540521266.0, "sentiment": ""}, {"id": 142772504, "text": "$AMZN 3.09 eps estimate and 57.1b Rev estimate? We can beat it!", "time": 1540521255.0, "sentiment": "Bullish"}, {"id": 142772488, "text": "$AMZN Daddy has arrived", "time": 1540521251.0, "sentiment": "Bullish"}, {"id": 142772483, "text": "$SPY it\u2019s a Friday tomorrow... if $AMZN $GOOGL miss then every pop is a sell into close tomorrow..", "time": 1540521250.0, "sentiment": ""}, {"id": 142772446, "text": "$AMZN $10 in 25mins... can it get there?", "time": 1540521239.0, "sentiment": ""}, {"id": 142772320, "text": "$AMZN so what time is ER? When it reach 10%?\ud83e\udd21", "time": 1540521205.0, "sentiment": ""}, {"id": 142772305, "text": "$SPY spy a bit ugly but Qs actually look pretty good here off the rising wma50 and above 171. $MSFT excellent. need $GOOG $AMZN for party", "time": 1540521202.0, "sentiment": ""}, {"id": 142772289, "text": "$AMZN Crap I&#39;m out of popcorn, gotta run to the store! Oh wait, I own $NFLX, can&#39;t afford popcorn", "time": 1540521196.0, "sentiment": ""}, {"id": 142772195, "text": "@jonboy22 350 if $AMZN and $GOOG beat expectations", "time": 1540521177.0, "sentiment": "Bullish"}, {"id": 142772183, "text": "$AMZN ok so here is my lotto play. 200/2025 calls expiring tomorrow @.7", "time": 1540521174.0, "sentiment": ""}, {"id": 142772182, "text": "$AMZN they really want that 18k before they shut down. I&#39;ve never seen anything like this before. Really a spectacle to watch", "time": 1540521174.0, "sentiment": ""}, {"id": 142772169, "text": "$AMZN buying 10 of these before er \ud83d\ude2c good luck life savings!", "time": 1540521169.0, "sentiment": "Bullish"}, {"id": 142772143, "text": "$SPY Right before a crash landing over the intercom: BRACE BRACE BRACE! That&#39;s how I see $AMZN AH&#39;s. Doubled payroll people..DOUBLED!", "time": 1540521159.0, "sentiment": ""}, {"id": 142772137, "text": "$AMZN getting to 2000 after hours", "time": 1540521157.0, "sentiment": "Bullish"}, {"id": 142772130, "text": "$AMZN 2000 after earnings beat", "time": 1540521155.0, "sentiment": "Bullish"}, {"id": 142772115, "text": "$AMZN She wants to close in 1800s. Slight pullback at close, then to the friggin moon.", "time": 1540521148.0, "sentiment": ""}, {"id": 142772102, "text": "$BB $amzn is about disruptive businesses, not trying to disrupt bb, working together.", "time": 1540521145.0, "sentiment": ""}, {"id": 142772091, "text": "$AMZN \n\nRun this mofo up the flagpole, lets go.....", "time": 1540521142.0, "sentiment": "Bullish"}, {"id": 142772000, "text": "$AMZN trending hold the line mo fos", "time": 1540521119.0, "sentiment": "Bullish"}, {"id": 142771986, "text": "$AMZN lmao at call option prices too funny", "time": 1540521115.0, "sentiment": "Bearish"}, {"id": 142771975, "text": "$AMZN humm I don\u2019t have a dog in the fight but I would cash out, if your in the positive", "time": 1540521113.0, "sentiment": ""}, {"id": 142771929, "text": "$AMZN let\u2019s go you stud! Get it up!", "time": 1540521100.0, "sentiment": ""}, {"id": 142771886, "text": "Amazon and Alphabet are soaring into earnings \u2014 here&#39;s what to watch $AMZN $GOOG $GOOGL @tradingnation @cnbc https://cnb.cx/2RhnJei", "time": 1540521083.0, "sentiment": ""}, {"id": 142771829, "text": "$AMZN load the ship were headed for Mars \ud83e\udd11\ud83d\ude01", "time": 1540521069.0, "sentiment": "Bullish"}, {"id": 142771765, "text": "$AMZN I am happy even though I am still 100K down.... as long as it\u2019s heading up.", "time": 1540521050.0, "sentiment": ""}, {"id": 142771730, "text": "$AMZN love this stock but it could be a pump", "time": 1540521041.0, "sentiment": ""}, {"id": 142771706, "text": "$SNAP they moved the date up to report with $amzn hoping an amzn beat will lift market and soften the blow on snap.", "time": 1540521033.0, "sentiment": "Bearish"}, {"id": 142771701, "text": "$AMZN let\u2019s get that FOMO action rolling \ud83d\ude02", "time": 1540521032.0, "sentiment": ""}, {"id": 142771688, "text": "$AMZN if this weren\u2019t Er today I would say today was very bullish, but it\u2019s just too crazy with these ers lately. Good luck to all.", "time": 1540521029.0, "sentiment": ""}, {"id": 142771657, "text": "$AMZN I wonder if Buffett added during this dip\ud83e\udd14 Would love to hear news on that! Healthcare &amp; pharmacy coming to a theater near you \ud83e\udd11", "time": 1540521018.0, "sentiment": "Bullish"}, {"id": 142771655, "text": "$AMZN my guess for this ER - will beat... stock will dip to 1650 then will climb back up slowly to 1800 then will fade for few days...", "time": 1540521017.0, "sentiment": ""}, {"id": 142771542, "text": "$AMZN analysis expecting high earnings for Q3. All info on this here: https://www.estimize.com/intro/amzn?chart=change-over-time&amp;metric_name=aws_revenue&amp;utm_content=AMZN&amp;utm_medium=metric_growth&amp;utm_source=stocktwits\n\nDont miss out on aggressive bulls after hours and next week.", "time": 1540520983.0, "sentiment": "Bullish"}, {"id": 142771515, "text": "$BB our partnership with $AMZN &amp; $GOOG reporting after hours?", "time": 1540520976.0, "sentiment": "Bullish"}, {"id": 142771457, "text": "$AMZN man if they bomb on earnings...this could drop 500$", "time": 1540520962.0, "sentiment": ""}, {"id": 142771446, "text": "$AMZN According to my charts uh....psyche I don&#39;t use charts charts are for sailors.", "time": 1540520959.0, "sentiment": "Bullish"}, {"id": 142771442, "text": "$AMZN Amzn is now like a country it\u2019s bigger than anyone or anything. Get out of the way or load the boat", "time": 1540520958.0, "sentiment": "Bullish"}, {"id": 142771437, "text": "$AMZN analysts on Estimize are expecting 631.98% YoY EPS growth for Q3, down from 1167.50% in Q2 [Reporting Today 10/25 AMC]\nhttp://www.estimize.com/intro/amzn?chart=historical&amp;metric_name=eps&amp;utm_content=AMZN&amp;utm_medium=eps_growth&amp;utm_source=stocktwits", "time": 1540520957.0, "sentiment": ""}, {"id": 142771427, "text": "$AMZN power hour then happy hour then after hour.....\ud83e\udd21", "time": 1540520954.0, "sentiment": ""}, {"id": 142771417, "text": "$AMZN Sell the news event like NFLX.", "time": 1540520951.0, "sentiment": "Bearish"}, {"id": 142771390, "text": "$AMZN - weekly 1635/1645/1950/1960 Iron Condor at 1.95 credit", "time": 1540520944.0, "sentiment": ""}, {"id": 142771308, "text": "$AMZN we are all rooting for you today!", "time": 1540520920.0, "sentiment": "Bullish"}, {"id": 142771274, "text": "$AMZN buy a put or 2 before earnings and post the screen shot. You wont do it you phony bologna bashers. This bad boy is beastly.", "time": 1540520910.0, "sentiment": "Bullish"}, {"id": 142771239, "text": "$AMZN Serious inflection point for Nasdaq, don&#39;t remember a set up quite like this", "time": 1540520900.0, "sentiment": ""}, {"id": 142771236, "text": "$amzn power hour did not work with amzn- instead pop more it pulled more - at close i am sure many people will take profit not take risk", "time": 1540520898.0, "sentiment": ""}, {"id": 142771222, "text": "$AMZN I am 200% positive on earnings.", "time": 1540520891.0, "sentiment": ""}, {"id": 142771161, "text": "$AMZN C&#39;MON BABY, 1,800 before earnings! You can do it", "time": 1540520875.0, "sentiment": "Bullish"}, {"id": 142771101, "text": "$AMZN Now that\u2019s the amzn we wanted to see...like a fu.king crazy mustang. \ud83d\udc4f\ud83c\udffb\ud83d\udc4f\ud83c\udffb\ud83d\udc4f\ud83c\udffb", "time": 1540520858.0, "sentiment": ""}, {"id": 142771066, "text": "$AMZN if ER beat, will there be a post dip?", "time": 1540520851.0, "sentiment": ""}, {"id": 142771060, "text": "$AMZN  \nhttps://youtu.be/GbJ2CNM2MQo", "time": 1540520849.0, "sentiment": ""}, {"id": 142771044, "text": "$AMZN will sell of bigly after earnings", "time": 1540520844.0, "sentiment": ""}, {"id": 142771002, "text": "$spy $dia $qqq $googl $amzn ER investor going to look for reason to sell...", "time": 1540520829.0, "sentiment": "Bearish"}, {"id": 142770999, "text": "$AAPL If $AMZN or $GOOG have bad earnings, this will lose 5% tomorrow", "time": 1540520828.0, "sentiment": ""}, {"id": 142770971, "text": "$AMZN man this must be super painful for anyone holding puts. having to go through ER", "time": 1540520820.0, "sentiment": ""}, {"id": 142770954, "text": "$AMZN yes you all should have bot this at 122 pts. Lower!", "time": 1540520815.0, "sentiment": "Bullish"}, {"id": 142770888, "text": "$AMZN 7% on 2$m makes up for the losses in some less than blue chip bios I played", "time": 1540520796.0, "sentiment": "Bullish"}, {"id": 142770826, "text": "$AMZN hard to imagine amazon below 1700", "time": 1540520776.0, "sentiment": "Bullish"}, {"id": 142770819, "text": "$AMZN wonder if we&#39;ll actually get to 1800 in the next 30mins...", "time": 1540520774.0, "sentiment": ""}, {"id": 142770808, "text": "The red hot &#39;FAANG&#39; trade is officially over, now bet on your fellow &#39;MAAN&#39; $MSFT $AAPL $AMZN $NFLX https://cnb.cx/2RgeJpA @cnbc", "time": 1540520771.0, "sentiment": ""}, {"id": 142770806, "text": "$AMZN  1800 possible ? Getting declined in 1789. Why ?", "time": 1540520771.0, "sentiment": "Bullish"}, {"id": 142770785, "text": "$AMZN in case it wasnt obvious for some of you, much of this afternoon surge is already short covering. Not sure how much more will be AH", "time": 1540520766.0, "sentiment": ""}, {"id": 142770683, "text": "$AMZN Stay above 1700 and bulls win.   That is worst case bull win scenario.   Best case is preferred.", "time": 1540520737.0, "sentiment": "Bullish"}, {"id": 142770672, "text": "$AMZN I type really fast check it:  woeif;skdf;lsdk adskfcjasldkcjs wd;kfjasd;lkfjas dsfasdsf poiwdjf sd;lkf;alsdkfeweafkjsd. lasdkjf.", "time": 1540520733.0, "sentiment": "Bullish"}, {"id": 142770614, "text": "$AMZN \n\nAmazon only has 1% of world retail. So much more upside left...", "time": 1540520717.0, "sentiment": "Bullish"}, {"id": 142770528, "text": "$amzn hit 200k followers on Instagram $fb celebrating giving away stuff to get more followers!! $spy $qqq", "time": 1540520691.0, "sentiment": ""}, {"id": 142770505, "text": "$AMZN it would drop 100 at 3 and then run back after ER", "time": 1540520683.0, "sentiment": ""}, {"id": 142770491, "text": "$AMZN what time the results please?", "time": 1540520680.0, "sentiment": ""}]