[{"id": 142765665, "text": "$AMZN Selling Amazon before Christmas would be like shitting before pulling your pants down", "time": 1540519186.0, "sentiment": "Bullish"}, {"id": 142765623, "text": "$AMZN We are in the Pre Earnings Day , Amazon Power Hour", "time": 1540519175.0, "sentiment": ""}, {"id": 142765611, "text": "$AMZN thats what I get for not getting in the game, currently same call is now $86, a solid $2.2k in a few hours. Shooters Shoot.", "time": 1540519172.0, "sentiment": "Bullish"}, {"id": 142765610, "text": "$AMZN The Beast is hungry for $2000 \ud83d\udc02", "time": 1540519172.0, "sentiment": "Bullish"}, {"id": 142765561, "text": "mimicry causing good ERs to sell off. $AMZN $GOOG $INTC beating market ahead of ER, mimicry might be over,overpunished stocks will fly $NFLX", "time": 1540519155.0, "sentiment": "Bullish"}, {"id": 142765541, "text": "Estimize revenue expectations are 0.87% higher than that of Wall Street for $AMZN Q3 [Reporting Today 10/25 AMC]\nhttp://www.estimize.com/intro/amzn?chart=change-over-time&amp;metric_name=revenue&amp;utm_content=AMZN&amp;utm_medium=revenue_difference&amp;utm_source=stocktwits", "time": 1540519150.0, "sentiment": ""}, {"id": 142765538, "text": "$AMZN Let\u2019s close above $1,774 for a continuation run tomorrow\ud83d\udcca Easy $1,800 today/AH w/over 7M Vol", "time": 1540519149.0, "sentiment": "Bullish"}, {"id": 142765531, "text": "$AMZN close at 1700", "time": 1540519147.0, "sentiment": "Bearish"}, {"id": 142765497, "text": "If $AMZN guides higher itll break the Algos!!!  $TSLA", "time": 1540519137.0, "sentiment": ""}, {"id": 142765494, "text": "$AMZN AMAZON IS MY KING BEE BUZZBUZZ  FLY HIGH MY KING BEE", "time": 1540519136.0, "sentiment": ""}, {"id": 142765486, "text": "$AMZN AWS, Ad revenue should be strong", "time": 1540519135.0, "sentiment": "Bullish"}, {"id": 142765436, "text": "$AMZN sell the news... remember that", "time": 1540519122.0, "sentiment": "Bullish"}, {"id": 142765433, "text": "$AMZN ", "time": 1540519121.0, "sentiment": "Bullish"}, {"id": 142765405, "text": "$AMZN long into earns", "time": 1540519113.0, "sentiment": "Bullish"}, {"id": 142765394, "text": "$AMZN hurry up and buy!", "time": 1540519109.0, "sentiment": ""}, {"id": 142765389, "text": "$amzn now the bar set ridiculously high for earnings to sustain with this move today incredible", "time": 1540519108.0, "sentiment": ""}, {"id": 142765380, "text": "$AMZN REMEMBER that this quarter counts AMZN day guys.", "time": 1540519105.0, "sentiment": "Bullish"}, {"id": 142765375, "text": "$AMZN How many investors are treading water in market in past 24 hours &amp; content? ALGOS gone wild.", "time": 1540519104.0, "sentiment": "Bullish"}, {"id": 142765313, "text": "$AMZN Lol..this is like Mega Millions..now everyone is buying before draw this evening..good thing is - here everyone wins \ud83d\ude1c\ud83d\ude00\ud83d\ude00\ud83d\ude1c", "time": 1540519089.0, "sentiment": "Bullish"}, {"id": 142765312, "text": "@Roth_Trader if not for the hype over $amzn earnings I&#39;d agree, but it&#39;s really nothing but a gamble now. Charts &amp; technicals out the window", "time": 1540519088.0, "sentiment": ""}, {"id": 142765311, "text": "$AMZN \ud83d\ude32 if u bot the dip yesterday u should be planning ur next vacations.", "time": 1540519088.0, "sentiment": "Bullish"}, {"id": 142765305, "text": "Amazon, Alphabet and Intel Are the Big Guns That Report Tonight $AMZN http://dlvr.it/QpVYv0", "time": 1540519087.0, "sentiment": ""}, {"id": 142765252, "text": "$AMZN $GOOG $INTC  place ur bets bulls and bears, GL", "time": 1540519072.0, "sentiment": ""}, {"id": 142765250, "text": "$AMZN punched out 1792... see you on other side... good luck all", "time": 1540519071.0, "sentiment": ""}, {"id": 142765244, "text": "$AMZN need honest answer hw mny tkng chance on call 2day?", "time": 1540519068.0, "sentiment": "Bullish"}, {"id": 142765233, "text": "$BABA everyone e just waiting on $amzn and $goog at this point. Tomm is all on them . Good luck $QQQ", "time": 1540519065.0, "sentiment": ""}, {"id": 142765228, "text": "$AMZN Excellent chases yday and today.", "time": 1540519065.0, "sentiment": ""}, {"id": 142765191, "text": "$AMZN this is too fast! I dont think this is really good as we see", "time": 1540519055.0, "sentiment": "Bullish"}, {"id": 142765101, "text": "$AMZN is er numbers leak? This is not normal!!!", "time": 1540519025.0, "sentiment": ""}, {"id": 142765054, "text": "$SPY bang bang! Money moves baby, shedding off some profits to relax for power hour tight hold. $TVIX $UVXY $AMZN", "time": 1540519007.0, "sentiment": "Bullish"}, {"id": 142765001, "text": "$AMZN I wonder how many people r in here banking on this thing exploding after hours, making up for losses earlier in week.", "time": 1540518992.0, "sentiment": "Bullish"}, {"id": 142764992, "text": "$AMZN 100pt day.", "time": 1540518991.0, "sentiment": ""}, {"id": 142764975, "text": "$AMZN Beast", "time": 1540518983.0, "sentiment": ""}, {"id": 142764933, "text": "Live Stream $AMZN $GOOGL $FB $AAPL come join the fun bring a symbol with you! Technical Analysis... https://www.youtube.com/watch?v=b20Jf0MuBzw", "time": 1540518971.0, "sentiment": ""}, {"id": 142764917, "text": "$AMZN up 7.5% and $GOOGL up 5.5% heading into earnings. I don\u2019t see this ending well.", "time": 1540518966.0, "sentiment": ""}, {"id": 142764902, "text": "$AMZN $5 eps", "time": 1540518961.0, "sentiment": "Bullish"}, {"id": 142764898, "text": "$AMZN and $WMT look good rn. Don&#39;t know which one but gonna load up on some retail", "time": 1540518961.0, "sentiment": ""}, {"id": 142764872, "text": "$AMZN the thing i like they dont give guidance. which is best.", "time": 1540518953.0, "sentiment": ""}, {"id": 142764858, "text": "$AMZN Hang on tight!!!", "time": 1540518949.0, "sentiment": "Bullish"}, {"id": 142764803, "text": "$AMZN ok now I\u2019m regretting selling my calls \ud83d\ude2d", "time": 1540518935.0, "sentiment": ""}, {"id": 142764793, "text": "$AMZN This will run up til bell.  Too cheap to sell.  99.9% sure ER beat. Best stock on the market.", "time": 1540518933.0, "sentiment": "Bullish"}, {"id": 142764762, "text": "$AMZN Would take profits going into earnings. Up a lot.", "time": 1540518925.0, "sentiment": ""}, {"id": 142764740, "text": "$AMZN lol guy says right on time sharing his own post from an hour ago then deletes it good sign haha", "time": 1540518919.0, "sentiment": "Bullish"}, {"id": 142764729, "text": "$AMZN goal...increase volatility as much as possible.  Iron condor...reap premiums.", "time": 1540518917.0, "sentiment": ""}, {"id": 142764720, "text": "$AMZN wouldn&#39;t chase this at this point", "time": 1540518915.0, "sentiment": ""}, {"id": 142764657, "text": "$AMZN \n\nWow a bull on CNBC...", "time": 1540518895.0, "sentiment": "Bullish"}, {"id": 142764598, "text": "$AMZN This is not just the ER. It&#39;s because everything was so oversold.", "time": 1540518880.0, "sentiment": ""}, {"id": 142764579, "text": "$AMZN Dont fight with beast!", "time": 1540518874.0, "sentiment": "Bullish"}, {"id": 142764559, "text": "$AMZN hedge funds manipulated this down all day yesterday and now they manipulated it up all day today to screw people over. Drop incoming", "time": 1540518867.0, "sentiment": ""}, {"id": 142764509, "text": "$AMZN woohooo", "time": 1540518853.0, "sentiment": ""}, {"id": 142764469, "text": "$AMZN love these kind of days..$AMZN $GOOGL actually moving Nasdaq index to the north", "time": 1540518841.0, "sentiment": "Bullish"}, {"id": 142764416, "text": "$AMZN who\u2019s holding after the bell?", "time": 1540518826.0, "sentiment": "Bullish"}, {"id": 142764366, "text": "I hope $amzn Can pop big AH and can give us green market so $MU can pop more so i ll re short that one- i need my revenge on mu long lost", "time": 1540518810.0, "sentiment": ""}, {"id": 142764296, "text": "$AMZN I&#39;m scared", "time": 1540518789.0, "sentiment": "Bullish"}, {"id": 142764250, "text": "$AMZN 1860 if beat. If not then back to lower 1700s", "time": 1540518774.0, "sentiment": ""}, {"id": 142764242, "text": "$AMZN dang, is WS expecting biblical scale sunami crushing #s on earnings or what!!??", "time": 1540518772.0, "sentiment": "Bullish"}, {"id": 142764179, "text": "$amzn look like as i project $1789 area resistant now- healthy maybe 10 point pull after 1790 due to project takers and short try -", "time": 1540518751.0, "sentiment": ""}, {"id": 142764174, "text": "@choclat85 if $AMZN crushes earnings it is going to be an epic run up.", "time": 1540518750.0, "sentiment": "Bullish"}, {"id": 142764034, "text": "$AMZN 1700/1800/1800/1900 iron butterfly net credit $7600. No way they let this thing move big on a friday expiration. Earnings or not.", "time": 1540518705.0, "sentiment": ""}, {"id": 142763998, "text": "$AMZN", "time": 1540518694.0, "sentiment": ""}, {"id": 142763996, "text": "$AMZN glad I bought more the other day. Looking forward to them blowing the doors off of earnings!", "time": 1540518694.0, "sentiment": "Bullish"}, {"id": 142763990, "text": "$AMZN right on queue.", "time": 1540518693.0, "sentiment": ""}, {"id": 142763949, "text": "$AMZN algo sell eta 9 minutes", "time": 1540518682.0, "sentiment": ""}, {"id": 142763947, "text": "$AMZN what we are looking at is FOMO, it&#39;s a rare but powerful feelin that takes over ones bank account, others can profit greatly from this", "time": 1540518682.0, "sentiment": "Bearish"}, {"id": 142763921, "text": "Earnings after bell so Place your bets: $AMZN $1875 or 1650, $goog $1k or 1200, $intc 40 or 50, $gild 65 or 75, $wdc 50 or 60, $Aks 3 or 5\ud83d\ude05", "time": 1540518675.0, "sentiment": ""}, {"id": 142763894, "text": "$AMZN Make way for the behemoth! \ud83d\udc02", "time": 1540518666.0, "sentiment": "Bullish"}, {"id": 142763885, "text": "$SPY how does she do it? has to be the market&#39;s sexiest chart. Cmon earnings... $AMZN", "time": 1540518664.0, "sentiment": ""}, {"id": 142763877, "text": "$AMZN Earnings Power Hour 10 Minutes!", "time": 1540518661.0, "sentiment": ""}, {"id": 142763869, "text": "$AMZN $GOOGL 1hr remains. Beast moves w/ SPY. Fri tom.", "time": 1540518659.0, "sentiment": ""}, {"id": 142763866, "text": "$AMZN I\u2019m calling for a PT of $3,0000 by April 2019", "time": 1540518658.0, "sentiment": "Bullish"}, {"id": 142763848, "text": "$AMZN if you get to 1900\u2019s after ER you will need to be tested to Being on the juice!!!", "time": 1540518651.0, "sentiment": ""}, {"id": 142763844, "text": "$AMZN Just adding my 2 cent opinion. I suggest you buy Put options on this stock", "time": 1540518650.0, "sentiment": ""}, {"id": 142763834, "text": "@choclat85 tomorrow too after $AMZN reports", "time": 1540518649.0, "sentiment": ""}, {"id": 142763829, "text": "$AMZN RSI 12 @ 46.. bullish and a ton of room to move up", "time": 1540518647.0, "sentiment": "Bullish"}, {"id": 142763826, "text": "$AMZN EJECTED...... waiting for drop to reload..... 7+ :)", "time": 1540518647.0, "sentiment": "Bullish"}, {"id": 142763814, "text": "$AMZN Let the buying begin!  Let\u2019s do this!", "time": 1540518645.0, "sentiment": "Bullish"}, {"id": 142763798, "text": "$AMZN can I get a $3,000 fair market price", "time": 1540518640.0, "sentiment": "Bullish"}, {"id": 142763705, "text": "$AMZN Overdone.", "time": 1540518610.0, "sentiment": ""}, {"id": 142763696, "text": "$AMZN Did someone pre release the numbers?", "time": 1540518609.0, "sentiment": ""}, {"id": 142763686, "text": "$AMZN post ER, moon shot.", "time": 1540518606.0, "sentiment": "Bullish"}, {"id": 142763669, "text": "$AMZN I think we passed the moon a while ago!!!!!!!", "time": 1540518601.0, "sentiment": "Bullish"}, {"id": 142763667, "text": "$AMZN i believe earlier i said we clearly get above 2710 this goes to 1800 !!!", "time": 1540518600.0, "sentiment": "Bullish"}, {"id": 142763646, "text": "$AMZN Too many pumpers. This\u2019ll fade at the end of the day", "time": 1540518597.0, "sentiment": ""}, {"id": 142763635, "text": "$AMZN and $GOOGL up to bat tonight", "time": 1540518594.0, "sentiment": ""}, {"id": 142763622, "text": "$QQQ ill be honest, I kinda hate this market... if $AMZN misses here do we just lose 4% tomorrow on the indices", "time": 1540518590.0, "sentiment": ""}, {"id": 142763618, "text": "$AMZN 1900+ tomorrow", "time": 1540518588.0, "sentiment": ""}, {"id": 142763608, "text": "$AMZN buy now last chance before power hour FOMO \u2014 even if this misses I\u2019m keeping it (but it won\u2019t miss)", "time": 1540518586.0, "sentiment": "Bullish"}, {"id": 142763602, "text": "$AMZN $NFLX $AAPL $FB $GOOGL Knew markets will run today but didn&#39;t thought it will run like a person running from crazy dog.", "time": 1540518585.0, "sentiment": "Bearish"}, {"id": 142763531, "text": "$AMZN get ready for a 15% squeeze suckers", "time": 1540518566.0, "sentiment": "Bullish"}, {"id": 142763529, "text": "$AMZN Its Gone! Moon Shot!", "time": 1540518565.0, "sentiment": "Bullish"}, {"id": 142763523, "text": "$AMZN wow! Gap fill from Tuesday. Congrats all who bought dip yesterday", "time": 1540518563.0, "sentiment": ""}, {"id": 142763521, "text": "$AMZN damn this ER better be good O_o", "time": 1540518563.0, "sentiment": "Bullish"}, {"id": 142763518, "text": "$GOOGL I think this has more likely to beat than $AMZN does. P/E is very high on AMZN; also cloud service is already very high.", "time": 1540518562.0, "sentiment": ""}, {"id": 142763515, "text": "$AMZN go go go", "time": 1540518561.0, "sentiment": "Bullish"}, {"id": 142763501, "text": "$AMZN  wow!!!  better not disappoint.", "time": 1540518556.0, "sentiment": ""}, {"id": 142763493, "text": "$AMZN Volume surging", "time": 1540518553.0, "sentiment": ""}, {"id": 142763482, "text": "$AMZN If anyone hasn&#39;t purchased yet, basically you dont have what it takes. This will approach 2k tomorrow.", "time": 1540518550.0, "sentiment": "Bullish"}, {"id": 142763447, "text": "$FB $SPY $AAPL $MU $YY $AMZN $SPX $BABA $TSLA $LITE $JPM $DJIA $GOOG  \nMMs n algos fu.king with retailers triggering multiple stop losses", "time": 1540518541.0, "sentiment": "Bullish"}, {"id": 142763427, "text": "$AMZN easy 10% by the way it moves", "time": 1540518537.0, "sentiment": "Bullish"}, {"id": 142763386, "text": "$AMZN er leaked", "time": 1540518526.0, "sentiment": ""}, {"id": 142763338, "text": "$AMZN buy more or whait?", "time": 1540518511.0, "sentiment": "Bullish"}, {"id": 142763315, "text": "$AMZN looks like no one thinks Amazon misses today", "time": 1540518505.0, "sentiment": ""}, {"id": 142763311, "text": "$AMZN Clarida + upcoming beat = party time!", "time": 1540518504.0, "sentiment": "Bullish"}, {"id": 142763289, "text": "$AMZN There r NO dips on this thing. Came late to the party, tried to get in on 1776, but eventually got 1784.  Good to be you smart people.", "time": 1540518497.0, "sentiment": "Bullish"}, {"id": 142763281, "text": "$AMZN 10 more to go push it guys for 1800 b4 e pm :)", "time": 1540518495.0, "sentiment": "Bullish"}, {"id": 142763199, "text": "$AMZN Mkts were all way oversold on fear. They are sill way down from highs", "time": 1540518472.0, "sentiment": ""}, {"id": 142763194, "text": "@onodelta @eclass $AMZN seems to be a household name so finger&#39;s crossed.  Alot of working people gets shipments from them almost daily!", "time": 1540518471.0, "sentiment": ""}, {"id": 142763183, "text": "$AMZN ping pong! trillion dollar swinging everyday! unless they ban algo, market will remain volatile!", "time": 1540518466.0, "sentiment": ""}, {"id": 142763170, "text": "$AMZN Did anyone catch an actual time for the CC?", "time": 1540518462.0, "sentiment": ""}, {"id": 142763163, "text": "$AMZN \n\nUpgrades tomorrow...", "time": 1540518460.0, "sentiment": "Bullish"}, {"id": 142763161, "text": "$AMZN algos going to run it to 1.8k before 3pm profit taking", "time": 1540518459.0, "sentiment": ""}, {"id": 142763120, "text": "$AMZN AWS accounts for the 10% of the Amazon total net sales but in terms of operating income is huge. The best Amazon segment by far", "time": 1540518444.0, "sentiment": "Bullish"}, {"id": 142763110, "text": "So many positions waiting for ERs or important news!..$FNKO $GLMD $CNAT $AMZN $VKTK  currently some crazy days, but could be a GREAT January", "time": 1540518441.0, "sentiment": "Bullish"}, {"id": 142763073, "text": "$AMZN bubble pop!", "time": 1540518426.0, "sentiment": "Bearish"}, {"id": 142763064, "text": "$AMZN will iv crush the calls?", "time": 1540518423.0, "sentiment": ""}, {"id": 142763063, "text": "$AMZN IMO, closing at $1850 today", "time": 1540518423.0, "sentiment": "Bullish"}, {"id": 142763059, "text": "$AMZN ok ok ok, sold my calls, will refresh on a dip. This is freaking too parabolic to be real", "time": 1540518422.0, "sentiment": ""}, {"id": 142763027, "text": "$AMZN Ludicrous - stock trades like a penny stock and people think that is bullish.", "time": 1540518413.0, "sentiment": ""}, {"id": 142763015, "text": "$AMZN too fast too furious", "time": 1540518409.0, "sentiment": "Bullish"}, {"id": 142763004, "text": "$AMZN how much comes off bezos net worth tomorrow?", "time": 1540518404.0, "sentiment": "Bearish"}, {"id": 142762981, "text": "$AMZN spread the gains homie", "time": 1540518395.0, "sentiment": ""}, {"id": 142762959, "text": "$AMZN \n\nStill have a sick q3 USA gdp # on Friday that everyone expects to blow the roof off...", "time": 1540518390.0, "sentiment": "Bullish"}, {"id": 142762946, "text": "$AMZN you see like I said they dropped it to get in cheap. Now they run it up 120 after dropping it 100 yesterday and portfolios shining", "time": 1540518386.0, "sentiment": ""}, {"id": 142762900, "text": "$AMZN Don&#39;t remember being this nervous for an earnings report, too much exposure...not smart", "time": 1540518373.0, "sentiment": ""}, {"id": 142762895, "text": "$AMZN 1850 close. 2000 after hours", "time": 1540518372.0, "sentiment": "Bullish"}, {"id": 142762889, "text": "$AMZN Market is full of sheep and that&#39;s the reason we are about to get greatest crash in history.", "time": 1540518370.0, "sentiment": "Bearish"}, {"id": 142762875, "text": "$AMZN this stock is a Bully!!! \ud83d\ude02 \ud83d\ude02 it has no regards for bears/bulls", "time": 1540518363.0, "sentiment": ""}, {"id": 142762836, "text": "$AMZN which ones do u have. I&#39;m second which puts to buy now", "time": 1540518353.0, "sentiment": ""}, {"id": 142762835, "text": "$AMZN great going let\u2019s go 1800 b4 Er I can do it", "time": 1540518353.0, "sentiment": "Bullish"}, {"id": 142762829, "text": "$AMZN shit.", "time": 1540518352.0, "sentiment": ""}, {"id": 142762824, "text": "$AMZN The faAng! \ud83d\udcaa\ud83d\udc02\ud83d\ude0e beast", "time": 1540518351.0, "sentiment": "Bullish"}, {"id": 142762805, "text": "$AMZN we will likely see 2050 post ER", "time": 1540518347.0, "sentiment": "Bullish"}, {"id": 142762789, "text": "$AMZN earnings beat, run to 2,000, and if Trump doesn&#39;t mess things up again, we can stay up there...", "time": 1540518342.0, "sentiment": "Bullish"}, {"id": 142762784, "text": "$AMZN Amazon is the market, the market is amazon... all eyes here", "time": 1540518342.0, "sentiment": ""}, {"id": 142762769, "text": "$AMZN sold some 1950 calls spreads expiring tomorrow.", "time": 1540518339.0, "sentiment": ""}, {"id": 142762762, "text": "$AMZN winner&#39;s win... either way.", "time": 1540518339.0, "sentiment": "Bullish"}, {"id": 142762744, "text": "$AMZN WHO NEEDS THE LOTTERY WHEN YOU HAVE AMAZON CALL OPTIONS \ud83d\ude01\ud83d\ude01\ud83d\ude01\ud83d\ude01\ud83d\ude01\ud83d\udcb5\ud83d\udcb5\ud83d\udcb0\ud83d\udcb0\ud83d\udcb0", "time": 1540518334.0, "sentiment": "Bullish"}, {"id": 142762742, "text": "$AMZN damn, earnings hasn&#39;t been announced yet, slow down cowboy", "time": 1540518333.0, "sentiment": ""}, {"id": 142762739, "text": "$AMZN Bound to be some pullback before close by those who are too nervous to hold.", "time": 1540518332.0, "sentiment": ""}, {"id": 142762731, "text": "$AMZN 95pt day.", "time": 1540518329.0, "sentiment": ""}, {"id": 142762726, "text": "$SNAP They changed their earnings release two weeks earlier, paired it with $amzn and two amzn execs now at snap.  Think about that.", "time": 1540518327.0, "sentiment": "Bullish"}, {"id": 142762713, "text": "$AMZN those 1800 calls were 17.50 this morning now 46.00! Holy shit", "time": 1540518322.0, "sentiment": ""}, {"id": 142762706, "text": "$AMZN this is insane! unexpected this move of 120 points before ER", "time": 1540518322.0, "sentiment": "Bullish"}, {"id": 142762703, "text": "$AMZN you see it dropping after er?  Or major sell off before close?", "time": 1540518321.0, "sentiment": ""}, {"id": 142762698, "text": "$AMZN $1800 Rally", "time": 1540518321.0, "sentiment": "Bullish"}, {"id": 142762680, "text": "$AMZN Would normally expect this market response after good ER &amp; not before. Is this in anticipation of the former?", "time": 1540518316.0, "sentiment": ""}, {"id": 142762659, "text": "$AMZN even If it goes up after hrs. It will get heavily sold into", "time": 1540518312.0, "sentiment": ""}, {"id": 142762654, "text": "$AMZN take your profits , only pigs get slaughtered", "time": 1540518310.0, "sentiment": "Bearish"}, {"id": 142762629, "text": "$AMZN Stock in play Before Earnings at 4:00 PM ET", "time": 1540518302.0, "sentiment": ""}, {"id": 142762624, "text": "100% retrace of losses from yday $AMZN, means earnings better be amazing to give further upside. Any miss, drops 150-200, crushes NASDAQ 100", "time": 1540518299.0, "sentiment": ""}]