[{"id": 143090715, "text": "$AMZN C o v e r", "time": 1540847901.0, "sentiment": "Bullish"}, {"id": 143090628, "text": "$AMZN bulls should be banned here with their \u201cconfirmed\u201d BS. Trapping others and losing money. Shame on you", "time": 1540847875.0, "sentiment": ""}, {"id": 143090605, "text": "$AMZN are we all waiting for 1570-1580?", "time": 1540847870.0, "sentiment": ""}, {"id": 143090422, "text": "$amzn right at 1630 area", "time": 1540847819.0, "sentiment": ""}, {"id": 143090396, "text": "$SPY $amzn and propped again", "time": 1540847809.0, "sentiment": ""}, {"id": 143090325, "text": "$AMZN The turn!!!!", "time": 1540847782.0, "sentiment": ""}, {"id": 143090308, "text": "$AMZN rally after 11 confirmed. Timed orders in place.", "time": 1540847779.0, "sentiment": "Bullish"}, {"id": 143090259, "text": "$AMZN nothing change from when it was at 2k! It is a really good time to get in before it flies!", "time": 1540847763.0, "sentiment": "Bullish"}, {"id": 143090236, "text": "$AMZN Buy !", "time": 1540847757.0, "sentiment": "Bullish"}, {"id": 143090119, "text": "$AMZN Bezos for Moon President 2028", "time": 1540847728.0, "sentiment": ""}, {"id": 143090076, "text": "$AMZN yep going green soon!", "time": 1540847717.0, "sentiment": "Bullish"}, {"id": 143090059, "text": "$AMZN All in on puts now, no longer an Amazon bull! Already making my money back", "time": 1540847713.0, "sentiment": "Bearish"}, {"id": 143089996, "text": "$AMZN Turd Alert", "time": 1540847694.0, "sentiment": "Bearish"}, {"id": 143089910, "text": "$AMZN call me crazy but I shorted some 1650 Nov 17 puts", "time": 1540847668.0, "sentiment": ""}, {"id": 143089796, "text": "$AMZN not bad R/R at 1600.00 and 50 wk SMA  \n \n$QQQ", "time": 1540847632.0, "sentiment": ""}, {"id": 143089778, "text": "@Partridge what is your take in $AMZN sir? Thanks", "time": 1540847626.0, "sentiment": ""}, {"id": 143089764, "text": "$SPY $amzn every pass amazon sold off yet propped at and under 1630 because pattern shows death under 1613", "time": 1540847622.0, "sentiment": ""}, {"id": 143089761, "text": "$AMZN very bad sign longs and I\u2019m long mkt up huge this is stuck in the mud my bet MM \u2018s and big bank want this down for whatever reason", "time": 1540847621.0, "sentiment": ""}, {"id": 143089685, "text": "$AMZN this stock is oversold.", "time": 1540847600.0, "sentiment": "Bullish"}, {"id": 143089684, "text": "$AMZN $FB $NFLX $GOOGL $AAPL Some experts saying economy is not in recession so why stocks crashing? I say Stock crash results in recession.", "time": 1540847600.0, "sentiment": "Bearish"}, {"id": 143089592, "text": "$SPY nasdung green. however $AMZN red. what does that tell you?", "time": 1540847572.0, "sentiment": "Bearish"}, {"id": 143089535, "text": "Market On The Brink: Stocks Look For Bottom --&gt; https://mailchi.mp/seeitmarket.com/market-brink-stocks-look-bottom-1703922  feat. @KimbleCharting @MarketScholars  \n \n$SPY $GLD $TSLA $AMZN $VIX", "time": 1540847554.0, "sentiment": ""}, {"id": 143089414, "text": "@tommycash23 @Crbramhall FYI I bought $AMZN earlier this year at 1390, and sold at 1923. Been waiting on the sidelines since then.", "time": 1540847526.0, "sentiment": ""}, {"id": 143089246, "text": "$AMZN Sold at a loss from 1666--&gt;1638, bought $FB ahead of earnings", "time": 1540847472.0, "sentiment": ""}, {"id": 143089221, "text": "$AMZN under $1600 coming, will buy on $1570 range.", "time": 1540847463.0, "sentiment": ""}, {"id": 143089184, "text": "Monday\u2019s Vital Data: Snapchat, Tesla and Amazon\n\n$TSLA $SNAP $AMZN  \n\nhttps://investorplace.com/2018/10/mondays-vital-data-snapchat-tesla-and-amazon/", "time": 1540847454.0, "sentiment": ""}, {"id": 143088842, "text": "$AMZN what a bull trap. Smh. Play the trend people! 1615 coming. Short term bear on entire market. Good luck!", "time": 1540847364.0, "sentiment": ""}, {"id": 143088829, "text": "@Siretch ... We are not mind readers as to either $AAPL $AMZN $NFLX $MSFT $GOOG.  No one asking for your advice.", "time": 1540847361.0, "sentiment": ""}, {"id": 143088751, "text": "$AMZN Should have used three day rule.. as ever impatient...", "time": 1540847342.0, "sentiment": ""}, {"id": 143088520, "text": "$AMZN happy I\u2019m up $38 even with my big amazon L on these calls", "time": 1540847274.0, "sentiment": "Bullish"}, {"id": 143088418, "text": "$AMZN great morning\u2014", "time": 1540847245.0, "sentiment": "Bullish"}, {"id": 143088259, "text": "$SPY $TSLA $AMZN If you can still cover, best time is now. This will be a green week heading into November.", "time": 1540847204.0, "sentiment": "Bullish"}, {"id": 143088055, "text": "$AMZN scalping 50 bux...20 times", "time": 1540847149.0, "sentiment": ""}, {"id": 143087962, "text": "$AMZN this needs to hold today or stock is finished for a while", "time": 1540847120.0, "sentiment": ""}, {"id": 143087950, "text": "$AMZN bue bye shortie", "time": 1540847117.0, "sentiment": "Bullish"}, {"id": 143087922, "text": "$AMZN he he\nGreen, again", "time": 1540847110.0, "sentiment": ""}, {"id": 143087874, "text": "$IBM The CIA contract is pretty much IBM&#39;s now with this buy. It is &gt;$10B .$AMZN &amp; $MSFT is hit where it hurts most.Cloud leader is now IBM!", "time": 1540847099.0, "sentiment": "Bullish"}, {"id": 143087825, "text": "$AMZN a little shake out there to keep the bears in", "time": 1540847084.0, "sentiment": "Bullish"}, {"id": 143087777, "text": "$AMZN There she goes.. need to get some fresh buyers.. not scalpers", "time": 1540847071.0, "sentiment": ""}, {"id": 143087739, "text": "$AMZN wtf Amazon, everything else is up", "time": 1540847062.0, "sentiment": ""}, {"id": 143087698, "text": "$AMZN VWAP", "time": 1540847048.0, "sentiment": ""}, {"id": 143087637, "text": "$AMZN real move now", "time": 1540847033.0, "sentiment": "Bullish"}, {"id": 143087590, "text": "$AMZN fear is your enemy- bears are here to put fear in you! It\u2019s their job!", "time": 1540847017.0, "sentiment": "Bullish"}, {"id": 143087518, "text": "$RHT $IBM Game changer acquisition. IBM goes from #4 to #1 on the cloud almost overnight. $AMZN &amp;$MSFT are pretty much done!", "time": 1540847001.0, "sentiment": "Bullish"}, {"id": 143087487, "text": "$AMZN get me back to 1700s and I\u2019ll be happy with you again.", "time": 1540846991.0, "sentiment": ""}, {"id": 143087433, "text": "$AMZN headed to 1500", "time": 1540846979.0, "sentiment": "Bearish"}, {"id": 143087431, "text": "$SPY wow, $AMZN not participating in the rally!", "time": 1540846979.0, "sentiment": ""}, {"id": 143087360, "text": "$AMZN looks like a short term short", "time": 1540846962.0, "sentiment": "Bearish"}, {"id": 143087316, "text": "$AMZN what website is this info on?", "time": 1540846949.0, "sentiment": ""}, {"id": 143087239, "text": "$AMZN 1650s will be your last chance to get out in the 1600s. Silly bulls w/o trade plans. Lol .", "time": 1540846928.0, "sentiment": "Bearish"}, {"id": 143087216, "text": "FANG Group Mostly Higher $SPY $FB $GOOG $AAPL $AMZN $NFLX https://bit.ly/2zdoltN", "time": 1540846922.0, "sentiment": ""}, {"id": 143087100, "text": "$AMZN those dipbuys go all the way to 1929 crash, it also started green. https://en.wikipedia.org/wiki/Dead_cat_bounce", "time": 1540846892.0, "sentiment": ""}, {"id": 143087098, "text": "$AMZN Coming around.. lets see if this sticks...", "time": 1540846891.0, "sentiment": ""}, {"id": 143086982, "text": "$NBEV is booming like never before!!! $CRON $YGYI $AMZN $SPY $CGC $TLRY", "time": 1540846855.0, "sentiment": "Bullish"}, {"id": 143086933, "text": "$SPY absurdity. wont let anything really break just brings it to the brink then inst-stick save i.e. $amzn once again refusing the drop", "time": 1540846844.0, "sentiment": ""}, {"id": 143086839, "text": "@spherehere ... re: &quot;$AMZN 1800&quot;  When?  Currently trading at 1637.06.", "time": 1540846824.0, "sentiment": ""}, {"id": 143086830, "text": "$IBM IBM pursues $AMZN Amazon into cloud with $33-billion $RHT Red Hat deal, stock increases +2.53%, https://www.newsquantified.com/ibm/stock-report/intl-business-machine-pursues-amazon-into-cloud-with-05wbzb#app0", "time": 1540846823.0, "sentiment": ""}, {"id": 143086766, "text": "$AMZN Want a winner. Buy Apple.", "time": 1540846806.0, "sentiment": "Bearish"}, {"id": 143086561, "text": "$AMZN Still waiting for 1583. AMZN entering bear market (20% correction) will be confirmed on a close below 1632.", "time": 1540846771.0, "sentiment": ""}, {"id": 143086544, "text": "$AMZN people don\u2019t learn :( 1400-1500s", "time": 1540846767.0, "sentiment": "Bearish"}, {"id": 143086489, "text": "@spherehere ... re: &quot;$AMZN no one sold Friday.&quot;  Do you exaggerate in daily life, too?  &quot;no one&quot; means 100%, thus post is a LIE.", "time": 1540846748.0, "sentiment": ""}, {"id": 143086473, "text": "$SPY $AMZN down 11 after being down 125+ Fri. - called the downfall of can&#39;t go wrong fangs.", "time": 1540846743.0, "sentiment": "Bearish"}, {"id": 143086442, "text": "$SPY $TSLA $AMZN Green flowing in", "time": 1540846736.0, "sentiment": "Bullish"}, {"id": 143086319, "text": "$AMZN Lot of price fluctuation and this should shake out weak sellers. Give it time to see green...", "time": 1540846695.0, "sentiment": ""}, {"id": 143086237, "text": "$DJIA $SPY $NDX $NFLX $AMZN More dead cat bounces before the rug pull", "time": 1540846674.0, "sentiment": "Bearish"}, {"id": 143086236, "text": "if $SPY gap fills, (shits the bed) $AMZN breaks 1,613 and it get&#39;s run. Every ER has flushed, $NFLX, etc.", "time": 1540846674.0, "sentiment": ""}, {"id": 143086157, "text": "$AMZN this has just been a nightmare month. 400 points in 3 weeks man o man!", "time": 1540846649.0, "sentiment": ""}, {"id": 143086129, "text": "Trade alert:- $AMZN 1500p Nov 9th for $9.6", "time": 1540846640.0, "sentiment": "Bearish"}, {"id": 143086043, "text": "$AMZN still looking for 1580 .", "time": 1540846616.0, "sentiment": ""}, {"id": 143086033, "text": "$AMZN gonna break 1630 won\u2019t be long till it hits 1600. Market is just \ud83d\udc94 from Oct", "time": 1540846612.0, "sentiment": "Bearish"}, {"id": 143085919, "text": "@Moneymakr09 ... there are 5 minutes remaining for the &quot;30 minutes $AMZN green&quot; expectation to happen. What will be expectation after 10:00?", "time": 1540846573.0, "sentiment": ""}, {"id": 143085839, "text": "$AMZN Out here again from my puts earlier. Waiting again for another scalp", "time": 1540846550.0, "sentiment": ""}, {"id": 143085834, "text": "$AMZN psst..1600 gets me long", "time": 1540846548.0, "sentiment": "Bullish"}, {"id": 143085818, "text": "$AMZN Wall Street consensus price target of $2,145.16.", "time": 1540846544.0, "sentiment": ""}, {"id": 143085769, "text": "$amzn 1613 break on watch i mean there is nothing left to hold this up here as its constantly sold into", "time": 1540846528.0, "sentiment": ""}, {"id": 143085768, "text": "$AMZN $AAPL they have rarely &quot;missed&quot; earnings. No outward signs they will.", "time": 1540846527.0, "sentiment": ""}, {"id": 143085749, "text": "$AMZN not too late to get in on $WMT.", "time": 1540846520.0, "sentiment": ""}, {"id": 143085508, "text": "$AMZN Can only be saved by Apple. Good Luck Bulls", "time": 1540846447.0, "sentiment": "Bearish"}, {"id": 143085434, "text": "$SPY $amzn thing needs to flush out still", "time": 1540846424.0, "sentiment": ""}, {"id": 143085405, "text": "$SPY $amzn if amazon would just flush 1600 and hit some support then maybe we can move up in this market. look at that 2 day pattern", "time": 1540846414.0, "sentiment": ""}, {"id": 143085398, "text": "$AMZN $1560 next.", "time": 1540846412.0, "sentiment": ""}, {"id": 143085395, "text": "@Gc6866 ... re: &quot;$AMZN will close under 1600 today.&quot;  Guaranteed? Will you admit being wrong, if not?  Post becomes a LIE.", "time": 1540846410.0, "sentiment": ""}, {"id": 143085322, "text": "$AMZN Entering another scalp for this one with puts. Going to sell around 1623-1625$", "time": 1540846388.0, "sentiment": ""}, {"id": 143085303, "text": "$AMZN $FB $GOOGL $AAPL $NFLX Market is behaving like this because believers/ Bulls not letting it reset. Let it reset then market can go up.", "time": 1540846380.0, "sentiment": "Bearish"}, {"id": 143085143, "text": "Dow Rebounds as Stocks Limp Toward the End of a Brutal Month $AMZN http://dlvr.it/QpsDP6", "time": 1540846325.0, "sentiment": ""}, {"id": 143085023, "text": "$AMZN stay STRONG!!!\ud83e\udd20$$", "time": 1540846293.0, "sentiment": "Bullish"}, {"id": 143084904, "text": "$AMZN 35pt day.", "time": 1540846256.0, "sentiment": ""}, {"id": 143084819, "text": "$AMZN damn come on. Bought more last week thinking up this week", "time": 1540846232.0, "sentiment": "Bullish"}, {"id": 143084801, "text": "$AMZN $AAPL you better hide in a bunker if Apple misses earnings this week.", "time": 1540846227.0, "sentiment": ""}, {"id": 143084781, "text": "$AMZN can\u2019t trust it when everything is green so imagine how it\u2019ll be when everything is red.", "time": 1540846220.0, "sentiment": "Bearish"}, {"id": 143084775, "text": "$AMZN Other Fang are not joining this to go down. Tomorrow could be a big down day because of $FB ER.", "time": 1540846220.0, "sentiment": "Bearish"}, {"id": 143084719, "text": "$TSLA $AAPL $FB $AMZN $QQQ spam off clown block", "time": 1540846203.0, "sentiment": ""}, {"id": 143084488, "text": "$AMZN Perfect call. Out here. Going to wait more before opening another position", "time": 1540846132.0, "sentiment": ""}, {"id": 143084485, "text": "$AMZN w/o amazon market is weak, if $AAPL misses then its done", "time": 1540846132.0, "sentiment": ""}, {"id": 143084322, "text": "$AMZN  I actually agree this time.", "time": 1540846091.0, "sentiment": ""}, {"id": 143084215, "text": "$AMZN  no shit!", "time": 1540846061.0, "sentiment": ""}, {"id": 143084211, "text": "$AMZN successful hold it flys if not bears are right it dies", "time": 1540846059.0, "sentiment": ""}, {"id": 143084154, "text": "$AMZN", "time": 1540846042.0, "sentiment": "Bearish"}, {"id": 143084126, "text": "$AMZN level test at 1630", "time": 1540846033.0, "sentiment": ""}, {"id": 143084060, "text": "$AMZN will close under 1600 today", "time": 1540846010.0, "sentiment": "Bearish"}, {"id": 143084042, "text": "$AMZN a solid company with great leadership and massive market share across different industries. Up potential is huge. Long and strong 2222", "time": 1540846006.0, "sentiment": "Bullish"}, {"id": 143083999, "text": "$AMZN In for a quick scalp on calls. Looking for a bounce to 1638-1640$ area before continuing lower for the day", "time": 1540845994.0, "sentiment": ""}, {"id": 143083994, "text": "$AMZN As expected.", "time": 1540845991.0, "sentiment": ""}, {"id": 143083897, "text": "$spy $qqq $amzn $aapl another monday and same gap higher BS on no news but pump aapl upgrades LMAO-they have to do it to keep it up-pathetic", "time": 1540845962.0, "sentiment": ""}, {"id": 143083872, "text": "$AMZN in a sea of green. She is red.", "time": 1540845953.0, "sentiment": "Bearish"}, {"id": 143083850, "text": "$AMZN Several PT analyst downgrades", "time": 1540845947.0, "sentiment": ""}, {"id": 143083747, "text": "$AMZN Three price target lowered today. Not a good way to start the week. Glad I sold at the open", "time": 1540845922.0, "sentiment": ""}, {"id": 143083671, "text": "$AMZN Futures are such a crock", "time": 1540845898.0, "sentiment": ""}, {"id": 143083650, "text": "$AMZN 2050.50?", "time": 1540845892.0, "sentiment": "Bearish"}, {"id": 143083625, "text": "$AMZN time for Puts as it continues that leg down", "time": 1540845883.0, "sentiment": ""}, {"id": 143083600, "text": "$AMZN Guys don&#39;t worry it&#39;s a dip to nobody knows. Maybe 1000. Be cautious.", "time": 1540845877.0, "sentiment": "Bearish"}, {"id": 143083585, "text": "$AMZN no no", "time": 1540845875.0, "sentiment": ""}, {"id": 143083576, "text": "$TSLA just buy tesla. All the others are trash $AAPL $FB $AMZN $QQQ", "time": 1540845873.0, "sentiment": ""}, {"id": 143083525, "text": "$AMZN wait for the downgrades. Lol", "time": 1540845854.0, "sentiment": "Bearish"}, {"id": 143083413, "text": "$AMZN getting cut by analysts as we speak.", "time": 1540845820.0, "sentiment": "Bearish"}, {"id": 143083356, "text": "Markets surge,  RBI\u2019s fight with the govt,  $AMZN upbeat about India &amp; more http://www.adrsofindia.com/blog/2018/10/29/Morning-News.html $WMT $DNKN $BRK.B $INFY $WIT $CTSH $MMYT", "time": 1540845801.0, "sentiment": ""}, {"id": 143083329, "text": "$AMZN Amazon  PT Lowered to $1,900 at FBN Securities http://www.streetinsider.com/Analyst+PT+Change/Amazon.com+%28AMZN%29+PT+Lowered+to+%241%2C900+at+FBN+Securities/14749059.html via @Street_Insider", "time": 1540845791.0, "sentiment": ""}, {"id": 143083327, "text": "$AMZN back to red \nThis is bullshit", "time": 1540845790.0, "sentiment": ""}, {"id": 143083315, "text": "$AMZN 1m bit oversold.", "time": 1540845787.0, "sentiment": ""}, {"id": 143083297, "text": "$AMZN 30pt day.", "time": 1540845781.0, "sentiment": ""}, {"id": 143083273, "text": "Monday Market Madness - IBM&#39;s $33Bn Shopping Spree Gives Tech Investors Hope $IBM $RHT $AAPL $MSFT $F $AMZN https://goo.gl/JdCkwB", "time": 1540845775.0, "sentiment": ""}, {"id": 143083268, "text": "$AMZN (10k ps soon/long)  $FLKS (13g on friday)  $RKDA (earnings on the 7th)", "time": 1540845774.0, "sentiment": "Bullish"}, {"id": 143083172, "text": "$AMZN JMP Cuts Amazon (AMZN) PT To $2050 http://www.streetinsider.com/Analyst+EPS+Change/JMP+Cuts+Amazon+%28AMZN%29+PT+To+%242050/14751581.html via @Street_Insider", "time": 1540845752.0, "sentiment": ""}, {"id": 143083141, "text": "$AMZN blood.", "time": 1540845745.0, "sentiment": "Bearish"}, {"id": 143083125, "text": "$TSLA $AMZN $AAPL $GOOG A era of GAAT is coming.", "time": 1540845739.0, "sentiment": "Bullish"}, {"id": 143083122, "text": "$AMZN well F me", "time": 1540845738.0, "sentiment": "Bullish"}, {"id": 143083109, "text": "$SPY $amzn continues its lower high path from Friday", "time": 1540845732.0, "sentiment": ""}, {"id": 143083100, "text": "$AMZN \u307e", "time": 1540845729.0, "sentiment": ""}, {"id": 143083082, "text": "$AMZN I am expecting this to go green after 30 mins of market open.. give it time..", "time": 1540845722.0, "sentiment": ""}, {"id": 143082995, "text": "$AMZN we may have to test new lows again.", "time": 1540845700.0, "sentiment": ""}, {"id": 143082958, "text": "$AMZN Everything is green except amazon..lol", "time": 1540845691.0, "sentiment": "Bullish"}, {"id": 143082941, "text": "$AMZN", "time": 1540845686.0, "sentiment": ""}, {"id": 143082928, "text": "$AMZN This guy will take all market down with itself.", "time": 1540845680.0, "sentiment": "Bearish"}, {"id": 143082927, "text": "$AMZN Apple better be pumping out those iPhones or else....", "time": 1540845680.0, "sentiment": "Bearish"}, {"id": 143082873, "text": "$AMZN", "time": 1540845665.0, "sentiment": ""}, {"id": 143082815, "text": "$AMZN Punished for lower guidance and IBM buying redhat.. I am in deep loss..", "time": 1540845650.0, "sentiment": ""}, {"id": 143082785, "text": "$AMZN in at $1642 on Friday out at $1662 premarket - looks like the right decision for now - will wait for a better position", "time": 1540845640.0, "sentiment": ""}, {"id": 143082746, "text": "$AMZN Amazon PT Lowered to $2,020 at Oppenheimer http://www.streetinsider.com/Analyst+Comments/Amazon.com+%28AMZN%29+PT+Lowered+to+%242%2C020+at+Oppenheimer/14752694.html via @Street_Insider", "time": 1540845629.0, "sentiment": ""}, {"id": 143082617, "text": "$AMZN projects lower revenue for Q4. Also, on top of this, China economic growth slows further - news just out. Very bad for AMZN.", "time": 1540845593.0, "sentiment": "Bearish"}, {"id": 143082262, "text": "$AMZN can be looking to reach 1740-1767 area before finding sellers again for 3 wave reaction lower at least #Elliottwave #Amazon", "time": 1540845487.0, "sentiment": ""}, {"id": 143082238, "text": "Monday&#39;s Vital Data: $SNAP, $TSLA and $AMZN - https://investorplace.com/2018/10/mondays-vital-data-snapchat-tesla-and-amazon/", "time": 1540845478.0, "sentiment": ""}, {"id": 143082191, "text": "$AMZN piece of sh*t gooooo", "time": 1540845466.0, "sentiment": ""}, {"id": 143082181, "text": "$AMZN This stock is trash at this point. It\u2019s underperforming.", "time": 1540845464.0, "sentiment": ""}, {"id": 143081984, "text": "$AMZN ", "time": 1540845405.0, "sentiment": "Bearish"}, {"id": 143081976, "text": "$AMZN AM Dip = Time to rip", "time": 1540845403.0, "sentiment": "Bullish"}, {"id": 143081826, "text": "$AMZN Breakdown. \n$TSLA Pop.", "time": 1540845356.0, "sentiment": ""}, {"id": 143081814, "text": "$AMZN maybe end in red today, maybe deep red, 1550 to 1600 is key support", "time": 1540845351.0, "sentiment": ""}, {"id": 143081798, "text": "$AMZN Can&#39;t even hold 1666. LOL. Read Seeking Alpha article &quot;Amazon Is What Worries Me About The Market.&quot; So true.", "time": 1540845346.0, "sentiment": "Bearish"}, {"id": 143081764, "text": "$AMZN really hoping they land the DoD cloud contract.  It&#39;d be like adding rocket fuel to the graph", "time": 1540845341.0, "sentiment": ""}, {"id": 143081733, "text": "$AMZN lol", "time": 1540845330.0, "sentiment": ""}]