[{"id": 143733893, "text": "$AMZN Dow aims for 4th gain in a row ahead of jobs report;   https://on.mktw.net/2ETeO14", "time": 1541186720.0, "sentiment": ""}, {"id": 143733817, "text": "$AMZN  Being Down $45 Billion in AMZN Stock No Big Deal https://elliottwave-forecast.com/stock-market/45-billion-amzn-no-big-deal/.#elliottwave", "time": 1541186689.0, "sentiment": "Bullish"}, {"id": 143733710, "text": "$AMZN trump trade deal a rumor now lol", "time": 1541186640.0, "sentiment": ""}, {"id": 143733668, "text": "$AMZN where did all my green go\ud83d\ude14", "time": 1541186630.0, "sentiment": ""}, {"id": 143733617, "text": "$AMZN $NFLX \n\nAll I can do right now is smh...  I&#39;m sitting this one out.  Hope everyone here makes big profits today!  Get that money ya&#39;ll", "time": 1541186603.0, "sentiment": ""}, {"id": 143733585, "text": "$AMZN Jobs report 5+ minutes!", "time": 1541186589.0, "sentiment": ""}, {"id": 143733572, "text": "$AMZN @GoodNewsBull how brilliant r we?", "time": 1541186584.0, "sentiment": ""}, {"id": 143733569, "text": "$AMZN Damn you Larry Kudlow", "time": 1541186584.0, "sentiment": ""}, {"id": 143733273, "text": "$SPY $SPX $AMZN obviously the cool off before opening pump. They can&#39;t go vertical before market open or we&#39;d just crash. rebound in bound.", "time": 1541186477.0, "sentiment": ""}, {"id": 143733043, "text": "$AMZN Going down?", "time": 1541186400.0, "sentiment": ""}, {"id": 143732626, "text": "$AMZN Going back down PM with apple dipping further and Nasdaq. Falling. Need good data at 8:30", "time": 1541186241.0, "sentiment": ""}, {"id": 143732609, "text": "$AMZN yeah cnbc let&#39;s have Trump haterz on to try and kill the rally.  And say theres no feal. Lol bloomberg says different\n#boycottcnbc", "time": 1541186235.0, "sentiment": "Bullish"}, {"id": 143732241, "text": "$AMZN don\u2019t listen to bears, this is going up for holidays", "time": 1541186107.0, "sentiment": "Bullish"}, {"id": 143732103, "text": "$AMZN Nasdaq going red :(", "time": 1541186057.0, "sentiment": ""}, {"id": 143732067, "text": "$AMZN Fear The Fed !!! Strong NFP will keep the Fed raising rates. Multiple compression happening. GLTA", "time": 1541186044.0, "sentiment": "Bearish"}, {"id": 143731752, "text": "Short volume percent for $AMZN was 42.12% on 11-01-18 and 20 day rank was ~60th percentile  https://volumebot.com/?s=AMZN", "time": 1541185912.0, "sentiment": ""}, {"id": 143731703, "text": "$BABA $AAPL $AMZN asian markets up huge on trump talking with China. BABA 56% revenue growth", "time": 1541185891.0, "sentiment": "Bullish"}, {"id": 143731601, "text": "$AMZN weeklie $1540 calls. I know the feeling :)", "time": 1541185854.0, "sentiment": "Bullish"}, {"id": 143731556, "text": "$AMZN Report of drafting a Chinese trade deal directed by Trump are not true! Just came out on CNBC! All smoke n mirrors! Be careful!", "time": 1541185835.0, "sentiment": "Bearish"}, {"id": 143731544, "text": "nice gap up on our swings over night $YY $MU $AMZN $HUYA \u2705 jeez", "time": 1541185831.0, "sentiment": ""}, {"id": 143731447, "text": "$AMZN \ud83d\ude80\ud83d\ude80\ud83d\ude80\ud83d\ude80\ud83d\ude80\ud83d\ude80\ud83d\ude4c\ud83c\udffe\ud83d\ude4c\ud83c\udffe\ud83d\udc03\ud83d\udc03\ud83d\udc03\ud83d\udc03\ud83d\udc03\ud83d\udc03\ud83d\udc03\ud83d\udc03", "time": 1541185789.0, "sentiment": "Bullish"}, {"id": 143731363, "text": "$AMZN up 110 points. Alerted long under 1600", "time": 1541185750.0, "sentiment": "Bullish"}, {"id": 143731127, "text": "RT New Post: Is this rebound still buyable: http://crackedmarket.com/2018/11/is-this-rebound-still-buyable/ $SPY $SPX $ES_F $QQQ $IWM $AAPL $AMZN", "time": 1541185639.0, "sentiment": ""}, {"id": 143731086, "text": "$SPY Parrot greenery everywhere, Good for bulls from heart. $AMZN", "time": 1541185625.0, "sentiment": "Bullish"}, {"id": 143730903, "text": "$AMZN I\u2019m nervous. It\u2019s up on literally no volume. Hope it opens at this level", "time": 1541185539.0, "sentiment": "Bullish"}, {"id": 143730896, "text": "$AMZN Just imagine being such a useless investor you pay 14.9% more for a stock after 72 hours without news. People try to make that in 3yrs", "time": 1541185535.0, "sentiment": ""}, {"id": 143730784, "text": "$AMZN can this get to $1800??\ud83d\ude31\ud83d\ude31\ud83d\ude31\ud83d\ude31", "time": 1541185488.0, "sentiment": ""}, {"id": 143730682, "text": "$AMZN That is exactly what is happening, and then they cut at $1300 this time, doubling their stupidity losses.", "time": 1541185442.0, "sentiment": ""}, {"id": 143730545, "text": "$AMZN and to add to short pain Exxon just hit good", "time": 1541185386.0, "sentiment": ""}, {"id": 143730466, "text": "$AMZN Buying a shot for the Algos tonight", "time": 1541185350.0, "sentiment": "Bullish"}, {"id": 143730397, "text": "$AMZN GTFO BEARS 10% amazon today 10%%%%%%%%%", "time": 1541185321.0, "sentiment": "Bullish"}, {"id": 143730330, "text": "$AMZN If you dumped the bag last month; now you need to go and buy again; $$ double charge. :-)", "time": 1541185289.0, "sentiment": "Bullish"}, {"id": 143730302, "text": "$AMZN can we get a test to $1750today???? Maybe 1800 on high side.", "time": 1541185273.0, "sentiment": "Bullish"}, {"id": 143730287, "text": "$AMZN lol", "time": 1541185266.0, "sentiment": "Bullish"}, {"id": 143730033, "text": "$AMZN on the way to $2050 come on people let ride.............\u26f7\ufe0f\u26f7\ufe0f\u26f7\ufe0f\ud83c\udfc7\ud83c\udfc7\ud83c\udfc7\ud83c\udfc7\ud83d\udeb4\ud83d\udeb4\ud83d\udeb4", "time": 1541185143.0, "sentiment": ""}, {"id": 143730030, "text": "$AMZN trump ftw on positive trade news developing.. looks like the only red we see is during the nov election!", "time": 1541185140.0, "sentiment": "Bullish"}, {"id": 143729927, "text": "$AMZN I bought a 1765 call last Friday for 6.25. That shit was down to .30 yesterday. This is going to be an epic turnaround.....\ud83d\udcaa\ud83c\udffb", "time": 1541185083.0, "sentiment": "Bullish"}, {"id": 143729914, "text": "$AMZN holy hell!!! Unexpected for sure.. but 1720 amzn will be a buying frenzy today", "time": 1541185078.0, "sentiment": ""}, {"id": 143729887, "text": "$AMZN We close $1750+? Good luck today every one.", "time": 1541185069.0, "sentiment": "Bullish"}, {"id": 143729709, "text": "$SPY DUDE ON CNBC USING MAGA FOR $MSFT $AMZN $GOOGL $AAPL STOP BITING OFF TRUMP AND COME UP WITH YOUR OWN MATERIAL!", "time": 1541184974.0, "sentiment": "Bullish"}, {"id": 143729696, "text": "$BABA looks like baba may have given $AMZN a boost in pre market.. Good thing I own both", "time": 1541184966.0, "sentiment": "Bullish"}, {"id": 143729644, "text": "$BABA $AMZN trade?  Resolution? If China opens, FANG wipes out all sovereign corps;  we are back to M. Queensberry Rules;  or Keynesian $SPY", "time": 1541184935.0, "sentiment": ""}, {"id": 143729639, "text": "$ROKU $AMZN Someone so scared of Roku &amp; Locast free TV they&#39;ve resorted to censoring this #1 top review  on amazon https://www.amazon.com/gp/customer-reviews/R2C3LZYQARS830?ref=pf_vv_at_pdctrvw_srp", "time": 1541184931.0, "sentiment": ""}, {"id": 143729586, "text": "$AMZN AAPL lost 70 billion in market cap last night. Guess that money is coming over here?? Lol. Come to papa. \ud83d\udcb0", "time": 1541184901.0, "sentiment": "Bullish"}, {"id": 143729531, "text": "$AMZN didn\u2019t buy the 1497 dip like a dummy?  U got to be quicker then that", "time": 1541184870.0, "sentiment": "Bullish"}, {"id": 143729296, "text": "$AMZN So you could have paid $1645 last night, but decided to panic buy and lose money without news by paying $1693 instead?", "time": 1541184749.0, "sentiment": ""}, {"id": 143729152, "text": "$SPY  AAPL wat diff does it make $AMZN will be up 5-6% lolz to do the lifting", "time": 1541184670.0, "sentiment": ""}, {"id": 143729023, "text": "$AMZN Bulls start praying for a weak NFP. Fed is on rising rate autopilot. DJT not helping price discovery with tweets before Midterms GLTA", "time": 1541184592.0, "sentiment": "Bearish"}, {"id": 143729016, "text": "$AMZN This isn&#39;t gonna last. I&#39;m not taking a loss because I&#39;m aggravated. Money is flowing from bonds back into stocks.", "time": 1541184589.0, "sentiment": ""}, {"id": 143729007, "text": "$AMZN bears are gonna get drilled so hard by Daddy Bezos today", "time": 1541184581.0, "sentiment": "Bullish"}, {"id": 143728949, "text": "$ROKU $AMZN  Free movies with Roku Channel &amp; Free local TV  channels with Locast app. Roku going past 100 soon IMO https://www.amazon.com/gp/customer-reviews/RI7VRF4TGAZ7P/ref=cm_cr_dp_d_rvw_ttl?ie=UTF8&amp;ASIN=B07HDHXZH4", "time": 1541184548.0, "sentiment": ""}, {"id": 143728947, "text": "$AMZN Warren Buffet had a chance to get in this, Is he buyin? Ok", "time": 1541184546.0, "sentiment": ""}, {"id": 143728932, "text": "$AMZN this is getting ridiculous. 1 hr 45 mins to go and we\u2019re pushing 1700? This market is bananas. This could be 1850 today....or 1450. \ud83d\ude02", "time": 1541184535.0, "sentiment": "Bullish"}, {"id": 143728889, "text": "$AMZN I have to shave my head today", "time": 1541184514.0, "sentiment": "Bullish"}, {"id": 143728861, "text": "$AMZN What\u2019s the most $AMZN has risen in a single trading day? Anyone know?", "time": 1541184494.0, "sentiment": "Bullish"}, {"id": 143728822, "text": "$BABA if $AMZN reported these numbers the stock would be up 15%", "time": 1541184477.0, "sentiment": "Bullish"}, {"id": 143728796, "text": "$AMZN can someone upgrade this today? Add more fuel", "time": 1541184463.0, "sentiment": ""}, {"id": 143728629, "text": "$AMZN why would +jobs report and december rate hike matter?", "time": 1541184369.0, "sentiment": ""}, {"id": 143728537, "text": "$AMZN Algos pumping; I hope they leave the pump on during the day.", "time": 1541184311.0, "sentiment": "Bullish"}, {"id": 143728399, "text": "If I had money to buy I would $amzn $CVNA $RMBL $NVDA $GBTC", "time": 1541184231.0, "sentiment": ""}, {"id": 143728312, "text": "$AMZN up about $30 on volume of less than 50k. Lol. Craziness", "time": 1541184176.0, "sentiment": ""}, {"id": 143728089, "text": "$SPY $QQQ $DIA $AAPL $AMZN $GOOGL Very nice! Looks like $ALGN starting to fill the gap!", "time": 1541184040.0, "sentiment": "Bullish"}, {"id": 143728010, "text": "$AMZN $WU what a great idea. I&#39;ve been asking Amazon to allow my prime account free shipping to me anywhere in the world This deal allows it", "time": 1541183976.0, "sentiment": "Bullish"}, {"id": 143727866, "text": "$AMZN this new partnership with Western Union is so important to me, since I travel and want Prime deliveries anywhere in the world.", "time": 1541183886.0, "sentiment": "Bullish"}, {"id": 143727781, "text": "$AMZN Ignore the bs FB and APPL calls. Place your bets on how much these go up \ud83d\ude02", "time": 1541183831.0, "sentiment": ""}, {"id": 143727729, "text": "3 Retail Stocks to Buy Despite All the Fearmongering\n\n$ULTA $BBY $AMZN \n\n https://investorplace.com/2018/11/3-retail-stocks-to-buy-despite-all-the-fearmongering/", "time": 1541183800.0, "sentiment": ""}, {"id": 143727672, "text": "$AMZN", "time": 1541183761.0, "sentiment": "Bullish"}, {"id": 143727644, "text": "$BABA $MSFT $GOOGL $AAPL $AMZN  +1", "time": 1541183742.0, "sentiment": ""}, {"id": 143727601, "text": "$BABA  please show me ANY American tech company that is even remotely close to this amount of later stage growth $AAPL $AMZN $MSFT $GOOGL", "time": 1541183718.0, "sentiment": "Bullish"}, {"id": 143727585, "text": "$AMZN Don&#39;t even know what to do with all the profit!!", "time": 1541183705.0, "sentiment": "Bullish"}, {"id": 143727553, "text": "$AMZN Lol LOL LOOLLLLL", "time": 1541183693.0, "sentiment": "Bullish"}, {"id": 143727511, "text": "$AMZN $NFLX\n\nI just woke up.  \n\nWhat. in. the. actual. f$ck?!  Up?!?!?  How?", "time": 1541183669.0, "sentiment": ""}, {"id": 143727255, "text": "$AMZN you can do it all night long", "time": 1541183521.0, "sentiment": ""}, {"id": 143727195, "text": "$AMZN Nothing better than freshly squeezed bear juice for breakfast", "time": 1541183483.0, "sentiment": "Bullish"}, {"id": 143727099, "text": "$AAPL $SPY $AMZN  Trump+Xi has full potential to handle powell and Markets forget economies they dont care much abt us.MJ", "time": 1541183428.0, "sentiment": "Bearish"}, {"id": 143726586, "text": "$AMZN Thank you $BABA for cleaning up mess rotten $AAPL made yesterday &amp; putting some life back in market!", "time": 1541183055.0, "sentiment": "Bullish"}, {"id": 143726294, "text": "$AMZN is their 10-15% growth is waaay behind $BABA &#39;s giant steps", "time": 1541182870.0, "sentiment": ""}, {"id": 143725783, "text": "$AMZN how many people will buy that $1100 ipone max, i can buy a car with same amount. I never own a aapl device in my life so far", "time": 1541182661.0, "sentiment": ""}, {"id": 143725658, "text": "$AMZN Jobs report later @ 8:30 AM ET; &amp; Factory orders @ 10:00 AM ET", "time": 1541182612.0, "sentiment": ""}, {"id": 143725537, "text": "$AMZN morning\ud83d\udc47\ud83c\udffe", "time": 1541182556.0, "sentiment": "Bullish"}, {"id": 143725501, "text": "$AMZN buffet should dump aapl, then buy amzn, amzn is low now after last week sell of.", "time": 1541182539.0, "sentiment": ""}, {"id": 143725397, "text": "$BABA In 3-5 years it will be several times bigger than $AMZN You heard it here first.", "time": 1541182493.0, "sentiment": ""}, {"id": 143724975, "text": "$AMZN would be nice to close above $1750 today.", "time": 1541182274.0, "sentiment": "Bullish"}, {"id": 143724921, "text": "$AMZN job report soon, watch fed, good report maybe bring market down, aapl is short pain, fed is long pain, trump is right on fed.", "time": 1541182237.0, "sentiment": ""}, {"id": 143724739, "text": "$AMZN (Friday Thesis Statement) Shares roar higher on U.S.-China trade deal hopes https://reut.rs/2SBxo0J  Reuters", "time": 1541182129.0, "sentiment": ""}, {"id": 143724646, "text": "$AMZN Market strategist urges aggressive buying, says bull market could last decades https://on.mktw.net/2OiHEHJ", "time": 1541182071.0, "sentiment": ""}, {"id": 143724537, "text": "$AMZN big day folks, wall st is chinese st now, good news from china, then we&#39;re all up. All green, deep green expect aapl. Breakfast now", "time": 1541181996.0, "sentiment": ""}, {"id": 143724519, "text": "$AMZN Just FYI Alibaba beats by $0.33, misses on revenue &lt;-140 Million) https://seekingalpha.com/news/3404630-alibaba-beats-0_33-misses-revenue?source=tweet $BABA", "time": 1541181977.0, "sentiment": ""}, {"id": 143724441, "text": "$AMZN Asian markets surge, kick off global stock rally as China-U.S. trade tensions ease for now https://on.mktw.net/2yNKkbs", "time": 1541181903.0, "sentiment": ""}, {"id": 143724383, "text": "$AMZN need your advice please. Should I buy Amazon today or wait till next Friday... Considering the mid term elections...", "time": 1541181856.0, "sentiment": ""}, {"id": 143724338, "text": "$AMZN (Recap) European stock markets maintain strong November start https://on.mktw.net/2yLwtT5", "time": 1541181816.0, "sentiment": ""}, {"id": 143724281, "text": "$AMZN Dow set for triple-digit gains at the open as investors focus on nonfarm payrolls https://cnb.cx/2CWgg04  CNBC", "time": 1541181772.0, "sentiment": ""}, {"id": 143724208, "text": "$AMZN (Friday morning Thesis Statement) Shares roar higher on U.S.-China trade deal hopes http://www.streetinsider.com/Market+Check/Shares+roar+higher+on+U.S.-China+trade+deal+hopes/14776612.html via @Street_Insider", "time": 1541181708.0, "sentiment": ""}, {"id": 143724155, "text": "$AMZN  stocks set to open higher as buying wave spreads  Trump\u2019s optimistic tone on U.S.-China trade sparked a relief rally  Investing com", "time": 1541181651.0, "sentiment": ""}, {"id": 143723986, "text": "$AMZN I think market shrugging off Apple (They beat Earnings after all (Rev &gt; 1.44 Billion above expectations)).", "time": 1541181464.0, "sentiment": ""}, {"id": 143723971, "text": "$AMZN Gap N Go. Day Trade - With A trend", "time": 1541181453.0, "sentiment": ""}, {"id": 143723915, "text": "$AMZN (Good News) European stock markets maintain strong November start https://on.mktw.net/2yLwtT5", "time": 1541181380.0, "sentiment": ""}, {"id": 143723873, "text": "$AMZN (Just FYI FAANG News)  BofA/Merrill Lynch Downgrades Apple (AAPL) to Neutral http://www.streetinsider.com/Analyst+Comments/BofAMerrill+Lynch+Downgrades+Apple+%28AAPL%29+to+Neutral/14777318.html via @Street_Insider", "time": 1541181330.0, "sentiment": ""}, {"id": 143723710, "text": "$AMZN Trump Says Had Good Conversation with Xi http://www.streetinsider.com/Politics/Trump+Says+Had+Good+Conversation+with+Xi/14772322.html via @Street_Insider", "time": 1541181119.0, "sentiment": ""}, {"id": 143723673, "text": "$AMZN $SQ Trump is using his hopeful trade talk with China to secure votes in the midterm elections. When it falls through, he will blame XI", "time": 1541181066.0, "sentiment": "Bearish"}, {"id": 143723644, "text": "$BABA $AMZN $FB $NFLX \n\nI hope aapl doesn&#39;t ruin it for everyone, especially if they get a downgrade today.", "time": 1541181032.0, "sentiment": "Bullish"}, {"id": 143723617, "text": "$AMZN this baby wants another Green Day I said 1780 eod", "time": 1541181004.0, "sentiment": ""}, {"id": 143723611, "text": "$AMZN Shares roar higher on U.S.-China trade deal hopes http://www.streetinsider.com/Market+Check/Shares+roar+higher+on+U.S.-China+trade+deal+hopes/14776612.html via @Street_Insider", "time": 1541180994.0, "sentiment": ""}, {"id": 143723392, "text": "Stocks Liftoff As Amazon, Netflix, and Semis Break Out $spy $qqq $ndx $aapl $amzn $nflx $mu $swks $nxpi $smh  https://mottcapitalmanagement.com/stocks-liftoff-as-amazon-netflix-and-semis-break-out/", "time": 1541180781.0, "sentiment": ""}, {"id": 143723347, "text": "$AMZN gap and go...", "time": 1541180738.0, "sentiment": "Bullish"}, {"id": 143722973, "text": "$AMZN A pipe dream but let\u2019s see", "time": 1541180347.0, "sentiment": ""}, {"id": 143722773, "text": "$AMZN oook. 2 1/2 hrs in. 15k shares traded and holding 1680? I don\u2019t put much credence in PM action. But this is better than down or flat.", "time": 1541180149.0, "sentiment": "Bullish"}, {"id": 143722565, "text": "$AMZN set your buy at 1650    dont cry about 1500...", "time": 1541179864.0, "sentiment": "Bullish"}, {"id": 143722493, "text": "$AAPL Bear Trap, locked and loaded. No doubt LT Bullish. Market dependent today. $ILMN $AMZN $NVDA &amp; $NFLX Bullish.\n$ARKK &amp; $ARKW Bullish.", "time": 1541179787.0, "sentiment": "Bullish"}, {"id": 143722445, "text": "$AMZN well what a surprise.....not.... Still a good day to sell puts that&#39;s for sure but would have been much better at 1640", "time": 1541179703.0, "sentiment": ""}, {"id": 143722437, "text": "$AAPL where does all of this money come from to keep buying these trillion dollar companies shares? $AMZN $GOOGL", "time": 1541179691.0, "sentiment": ""}, {"id": 143722338, "text": "$AMZN Gap n Go. Watch", "time": 1541179549.0, "sentiment": ""}, {"id": 143722064, "text": "$SPY  The hoes have never been loyal but these have to be the least loyal hoes of all time. Holding Calls in: $NFLX $AMZN $NVDA exp today \ud83c\udf46", "time": 1541179231.0, "sentiment": "Bullish"}, {"id": 143721991, "text": "$AMZN this is going to move huge at the bell until about noon", "time": 1541179131.0, "sentiment": ""}, {"id": 143721890, "text": "$AAPL $AMZN $GOOG Apple beat earnings and revenue expectations. According to history, this is going up", "time": 1541178980.0, "sentiment": "Bullish"}, {"id": 143721498, "text": "$AMZN", "time": 1541178433.0, "sentiment": ""}, {"id": 143721478, "text": "$AMZN Time for Caution !!! DJT will say &amp; do anything to keep S&amp;P from falling ahead of Midterms.", "time": 1541178396.0, "sentiment": "Bearish"}, {"id": 143721231, "text": "$AMZN Premarket action doesn\u2019t look good for growth stocks .. watching carefully", "time": 1541177973.0, "sentiment": ""}, {"id": 143721225, "text": "$AAPL $IQ $BABA $NFLX $AMZN how can u believe any words coming out of his mouth?", "time": 1541177969.0, "sentiment": ""}, {"id": 143721164, "text": "$AMZN why did amazon jump so much this morning?", "time": 1541177877.0, "sentiment": ""}, {"id": 143721098, "text": "$AAPL $IQ $BABA $NFLX $AMZN Trade deal with China coming", "time": 1541177748.0, "sentiment": "Bullish"}, {"id": 143721050, "text": "$AMZN    gap and go algo      sell at 10 et buy afternoon  then  surf MAUI  dogs :)       easiest setup ever", "time": 1541177688.0, "sentiment": ""}, {"id": 143721021, "text": "$SPY Last week this was the headline. What&#39;s changed? China didn&#39;t give one inch :o) Dont let Trump play you. There is no deal $BABA $AMZN", "time": 1541177624.0, "sentiment": "Bullish"}, {"id": 143720892, "text": "$AMZN Off by the close but yea l0l", "time": 1541177360.0, "sentiment": ""}, {"id": 143720847, "text": "$AMZN I forgot when was the last green Friday we had. Today will be possible? I have my breakfast ready. :-)", "time": 1541177269.0, "sentiment": ""}, {"id": 143720822, "text": "$AMZN the trend is your friend....     my brothers   you did not miss out by buying at 1500   ...   lets go...we are in this together!!!", "time": 1541177225.0, "sentiment": "Bullish"}, {"id": 143720717, "text": "$AAPL $SQ $AMZN so stocks are volatile now and $BTC.X is stable \ud83e\udd14", "time": 1541177035.0, "sentiment": ""}, {"id": 143720684, "text": "$spy $study For reference, the $amzn calls bought around 11.00 and $nflx 5.00.  when I was up 2x and 3x I was overcome by fear of retrace", "time": 1541176957.0, "sentiment": ""}, {"id": 143720596, "text": "$AMZN aapl is in dow, not nasdaq, is that right, dow is up 1% vs nasdaq is flat. Seems like aapl affect nasdaq more than dow.", "time": 1541176747.0, "sentiment": ""}, {"id": 143720439, "text": "$AMZN wall st now become a chinese st, good news about china, we are up,  if bad news then we&#39;re screwed. Are we all living in china now.", "time": 1541176356.0, "sentiment": ""}, {"id": 143720348, "text": "$AMZN https://www.cnn.com/2018/11/01/tech/jeff-bezos-nyc-first-gala-hq2/index.html  the BEST way to make decisions!!!!!", "time": 1541176170.0, "sentiment": ""}, {"id": 143720345, "text": "$SPY If GOP losses MT you know Trump will say no Deal &amp; that will be it for Mrkts. This &quot;Deal&quot; news is setting us up for a fall $BABA $AMZN", "time": 1541176160.0, "sentiment": "Bullish"}, {"id": 143720278, "text": "$AAPL $AMZN \ud83d\udcf6 y\u2019all better come to $TOPS $GLBS $DCIX before market close today \ud83d\udef3\ud83d\udef3\ud83d\udef3\ud83d\udea2\ud83d\udea2\ud83d\udea2\ud83c\udf0d\ud83c\udf0d\ud83c\udf0d", "time": 1541176019.0, "sentiment": "Bullish"}, {"id": 143720099, "text": "$AMZN Strong move, but charts tell more overall move. Its actually falling in a channel. It needs a reason to breakout from the chanel.", "time": 1541175606.0, "sentiment": ""}, {"id": 143720088, "text": "$SPY Just realize that this is a game for Trump to try &amp; win Mid-Terms so trade carefully, nothing is final $AMZN $BABA $AAPL $NFLX $FB $QQQ", "time": 1541175583.0, "sentiment": "Bullish"}, {"id": 143720050, "text": "$BABA  Watch $BABA $JD $AMZN for a strong move up on hope of an end of trade war", "time": 1541175465.0, "sentiment": "Bullish"}, {"id": 143719972, "text": "$AAPL $AMZN $NVDA $NFLX and $ILMN Bullish.", "time": 1541175259.0, "sentiment": "Bullish"}, {"id": 143719839, "text": "Will the Halloween Trick Turn into a Holiday Treat? $AAPL $AMZN $GOOGL $QQQ $SPX $DJI https://t.co/jMM2uW1BnJ", "time": 1541174920.0, "sentiment": ""}, {"id": 143719769, "text": "$AAPL $amzn $nflx $amd thinking about selling most of my positions 2day due 2 midterms. how do elections effect stock market usually?", "time": 1541174798.0, "sentiment": ""}, {"id": 143719675, "text": "$AMZN am I still dreaming?!?!", "time": 1541174560.0, "sentiment": "Bullish"}, {"id": 143719433, "text": "$AMZN \n\nWhat a nice way to wake up, didn\u2019t expect such a reversal overnight", "time": 1541173959.0, "sentiment": "Bullish"}, {"id": 143719345, "text": "$AMZN $NFLX this says it all", "time": 1541173699.0, "sentiment": ""}, {"id": 143719189, "text": "$AMZN the onmy thing red is the vix.", "time": 1541173320.0, "sentiment": "Bullish"}, {"id": 143719015, "text": "$AMZN just lost value on my puts....ouch", "time": 1541172887.0, "sentiment": ""}, {"id": 143718952, "text": "$AMZN hahaha. 1685 at 430 am. Wish this was real....but alas, it\u2019s not\ud83d\ude11 a 1700 open would be amazing. Just a pipe dream.", "time": 1541172692.0, "sentiment": ""}, {"id": 143718898, "text": "$AMZN", "time": 1541172591.0, "sentiment": ""}, {"id": 143718691, "text": "$AMZN 1900 end of next week!?!\ud83d\ude2c\ud83d\ude2c\ud83d\ude2c", "time": 1541172108.0, "sentiment": ""}, {"id": 143718670, "text": "$AMZN  Major importer!! This means trade deal folks. We are going to da moon today! Gl", "time": 1541172066.0, "sentiment": ""}, {"id": 143718550, "text": "$AMZN woooo mama Mia.  Shes ripping now", "time": 1541171768.0, "sentiment": "Bullish"}, {"id": 143718520, "text": "$BABA $AMZN BABA has not released their earnings yet .. it\u2019s 6.55am ET today", "time": 1541171685.0, "sentiment": ""}]