[{"id": 143893213, "text": "$AMZN I made a big mistake by going into this BS.. should\u2019ve stuck with my limits... even TSLA hasn\u2019t kept me awake like this....", "time": 1541298718.0, "sentiment": "Bullish"}, {"id": 143892803, "text": "$AMZN, $EXAS, $BEAT, $GOL Getting our menu ready full of big bottoming patterns.  Our latest blog post - www.tradetobefree.com/blog", "time": 1541297962.0, "sentiment": ""}, {"id": 143892199, "text": "Top 25 $BRK.B $BX $GM $PRU $DEO $TGT $BAC $STZ $EPD $PG $BIDU $T $SBUX $PEP $BABA $HEINY $MGM $WM $AMZN $LNG $BFB $RGNX $CAH $JD $SRPT $SPY", "time": 1541296903.0, "sentiment": "Bullish"}, {"id": 143891880, "text": "$AMZN OJ #1 priority to impress his voters... not the market", "time": 1541296407.0, "sentiment": "Bullish"}, {"id": 143891698, "text": "$AMZN what are you guys options for this", "time": 1541296108.0, "sentiment": ""}, {"id": 143891573, "text": "$SPY $AMZN  PT 1418 ish on nasdung 100 round 2 massacre which should be def worse than first one. - have a bear fun ride.", "time": 1541295929.0, "sentiment": "Bearish"}, {"id": 143891431, "text": "$SPY $QQQ $DJIA $AAPL $AMZN $NFLX $GOOG", "time": 1541295689.0, "sentiment": "Bearish"}, {"id": 143890196, "text": "$AMZN  \n2 dead after Amazon building partially collapses in Baltimore ...    https://www.cnn.com/2018/11/03/us/baltimore-amazon-building-collapse/index.html", "time": 1541293772.0, "sentiment": ""}, {"id": 143889995, "text": "@Buffett15 smart move to stop with breaking out #s, imo, just like what $AMZN &amp; $GOOGL , good to keep ANALysts guessing", "time": 1541293428.0, "sentiment": "Bullish"}, {"id": 143889991, "text": "$AAPL $spy $AMZN will technicals where there is so much uncertainty of leading indicators?????no more billionaires control markets 4 their$$", "time": 1541293420.0, "sentiment": "Bullish"}, {"id": 143889735, "text": "$AAPL when everyone expects this go down and trump loses it will be reverse like trump winning presidency $SPY $AMZN  no bubble like 2008", "time": 1541293073.0, "sentiment": "Bullish"}, {"id": 143889438, "text": "$AMZN Amazon is in the advanced stages of the decision making process. https://stocknews.com/news/amzn-amazon-amzn-in-advanced-talks-to-pick-crystal-city-virginia/", "time": 1541292645.0, "sentiment": ""}, {"id": 143888989, "text": "$AMZN https://www.yahoo.com/news/least-2-dead-building-collapse-144136695.html", "time": 1541292084.0, "sentiment": ""}, {"id": 143888946, "text": "$AMZN spinning Top on the 200 MA more upside here", "time": 1541292013.0, "sentiment": "Bullish"}, {"id": 143888849, "text": "$AMZN https://www.cnbc.com/2017/05/08/amazon-ceo-jeff-bezos-long-term-thinking.html\n\nThis is why amazon stock will always be a buy", "time": 1541291882.0, "sentiment": "Bullish"}, {"id": 143888684, "text": "$AMZN   \nTwo dead in Amazon.com warehouse&#39;s partial collapse in Baltimore, MD governor says        ..... https://www.cnbc.com/2018/11/03/reuters-america-two-dead-in-amazon-com-warehouses-partial-collapse-in-baltimore-governor.html", "time": 1541291683.0, "sentiment": ""}, {"id": 143888576, "text": "$AMZN December rate hike will be pricing in after mid term elections pop this up a bit. Get ready for leg 2 drop coming this week", "time": 1541291539.0, "sentiment": ""}, {"id": 143888266, "text": "$SNAP these tv shows are genius .. filters .. AR .. lenses .. video games .. computer \ud83d\udda5 lenses .. buying partnerships $AMZN .. excited!", "time": 1541291078.0, "sentiment": "Bullish"}, {"id": 143887493, "text": "My Watchlist for Nov.2018. $AMZN $CREE $NVDA $PYPL $SQ $TWTR $X $AAPL $AKS $BABA $F $GE $GPRO $MU $NVAX $SBUX $SNAP. \nhttps://www.xgreedandfear.com/p/watchlist.html", "time": 1541289937.0, "sentiment": ""}, {"id": 143887068, "text": "$MSFT $AAPL $AMZN $SPY $AMD $GOOG $BABA $TSLA $HDB $BRK.B $TSM $FB $TCEHY $CMG $SHAK $PANW $KORS $REGN $ $NVDA $SPOT $HA $JKS $PDD $HTHT", "time": 1541289209.0, "sentiment": ""}, {"id": 143886957, "text": "$NVR Amazon reportedly eyes Northern VA as its 2nd headquarters, and a final decision is &#39;close&#39; - CNBC $AMZN https://apple.news/A9fGPLYb4QgaJ4c_W7BQ2aQ", "time": 1541289058.0, "sentiment": ""}, {"id": 143886475, "text": "$AMZN locked n loaded!", "time": 1541288404.0, "sentiment": "Bullish"}, {"id": 143886359, "text": "$AMZN for all the kids still claiming that Warren Buffett is buying shares, today is your day to be a real man and read BRK quarterly report", "time": 1541288253.0, "sentiment": ""}, {"id": 143886273, "text": "$AMZN close to revealing  2nd HQ in Northern VA. -Washington post", "time": 1541288127.0, "sentiment": ""}, {"id": 143886267, "text": "20 days: Black Friday is sneaking up on us.\n$AMZN $WMT $KR $HD $LOW $COST $TJX $ROST $BURL", "time": 1541288117.0, "sentiment": ""}, {"id": 143886121, "text": "Apple Cracks, As Amazon, Facebook, Micron, Acadia Poised To Gain https://wp.me/p6NqCb-53S $amzn $aapl $Fb $mu $acad $spy $qqq $NDX", "time": 1541287889.0, "sentiment": ""}, {"id": 143885768, "text": "$SPY $AMZN any literature recommendations fellow stock twitters?", "time": 1541287353.0, "sentiment": ""}, {"id": 143885674, "text": "$AMZN Berkshire beats. Looking good for Monday", "time": 1541287209.0, "sentiment": "Bullish"}, {"id": 143885278, "text": "$AMZN weekly hammer", "time": 1541286669.0, "sentiment": "Bullish"}, {"id": 143885161, "text": "$AAPL $AMZN $GOOGL $BABA $BRK.A $SQ US will look this on nov 6th. Go red.", "time": 1541286473.0, "sentiment": ""}, {"id": 143884705, "text": "$AMZN HQ2 boys, could we get a green rally Monday ?", "time": 1541285725.0, "sentiment": ""}, {"id": 143884591, "text": "$AMZN Two workers have died at an Amazon warehouse in Baltimore: less people to pay, more profit", "time": 1541285550.0, "sentiment": "Bullish"}, {"id": 143884533, "text": "Stocks To\ud83d\udc40 $SQ $DIS $ATVI $WYNN $BKNG $AMD $AAPL $PG $AMZN $WMT $TJX $MYL $TTWO $EA $RTN $LMT $BA $COST $GOOGL $MU https://seekingalpha.com/article/4217892", "time": 1541285461.0, "sentiment": ""}, {"id": 143883990, "text": "In survival mode. Establishing boundaries before next entry. $amzn $ndx $study  https://www.youtube.com/watch?v=T5MFg7UIlzI", "time": 1541284745.0, "sentiment": ""}, {"id": 143883484, "text": "Looking at the last year, $AMZN shows a very strong growth in Revenue. The Revenue has grown by 37.11%. https://www.chartmill.com/analyze.php?utm_source=stocktwits&amp;utm_medium=FA&amp;utm_content=GROWTH&amp;utm_campaign=social_tracking#/AMZN?r=fa&amp;key=7e23e545-7a86-47d1-a0b4-6048c3164d97", "time": 1541283957.0, "sentiment": ""}, {"id": 143883147, "text": "$FIT Ionic smartwatch #1 position on $AMZN in category \u201cgifts for women\u201d - this is going to be a record breaking revenue quarter!", "time": 1541283366.0, "sentiment": "Bullish"}, {"id": 143883107, "text": "$AMZN", "time": 1541283303.0, "sentiment": ""}, {"id": 143882893, "text": "Amazon reportedly in advanced stages of naming VA as 2nd headquarters $amzn  https://www.cnbc.com/2018/11/03/amazon-reportedly-in-advanced-stages-of-naming-va-as-2nd-headquarters.html", "time": 1541282961.0, "sentiment": ""}, {"id": 143882882, "text": "@Rolltidetrader life is priceless who cares what $AMZN worth. Short term", "time": 1541282937.0, "sentiment": "Bearish"}, {"id": 143882451, "text": "Two dead after wall collapse at Amazon distribution center in Baltimore $AMZN RIP for whoever lost their lives  https://www.nbcnews.com/news/us-news/two-dead-after-wall-collapse-amazon-distribution-center-baltimore-n930786", "time": 1541282212.0, "sentiment": ""}, {"id": 143882382, "text": "One year performance of $FB $GOOGL $NFLX $AMZN $AAPL", "time": 1541282095.0, "sentiment": ""}, {"id": 143882288, "text": "$SPY gauge analysis updated &amp; next week watchlist $IBM $AAPL $BABA $BIDU $CAT $FB $NFLX $NVDA $TSLA $LULU $GOOGL $AMZN $MOMO $SQ $ROKU $DBX", "time": 1541281931.0, "sentiment": ""}, {"id": 143882222, "text": "@skidoome @gappergapper @NewYorkerHK $AMZN going to 1400 or lower. I ride the pops every other day. I\u2019m long short. Buying long of bottom", "time": 1541281835.0, "sentiment": ""}, {"id": 143881951, "text": "@skidoome @gappergapper @NewYorkerHK mine has been $AMZN the last 2 years. Always taking profits, always going long. Shorting for now.", "time": 1541281460.0, "sentiment": ""}, {"id": 143881895, "text": "$AMZN https://www.cnbc.com/2018/11/03/amazon-reportedly-in-advanced-stages-of-naming-va-as-2nd-headquarters.html", "time": 1541281387.0, "sentiment": "Bullish"}, {"id": 143881678, "text": "$AMZN how are people bullish? Building collapse 1 confirmed dead.", "time": 1541281073.0, "sentiment": "Bearish"}, {"id": 143881500, "text": "Great calls on daily market move. Monday is going to be bad really bad. China denounce trade talk. $MSFT $AAPL $AMZN $FB $GOOG $TSLA $BAC $C", "time": 1541280742.0, "sentiment": ""}, {"id": 143881474, "text": "A couple of our day trades this week for some nice cash. $SPY $AAPL $GOOGL $AMZN #TakeTheMoneyandRun https://youtu.be/DdxRx-9-MWM", "time": 1541280706.0, "sentiment": ""}, {"id": 143881424, "text": "$AMZN If Blue wave sweeps both houses markets will go crazy to the downside! Not pro growth ! I\u2019m expecting a split!", "time": 1541280646.0, "sentiment": "Bearish"}, {"id": 143881409, "text": "Technical Analysis $FB $AAPL $AMZN $NFLX $AMZN https://youtu.be/5wQ4qklTyag", "time": 1541280621.0, "sentiment": ""}, {"id": 143881227, "text": "$AMZN", "time": 1541280368.0, "sentiment": ""}, {"id": 143881071, "text": "$AMZN with all the twits being bullish MMs will drive this down ... look at the global economy guys", "time": 1541280115.0, "sentiment": "Bearish"}, {"id": 143880947, "text": "$AMZN Amazon is in advanced talks to put HQ2 in Northern Virginia: WAPO", "time": 1541279877.0, "sentiment": ""}, {"id": 143880691, "text": "$AMZN You hear that? If reds loose, bearish market; we will loose our asses fighting the algos here. Better raise this up. Bears+Algos=Hell", "time": 1541279422.0, "sentiment": "Bullish"}, {"id": 143880579, "text": "$AMZN \ud83d\ude08\ud83d\ude08\ud83d\ude08", "time": 1541279270.0, "sentiment": "Bullish"}, {"id": 143880459, "text": "7 Stocks to (Still) Buy Before the Holidays\n\n$LVMUY $LULU $TJX $SBUX $RH $GPS $AMZN\n\n  https://investorplace.com/2018/11/stocks-to-buy-holidays-amzn-gps-lulu/?cp=IPIE&amp;ct=20181102&amp;cc=eletter&amp;auth=nonbuyer", "time": 1541279088.0, "sentiment": ""}, {"id": 143879853, "text": "Market Review\nhttps://youtu.be/2r6GqndgWlM\n$AVGO $AMZN $ATVI $BA $NVDA $BIDU $BABA $GILD $AMGN $FIVE", "time": 1541278060.0, "sentiment": ""}, {"id": 143879738, "text": "$AMZN does Apple get a lift into yr end and buck up markets Monday or continue to fall. Any chartists on here want to enlighten us", "time": 1541277857.0, "sentiment": ""}, {"id": 143879642, "text": "@MoneyByTheCharts employees prob leaving $AMZN because compensation package is heavy on share allocation. Which is tough for growing familys", "time": 1541277643.0, "sentiment": ""}, {"id": 143879579, "text": "$amzn Dr j at 11 https://youtu.be/zgPZWuLkCD8 very bullish", "time": 1541277509.0, "sentiment": "Bullish"}, {"id": 143879477, "text": "$AMZN 666 oh no!", "time": 1541277309.0, "sentiment": ""}, {"id": 143879437, "text": "$AMZN Amazon building collapse https://abcnews.go.com/US/wireStory/person-dead-missing-amazon-building-collapse-58939009", "time": 1541277236.0, "sentiment": "Bullish"}, {"id": 143878702, "text": "$AMZN maybe that orange head is actually telling the truth this once? Expect the unexpected?...6pm EST tomorrow... can\u2019t wait....", "time": 1541275725.0, "sentiment": "Bullish"}, {"id": 143878639, "text": "@inandoutinaday Yes it can see another leg higher likely and looking for around 50% correction from 1476 low #elliottwave $AMZN", "time": 1541275612.0, "sentiment": ""}, {"id": 143878514, "text": "$AMZN Next low on the 7th.....", "time": 1541275360.0, "sentiment": ""}, {"id": 143878478, "text": "$AMZN Amazon building collapsed,  1 dead. Not going to be good", "time": 1541275299.0, "sentiment": "Bullish"}, {"id": 143878191, "text": "$NQ_F $QQQ $AMZN  most indexes look similar, sharp bounce into mid Bollinger resistance, gap fill below near election? or rip?", "time": 1541274646.0, "sentiment": ""}, {"id": 143878112, "text": "$AMZN China lifts yuan midpoint by most in over 2 months amid signs of easing trade tensions http://www.streetinsider.com/ETFs/China+lifts+yuan+midpoint+by+most+in+over+2+months+amid+signs+of+easing+trade+tensions/14776622.html via @Street_Insider", "time": 1541274452.0, "sentiment": ""}, {"id": 143878104, "text": "$AMZN WILL PROBABLY BE ABLE TO WORK IN CHINA SOON", "time": 1541274439.0, "sentiment": "Bullish"}, {"id": 143877895, "text": "$AMZN Yuan rises as Trump asks cabinet to draft China trade deal South China News 11-03-18  https://sc.mp/c7iky via @SCMPNews", "time": 1541273950.0, "sentiment": ""}, {"id": 143877479, "text": "$AMZN#Amazon Raises Minimum Pay for Everyone\u2014Except These Workers https://www.bloomberg.com/news/features/2018-11-01/amazon-flex-workers-are-left-out-of-minimum-pay-raises?srnd=premium", "time": 1541272730.0, "sentiment": ""}, {"id": 143877296, "text": "$SQ Which ecommerce stock do you think has the most upside in terms of growth? $SQ $AMZN $SHOP $WIX $GDDY \nWould love to get your thoughts", "time": 1541272064.0, "sentiment": ""}, {"id": 143877060, "text": "$AMZN nice dip last week.. ty sellers :D", "time": 1541271273.0, "sentiment": ""}, {"id": 143876289, "text": "$AMZN buildi collapsed in Maryland 1 dead. A SHORT monday!!", "time": 1541268071.0, "sentiment": "Bearish"}, {"id": 143876114, "text": "$FB $JPM $QQQ $SNAP $TWTR $AMZN $AAPL $SPY JP Morgan Chase Ad on Instagram Stories. Upgrade FB!!", "time": 1541267129.0, "sentiment": "Bullish"}, {"id": 143876098, "text": "$AMZN rally from $1476 low looks like 5 waves, thus it may see another leg higher at least (in ABC zigzag) while above $1476 #elliottwave", "time": 1541267045.0, "sentiment": ""}, {"id": 143876078, "text": "$AMZN 1 Nov update: Our target was hit at blue box and we called the cycle from 9/4 high ended #elliottwave", "time": 1541266953.0, "sentiment": ""}, {"id": 143876061, "text": "$AMZN: We were looking for further downside to $1490 target last month &amp; our members were able to catch some of the downside #elliottwave", "time": 1541266903.0, "sentiment": ""}, {"id": 143875953, "text": "$AMZN $SPY $AAPL $NFLX $FB $GOOG Stop shorting the market for political reasons; we  burning our ship to remove the captain. That&#39;s stupid!", "time": 1541266391.0, "sentiment": "Bullish"}, {"id": 143875858, "text": "$AMZN is expected to show a strong growth in EPS. In the coming 2 years, the EPS will grow by 141.61% yearly. https://www.chartmill.com/analyze.php?utm_source=stocktwits&amp;utm_medium=FA&amp;utm_content=GROWTH&amp;utm_campaign=social_tracking#/AMZN?r=fa&amp;key=7e23e545-7a86-47d1-a0b4-6048c3164d97", "time": 1541265837.0, "sentiment": ""}, {"id": 143875575, "text": "Short sale volume (not short interest) for $AMZN on 2018-11-02 is 50%. http://shortvolumes.com/?t=AMZN via @shortvolumes", "time": 1541264137.0, "sentiment": ""}, {"id": 143875063, "text": "View all historical setups posted for $AMZN https://www.sleekoptions.com/gs.aspx?sym=AMZN", "time": 1541260809.0, "sentiment": "Bullish"}, {"id": 143874654, "text": "$AMZN More info thanks", "time": 1541257882.0, "sentiment": ""}, {"id": 143874611, "text": "$AMZN Go on boy", "time": 1541257739.0, "sentiment": ""}, {"id": 143874588, "text": "$AMZN You think so, I think the down trend is well overdone", "time": 1541257621.0, "sentiment": ""}, {"id": 143874385, "text": "$VUZI $MSFT $GOOG $AMZN all had to start somewhere until Boom!!", "time": 1541256053.0, "sentiment": "Bullish"}, {"id": 143874263, "text": "$AMZN has surged from 1490s to 1680s in just 2 trading sessions. Caught the falling knife at right time.", "time": 1541255390.0, "sentiment": "Bullish"}, {"id": 143873576, "text": "$AMZN", "time": 1541251237.0, "sentiment": ""}, {"id": 143873266, "text": "$AMZN is horse and buggy industry undervalued?\n\nhttps://marketbrothersmedia.com/value-investors-see-great-fundamentals-in-the-horse-and-buggy-industry/", "time": 1541249785.0, "sentiment": ""}, {"id": 143873161, "text": "$AMZN bulls have 1 reason on 11-02 to pay more attention https://dividendbot.com?s=AMZN", "time": 1541249282.0, "sentiment": ""}, {"id": 143872869, "text": "$SPY make sure you are on right timeline.  old article but worth it    https://www.google.com/amp/s/amp.businessinsider.com/how-rich-warren-buffett-was-at-your-age-2015-8  $AAPL $VRSN $TRVN $FB $OLED $AMZN", "time": 1541248071.0, "sentiment": ""}, {"id": 143872085, "text": "2 weeks to get hay order from $WMT for my rabbit but was supposed to arrive in 5 days. Ordered $AMZN and it arrived same day + cheaper!", "time": 1541245496.0, "sentiment": ""}, {"id": 143871971, "text": "$AMZN Dec rates at this point already priced in. Holidays will be strong with wages up, unemp down. Tariffs deal will keep markets up nov", "time": 1541245116.0, "sentiment": ""}, {"id": 143871742, "text": "Price Returns vs Expected Daily Move $EWZ $VXX $EEM $FXI $BAC $AMD $AMZN $HYG $FB $BABA $GE $AAPL http://tinyurl.com/y7zbwhgq", "time": 1541244398.0, "sentiment": ""}, {"id": 143871730, "text": "$AMZN 666. A bad sign", "time": 1541244354.0, "sentiment": "Bearish"}, {"id": 143871647, "text": "$AMZN $NTDOY $TWTR Cheers to a good weekend y\u2019all", "time": 1541244078.0, "sentiment": "Bullish"}, {"id": 143871624, "text": "$AMZN has a poor technical rating and the quality of the setup is also only medium at the moment. https://www.chartmill.com/analyze.php?utm_source=stocktwits&amp;utm_medium=TA&amp;utm_content=SETUP&amp;utm_campaign=social_tracking#/AMZN?key=7e23e545-7a86-47d1-a0b4-6048c3164d97", "time": 1541243997.0, "sentiment": ""}, {"id": 143871342, "text": "$MBOT $TRXC $ALT $BRK.B $AMD $AMZN  Happy late Halloween!", "time": 1541243209.0, "sentiment": "Bullish"}, {"id": 143871169, "text": "$AMZN What will I do with my Amazon gains?", "time": 1541242774.0, "sentiment": "Bullish"}, {"id": 143870943, "text": "$GOOGL $AMZN playin v. long game with these two. think they will be industry (thought) leaders for decades (into next gen).", "time": 1541242302.0, "sentiment": "Bullish"}, {"id": 143870759, "text": "@PerSE @reez007 @Liber8 @Stockcat01 @AlexanderHandleton @Frenzy @Boyle Hence ANy one had Post (Buy) $AAPL Today is False=OR Bad Poster $AMZN", "time": 1541241913.0, "sentiment": ""}, {"id": 143870745, "text": "@PerSE @reez007 @Liber8 @Stockcat01 @AlexanderHandleton @Frenzy @Boyle $AMZN ER=Teach Us=Investors Have=&gt;No Tolerance for Missing ER=&gt; $AAPL", "time": 1541241869.0, "sentiment": ""}, {"id": 143870710, "text": "@PerSE @reez007 @Liber8 @Stockcat01 @AlexanderHandleton @Frenzy @Boyle All Smart posters Should had Tell U Learn from $AMZN ER how=&gt; $AAPL", "time": 1541241812.0, "sentiment": ""}, {"id": 143869749, "text": "$AMZN amazing week this was, feel even better abt the wk ahead. hv a fun n safe wknd, folks!", "time": 1541239931.0, "sentiment": "Bullish"}, {"id": 143869063, "text": "$TEUM and $AMZN pretty much the same, each lost a third of their value in last couple weeks.", "time": 1541238781.0, "sentiment": ""}, {"id": 143868933, "text": "$AMZN options burning Friday.", "time": 1541238605.0, "sentiment": ""}, {"id": 143868819, "text": "$AMZN relative strength today versus market and apple.  Expect a strong week ahead.", "time": 1541238461.0, "sentiment": "Bullish"}, {"id": 143867952, "text": "$SNAP has some tricks up its sleeves I feel for Q4 and the future .. why else would employees leave $AMZN to come on board ..", "time": 1541237218.0, "sentiment": "Bullish"}, {"id": 143867347, "text": "$AMZN FAANG is a past time. It is DONE. And still way overpriced. Has a long, long way down. People are exiting the market into bonds.", "time": 1541236405.0, "sentiment": "Bearish"}, {"id": 143867333, "text": "$AMZN $vix $spy Ouch!!", "time": 1541236382.0, "sentiment": ""}, {"id": 143867232, "text": "$AMZN More and more sources warning of market having serious fundamental problems. Slowing economic growth, interest rates rising as well.", "time": 1541236225.0, "sentiment": "Bearish"}, {"id": 143867096, "text": "$AMZN AAPL crushed today and all over the news. AMZN down 400 points from its high. Downgrades coming and PT lowering. Interest rates rising", "time": 1541236093.0, "sentiment": "Bearish"}, {"id": 143866606, "text": "$DIA $QQQ $SPY $FB $AMZN $TSLA $AAPL\n\nIn a matter of final mins the DOW went up 200 pts. Kudlow vs Trump; the latter comments \u2934\ufe0f the market", "time": 1541235461.0, "sentiment": ""}, {"id": 143866537, "text": "$AMZN we got through all the earnings FB, APPL, October effect... now it just the midterms", "time": 1541235356.0, "sentiment": ""}, {"id": 143866418, "text": "$AMZN This chart will be as red as the devils dick!", "time": 1541235181.0, "sentiment": ""}, {"id": 143866270, "text": "$AMZN back down next week", "time": 1541234984.0, "sentiment": "Bearish"}, {"id": 143865631, "text": "$AMZN 666!  Mama always said this company was the Devil!", "time": 1541234121.0, "sentiment": ""}, {"id": 143865382, "text": "$FB CNBC chart master said $FB may be getting worst, and $AMZN is too hot.", "time": 1541233842.0, "sentiment": "Bullish"}, {"id": 143864819, "text": "$AMZN who says holiday season will be a dud ? https://www.cnbc.com/2018/09/12/macys-to-hire-80000-workers-for-holidays.html", "time": 1541233180.0, "sentiment": ""}, {"id": 143864618, "text": "$AMZN Amazing. China economy slowing, so stocks down. US economy great, so stocks down. Can&#39;t win", "time": 1541232924.0, "sentiment": ""}, {"id": 143864582, "text": "$AMZN Don&#39;t forget travel...will kill off bookings.com, expedia.com", "time": 1541232871.0, "sentiment": ""}, {"id": 143864154, "text": "$AMZN healthcare &amp; pharmacy goina be a lit 2019", "time": 1541232397.0, "sentiment": "Bullish"}, {"id": 143864099, "text": "$AMZN Trump and Xi played chicken, but Trump called Xi first--&gt; Trump more desperate--&gt;Trump lost. China will play hardball.", "time": 1541232336.0, "sentiment": ""}, {"id": 143863354, "text": "$AMZN 1999 better than 1666", "time": 1541231405.0, "sentiment": ""}, {"id": 143863115, "text": "@udtrader $ebay single handedly trying to lose individual seller business &amp; only have big business - it\u2019s like they don\u2019t know about $amzn", "time": 1541231089.0, "sentiment": ""}, {"id": 143862960, "text": "$AMZN markets would love a deal though...", "time": 1541230912.0, "sentiment": "Bullish"}, {"id": 143862928, "text": "$AMZN wow, the 10Y Yield popped to 3.22%, not good. Fed may also do another rate increase because of strong job report. Talk about headwinds", "time": 1541230877.0, "sentiment": ""}, {"id": 143862503, "text": "$AMZN if trump wants to get re elected he has to make deal soon with China before too much damage", "time": 1541230307.0, "sentiment": "Bullish"}, {"id": 143862426, "text": "$AMZN They have to make agreement;  difficult to understand? Find how many  &quot;Made in China&quot;s in your house. Can we do it here? We are lazy.", "time": 1541230219.0, "sentiment": ""}, {"id": 143862390, "text": "$AMZN", "time": 1541230193.0, "sentiment": ""}, {"id": 143862309, "text": "$AMZN dude amazon is uuuuuge your thinking too small", "time": 1541230101.0, "sentiment": ""}, {"id": 143861816, "text": "$AMZN Took profits this morning. Still see a very solid buy at these levels. Solve \ud83c\udde8\ud83c\uddf3 soon? Welcome to cash city! And DOW 30K in a week...", "time": 1541229560.0, "sentiment": "Bullish"}, {"id": 143861682, "text": "$AMZN really 666 nice one Amazon!", "time": 1541229397.0, "sentiment": "Bullish"}, {"id": 143861670, "text": "$AMZN smart guide on the call realistic in these times\nNice set up for blow out quarter", "time": 1541229382.0, "sentiment": "Bullish"}, {"id": 143861603, "text": "$AMZN most of the negative press it\u2019s always valuation but look at India and the global reach they have\nWhat company gives you all amazon do", "time": 1541229309.0, "sentiment": ""}, {"id": 143861399, "text": "$SPY $AMZN just realized this is how they capture India and all it has to offer with or without wifi or cell phone", "time": 1541229097.0, "sentiment": ""}, {"id": 143860885, "text": "$AMZN Xi is likely to do Trump a solid and talk up trade next week during his speech.  Holding on this time - no stops let it ride", "time": 1541228570.0, "sentiment": "Bullish"}, {"id": 143860884, "text": "$AMZN no kidding somebody playing with the 666.", "time": 1541228569.0, "sentiment": "Bullish"}, {"id": 143860705, "text": "Aggregate short volume reported to FINRA for $AMZN was 1,168,482 on 11-02-18 https://volumebot.com/?s=AMZN", "time": 1541228391.0, "sentiment": ""}, {"id": 143860443, "text": "$AMZN Yuan rises as Trump asks cabinet to draft China trade deal South China News https://sc.mp/c7iky via @SCMPNews", "time": 1541228119.0, "sentiment": ""}, {"id": 143860348, "text": "$FB $AAPL $AMZN $NFLX $GOOGL #FAANG Technical Analysis Weekend Update https://youtu.be/5wQ4qklTyag", "time": 1541228025.0, "sentiment": ""}, {"id": 143860264, "text": "$AMZN Trump to host dinner for Xi after G20 summit South China News  https://sc.mp/x9xvj via @SCMPNews", "time": 1541227958.0, "sentiment": ""}, {"id": 143860130, "text": "$AMZN Xi gives  a speech Tuesday on importing more goods", "time": 1541227812.0, "sentiment": ""}, {"id": 143860037, "text": "$AMZN I have 2 vested shares of amazon from 2010. They are worth 3300 + now. Is it better to sell and invest in some other small cap?", "time": 1541227722.0, "sentiment": ""}, {"id": 143859992, "text": "$AMZN $AAPL $FB $GOOGL check out this analysis on fang stocks: https://youtu.be/uv1HlrGrjm4", "time": 1541227683.0, "sentiment": ""}, {"id": 143859458, "text": "$AMZN markets already priced in rising rates in Oct...now they will price in strong economy", "time": 1541227170.0, "sentiment": ""}, {"id": 143859362, "text": "\u202aHow to Screen Options bySeasonality https://youtu.be/RwbXtwY9uqo via @YouTube $acrx $cnat $atvi $hy $spy $tsla $aapl $loco $amzn $nihd $nem $c \u202c", "time": 1541227079.0, "sentiment": ""}, {"id": 143859331, "text": "Short sale volume (not short interest) for $AMZN at 2018-11-01 is 47%. http://shortvolumes.com/?t=AMZN via @shortvolumes", "time": 1541227056.0, "sentiment": ""}, {"id": 143859247, "text": "$AMZN With such strong ADP, holiday season will be very strong. Buy AMZN now, sell day after cyber Monday. Next year markets will fall", "time": 1541226979.0, "sentiment": ""}, {"id": 143859225, "text": "Dow drops 109. Payroll report shows 250k Jobs. $TSLA continues run after great er. $AMZN holds And $AAPL drops. Live https://www.periscope.tv/Naviavatar", "time": 1541226958.0, "sentiment": ""}]