[{"id": 143923281, "text": "$AMZN the bubble has popped. Dead cat bounce over. Get out", "time": 1541381109.0, "sentiment": "Bearish"}, {"id": 143923220, "text": "$AMZN Don&#39;t forget AMZN sucking up ad rev from GOOG and FB. 10B this year, growing 100%", "time": 1541380981.0, "sentiment": ""}, {"id": 143923141, "text": "$AMZN Diwali on 7th nov...AMZN very strong in India (unlike apple !). Cyber Monday coming up.", "time": 1541380841.0, "sentiment": "Bullish"}, {"id": 143923093, "text": "$AAPL followed $AMZN $GOOG sell off with lower guidance.. wanted to get these down no matter what, due for bounce $SPY", "time": 1541380743.0, "sentiment": "Bullish"}, {"id": 143923004, "text": "$AMZN does anyone know what caused amzn to crash to the $1400s a couple days ago? Just dragged by market in general or bad news?", "time": 1541380512.0, "sentiment": ""}, {"id": 143922767, "text": "$XRP.X $BTC.X $BCH.X $NEO.X $AMZN $ETC.X $ETH.X", "time": 1541380081.0, "sentiment": "Bullish"}, {"id": 143922761, "text": "$SPY $SPX $NDX $DJIA $AAPL $AMZN $FB $SQ $QQQ who&#39;s got money on Mango Man dropping some tweets tomorrow?", "time": 1541380070.0, "sentiment": "Bearish"}, {"id": 143922633, "text": "$AMZN should consider a split", "time": 1541379818.0, "sentiment": ""}, {"id": 143922578, "text": "@eclass I like the Walmart, owned it since $60.   Their online works as good and $AMZN in my situation.", "time": 1541379724.0, "sentiment": ""}, {"id": 143922332, "text": "$AMZN $qqq $spy Boom!", "time": 1541379292.0, "sentiment": ""}, {"id": 143921515, "text": "$BCH.X\ud83c\udfc7\ud83c\udfc7\ud83c\udfc7\ud83c\udfc7 $AMZN $AAPL $AMD $SPY", "time": 1541378034.0, "sentiment": "Bullish"}, {"id": 143921451, "text": "Stalking swing call setups after looking at weekly charts $SPY $AMZN $NVDA $MA $FB $DIA. \ud83d\udc40 $AAPL slice below Friday\u2019s support =190\u2019s?", "time": 1541377932.0, "sentiment": ""}, {"id": 143921148, "text": "$AMZN", "time": 1541377407.0, "sentiment": "Bullish"}, {"id": 143921116, "text": "$AAPL coiling. Big move on deck. Everyone knows -ala $amzn rebound - short fake out. Big move. Earnings beat says up.", "time": 1541377360.0, "sentiment": "Bullish"}, {"id": 143921034, "text": "$AAPL $AMZN $FB $GOOG $MSFT $BAC $C $TWTR $NFLX still sticking to my bloody monday call.", "time": 1541377218.0, "sentiment": ""}, {"id": 143920696, "text": "$AAPL $AMZN $SPY you will follow me if you and me agree on the market direction and you ignore me if you disagree, i may B right this time", "time": 1541376676.0, "sentiment": "Bullish"}, {"id": 143920408, "text": "$AMZN, $ABMD, $ILMN, $ANET a few of last week&#39;s top watch list movers.", "time": 1541376239.0, "sentiment": ""}, {"id": 143920149, "text": "Market Analysis video: https://www.youtube.com/watch?v=OFUyGuR2-8c\n\n$SPY $DIA $QQQ $AMZN $GOOGL $NFLX $FB $AAPL $BA $NVDA $TSLA $JNUG $TWTR $AMD $BABA $BIDU", "time": 1541375840.0, "sentiment": ""}, {"id": 143919853, "text": "$AAPL $AMZN $SQ $SPY A Bottom In The DOW Is Already In Place. Confirms Support In Two Tests Shown As &#39;123 or ABC&#39; $STUDY", "time": 1541375244.0, "sentiment": ""}, {"id": 143919592, "text": "$AMZN for real?", "time": 1541374772.0, "sentiment": ""}, {"id": 143919368, "text": "\u202aIncrease Your Win Rate - Option Trading Education https://youtu.be/6mHLcyWBSxw via @YouTube $spy $amzn $aapl $tsla $mafy $s $jpm $bac $goog \u202c", "time": 1541374325.0, "sentiment": ""}, {"id": 143919337, "text": "$AMZN North Korea threatens to resume nuclear development if U.S. doesn&#39;t lift sanctions", "time": 1541374279.0, "sentiment": ""}, {"id": 143919000, "text": "12 Monster Stock Predictions for The Week of November 5 https://wp.me/p6NqCb-545 $aapl $amzn $nflx $msft $ma $roku $acad $ba $cat $sage $googl", "time": 1541373638.0, "sentiment": ""}, {"id": 143918433, "text": "$SPY $FB $AMZN $AAPL $GOOG $DXY to 100+ - North Street, Sun, Nov 4, 18. bye bye market, MMs, algos &amp; Trump. cannot control &amp; manip FX move.", "time": 1541372538.0, "sentiment": "Bearish"}, {"id": 143918428, "text": "$BTC.X $SPY ID GET IN IF I WERE YOU ESPECIALLY IF YOU LOST MONEY IN $AAPL $FB $AMZN $AMD", "time": 1541372530.0, "sentiment": "Bullish"}, {"id": 143918130, "text": "$AMZN Historically the markets rise after the elections no matter the outcome.", "time": 1541372069.0, "sentiment": ""}, {"id": 143917971, "text": "Weighing The Week Ahead: Storm Warnings $IBM $AMZN $SBUX https://goo.gl/Wa8vnu", "time": 1541371777.0, "sentiment": ""}, {"id": 143917853, "text": "I wonder how these stocks will perform this week? i wrote about them in my article, check it out! $F $AMZN $GE $KMI https://www.investyourheartout.com/blog/how-to-plan-for-a-successful-market-week", "time": 1541371580.0, "sentiment": "Bullish"}, {"id": 143917682, "text": "$SPY $FB $AMZN $AAPL $GOOG 200D MA test coming for AAPL. better pray it holds or all hell will break loose if it fails on closing basis.", "time": 1541371303.0, "sentiment": "Bearish"}, {"id": 143917515, "text": "$FB $AAPL $AMZN $NFLX $GOOGL Technical Analysis https://youtu.be/5wQ4qklTyag", "time": 1541370997.0, "sentiment": ""}, {"id": 143917139, "text": "$AMZN amzn. amzn", "time": 1541370261.0, "sentiment": ""}, {"id": 143916955, "text": "$AMZN amazon could be making a move into crypto currencies https://www.cnbc.com/2017/11/01/amazon-buys-crypto-domains-bitcoin-ethereum.html", "time": 1541369897.0, "sentiment": "Bullish"}, {"id": 143916590, "text": "$AMZN looking to buy pullback dips, estimated fib zones 1613 1587 1561 \ud83c\udf89 see how the week starts first", "time": 1541369261.0, "sentiment": ""}, {"id": 143916426, "text": "$AMZN rise will be +$170", "time": 1541368955.0, "sentiment": ""}, {"id": 143916398, "text": "$AMZN minus $60 this week before rise.", "time": 1541368899.0, "sentiment": ""}, {"id": 143916265, "text": "$AMZN So how does one counter play algo driven directions", "time": 1541368676.0, "sentiment": ""}, {"id": 143916160, "text": "$AMZN the difference between this year and previous crashes:corrections = insane artificial intelligent algorithms... a whole new ball game", "time": 1541368501.0, "sentiment": "Bullish"}, {"id": 143916158, "text": "$AMZN (Google may go Union) Google walkouts showed new tech resistance, with lots of cues from union organizing https://cnb.cx/2P5miCM", "time": 1541368500.0, "sentiment": ""}, {"id": 143916055, "text": "$AMZN Amzn in a Washington Suburb -H2Q CNBC, Bloomberg", "time": 1541368366.0, "sentiment": ""}, {"id": 143916005, "text": "$AMZN So Virginia is H2Q AMZN", "time": 1541368290.0, "sentiment": ""}, {"id": 143915994, "text": "$AMZN Amazon reportedly in advanced stages naming Crystal City, Virginia as its 2nd headquarters: Wash Post CNBC https://cnb.cx/2zoSDdm", "time": 1541368270.0, "sentiment": ""}, {"id": 143915926, "text": "$NFLX $AMZN  which stock is best for long term grow? Amazon is so expensive to buy", "time": 1541368126.0, "sentiment": "Bullish"}, {"id": 143915767, "text": "$AMZN Would building collapse have an effect tomorrow on SP?", "time": 1541367865.0, "sentiment": ""}, {"id": 143915755, "text": "$AMZN Looking hopeful for Long activity next week My.02", "time": 1541367841.0, "sentiment": ""}, {"id": 143915722, "text": "$AMZN  \nHopes rise after Donald Trump and Xi Jinping agree G20 meeting South China News 11-03-18 https://sc.mp/7z9j3 via @SCMPNews", "time": 1541367793.0, "sentiment": ""}, {"id": 143915690, "text": "$CRON  vote for America not socialism! $mj $cgc $tlry $qqq $spy $amzn", "time": 1541367741.0, "sentiment": ""}, {"id": 143915671, "text": "$AMZN  Trump says he and Xi \u2018getting much closer to doing something\u2019  Ibid Bloomberg 11-04", "time": 1541367713.0, "sentiment": ""}, {"id": 143915584, "text": "Market Briefing: $AAPL, $AMZN, $NFLX, $GOOGL #midterms #tradewar #china http://www.talkmarkets.com/content/stocks--equities/market-briefing-for-monday-nov-5?post=197153", "time": 1541367551.0, "sentiment": ""}, {"id": 143915557, "text": "$AMZN Trump-Xi trade deal will probably begin at the G-20 summit https://www.bloomberg.com/news/articles/2018-11-03/trump-xi-trade-deal-is-likely-to-begin-rather-than-end-at-g-20 via @bpolitics", "time": 1541367495.0, "sentiment": ""}, {"id": 143915480, "text": "Our newsletter this weekend is packed with stock by stock predictions for November $AMZN $NFLX $AAPL ... Sign up here http://bit.ly/MatrixNL", "time": 1541367346.0, "sentiment": ""}, {"id": 143915474, "text": "$SPY Been doing 5 min trades - \n \nhttp://www.tradewithjoe.com/trading-the-opening-five-minute-candle/ \n \n$SPX $IWM $QQQ $AAPL $TSLA $AMZN $NFLX $GOOGL $BABA $BIDU $C $IBM #study", "time": 1541367330.0, "sentiment": ""}, {"id": 143915384, "text": "$AMZN has a very good Piotroski-F score of 8.00. This indicates great health and profitability. https://www.chartmill.com/analyze.php?utm_source=stocktwits&amp;utm_medium=FA&amp;utm_content=HEALTH&amp;utm_campaign=social_tracking#/AMZN?r=fa&amp;key=7e23e545-7a86-47d1-a0b4-6048c3164d97", "time": 1541367117.0, "sentiment": ""}, {"id": 143915349, "text": "$AMZN T-8.5 hours", "time": 1541367047.0, "sentiment": "Bullish"}, {"id": 143915347, "text": "$AMZN dr J is bullish https://youtu.be/zgPZWuLkCD8 had a great call", "time": 1541367046.0, "sentiment": "Bullish"}, {"id": 143915333, "text": "$AMZN October (PPI) producer price inflation figures at 8:30 AM ET  Friday Pre Bell (Ibid Invest com)", "time": 1541366998.0, "sentiment": ""}, {"id": 143915270, "text": "$AMZN So China US trade relations hopeful &amp; Fed will not raise int rates on Thur", "time": 1541366851.0, "sentiment": ""}, {"id": 143915256, "text": "$AMZN (92.8% chance FOMC wil not hike int rates on Thur ( FedWatch Tool Probability Calculator https://www.cmegroup.com/education/demos-and-tutorials/fed-funds-futures-probability-tree-calculator.html#.W98A06XsCO8.twitter", "time": 1541366817.0, "sentiment": ""}, {"id": 143915030, "text": "$AMZN  Polls suggest the Democratic Party will win control of the House of Representatives (Tues).  Investing Com", "time": 1541366335.0, "sentiment": ""}, {"id": 143915023, "text": "Podcast review of Amazon is now up! Enjoy ;) $amzn $ndx $SPX", "time": 1541366325.0, "sentiment": ""}, {"id": 143915011, "text": "$AMZN China hopes (to) end US trade war.Minister signals desire for \u2018healthy &amp; stable\u2019 relations S. China News 11-03 https://sc.mp/7z9j3", "time": 1541366288.0, "sentiment": ""}, {"id": 143914979, "text": "@hiren_ce18 ... re: &quot;$AMZN below $1400 next 2 week(s).&quot; Guaranteed? Will you back brokerage acct losses if wrong? Post becomes a LIE !!", "time": 1541366223.0, "sentiment": ""}, {"id": 143914890, "text": "@shareprofit ... Democrats will NOT be taking &quot;the House&quot; Tue. Remains in Republican control until January 2019 if &quot;D&#39;s&quot; manage win. $AMZN", "time": 1541366058.0, "sentiment": ""}, {"id": 143914871, "text": "$AMZN &quot;second HQ my ass&quot; you can kiss your Seattle job goodbye. But they wouldn&#39;t come out and say that. LOL", "time": 1541365999.0, "sentiment": ""}, {"id": 143914825, "text": "$AMZN", "time": 1541365888.0, "sentiment": "Bullish"}, {"id": 143914753, "text": "$AMZN $fb $AAPL Charts are saying next 2 weeks are going to be ugly...", "time": 1541365730.0, "sentiment": ""}, {"id": 143914748, "text": "$AMZN Northern Virginia REIT?  I&#39;m in. \nhttps://seekingalpha.com/article/4177375-d-c-reit-just-bet-amazon", "time": 1541365698.0, "sentiment": ""}, {"id": 143914541, "text": "How Will Changes in Congress Affect Big Tech?\n\n$AAPL $AMZN $GOOG $FB\n\nhttps://www.thestreet.com/technology/how-the-midterm-elections-affect-big-tech-14767937", "time": 1541365127.0, "sentiment": ""}, {"id": 143914440, "text": "Stocks To Watch: \n\n$MYL $GOOGL $AAPL $TJX $MU $WYNN $RTN $DIS $LMT $COST $PG $ATVI $AMD $EA $BKNG $SQ $AMZN $WMT $TTWO $BA\n\n  https://seekingalpha.com/article/4217892-stocks-watch-looking-beyond-election", "time": 1541364876.0, "sentiment": ""}, {"id": 143914363, "text": "$AAPL $SPX $AMZN $TGT $JWN $M $SPY $XLF", "time": 1541364660.0, "sentiment": ""}, {"id": 143913655, "text": "$AMZN AMZN Holding Above Earnings Day Open. AMZN so far trying to hold above earnings day.  I am not a believer.  Looks", "time": 1541362733.0, "sentiment": "Bearish"}, {"id": 143913544, "text": "$SPY $QQQ $AMZN $AAPL   The Week Ahead: Should You Buy Or Sell Based On Election Results? https://goo.gl/oNMuXu", "time": 1541362442.0, "sentiment": ""}, {"id": 143912744, "text": "$AMZN there getting really close 2 announcing there new Warehouse here in US.. u know the day they do.. this will b up another 100$! #anyday", "time": 1541359799.0, "sentiment": "Bullish"}, {"id": 143912731, "text": "$AMZN \n That sort of whimpered out. Predictions for next week.", "time": 1541359741.0, "sentiment": ""}, {"id": 143912451, "text": "Economic Events/Data Next Week:\n$NFLX $BABA $GOOGL $AAPL $NDX $MU $QQQ $MSFT $SPX $FB $SPY $DIA $AMZN  $WMT $RUSS $GLD $OILU $OILD $OSX", "time": 1541358108.0, "sentiment": ""}, {"id": 143912401, "text": "3 Top Retail Stocks to Buy in November $AMZN https://finance.yahoo.com/news/3-top-retail-stocks-buy-204500105.html", "time": 1541357837.0, "sentiment": ""}, {"id": 143911898, "text": "$ACB just imagine once every state in US becomes Legal \ud83d\ude07\ud83d\udcb0\ud83d\udcb8\ud83d\udcb5~ that\u2019s why this is a long hold . Could be $AMZN of weed stocks", "time": 1541354577.0, "sentiment": "Bullish"}, {"id": 143911606, "text": "$BTC.X $BCH.X SORRY BUT IF BITCOIN CASH WANTS TO SURVIVE LONGTERM IT HAD TO CHANGE ITS NAME AND IM AFRAID ITS TOO LATE $SPY $AAPL $FB $AMZN", "time": 1541352521.0, "sentiment": "Bullish"}, {"id": 143911353, "text": "$AAPL $SPY $AMZN too freakin funny! We can all use a little humor in these bizarre times. https://youtu.be/kG7szS15O8Q", "time": 1541350447.0, "sentiment": ""}, {"id": 143910954, "text": "$AMZN how will this stock and other fang be affected if the Democrats take the house on Tuesday.", "time": 1541346729.0, "sentiment": "Bullish"}, {"id": 143910453, "text": "View all historical setups posted for $AMZN https://www.sleekoptions.com/gs.aspx?sym=AMZN", "time": 1541342522.0, "sentiment": "Bullish"}, {"id": 143910315, "text": "$AMZN&#39;s Profit Margin of 4.03% is amongst the best of the industry. https://www.chartmill.com/analyze.php?utm_source=stocktwits&amp;utm_medium=FA&amp;utm_content=PROFITABILITY&amp;utm_campaign=social_tracking#/AMZN?r=fa&amp;key=7e23e545-7a86-47d1-a0b4-6048c3164d97", "time": 1541341677.0, "sentiment": ""}, {"id": 143910289, "text": "$FNSR $AMZN nuff said", "time": 1541341523.0, "sentiment": "Bullish"}, {"id": 143910225, "text": "$AMZN not ready to count out amazon yet but I feel like we retest intraday lows from of 1490s.  No position", "time": 1541341046.0, "sentiment": ""}, {"id": 143909377, "text": "$AMZN The mark of the devil, nice!", "time": 1541335792.0, "sentiment": ""}, {"id": 143908766, "text": "$AMZN how do you guys things the building collapse and two killed will effect Monday\u2019s open?", "time": 1541333069.0, "sentiment": ""}, {"id": 143908533, "text": "$ROKU $AMZN Someone so scared of Roku &amp; Locast free TV they&#39;ve resorted to censoring #1 top Roku reviews on amazon https://www.amazon.com/gp/customer-reviews/R2C3LZYQARS830?ref=pf_vv_at_pdctrvw_srp", "time": 1541332197.0, "sentiment": ""}, {"id": 143908347, "text": "$GRPN Plus+5-star BloodyMary\u2019s/benedict=heaven.GRPN:treating myself 2 more overspending galore. #Amateurzon $AMZN #YelpSucks $YELP $QUOT meh", "time": 1541331593.0, "sentiment": "Bullish"}, {"id": 143908343, "text": "@ElliottwaveForecast $AMZN  US stocks may fall into mon/tue for wave 2 down, then bounce up for biggest wave 3 after election\u261d $SPX $ES_F", "time": 1541331583.0, "sentiment": ""}, {"id": 143908256, "text": "The article has $1490 target before earnings. Despite blockbuster report, $AMZN dropped precipitously. https://elliottwave-forecast.com/stock-market/record-breaking-income-doesnt-save-amazon-from-tanking/ #elliottwave", "time": 1541331314.0, "sentiment": ""}, {"id": 143908194, "text": "$AMZN 1 Nov chart showing target has been reached and starting to bounce #elliottwave", "time": 1541331106.0, "sentiment": ""}, {"id": 143908175, "text": "$AMZN 4 hour chart on 20 Oct showing further downside expected. We are looking for $1490 target to end cycle from 2052 high #elliottwave", "time": 1541331067.0, "sentiment": ""}, {"id": 143908155, "text": "$AMZN 30 Oct update looking for more downside from blue. Stock sold off from $1855 to $1478 since then #elliottwave", "time": 1541330996.0, "sentiment": ""}, {"id": 143907992, "text": "ICYMII: 3 Takeaways from the Q3 Earnings Season $AMZN $FB $GOOGL $CAT $MMM https://goo.gl/2fe76n", "time": 1541330356.0, "sentiment": ""}, {"id": 143907888, "text": "$AMZN If you publish bear or bull to feel better, it is because you are unsure of your investment", "time": 1541330032.0, "sentiment": ""}, {"id": 143907611, "text": "$AMZN AMZN target 1750 next week....tariff talks keep it up. Very strong ADP, wages up, retail will be very strong this thxgiving.", "time": 1541329185.0, "sentiment": ""}, {"id": 143907352, "text": "$FB $BABA $AAPL $NFLX $AMZN $GOOG $AMD $NVDA $INTC $SQ $BIDU $TSLA $SPY $DJIA GROWTH RATE CHINA AND INDIA \nhttps://streamable.com/l4nau", "time": 1541328374.0, "sentiment": "Bullish"}, {"id": 143907301, "text": "$AMZN pt target 1800? ! Too greedy?", "time": 1541328208.0, "sentiment": "Bullish"}, {"id": 143907192, "text": "$AMZN I have multiple friends that received amzn items they didn\u2019t order, +10 items named and addressed to them. Artificial sales boost???", "time": 1541327898.0, "sentiment": ""}, {"id": 143906906, "text": "$AMZN 1850 by end of week.", "time": 1541327054.0, "sentiment": "Bullish"}, {"id": 143906532, "text": "Being down $45 billion in $AMZN stock no big deal https://elliottwave-forecast.com/stock-market/45-billion-amzn-no-big-deal/ #elliottwave", "time": 1541326092.0, "sentiment": ""}, {"id": 143905366, "text": "$AMZN https://soundcloud.com/musical0rgasm-1/the-take-down-free-download\n\nBefore we fall to pieces, before we fall to the ground\n\nI want you to know, girl I know you&#39;ll take me down", "time": 1541323351.0, "sentiment": "Bullish"}, {"id": 143904361, "text": "$AMZN amzn not going to give buffet a \u201cspecial deal\u201d aka he\u2019s out...", "time": 1541321185.0, "sentiment": ""}, {"id": 143904288, "text": "$AMZN Amazon said on Saturday two people were killed when part of a distribution warehouse collapsed in severe weather in Baltimore.", "time": 1541321051.0, "sentiment": ""}, {"id": 143904255, "text": "$AMZN yo buffet, is Amazon cheap enough for u yet? .... u got no excuses now.... better load up on google too...", "time": 1541320974.0, "sentiment": "Bullish"}, {"id": 143903914, "text": "$AMZN&#39;s Profit Margin of 4.03% is amongst the best of the industry. https://www.chartmill.com/analyze.php?utm_source=stocktwits&amp;utm_medium=FA&amp;utm_content=PROFITABILITY&amp;utm_campaign=social_tracking#/AMZN?r=fa&amp;key=7e23e545-7a86-47d1-a0b4-6048c3164d97", "time": 1541320137.0, "sentiment": ""}, {"id": 143903755, "text": "$AMZN $NFLX $SQ Beautiful women will be the death of me. \ud83d\udc80", "time": 1541319681.0, "sentiment": ""}, {"id": 143903570, "text": "Market Analysis video: https://youtu.be/OFUyGuR2-8c\n\n$SPY $DIA $QQQ $AMZN $GOOGL $NFLX $FB $AAPL $BA $NVDA $TSLA $JNUG $TWTR $AMD $BABA $BIDU", "time": 1541319267.0, "sentiment": ""}, {"id": 143903386, "text": "$AMZN $FB $AAPL $NFLX $GOOG $MSFT Algos gonna boost these bad boys up starting Wednesday.  Prepare for liftoff.....", "time": 1541318883.0, "sentiment": "Bullish"}, {"id": 143903321, "text": "$AMZN HQ2 buzz started. Trending on Monday. 1700 open", "time": 1541318735.0, "sentiment": "Bullish"}, {"id": 143902371, "text": "$AMZN 1103 at some point", "time": 1541316759.0, "sentiment": ""}, {"id": 143902171, "text": "$SPY $AAPL $AMZN $QQQ last week 2 green days brought the market uptrend, by end of week, it will be confirmed", "time": 1541316310.0, "sentiment": "Bullish"}, {"id": 143902089, "text": "$SNAP  Snap is now the #2 app in the world - beating $FB and insta and just behind $GOOG $GOOGL  Since that $AMZN stake, it&#39;s been moving up", "time": 1541316126.0, "sentiment": "Bullish"}, {"id": 143901897, "text": "$amzn doorknob", "time": 1541315646.0, "sentiment": ""}, {"id": 143901891, "text": "$SPY elections is ONLY good for WS,  media &amp; day traders. so all is over now, gets back to normal and less volatility $AAPL $AMZN $NVDA $QQQ", "time": 1541315634.0, "sentiment": "Bullish"}, {"id": 143901864, "text": "$AMZN I\u2019ll remember you said that", "time": 1541315583.0, "sentiment": ""}, {"id": 143901826, "text": "$MU $AMD $AAPL $MSFT $GOOGL $NFLX $AMZN $STX", "time": 1541315482.0, "sentiment": "Bullish"}, {"id": 143901821, "text": "@Trey16 Amazon $AMZN and Walmart $WMT haha \ud83d\ude06", "time": 1541315464.0, "sentiment": ""}, {"id": 143901422, "text": "$AMZN $1400", "time": 1541314666.0, "sentiment": "Bearish"}, {"id": 143901210, "text": "$AMZN buying calls out the gate on Monday, let\u2019s go! \ud83d\ude80\ud83d\udcb0", "time": 1541314210.0, "sentiment": "Bullish"}, {"id": 143900922, "text": "Is it Monday yet?? \n$SPY $FB $TSLA $AAPL $AMZN $BABA $TVIX $UVXY $JD $JNUG", "time": 1541313690.0, "sentiment": ""}, {"id": 143900102, "text": "$AMZN $HD $SHOP\nhttps://m.nasdaq.com/article/3-top-retail-stocks-to-buy-right-now-cm1047216", "time": 1541312073.0, "sentiment": ""}, {"id": 143899952, "text": "$AMZN $GOOG $AAPL $FB $TWTR $SQ $NFLX $PYPL $SHOP \nExpect a skyrocket after midterm elections \nhttps://www.google.com/amp/s/www.marketwatch.com/amp/story/guid/1B00C3B2-AD31-11E8-AFF7-B45E013A5296", "time": 1541311786.0, "sentiment": "Bullish"}, {"id": 143899939, "text": "$AMZN \nhttps://m.nasdaq.com/article/3-ways-amazon-is-shifting-gears-to-profitability-cm1049543", "time": 1541311758.0, "sentiment": ""}, {"id": 143899880, "text": "$AEO $COST $AMZN three top retail stocks to buy in Nov \n\nhttps://m.nasdaq.com/article/3-top-retail-stocks-to-buy-in-november-cm1049560", "time": 1541311623.0, "sentiment": ""}, {"id": 143899809, "text": "$AMZN $GOOG $AAPL $FB $TWTR $SQ $NFLX $PYPL $SHOP maybe this will be first year it doesn\u2019t and turns in to bear market instead \ud83d\ude02", "time": 1541311475.0, "sentiment": ""}, {"id": 143899780, "text": "Trade Setups For Where This Market Is Headed Next $AAPL $SPX $AMZN $TGT $JWN $M $SPY $XLF https://t.co/UdO9jaCsrm", "time": 1541311412.0, "sentiment": ""}, {"id": 143899716, "text": "$AMZN $GOOG $AAPL $FB $TWTR $SQ $NFLX $PYPL $SHOP \nFor the past 21 midterm years, the stock market has rallied after elections are over", "time": 1541311268.0, "sentiment": "Bullish"}, {"id": 143899447, "text": "$AMZN below $1400 next 2 week .", "time": 1541310721.0, "sentiment": "Bearish"}, {"id": 143899296, "text": "$SPY Amazon needs to do a better job spying on me, they just recommended a MAGA hat for me to purchase.  No $AMZN just no", "time": 1541310463.0, "sentiment": ""}, {"id": 143898598, "text": "$AMZN seen this today", "time": 1541309132.0, "sentiment": "Bullish"}, {"id": 143898452, "text": "$AMZN shameless mutts trying to get price down based on that.", "time": 1541308835.0, "sentiment": "Bullish"}, {"id": 143898343, "text": "$AMZN  1375$ is healthy if it corrects.", "time": 1541308640.0, "sentiment": "Bearish"}, {"id": 143898220, "text": "$AMZN  Expect below 1450 is midterm screwed up", "time": 1541308395.0, "sentiment": ""}, {"id": 143898197, "text": "$INTC $DIS $DOCU $DBX $AMD $AMZN  $CRON $TCEHY $TLRY  \ntechnical analysis training videos for those new to trading.  \n \nhttps://www.youtube.com/playlist?list=PLKSFYYvS8STIJKy8DkdB2uBQuVpT3YabI", "time": 1541308349.0, "sentiment": ""}, {"id": 143897584, "text": "$amzn long term target : 700", "time": 1541307193.0, "sentiment": ""}, {"id": 143896781, "text": "$AMZN I will start selling fake magic balls here in ST to figured out what will happen next week, I think I&#39;ll get good revenue. :-)", "time": 1541305647.0, "sentiment": ""}, {"id": 143896468, "text": "$AMZN It isn&#39;t just sad. It&#39;s revealing of the buildings and future risk potential, as well as the possible cost of reinforcing facilities.", "time": 1541304993.0, "sentiment": "Bearish"}, {"id": 143896447, "text": "$AMZN When Everyone think stock will go UP, then SELL it. If everyone in fear, then BUY it...", "time": 1541304965.0, "sentiment": "Bullish"}, {"id": 143895974, "text": "$AMZN RED FRIDAY -&gt; GREEN FRIDAY -&gt; GREY FRIDAY -&gt; ???", "time": 1541304131.0, "sentiment": "Bullish"}, {"id": 143895676, "text": "$AMZN 2000$ By EOY!!", "time": 1541303489.0, "sentiment": "Bullish"}, {"id": 143895674, "text": "$AMZN chart analysis says damage done to the stock market is \u2018much, much worse\u2019 than anyone is talking about -  https://on.mktw.net/2zawoHG", "time": 1541303475.0, "sentiment": "Bullish"}, {"id": 143895408, "text": "$AMZN $SPY amzn is going to be bright candle on Monday due to hq2 talks..should have bought some calls", "time": 1541302953.0, "sentiment": ""}, {"id": 143895325, "text": "$SPY $STUDY With A Higher \nPut/Call Ratio 150 than February and April&#39;s Bottom, $AAPL $AMZN Selling Could Rapidly Turn To A &#39;Panic Buying&#39;.", "time": 1541302766.0, "sentiment": ""}, {"id": 143895070, "text": "Will Amazon Learn From Berkshire Hathaway &amp; Eli Lilly&#39;s Mistaken Choice Of Locations? $AMZN $BRKA $BRKB $LLY $PGR http://markquarter.com/business/mq-Amazon-HQ2.html", "time": 1541302222.0, "sentiment": ""}, {"id": 143894988, "text": "$AMZN Will the deaths in warehouse ruin this on Monday you think or no effect or is affect?", "time": 1541302066.0, "sentiment": ""}, {"id": 143894963, "text": "$AMZN shows a strong growth in EPS. Over the last 5 years, the EPS has been growing by 94.09% yearly. https://www.chartmill.com/analyze.php?utm_source=stocktwits&amp;utm_medium=FA&amp;utm_content=GROWTH&amp;utm_campaign=social_tracking#/AMZN?r=fa&amp;key=7e23e545-7a86-47d1-a0b4-6048c3164d97", "time": 1541302017.0, "sentiment": ""}, {"id": 143894688, "text": "@AngryPanda lesson I learnt from $T $UPS $AMZN $FB $AAPL is that WS screws us no matter what..205 not low enuf for WS", "time": 1541301468.0, "sentiment": "Bullish"}, {"id": 143894558, "text": "$AMZN  Being Down $45 Billion in AMZN Stock No Big Deal https://elliottwave-forecast.com/stock-market/45-billion-amzn-no-big-deal/ #elliottwave", "time": 1541301197.0, "sentiment": ""}, {"id": 143893911, "text": "$SPY  $AMZN $NFLX $AAPL $FB", "time": 1541299952.0, "sentiment": ""}, {"id": 143893826, "text": "$AMZN https://www.bostonglobe.com/metro/2018/11/03/amazonhq/AmlJAmIALSPxqPTmVp0AvL/amp.html", "time": 1541299796.0, "sentiment": ""}]