[{"id": 143944851, "text": "$AAPL $AMZN Another fact from Earth 1.", "time": 1541417219.0, "sentiment": ""}, {"id": 143944778, "text": "$AAPL $AMZN Facts about stock market rise from Earth 1 - not from alternative Trump universe.", "time": 1541417032.0, "sentiment": ""}, {"id": 143944420, "text": "WEEKEND MARKET VIDEO: 11/4/18 https://joefahmy.com/2018/11/04/weekend-market-video-11-4-18 $SPY $QQQ $IWM $AAPL $AMZN @InvestorsBusinessDaily #IBDPartner https://bit.ly/2PkVcnx", "time": 1541416337.0, "sentiment": ""}, {"id": 143944354, "text": "$F $NFLX $AMZN $M $UAA $GE $EA $SPOT $V $BAC $MSFT \nCheck my profile to join us for free!", "time": 1541416215.0, "sentiment": ""}, {"id": 143943960, "text": "$AMZN Watching Pats-Pack game tonight. Caught Cris Collinsworth mention AWS 1 or 2 times on broadcast. Amazon is everywhere - get use to it.", "time": 1541415462.0, "sentiment": "Bullish"}, {"id": 143943740, "text": "$AAPL $AMZN $FB $GOOG $MSFT $BAC $C $TWTR $NFLX in the past when Trump said something about tariff, China would respond. Now Xi silence...", "time": 1541415144.0, "sentiment": ""}, {"id": 143943591, "text": "$AMZN Hitting 1700 tomorrow?", "time": 1541414885.0, "sentiment": ""}, {"id": 143943196, "text": "$AMZN China to deepen multilateral, bilateral cooperation: Xi - Xinhua http://www.xinhuanet.com/english/2018-11/05/c_137582885.htm#0-twi-1-67705-7250227817ecdff034dc9540e6c76667", "time": 1541414226.0, "sentiment": ""}, {"id": 143943157, "text": "$AMZN China imported goods to exceed 40 trillion in next 15 yrs Xinhua http://www.xinhuanet.com/english/2018-11/05/c_137582996.htm#0-twi-1-49223-7250227817ecdff034dc9540e6c76667", "time": 1541414168.0, "sentiment": ""}, {"id": 143943133, "text": "$SPY $AMZN Running with the wolves", "time": 1541414131.0, "sentiment": "Bullish"}, {"id": 143943106, "text": "@bababoeey $baba China \ud83d\udcc9 bigly and $ES_F $NQ_F not green looking for gap down and go $AMZN $AAPL  $SPY bought these just b4 the close Fri.", "time": 1541414082.0, "sentiment": "Bearish"}, {"id": 143943081, "text": "$AMZN Xi announces opening of China International Import Expo  Xinhua | http://www.xinhuanet.com/english/2018-11/05/c_137582780.htm#0-twi-1-3089-7250227817ecdff034dc9540e6c76667", "time": 1541414037.0, "sentiment": ""}, {"id": 143942959, "text": "$AMZN Xi is BSing, thus market not happy, because trade deal does not seem easy.", "time": 1541413802.0, "sentiment": ""}, {"id": 143942644, "text": "$spy $QQQ $DIA $AAPL $AMZN $MU $BABA $BA $GOOGL $GOOG $CAT $DIS where did you find that quote?", "time": 1541413304.0, "sentiment": ""}, {"id": 143942625, "text": "$AMZN Xi speech tries to position China as globalization champion https://cnb.cx/2SM1Xk4", "time": 1541413275.0, "sentiment": ""}, {"id": 143942304, "text": "#VOTE #vote #VoTe $spy $QQQ $DIA $AAPL $AMZN $MU $BABA $BA $GOOGL $GOOG $CAT $DIS \n\nNov 5 2018 we need REAL growth", "time": 1541412731.0, "sentiment": ""}, {"id": 143942256, "text": "Mon\u2019s \ud83d\udc401 $AMZN $AAPL $AMD $FB $GOOGL $BA $BABA $BKNG $BRK.B $CMG $CRM $EXEL $FOLD $INTC $LMT $LUV $MA $ACRX $CRMD $KORS $CIEN $ADBE $COST", "time": 1541412655.0, "sentiment": ""}, {"id": 143941997, "text": "$AMZN china to lower tariffs I found this article for you: \n\n \n\n \n https://www.investing.com/news/economy-news/chinas-xi-promises-lower-tariffs-broader-market-access-1673418 \n\n To download the Investing App \n http://bit.ly/InvApp", "time": 1541412265.0, "sentiment": ""}, {"id": 143941816, "text": "$AMZN excited for this week! We gonna make somemoney!", "time": 1541411961.0, "sentiment": ""}, {"id": 143941312, "text": "$AMZN Xi promises greater opening up (Economically) .  South China News 11-05-18  https://sc.mp/ppcwd via @SCMPNews", "time": 1541411211.0, "sentiment": ""}, {"id": 143941200, "text": "$AMZN C&#39;mon amzn...get into online travel...BABA has it too.", "time": 1541411057.0, "sentiment": ""}, {"id": 143941175, "text": "$AMZN", "time": 1541411023.0, "sentiment": ""}, {"id": 143941042, "text": "$AMZN made a nice comeback, closing the week back over .618fib. But needs to get through channel resistance and 20dma", "time": 1541410821.0, "sentiment": ""}, {"id": 143940813, "text": "@RikuKaito $AMZN currently exists in China w/ 15 operations centers? Keep this to real news please. https://en.m.wikipedia.org/wiki/Amazon_China", "time": 1541410457.0, "sentiment": "Bullish"}, {"id": 143940656, "text": "Top Weekend Stories $BRK.A $BRK.B $AMZN $MSFT $GOOGL $FOX $REZI $GPS $IR $LI $LUV $NOC $LMT $RIO $RTN $GLNCY $COST  https://goo.gl/rp9p4i", "time": 1541410260.0, "sentiment": ""}, {"id": 143940493, "text": "$AMZN Juggernaut Amazon dominates online grocery sales-no other company comes close (Sorry Blue Apron &amp; Hello Fresh)\n\nhttps://finance.yahoo.com/news/amazon-com-owns-online-grocery-233100626.html", "time": 1541410032.0, "sentiment": "Bullish"}, {"id": 143940471, "text": "$AMZN if this didn\u2019t deep with Apple, you might have missed your chance for awhile. If market holds, $AMZN Should be at $1800 by eow", "time": 1541410005.0, "sentiment": ""}, {"id": 143940452, "text": "$AMZN", "time": 1541409981.0, "sentiment": "Bullish"}, {"id": 143940224, "text": "The Bounce From Oversold Survives An Early Test $VIX $FXA $FXY $BHP $RIO $SBUX $BIDU $QQQ $AAPL $AMZN $SPY $BABA  https://goo.gl/zg3Lnk", "time": 1541409674.0, "sentiment": ""}, {"id": 143940147, "text": "$AMZN hey peeps, missed that recent $14XX dip, think i&#39;ll get a chance again?", "time": 1541409584.0, "sentiment": ""}, {"id": 143940091, "text": "$fit $trxc $mnrs $vxx $AAPL $xxii $MSFT $AMZN $fb $GE TomorrowsWatchlist.com", "time": 1541409498.0, "sentiment": ""}, {"id": 143939989, "text": "$SPY $AMZN $FB $NFLX NOW ALLOWED IN CHINA! \ud83d\ude80\ud83d\ude80\ud83d\ude80\ud83d\ude80\ud83d\ude80\ud83d\ude80\ud83d\ude80\ud83d\ude80", "time": 1541409358.0, "sentiment": "Bullish"}, {"id": 143939962, "text": "$SPY $AMZN $FB $NFLX $AAPL only bears are yelling right now. Makes me think they\u2019re scared\ud83e\uddd0\ud83d\udcc8", "time": 1541409318.0, "sentiment": ""}, {"id": 143939929, "text": "$AMZN  Investors await a speech from China&#39;s Xi Jinping https://cnb.cx/2SM1Xk4", "time": 1541409281.0, "sentiment": ""}, {"id": 143939877, "text": "$AMZN  50.8  VS 52.9 China Caixin Services", "time": 1541409227.0, "sentiment": ""}, {"id": 143939799, "text": "$SPY $AMZN $FB $NFLX $AAPL you bulls gonna dead meat tomorrow, Asia down big hangshang Nikki across da board", "time": 1541409138.0, "sentiment": "Bearish"}, {"id": 143939765, "text": "$AMZN Asian markets usually follow  US markets which were bright red on Friday.", "time": 1541409091.0, "sentiment": ""}, {"id": 143939618, "text": "$AMZN Asian markets down. Should see a red day tomorrow especially with elections on Tuesday", "time": 1541408926.0, "sentiment": ""}, {"id": 143939575, "text": "$AMZN what do you guys think?  10-20 cross getting closer this week or what?", "time": 1541408864.0, "sentiment": ""}, {"id": 143939353, "text": "Top picks right now $WATT $BTC.X $TWTR $NLST $SNAP $TSLA $AMZN", "time": 1541408557.0, "sentiment": "Bullish"}, {"id": 143939311, "text": "$AMZN  53.1% of American households.will have prime in 2019!!", "time": 1541408500.0, "sentiment": "Bullish"}, {"id": 143939140, "text": "@AnalogAttack #VOTE #vote #VoTe $spy $QQQ $DIA $AAPL $AMZN", "time": 1541408262.0, "sentiment": "Bullish"}, {"id": 143939123, "text": "$AMZN xi talking on Bloomberg now for anyone who\u2019s interested", "time": 1541408244.0, "sentiment": ""}, {"id": 143939087, "text": "$TSLA $AAPL $X $BABA $AMZN This week I am at the roulette table and going all in on RED.", "time": 1541408189.0, "sentiment": "Bullish"}, {"id": 143938938, "text": "$AMZN Asian markets are down hard. Futures are down and we looking like a lower open", "time": 1541407961.0, "sentiment": ""}, {"id": 143938805, "text": "$EBAY &#39;s Wenig not woke enough 2 understand how precious/priceless my $GRPN lifestyle is.Should combine forces 2 fight off #Amateurzon $AMZN", "time": 1541407732.0, "sentiment": ""}, {"id": 143938692, "text": "$AMZN it\u2019s sad how the dems can control the stock prices with fake news. This Saudi news is to cover up the HQ news. All for votes", "time": 1541407558.0, "sentiment": "Bullish"}, {"id": 143938678, "text": "@hanktrader73 ... Sunday night - already being pessimistic about $AMZN Monday ?!?  Theeee &quot;uh ohh....&quot; is a phony concern being &quot;bearish&quot;", "time": 1541407543.0, "sentiment": ""}, {"id": 143938559, "text": "@Romancingthesky ... how about letting Monday&#39;s Market - romance for itself.  No one knows if $AMZN &quot;down a lot tomorrow.&quot;", "time": 1541407378.0, "sentiment": ""}, {"id": 143938549, "text": "$SPY I&#39;m going to bet on FAMA ($FB $AAPL $MSFT $AMZN) continuing to be leaders in the future and beating the market.", "time": 1541407353.0, "sentiment": "Bullish"}, {"id": 143938483, "text": "$AMZN looks like all the foreign spammers are out tonight. If they\u2019re going to post on here they should learn how to use English properly", "time": 1541407261.0, "sentiment": ""}, {"id": 143938439, "text": "$AAPL $AMZN $NVDA $QQQ $SPY $ES\ud83d\ude02\ud83d\udc4c\ud83d\ude33\ud83d\ude18 fear and terror grip the board as Pavlovian bulls console one another with trite words of comfort", "time": 1541407210.0, "sentiment": ""}, {"id": 143938343, "text": "$AMZN", "time": 1541407085.0, "sentiment": "Bearish"}, {"id": 143938298, "text": "Bounce from Oversold Survives Early Test https://drduru.com/onetwentytwo/2018/11/04/t2108-update-181102/ $SPY $QQQ $AAPL $AMZN $BABA $LOCO $AUDJPY $USDCNY #forex #AT40 #T2108 #VIX", "time": 1541407033.0, "sentiment": ""}, {"id": 143938202, "text": "@Siretch ... you have a need to ask the question on a stock trading board vs. news outlets?  $AAPL $AMZN $FB $GOOG $MSFT $BAC $C $TWTR $NFLX", "time": 1541406901.0, "sentiment": ""}, {"id": 143938087, "text": "$AMZN crazy week ahead...", "time": 1541406768.0, "sentiment": ""}, {"id": 143937937, "text": "$TSLA $APPL $INTC $TWTR $AMZN $GOOG $NFLX", "time": 1541406563.0, "sentiment": ""}, {"id": 143937896, "text": "$AMZN Lawmakers, forecasters: Election Day up for grabs The Hill https://thehill.com/homenews/sunday-talk-shows/414783-lawmakers-forecasters-emphasize-anything-could-happen-on-election#.W9-clBl-17g.twitter", "time": 1541406491.0, "sentiment": ""}, {"id": 143937827, "text": "$AMZN Dems are confident about House  The Hill  https://thehill.com/homenews/house/414674-dems-are-confident-about-house-despite-painful-2016-memories#.W9-cKsTWqr0.twitter", "time": 1541406399.0, "sentiment": ""}, {"id": 143937735, "text": "@PerSE @reez007 @Frenzy @Liber8 @Stockcat01 @luvngspnful @Boyle @AlexanderHandleton Trump wants Punish $AMZN $FB $GOOG Antitrust Laws $SPY", "time": 1541406281.0, "sentiment": "Bearish"}, {"id": 143937726, "text": "$AMZN Futures flat/red inching up slowly in Mon Asia (Cmon Trump give us another tweet about reducing trade tensions with China)", "time": 1541406273.0, "sentiment": ""}, {"id": 143937708, "text": "$AMZN Y\u2019all ready for that Republican victory? Stock market will soar. See you Tuesday!", "time": 1541406246.0, "sentiment": "Bullish"}, {"id": 143937604, "text": "$TWTR :2nd best company in my daily mobile *after thy great* $GRPN .Wish $EBAY would join forces w/Groupon 2 fight off #Amateurzon $AMZN", "time": 1541406094.0, "sentiment": "Bullish"}, {"id": 143937406, "text": "$LITE  \n \nShort: $LITE and $AAPL  \n \nBuy: $AAOI and $AMZN", "time": 1541405785.0, "sentiment": ""}, {"id": 143937403, "text": "$AAPL $AMZN $FB $GOOG $MSFT $BAC $C $TWTR $NFLX did President Trump able to persuade President Xi on the trade this weekend?", "time": 1541405779.0, "sentiment": ""}, {"id": 143937283, "text": "$AAPL As Apple faces stiff product head winds, $LITE is expected to drop considerably as $AAOI grows with increased $AMZN demand.", "time": 1541405623.0, "sentiment": ""}, {"id": 143937172, "text": "$SPY $qqq $amzn China Trade Expo today.  Xi to give keynote speech..  goodluck shorts\n\nhttps://www.straitstimes.com/asia/east-asia/xis-speech-may-offer-clues-on-chinas-plan-to-open-markets", "time": 1541405455.0, "sentiment": "Bullish"}, {"id": 143936832, "text": "$AMZN futures still red...   AMZN down a lot tomorrow?", "time": 1541404993.0, "sentiment": ""}, {"id": 143936518, "text": "Hey @HeyAzzHo... you have Mr.Market all figured out!  Got a newsletter for us to make $$ off that crystal ball? $SPY $AMZN $FB $AAPL $NFLX", "time": 1541404552.0, "sentiment": ""}, {"id": 143936498, "text": "@cplattrx1 @MakingProfit5 $AMZN price was extremely high the p/e was ridiculous it bled out I drank the cool aid myself. But thats over", "time": 1541404521.0, "sentiment": ""}, {"id": 143936385, "text": "@cplattrx1 @MakingProfit5 he said $AMZN  not doing well i must have missed that", "time": 1541404336.0, "sentiment": ""}, {"id": 143936291, "text": "$NFLX $AAPL $AMZN $SPY   anyone who listens to this buy high sell low fool deserves to lose money", "time": 1541404186.0, "sentiment": ""}, {"id": 143936209, "text": "@WilliamBlig... yeah... us $SPY $AMZN $AAPL $FB $QQQ are IR-rational investors, having bad vocabulary words: Pelosi; Schumer; Waters; &amp; BUY!", "time": 1541404073.0, "sentiment": ""}, {"id": 143936132, "text": "$SPY BY BITING I MEAN \u201cMAGA\u201d $MSFT $AMZN $GOOGL $AAPL DUDE DAN FROM FAST MONEY TRYING TO MAKE IT HIS OWN, CMON MAN, STOP BITING OFF THE PRES", "time": 1541403965.0, "sentiment": "Bullish"}, {"id": 143935790, "text": "$SPY $AMZN $FB $AAPL $NFLX atm looks like downfall into eod Tuesday, then up Wednesday.", "time": 1541403490.0, "sentiment": "Bearish"}, {"id": 143935667, "text": "$AMZN here comes all the BS charts stating morning more than predictions for elections... no one knows.. that\u2019d the truth $aapl $tsla", "time": 1541403306.0, "sentiment": "Bullish"}, {"id": 143935618, "text": "$AMZN has a Profit Margin of 4.03%. This is better than the industry average of 2.24%. https://www.chartmill.com/analyze.php?utm_source=stocktwits&amp;utm_medium=FA&amp;utm_content=PROFITABILITY&amp;utm_campaign=social_tracking#/AMZN?r=fa&amp;key=7e23e545-7a86-47d1-a0b4-6048c3164d97", "time": 1541403238.0, "sentiment": ""}, {"id": 143935614, "text": "$AMZN Going into midterms head first like a torpedo..... GOP sweeping.... shocking everyone like the Trump winning moment.., next=china deal", "time": 1541403227.0, "sentiment": "Bullish"}, {"id": 143935570, "text": "$AMZN (Tues Elections) Demos hold 7 point advantage ahead of midterms as Trump&#39;s base comes back home: NBC-WSJ poll https://cnb.cx/2SKJQeA", "time": 1541403177.0, "sentiment": ""}, {"id": 143935548, "text": "$AMZN drain the fucken swamp.... tomorrow will be epic!", "time": 1541403141.0, "sentiment": "Bullish"}, {"id": 143935515, "text": "12 Monster Stock Predictions The Week of November 5 $spy $aapl $ba $cat $acad $nflx $msft $googl $amzn $roku $intc  https://mottcapitalmanagement.com/12-monster-stock-predictions-for-the-week-of-november-5/", "time": 1541403110.0, "sentiment": ""}, {"id": 143935467, "text": "$AMZN Fed FOMC  Wed Thur 93% chance no rate rate hike Thur @ 2:00 PM  ET", "time": 1541403032.0, "sentiment": ""}, {"id": 143935425, "text": "Fly Intel: Top five weekend stock stories - $AMZN - http://thefly.com/permalinks/entry.php/AMZNid2817012", "time": 1541402980.0, "sentiment": ""}, {"id": 143935408, "text": "$AMZN Asia trade cautiously; Slowing global growth remains a concern for investors.  https://cnb.cx/2SM1Xk4", "time": 1541402950.0, "sentiment": ""}, {"id": 143935389, "text": "$QQQ sorry but I gotta be bearish 200 is now resistance $AAPL looks like it want to drop and $AMZN looked like it topped out", "time": 1541402924.0, "sentiment": "Bearish"}, {"id": 143935154, "text": "$AMZN $AAPL $NFLX $SPY $QQQ $ISRG $MZOR $NVCR $ESIO $MU  democrat \ud83e\udd14 y again ?", "time": 1541402551.0, "sentiment": ""}, {"id": 143935116, "text": "$SPY $AMZN $AAPL $FB $QQQ  today from cnbc.com: &quot;If you\u2019re a rational investor, you need only two words in your vocabulary: Trump and sell,\u201d Hacks", "time": 1541402505.0, "sentiment": ""}, {"id": 143935047, "text": "$SPY $AAPL $AMZN $FB CNBC fully exposing themselves as fear mongering anti Trump partisan hacks", "time": 1541402402.0, "sentiment": ""}, {"id": 143935002, "text": "$TSLA $APPL $INTC $TWTR $AMZN $GOOG $NFLX David Stockman predicting a 40% plunge in the markets. Brace yourself folks. https://www.cnbc.com/2018/11/03/david-stockman-epic-downturn-is-here-brace-for-40percent-market-plunge.html", "time": 1541402337.0, "sentiment": "Bearish"}, {"id": 143934701, "text": "Keep track of all of our trades at OptionWolf.com now $AMZN $TSLA $FB", "time": 1541401899.0, "sentiment": ""}, {"id": 143934668, "text": "@dominicanflava although if $AMZN dips, I\u2019ll gladly buy another share or two", "time": 1541401857.0, "sentiment": ""}, {"id": 143934644, "text": "$SPY is sky falling yet ? $AMZN $AAPL $NFLX   $QQQ noone calling for bloodbath yet?", "time": 1541401828.0, "sentiment": ""}, {"id": 143934189, "text": "$AMZN I hope not to be from 1660 to 1670 with 1666 in the middle again for the next two days :-)", "time": 1541401212.0, "sentiment": "Bullish"}, {"id": 143934082, "text": "$AMZN $QQQ $SPY", "time": 1541401043.0, "sentiment": "Bullish"}, {"id": 143933151, "text": "Monday is coming \n$SPY $TVIX $UVXY $AAPL $TSLA $AMZN $FB $VZ $NKE", "time": 1541399575.0, "sentiment": "Bearish"}, {"id": 143933109, "text": "$AMZN this guy is right if T Rump doesn&#39;t curb these tariffs soon https://www.cnbc.com/2018/11/03/david-stockman-epic-downturn-is-here-brace-for-40percent-market-plunge.htmlhttps://www.cnbc.com/2018/11/03/david-stockman-epic-downturn-is-here-brace-for-40percent-market-plunge.html", "time": 1541399496.0, "sentiment": ""}, {"id": 143932961, "text": "$AAPL $AMZN $SPY $DIA $QQQ", "time": 1541399234.0, "sentiment": "Bearish"}, {"id": 143932935, "text": "$AMZN got a full episode coverage of hassan minhajs patriot act. Thanks $NFLX", "time": 1541399195.0, "sentiment": ""}, {"id": 143932906, "text": "$AMZN Word the Street House passes to Demos on Tuesday Nite", "time": 1541399154.0, "sentiment": ""}, {"id": 143932882, "text": "$AMZN Trump says he\u2019s focused on Senate as potential loss of House looms https://on.mktw.net/2F4PCVq", "time": 1541399121.0, "sentiment": ""}, {"id": 143932679, "text": "$AMZN where. Can I get to see whole trading charts for free?", "time": 1541398803.0, "sentiment": ""}, {"id": 143932579, "text": "Market Analysis video: https://www.youtube.com/watch?v=OFUyGuR2-8c\n\n$SPY $DIA $QQQ $AMZN $GOOGL $NFLX $FB $AAPL $BA $NVDA $TSLA $JNUG $TWTR $AMD $BABA $BIDU $MU", "time": 1541398626.0, "sentiment": ""}, {"id": 143932467, "text": "$SPY LEVELS TO WATCH NEXT WEEK - \n \nhttp://www.tradewithjoe.com/2441-2/ \n \n$SPX $SPY $IWM $RUT $QQQ $NDX $DIA $VXX $FB $NFLX $AMZN $GOOGL $BKNG $BIDU $AAPL", "time": 1541398483.0, "sentiment": ""}, {"id": 143932237, "text": "AI trader Alex Vieira gives $AAPL a junk rating. Along with $QQQ $DIA $AMZN $SPY $BA $IBB", "time": 1541398127.0, "sentiment": "Bearish"}, {"id": 143932232, "text": "$AMZN I can understand Bezos selling his shares because he hardly sells but this Wilkey bloke has been selling all year , $1996-$1970.", "time": 1541398113.0, "sentiment": ""}, {"id": 143931950, "text": "$AMZN Amazon in late-stage talks with U.S. cities for H2Q. Reuters https://reut.rs/2F5rja9", "time": 1541397684.0, "sentiment": ""}, {"id": 143931945, "text": "$QCOM analysis updated &amp; next week watchlist $IBM $AAPL $BABA $BIDU $CAT $FB $NFLX $NVDA $TSLA $LULU $GOOGL $AMZN $MOMO $SQ $ROKU $DBX", "time": 1541397679.0, "sentiment": ""}, {"id": 143931883, "text": "$AAPL $amzn eow vlog https://youtu.be/zgPZWuLkCD8 dr J is bullish $djia $ndx $spy charts &amp; commentary", "time": 1541397590.0, "sentiment": "Bullish"}, {"id": 143931745, "text": "$AMZN Amazon is packing more stuff into warehouses: Here&#39;s why it matters https://www.cnbc.com/2018/11/04/amazon-could-soon-start-using-cubic-footage-to-measure-warehouse-space.html", "time": 1541397331.0, "sentiment": "Bullish"}, {"id": 143931715, "text": "$AMZN Amazon in the advanced stages of naming Crystal City, Virginia (DC suburb) as its 2nd HQ: Washington Post https://cnb.cx/2zoSDdm", "time": 1541397257.0, "sentiment": ""}, {"id": 143931596, "text": "$AMZN so what\u2019s the opinion for tomorrow? UP or DOwn or sideways?", "time": 1541396998.0, "sentiment": ""}, {"id": 143931141, "text": "$SPY Trade Setups For Next Week - \n \nhttp://www.tradewithjoe.com/trade-setups-for-where-this-market-is-headed-next/ \n \n $SPY $SPX $TLT $AMZN $QQQ $AAPL $XRT $TGT $WMT $M $JCP $JWN", "time": 1541396132.0, "sentiment": ""}, {"id": 143930868, "text": "$AMZN Saudis brutally kill and dismember a Wapo contributor then feign anger when posts condemn such behavior.  Saudi can burn in hell.", "time": 1541395532.0, "sentiment": ""}, {"id": 143930738, "text": "$SPY $AMZN https://amp.smh.com.au/world/middle-east/boycott-amazon-saudi-anger-over-washington-post-coverage-20181105-p50dz4.html", "time": 1541395267.0, "sentiment": "Bearish"}, {"id": 143930693, "text": "$SPY $AAPL $NKE $AMZN $NFLX $TQQQ $QQQ $WMT $PG $GOOG $FB $MSFT $SQ $NVDA October recap, still more downside left? https://www.youtube.com/watch?v=Dl4LRdEBmqI&amp;feature=youtu.be", "time": 1541395190.0, "sentiment": "Bearish"}, {"id": 143930323, "text": "$amzn has the highest profit margin &amp; explosive growth potential", "time": 1541394475.0, "sentiment": ""}, {"id": 143930092, "text": "$AMZN packing more stuff into warehouses. Considering change in how it measures space.Cubic ft vs sq footage. #Robots https://www.cnbc.com/2018/11/04/amazon-could-soon-start-using-cubic-footage-to-measure-warehouse-space.html", "time": 1541394072.0, "sentiment": ""}, {"id": 143930040, "text": "$SPY  $AMZN Saudis Furious With Washington Post Coverage Call For Amazon Boycott", "time": 1541393943.0, "sentiment": "Bearish"}, {"id": 143929994, "text": "$AMZN sideways to down until after elections", "time": 1541393873.0, "sentiment": ""}, {"id": 143929814, "text": "$AMZN the amazon bitcoin rumours must be true.", "time": 1541393566.0, "sentiment": "Bullish"}, {"id": 143929546, "text": "$AMZN which direction tomorrow ?", "time": 1541393073.0, "sentiment": "Bullish"}, {"id": 143929400, "text": "$AMZN Amazon Stock\u2019s Plunge Is a Compelling Entry Point: Stifel\n\nhttps://www.investopedia.com/news/amazon-stocks-plunge-compelling-entry-point-stifel/", "time": 1541392786.0, "sentiment": ""}, {"id": 143928966, "text": "Check out our gains from last month! www.optionwolf.com/membership-join\n\n$TLRY $MPC $XOM $AZO $FB $TSLA $T $MU $TTWO $AMZN", "time": 1541391879.0, "sentiment": ""}, {"id": 143928445, "text": "$AMZN Put credit spread I\u2019m currently holding. Who says I should ride this to 100% gain?", "time": 1541390798.0, "sentiment": ""}, {"id": 143927818, "text": "$AMZN \ud83d\udca5", "time": 1541389593.0, "sentiment": ""}, {"id": 143927765, "text": "$AMZN I bet the only two apps you have open this week is ST and tweeter; orange tweets best market indicator ever.", "time": 1541389476.0, "sentiment": "Bullish"}, {"id": 143927353, "text": "@TomRusso @planetMitch agree, was looking for small dip buys prior to election and expect a 3 wave run in the indices, $amzn etc this week", "time": 1541388696.0, "sentiment": "Bullish"}, {"id": 143927344, "text": "If the dems win the House, what, if anything goes up? Maybe alternative energy? $AMZN, $NFLZ, $MEET, $QQQ ", "time": 1541388671.0, "sentiment": ""}, {"id": 143926870, "text": "12 Monster Stock Predictions for The Week of November 5 https://wp.me/p6NqCb-545 $aapl $amzn $ba $cat $msft $googl $nflx $roku $intc $ma $spy", "time": 1541387721.0, "sentiment": ""}, {"id": 143926476, "text": "@AngryPanda GDP per capita not far off from ours $AMZN dont get the joke \ud83e\udd14", "time": 1541386821.0, "sentiment": ""}, {"id": 143926394, "text": "Group 3 Weekend Technical Video review updated on the site $AAPL $FB $AMZN $XLF $BAC $BABA $CHK + more #Elliottwave", "time": 1541386649.0, "sentiment": ""}, {"id": 143926355, "text": "Being down $45 billion in $AMZN stock no big deal https://elliottwave-forecast.com/stock-market/45-billion-amzn-no-big-deal/ \u2026 #elliottwave", "time": 1541386571.0, "sentiment": ""}, {"id": 143926311, "text": "The article has $1490 target before earnings. Despite blockbuster report, $AMZN dropped precipitously. https://elliottwave-forecast.com/stock-market/record-breaking-income-doesnt-save-amazon-from-tanking/ \u2026 #elliottwave", "time": 1541386499.0, "sentiment": ""}, {"id": 143926180, "text": "$AMZN Some objective comparisons on whether the bottom is in yet. Not sure I agree entirely, but interesting watch: https://www.youtube.com/watch?v=No0bvJkI7cI", "time": 1541386252.0, "sentiment": "Bullish"}, {"id": 143926054, "text": "$AMZN PE 102\n$WMT 60\n$TGT 17\n$EBAY 13", "time": 1541386030.0, "sentiment": ""}, {"id": 143925919, "text": "$AMZN so even next week is a big ? and is uncertain for direction...... November 8th or November 12th would be the judgement days IMO.", "time": 1541385780.0, "sentiment": "Bullish"}, {"id": 143925898, "text": "$AMZN we may not know the truth result of the elections until the week of Nov 16th expiry!.... a close election could result in delays....", "time": 1541385732.0, "sentiment": "Bullish"}, {"id": 143925695, "text": "$AMZN if amzn can sell marijuna... ok i dream... Just imagine... stock 2800$", "time": 1541385367.0, "sentiment": "Bullish"}, {"id": 143925670, "text": "$AMZN Reasons to buy:1)HQ2 announcemnt, 2)Midterms, 3) Cyber Mon, 4)Retail Season, 5)China Summit, 6) Q4 Best qtr, 7) Still cheap, 8)2168 PT", "time": 1541385338.0, "sentiment": "Bullish"}, {"id": 143925594, "text": "Looking at the last year, $AMZN shows a very strong growth in Revenue. The Revenue has grown by 37.11%. https://www.chartmill.com/analyze.php?utm_source=stocktwits&amp;utm_medium=FA&amp;utm_content=GROWTH&amp;utm_campaign=social_tracking#/AMZN?r=fa&amp;key=7e23e545-7a86-47d1-a0b4-6048c3164d97", "time": 1541385177.0, "sentiment": ""}, {"id": 143925566, "text": "$AMZN do you think we go higher to 1700-1750 first before heading lower or straight lower tomorrow?", "time": 1541385111.0, "sentiment": ""}, {"id": 143925392, "text": "published 10/27 - $AMTD partners with $AMZN to bring stock trading capabilities to the digital assistant https://www.marketwatch.com/story/you-can-now-trade-the-market-while-cooking-2018-10-24?link=sfmw_tw", "time": 1541384761.0, "sentiment": ""}, {"id": 143925388, "text": "@MakingProfit5 $AMZN in a rising rate environment, the profitability will be die\ud83d\udc80 as they will end up paying higher interests on borrowed $", "time": 1541384755.0, "sentiment": "Bullish"}, {"id": 143924441, "text": "$AMZN   \nTragedy at Amazon warehouse in Baltimore https://seekingalpha.com/news/3404952-tragedy-amazon-warehouse-baltimore", "time": 1541383136.0, "sentiment": ""}, {"id": 143924418, "text": "https://www.bloomberg.com/news/articles/2018-11-04/saudis-call-for-amazon-boycott-over-anger-at-washington-post\n\n#USA $amzn vs \ud83c\uddf8\ud83c\udde6 Saudi Arabia \ud83c\uddf8\ud83c\udde6 \n#nothingBURGER", "time": 1541383090.0, "sentiment": ""}, {"id": 143923807, "text": "$AMZN The only thing trending in this shit storm is crypto haha. in 5 years, I&#39;ll check my balance of BTC to see if they are worth anything.", "time": 1541382056.0, "sentiment": "Bullish"}, {"id": 143923688, "text": "$AMZN I hold apple amazan and some ETFs.  Anytime has a good strategy to use to rotate gains between them. Like selling half to rotate in", "time": 1541381821.0, "sentiment": ""}, {"id": 143923508, "text": "$AMZN\nthanks to \ud83e\udd16 \ud83d\ude00 https://www.cnbc.com/2018/11/04/amazon-could-soon-start-using-cubic-footage-to-measure-warehouse-space.html", "time": 1541381513.0, "sentiment": ""}, {"id": 143923504, "text": "$AMZN #Amazon is reportedly in the advanced stages of naming Crystal City, Virginia as its 2nd headquarters https://www.cnbc.com/2018/11/03/amazon-reportedly-in-advanced-stages-of-naming-va-as-2nd-headquarters.html", "time": 1541381505.0, "sentiment": ""}, {"id": 143923331, "text": "$AMZN https://www.cnbc.com/2018/11/04/amazon-could-soon-start-using-cubic-footage-to-measure-warehouse-space.html", "time": 1541381199.0, "sentiment": ""}]