[{"id": 144265812, "text": "$AMZN 1750 today?", "time": 1541627125.0, "sentiment": "Bullish"}, {"id": 144265640, "text": "$AMZN $QQQ Amazon just broke its 6-week downtrend. A daily close above the downtrend line would indicate a rangebound phase for AMZN begins.", "time": 1541627087.0, "sentiment": ""}, {"id": 144265459, "text": "$AMZN Lol. Fake rally. Use this strength to lighten up or sell calls or to buy puts. Thank me later", "time": 1541627045.0, "sentiment": ""}, {"id": 144265344, "text": "$AMZN give us a 100 point day....", "time": 1541627021.0, "sentiment": ""}, {"id": 144265289, "text": "$AMD I&#39;m in. $AMZN cloud skyrocketing. Good biz for AMD.", "time": 1541627008.0, "sentiment": "Bullish"}, {"id": 144265193, "text": "$SPY do some profit taking now... and have fun with the money :)... this rally may fizzle $spy $qqq $amzn", "time": 1541626987.0, "sentiment": "Bullish"}, {"id": 144265157, "text": "$AMZN let&#39;s keep it slow and steady", "time": 1541626979.0, "sentiment": ""}, {"id": 144265103, "text": "$spy $dia $qqq $EWC $low closing stores in Canada, AAA fail ER $Aapl $amzn $amd. Outlook #IMO, not so bright for REITs canada#iknownothing", "time": 1541626969.0, "sentiment": "Bearish"}, {"id": 144265064, "text": "$AMZN why it&#39;s up 3%, amzn loves dems or what", "time": 1541626962.0, "sentiment": ""}, {"id": 144265035, "text": "$AMZN can I get a witness.", "time": 1541626955.0, "sentiment": "Bullish"}, {"id": 144264994, "text": "Why is $AAPL down when all $AMZN $GOOGL $FB are up?\ud83e\udd14", "time": 1541626945.0, "sentiment": ""}, {"id": 144264988, "text": "$AMZN big rally", "time": 1541626944.0, "sentiment": "Bullish"}, {"id": 144264928, "text": "$AMZN send it", "time": 1541626931.0, "sentiment": "Bullish"}, {"id": 144264918, "text": "$AMZN Imagine not buying yesterday but paying up 4% without news. It&#39;s frankly ludicrous", "time": 1541626928.0, "sentiment": ""}, {"id": 144264772, "text": "$AMZN Needs to break $1700 with ease.", "time": 1541626892.0, "sentiment": ""}, {"id": 144264649, "text": "$AMD $INTC $NVDA $AMZN $TSM", "time": 1541626860.0, "sentiment": ""}, {"id": 144264640, "text": "$AMZN Highs. \n$TSLA $NFLX Highs w/ SPY out gate. \n$AAPL Lows out gate.", "time": 1541626859.0, "sentiment": ""}, {"id": 144264619, "text": "$AMZN there she goes let\u2019s get back to 2k", "time": 1541626855.0, "sentiment": "Bullish"}, {"id": 144264611, "text": "$AMZN  Back to 2000", "time": 1541626854.0, "sentiment": ""}, {"id": 144264599, "text": "$AMZN off we go. Looking good, outperforming other tech names. Thank goodness those elections are over", "time": 1541626852.0, "sentiment": "Bullish"}, {"id": 144264564, "text": "$AMZN If we can make it through Orange Man&#39;s speech today, we should see more greenies", "time": 1541626844.0, "sentiment": "Bullish"}, {"id": 144264380, "text": "Is $AMZN a buy or a sell?  https://investormint.com/investing/amazon-stock", "time": 1541626804.0, "sentiment": ""}, {"id": 144264272, "text": "$AMZN can we get 1715 this time?", "time": 1541626781.0, "sentiment": ""}, {"id": 144264188, "text": "$AMZN cashed out my 1700 weeklies.. i wanna hold with u guys.. but dont wanna b greedy", "time": 1541626762.0, "sentiment": "Bullish"}, {"id": 144264165, "text": "$AMZN monster", "time": 1541626756.0, "sentiment": ""}, {"id": 144264142, "text": "$AMZN We deserve a 7% up day. Make Stocks Great Again!", "time": 1541626752.0, "sentiment": ""}, {"id": 144264094, "text": "$AMZN Let&#39;s break 1.7k today.", "time": 1541626742.0, "sentiment": "Bullish"}, {"id": 144263937, "text": "This is a reason why $PYPL has been going up. People from China pay through there to review their products on $AMZN https://thecandor.wordpress.com/2018/11/07/why-you-shouldnt-trust-amazon-reviews/", "time": 1541626709.0, "sentiment": ""}, {"id": 144263899, "text": "$TEUM $TEUM and $AMZN will make us wealthy imho!!!", "time": 1541626699.0, "sentiment": "Bullish"}, {"id": 144263804, "text": "$AMZN MACD cross on daily..this is going to be a great week. EOW 1800-1850", "time": 1541626674.0, "sentiment": "Bullish"}, {"id": 144263516, "text": "$AMZN Time for caution Bulls !!!", "time": 1541626602.0, "sentiment": "Bearish"}, {"id": 144263485, "text": "$AMZN 1750? Coming.", "time": 1541626594.0, "sentiment": ""}, {"id": 144263278, "text": "$AMZN Boomshakalaka", "time": 1541626548.0, "sentiment": "Bullish"}, {"id": 144263234, "text": "$AMZN hopefully smashing thru 200 MA and breaking the down trend today. Ready for a Santa Clause rally in this stock.", "time": 1541626538.0, "sentiment": "Bullish"}, {"id": 144263142, "text": "$AMZN Thar she blows", "time": 1541626513.0, "sentiment": "Bullish"}, {"id": 144263005, "text": "$AMZN keep going....", "time": 1541626475.0, "sentiment": ""}, {"id": 144262959, "text": "$AMZN we\u2019re breaking 1700", "time": 1541626463.0, "sentiment": ""}, {"id": 144262956, "text": "$AMZN Still eyeing the 15 EMA on Daily acting as resistance. Bias is it gets over it on what looks like a cup and handle on Hourly.", "time": 1541626462.0, "sentiment": ""}, {"id": 144262820, "text": "$AMZN The muppets are back, imagine being the one pressing the buy button in panic like that. HAHAHAHA. They will all go bankrupt eventually", "time": 1541626427.0, "sentiment": ""}, {"id": 144262666, "text": "$AMZN 1700", "time": 1541626383.0, "sentiment": ""}, {"id": 144262400, "text": "$AMZN damn, hoped would be higher", "time": 1541626311.0, "sentiment": ""}, {"id": 144262373, "text": "$AMZN  let&#39;s go back to $200.00 make $1,485.00 great again", "time": 1541626301.0, "sentiment": "Bullish"}, {"id": 144262325, "text": "$AMZN $1720 EOD if not higher", "time": 1541626289.0, "sentiment": "Bullish"}, {"id": 144262062, "text": "$AMD Future Cloud server space supports $AMZN and $AMZN supports $AMD BOOM BOOM!!!", "time": 1541626213.0, "sentiment": ""}, {"id": 144261964, "text": "I Believe in Amazon Stock as a Medium-to-Long-Term Investment $AMZN $MSFT https://www.thestreet.com/investing/i-believe-in-amazon-stock-as-a-medium-to-long-term-investment-14772040?tstmem=167266367&amp;utm_source=alert&amp;utm_medium=email&amp;utm_campaign=TSC&amp;utm_term=I+Believe+in+Amazon+Stock+as+a+Medium-to-Long-Term+Investment", "time": 1541626193.0, "sentiment": ""}, {"id": 144261633, "text": "$AMZN The e-commerce giant has introduced several discounts and countdown deals. https://stocknews.com/news/amzn-amazon-com-inc-amznoffering-early-black-friday-deals/", "time": 1541626094.0, "sentiment": ""}, {"id": 144261629, "text": "@Akamegakill Yes Sireee Bob...  Level 2 Bids with good Block $AMD buying at ASK  looks nice.  $AMZN is Big Gorilla backing up AMD model", "time": 1541626092.0, "sentiment": ""}, {"id": 144261592, "text": "$AMZN yes!!!!! Baby \ud83e\udd20\ud83c\udf89$$$$$$ \ud83d\ude80", "time": 1541626082.0, "sentiment": "Bullish"}, {"id": 144261438, "text": "$AMZN +32pt gapup. \n$NFLX Down yday all day. \n$TSLA Choppy yday midday.", "time": 1541626036.0, "sentiment": ""}, {"id": 144261416, "text": "$AMZN potential volume bottom on the weekly? will be watching 1800CALLS for a bounce if we see some buying.", "time": 1541626027.0, "sentiment": ""}, {"id": 144261112, "text": "$BABA $SPY $DIA $QQQ $AMZN $KWEB $SBUX $EWG $FXI $INDY Move to China nothing is free in this world", "time": 1541625925.0, "sentiment": ""}, {"id": 144260825, "text": "$AMZN 5 trading days at the same f&#39;ing price is getting old", "time": 1541625837.0, "sentiment": ""}, {"id": 144260761, "text": "$AMZN not enough..SEC needs to invist8gate bloomberg news for posting shit article", "time": 1541625817.0, "sentiment": "Bullish"}, {"id": 144260565, "text": "$AMZN $CAT $SPY $IWM $QQQ $XLK $SOXX $IBB $XBI $XLV $XHE  https://www.cnbc.com/2018/11/06/stock-futures-open-flat-as-investors-await-midterm-elections-results.html", "time": 1541625751.0, "sentiment": ""}, {"id": 144260505, "text": "$BABA GL today folks. Dont get sucked in on the Open Pop &amp; stay on your toes. Trump speaks soon $AAPL $SPY $AMZN $JPM $NFLX $FB $QQQ $CRM", "time": 1541625735.0, "sentiment": ""}, {"id": 144260445, "text": "$MSFT $NFLX $GOOG $BTC.X $AAPL $TSLA $GBTC $FB $AMZN  \ud83d\ude80\ud83d\udcb5", "time": 1541625718.0, "sentiment": ""}, {"id": 144260323, "text": "$Z No position, but would be a great time for $AMZN to buy $Z on the cheap perhaps", "time": 1541625679.0, "sentiment": ""}, {"id": 144260245, "text": "$AMZN 1850\n\nBears era is over and over and over.\n\n# CNBC is bullish now, VIX is dead and S&amp;P passed 2711 pivot point.", "time": 1541625654.0, "sentiment": "Bullish"}, {"id": 144260065, "text": "$AMZN Everyday I am making here and everyday feels like this to me.  Great week for AMZN!  Thank you for the $$$$$", "time": 1541625595.0, "sentiment": "Bullish"}, {"id": 144259443, "text": "$AMZN dems win house no tax reform 2.0 time to sell..", "time": 1541625384.0, "sentiment": "Bearish"}, {"id": 144259404, "text": "$AMZN $1725 today", "time": 1541625378.0, "sentiment": "Bullish"}, {"id": 144259387, "text": "$spy $qqq $iwm $amzn $aapl $nflx need to cool off; waiting", "time": 1541625371.0, "sentiment": ""}, {"id": 144259173, "text": "$AMZN The 50-week EMA has acted as perfect support and price is now trying to test the SMA (20) above.", "time": 1541625287.0, "sentiment": ""}, {"id": 144258868, "text": "$AMZN should be a strong pop, but big drop still in store for tomorrow\u2019s FOMC meeting. Rate hike ramp up expected.", "time": 1541625168.0, "sentiment": ""}, {"id": 144258573, "text": "$AMZN 1666.66 Freaking Machines, ready to shred everybody LOL", "time": 1541625059.0, "sentiment": "Bullish"}, {"id": 144258290, "text": "$AMZN today we should bevable to get on the other side if this 1666 number", "time": 1541624959.0, "sentiment": "Bullish"}, {"id": 144258228, "text": "$AMD Dont not underest LISA SU . Besides did i hear $AMZN in the presentation lol", "time": 1541624934.0, "sentiment": ""}, {"id": 144258064, "text": "$AMZN why the boom boom now?", "time": 1541624864.0, "sentiment": ""}, {"id": 144257915, "text": "$AMZN \ud83d\ude80\ud83d\ude80", "time": 1541624801.0, "sentiment": ""}, {"id": 144257885, "text": "$AMD Cramer said $AMZN deal is significant stock mover", "time": 1541624789.0, "sentiment": "Bullish"}, {"id": 144257790, "text": "$AMZN Lil Pop @ Open then All Down Hill", "time": 1541624750.0, "sentiment": "Bearish"}, {"id": 144257582, "text": "Why The Split Congress May Be The Best Stock Market Election Outcome\n\n$QQQ $AAPL $SPY $DIA $AMZN  \n\nhttps://www.investors.com/news/split-congress-elections-stock-market/", "time": 1541624659.0, "sentiment": ""}, {"id": 144257560, "text": "$AMZN Pretty green candles", "time": 1541624654.0, "sentiment": "Bullish"}, {"id": 144257354, "text": "e-Commerce Companies Set Their Sights on Fourth-Quarter Growth $AMZN $TWTR $NFLX $IPG $EBAY https://marketrealist.com/2018/11/why-did-amazon-cut-its-bloomberg-ad-budget", "time": 1541624569.0, "sentiment": ""}, {"id": 144257321, "text": "$AMZN $MSFT $FB $EA Correction over imo.  These are all perfectly set up for a bounce.", "time": 1541624560.0, "sentiment": "Bullish"}, {"id": 144256948, "text": "@lucifer123 go to $AMD website and see their launch of 7nM cpu, GPU and APU for $AMZN  They Hijacked Server/Cloud/AI market from $INTC", "time": 1541624393.0, "sentiment": "Bullish"}, {"id": 144256676, "text": "$AMZN cash it out from yesterday it\u2019s going to drop big time today", "time": 1541624268.0, "sentiment": "Bearish"}, {"id": 144256418, "text": "$SPY feels like market is up move so on the European banking story than the election results... also things r moving too fast $qqq $amzn", "time": 1541624155.0, "sentiment": "Bullish"}, {"id": 144256348, "text": "\u202aHow to Filter Bull Call Spreads Options Education https://youtu.be/aWfJp5MlAyM via @YouTube $kors $spy   $aapl $spy $fomx $amzn $dia $tsla $fb \u202c", "time": 1541624123.0, "sentiment": ""}, {"id": 144256095, "text": "$AMZN https://www.fool.com/investing/2018/11/07/consumers-now-advertisers-leave-google-for-amazon.aspx", "time": 1541624012.0, "sentiment": ""}, {"id": 144255920, "text": "$AMZN is it a buy now?", "time": 1541623943.0, "sentiment": ""}, {"id": 144255774, "text": "$AMZN at 143 weeks from 474, gannsq52 in Both T&amp;P: 2days Price in sq52: 1644.50 at Sun at 225*, 1657.50 is 1/4 (13) Up, Low should be in", "time": 1541623878.0, "sentiment": ""}, {"id": 144255510, "text": "$AMZN 143 Weeks low 474, both values in ganns sq52, 143=39, 474.50=6.50, Balancing Prices: 143 (39):1651, 6.50=1669.5 (52x32+6.50)", "time": 1541623783.0, "sentiment": ""}, {"id": 144255250, "text": "$SPY $AAPL $AMZN $WMT $MSFT $XBI $OILU Retarded president..He still doesnt want to come out of Glory hoke and say we lost election Rep. Lost", "time": 1541623653.0, "sentiment": "Bullish"}, {"id": 144255222, "text": "$AMZN Iam holding 1 Jan $1950 call, can I hold or sell it in today\u2019s rally? Suggestions would be great, Thanks", "time": 1541623640.0, "sentiment": "Bullish"}, {"id": 144254961, "text": "$AMZN 1850\n\nAre we not over 1700 yet?\n\n# House Democrates means Dovish Fed and no More China Tarrifs.", "time": 1541623505.0, "sentiment": "Bullish"}, {"id": 144254503, "text": "Trading plan &amp; watchlist $ARRS $HEAR $KORS $MTCH $IBM $AAPL $BABA $BIDU $CAT $FB $NFLX $NVDA $TSLA $LULU $GOOGL $AMZN $MOMO $SQ $ROKU $DBX", "time": 1541623287.0, "sentiment": ""}, {"id": 144254480, "text": "Why The Split Congress May Be The Best Stock Market Election Outcome http://bit.ly/2DpESj1 $SPY $QQQ $DIA $AAPL $AMZN @investors", "time": 1541623275.0, "sentiment": ""}, {"id": 144254345, "text": "$AMZN 1750 today", "time": 1541623209.0, "sentiment": "Bullish"}, {"id": 144254169, "text": "$AMZN 1850\n\nThe only FAANG has SOLID chart, and fundamentals for MM and bulls. (IMO)", "time": 1541623106.0, "sentiment": "Bullish"}, {"id": 144253786, "text": "Democrats Win House, Fed Meets, AMD Partners With Amazon- 5 Things You Must Know\n\n$AMD $WYNN $AMZN $SQ  \n\nhttps://www.thestreet.com/markets/5-things-you-must-know-before-the-market-opens-wednesday-14770003", "time": 1541622929.0, "sentiment": ""}, {"id": 144253660, "text": "Dow poised for a triple-digit rally after midterm elections, Amazon and Caterpillar shares gain\n\n$GOOG $CAT $GS $AMZN  \n\nhttps://www.cnbc.com/2018/11/06/stock-futures-open-flat-as-investors-await-midterm-elections-results.html", "time": 1541622862.0, "sentiment": ""}, {"id": 144253461, "text": "$AAPL $MSFT $AMD $NVDA $NFLX $AMZN $BABA $FB $TSLA $HD $WMT $DIS \nHere is the recording from last nights webinar- \nhttps://zoom.us/recording/share/Ang0BOyrw8_bm7_I_xdH2soB9PSWoUv5N1hGI0H1OkKwIumekTziMw", "time": 1541622765.0, "sentiment": ""}, {"id": 144252766, "text": "AMD&#39;s Lisa Su Talks to TheStreet About Her Company&#39;s New Partnership with Amazon http://bit.ly/2DrTyOr $AMZN $AMD @amd", "time": 1541622428.0, "sentiment": ""}, {"id": 144252548, "text": "$TVIX Oh, push it down more. With. Every. Word. From. My. Lips.\n\nDead growth, no holiday hot items for $AMZN . No hot trannys $V $PYPL $TVIX", "time": 1541622310.0, "sentiment": ""}, {"id": 144252313, "text": "$AMZN 1850\n\nVIX is 17, CNBC are happy, and bears are cooked.", "time": 1541622186.0, "sentiment": "Bullish"}, {"id": 144252025, "text": "$AMZN hoping for 1750+ by eow", "time": 1541622044.0, "sentiment": "Bullish"}, {"id": 144251523, "text": "What the midterm election&#39;s outcome could mean for the stock market @jimcramer https://cnb.cx/2RJdgsd $AMZN $GOOGL $UNH $HCA $AVGO $QCOM", "time": 1541621813.0, "sentiment": ""}, {"id": 144251277, "text": "$Z I cannot help but think if $AMZN wanted they could kill this Co. &amp; industry quite swiftly.", "time": 1541621692.0, "sentiment": "Bearish"}, {"id": 144251271, "text": "$SPY SEC should investigate Trump\u2019s markets manipulation with his tweets..$aapl $AMZN Y only MUSK? $TWTR", "time": 1541621685.0, "sentiment": ""}, {"id": 144251187, "text": "Democrats Win House, Fed Meets, AMD Partners With Amazon- 5 Things You Must Know http://bit.ly/2RD7SXm $AMD $AMZN $SQ $$$ROKU $SQ $WYNN", "time": 1541621641.0, "sentiment": ""}, {"id": 144250945, "text": "$AMZN love me the gap", "time": 1541621502.0, "sentiment": ""}, {"id": 144250779, "text": "Dow poised for a triple-digit rally after midterm elections, Amazon and Caterpillar shares gain https://cnb.cx/2RGVc1B $AMZN $GS $CAT $GOOG", "time": 1541621406.0, "sentiment": ""}, {"id": 144250760, "text": "$AMZN $SPY $GOOG $AAPL they are saying on tv historically a divided Congress with a republican president is bullish for most stocks", "time": 1541621394.0, "sentiment": ""}, {"id": 144250660, "text": "MARKET RECON: The New Home Team. $AMZN $MSFT $HUM $SMG $S $KDP $PRU $QCOM $SQ $TTWO $WYNN https://realmoney.thestreet.com/investing/stocks/winners-and-losers-of-political-gridlock-market-recon-14771810?_ga=2.176905446.2113970398.1541362291-790667887.1533920967 @realmoney @TheStreet", "time": 1541621335.0, "sentiment": ""}, {"id": 144250435, "text": "$AMZN looking for +1700 eod!!\ud83e\udd20\ud83d\uddf3\ud83c\udf89", "time": 1541621213.0, "sentiment": "Bullish"}, {"id": 144250177, "text": "$AMZN $APPL Wait wait, wasn\u2019t the world supposed to end if Democrats gained control of the House?", "time": 1541621087.0, "sentiment": "Bullish"}, {"id": 144250091, "text": "$AMZN This is getting crappy; I hope is the freaking MM avoiding sell off.", "time": 1541621030.0, "sentiment": "Bullish"}, {"id": 144249677, "text": "$AMZN analysts on Estimize are expecting 184.70% YoY EPS growth for Q4, down from 1005.77% in Q3 [Reporting 01/31 AMC]\nhttp://www.estimize.com/intro/amzn?chart=historical&amp;metric_name=eps&amp;utm_content=AMZN&amp;utm_medium=eps_growth&amp;utm_source=stocktwits", "time": 1541620813.0, "sentiment": ""}, {"id": 144249651, "text": "Here\u2019s what 13 Estimize analysts believe $AMZN will report for Q4 AWS Revenue on 01/31 AMC.\nhttp://www.estimize.com/intro/amzn?chart=historical&amp;metric_name=aws_revenue&amp;utm_content=AMZN&amp;utm_medium=metric_update&amp;utm_source=stocktwits", "time": 1541620806.0, "sentiment": ""}, {"id": 144249650, "text": "Here\u2019s what 6 Estimize analysts believe $AMZN will report for Q4 CSOI on 01/31 AMC.\nhttp://www.estimize.com/intro/amzn?chart=historical&amp;metric_name=csoi&amp;utm_content=AMZN&amp;utm_medium=metric_update&amp;utm_source=stocktwits", "time": 1541620806.0, "sentiment": ""}, {"id": 144249461, "text": "$AMZN has a bad technical rating, but it does show a decent setup pattern. https://www.chartmill.com/analyze.php?utm_source=stocktwits&amp;utm_medium=TA&amp;utm_content=SETUP&amp;utm_campaign=social_tracking#/AMZN?key=7e23e545-7a86-47d1-a0b4-6048c3164d97", "time": 1541620676.0, "sentiment": ""}, {"id": 144249453, "text": "$AMZN 1666 lol", "time": 1541620672.0, "sentiment": "Bullish"}, {"id": 144249366, "text": "$AMZN $BABA \n\nSet it and.......", "time": 1541620625.0, "sentiment": "Bullish"}, {"id": 144248715, "text": "$VSTM, $AMZN, $NBEV The types of stock, that one buys now, forgets about &amp; looks at 6 months from now, &amp; says damn I&#39;m smart.", "time": 1541620187.0, "sentiment": ""}, {"id": 144248444, "text": "$AMD $INTC $AMZN $NVDA  \n AMD Beats Intel, Nvidia to 7 nm  \nhttps://www.eetimes.com/document.asp?doc_id=1333944", "time": 1541620015.0, "sentiment": ""}, {"id": 144247954, "text": "$AMZN $SPY $AAPL &quot;With Dems controlling the lower chamber, Trump could be forced to soften his aggressive trade strategy with China.&quot;", "time": 1541619700.0, "sentiment": ""}, {"id": 144247825, "text": "$AMZN 1850\nDaytraders, bears, and shaky; did you sell the beast Amazon?", "time": 1541619614.0, "sentiment": "Bullish"}, {"id": 144247797, "text": "$HEAR $ATVI $GME $GLUU $NTES $DG $TTWO $BBY $NTDOY $AAPL $AMZN $GOOG spam block", "time": 1541619604.0, "sentiment": ""}, {"id": 144247630, "text": "AMD $AMD Announces EPYC Processors Now Available on Amazon Web Services $AMZN\n\nhttps://www.streetinsider.com/dr/news.php?id=14790960", "time": 1541619483.0, "sentiment": ""}, {"id": 144247604, "text": "$ROKU $AMZN Someone so scared of Roku Free Movies &amp; Locast free TV they are censoring #1 top Roku reviews on amazon  https://www.amazon.com/gp/customer-reviews/R2C3LZYQARS830?ref=pf_vv_at_pdctrvw_srp", "time": 1541619456.0, "sentiment": ""}, {"id": 144247589, "text": "$spy $qqq market looks quite happy with election. Nov/Dec tends to be good months for stocks in general. $amd $xyf $aapl $msft $amzn", "time": 1541619448.0, "sentiment": "Bullish"}, {"id": 144247521, "text": "$HEAR WHAT ER AH LAST NIGHT T-MINUS 84 MINS TO LAUNCH \nGMNGPIX $ATVI $GME $GLUU $NTES $DG $TTWO $BBY $NTDOY $AAPL $AMZN $GOOG", "time": 1541619402.0, "sentiment": "Bullish"}, {"id": 144246652, "text": "$AMZN Bezos shared some thoughts on the topic during a recent interview. https://stocknews.com/news/amzn-regulation-wouldnt-surprise-amazon-com-inc-amzn-chief-jeff-bezos/", "time": 1541618745.0, "sentiment": ""}, {"id": 144246052, "text": "$AMZN I still feel skeptical...", "time": 1541618231.0, "sentiment": "Bearish"}, {"id": 144246024, "text": "$AMZN having 1650 2 calls and 1700 6 calls which i bought last friday and monday then tuesday", "time": 1541618200.0, "sentiment": "Bullish"}, {"id": 144245991, "text": "$AMZN 1700 in premarket possible ?", "time": 1541618166.0, "sentiment": "Bullish"}, {"id": 144245914, "text": "$AAPL $AMZN $FB $GOOG $MSFT $BAC $C $TWTR $NFLX 2 years of executive orders, no bills passing. Interest Rates = market movers.", "time": 1541618107.0, "sentiment": ""}, {"id": 144245768, "text": "$AMZN volume: 13k so when are the hedges getting in again? ALGOs better not do a headfake.... looking forward a safe week ahead....", "time": 1541617945.0, "sentiment": ""}, {"id": 144245737, "text": "$AMZN volume coming in 1700 open", "time": 1541617917.0, "sentiment": ""}, {"id": 144245680, "text": "$AMZN sweet! StockTwits updated the app for the iPhoneXS MAX! finally utilizing the bigger screen.... $AAPL... good stuff", "time": 1541617871.0, "sentiment": ""}, {"id": 144244822, "text": "$AMZN Trump to hold news conference at 1130 in Washington http://www.forexlive.com/news/!/trump-to-hold-news-conference-at-0430-gmt-20181107", "time": 1541617093.0, "sentiment": ""}, {"id": 144244468, "text": "$AMZN Oil rises to $73 on report of Russia, Saudi output cut talks https://reut.rs/2PfeuP2", "time": 1541616754.0, "sentiment": ""}, {"id": 144243924, "text": "$AMZN .S. Democrat election gains fuel stocks surge http://www.streetinsider.com/Market+Check/U.S.+Democrat+election+gains+fuel+stocks+surge%2C+hits+dollar%2C+Treasury+yields/14793721.html via @Street_Insider", "time": 1541616064.0, "sentiment": ""}, {"id": 144243783, "text": "$AMZN id be shocked if we don&#39;t hit 1690 premarket", "time": 1541615915.0, "sentiment": "Bullish"}, {"id": 144243616, "text": "$SPY moving towards less volatility $AAPL $AMZN stong", "time": 1541615690.0, "sentiment": "Bullish"}, {"id": 144243543, "text": "@Startupenthusiast24 What stocks you thinking about today bro?  Is $MTCH on your mind?  I am with that stock, $AMZN, $LITE,$HEAR reluctantly", "time": 1541615600.0, "sentiment": ""}, {"id": 144243272, "text": "$AMZN Please 1750 :)", "time": 1541615240.0, "sentiment": ""}, {"id": 144243094, "text": "$AMZN", "time": 1541614982.0, "sentiment": ""}, {"id": 144243080, "text": "$ETSY $AMZN would be a good buy out candidate", "time": 1541614954.0, "sentiment": "Bullish"}, {"id": 144242448, "text": "Last month #Amazon stock slides despite record-breaking income as this article forecasted https://elliottwave-forecast.com/stock-market/record-breaking-income-doesnt-save-amazon-from-tanking/ $AMZN", "time": 1541614047.0, "sentiment": ""}, {"id": 144242360, "text": "$AMZN Daily update on 27 Oct: #Amazon correcting in 7 swing WXY to blue box and turns higher #elliottwave", "time": 1541613874.0, "sentiment": ""}, {"id": 144241854, "text": "$AMZN Dow set for a triple-digit rise at the open as Democrats win House, splitting Congress as expected https://cnb.cx/2SUfNkq", "time": 1541612732.0, "sentiment": ""}, {"id": 144241729, "text": "$AMZN https://www.cnbc.com/2018/11/07/reuters-america-flipkart-and-amazon-not-abusing-market-position-in-india--competition-commission.html", "time": 1541612429.0, "sentiment": ""}, {"id": 144241391, "text": "$AMZN  5:25a  https://www.marketwatch.com/investing/stock/amzn\nUPDATED Dow futures up nearly 200 points as midterm elections fall in line with forecasts", "time": 1541611597.0, "sentiment": ""}, {"id": 144241332, "text": "$AMZN To Mars we go", "time": 1541611465.0, "sentiment": "Bullish"}, {"id": 144241305, "text": "$AMZN nothing gets done, nothing gets undone. Wall Street likes certainty. Now let this economy rage on", "time": 1541611404.0, "sentiment": "Bullish"}, {"id": 144241279, "text": "3 E-Commerce Stocks To Buy Before Holiday Shopping Hits $AMZN $BABA $EBAY https://goo.gl/Tr3JFt", "time": 1541611341.0, "sentiment": ""}, {"id": 144241213, "text": "$AMD $AMZN $INTC  \nhttps://aws.amazon.com/fr/ec2/amd/", "time": 1541611171.0, "sentiment": ""}, {"id": 144241204, "text": "$AMZN looking lovely \ud83d\ude0a", "time": 1541611150.0, "sentiment": ""}]