[{"id": 144574199, "text": "$aapl none stop bleeding- more down than $amzn THAT IS JUST RIDICULOUS-once i sell my option cheap this shit will be up-like before election", "time": 1541794053.0, "sentiment": ""}, {"id": 144574116, "text": "$AMZN buy the dips", "time": 1541793996.0, "sentiment": "Bullish"}, {"id": 144573823, "text": "$AMZN it\u2019s about time the Dow took a dive.... like look at it.... was it heading to the moon? Cuz that\u2019s the pattern for a moon run...", "time": 1541793838.0, "sentiment": ""}, {"id": 144573786, "text": "$AMZN Yea Amazon 600+ three year ago, 1100 last year", "time": 1541793815.0, "sentiment": ""}, {"id": 144573679, "text": "Why we bought the dip in $AMZN last week https://elliottwave-forecast.com/stock-market/45-billion-amzn-no-big-deal/  #Elliottwave #Trading", "time": 1541793765.0, "sentiment": "Bullish"}, {"id": 144573257, "text": "$AMZN reality sinking back in. \nForward multiples\ud83d\udc4e\nTarrifs\ud83d\udc4e\nRate hikes\ud83d\udc4e\nStrong dollar\ud83d\udc4e\nSelling begets selling, expect a fast drop", "time": 1541793552.0, "sentiment": ""}, {"id": 144573240, "text": "$AMZN (Fri Morning market Driver) Dow is set to slide triple digits after Fed says  &#39;further gradual rate increases&#39;  https://cnb.cx/2QCQXUE", "time": 1541793540.0, "sentiment": ""}, {"id": 144573069, "text": "$AMZN so FEDs will keep re-announcing same thing every time there&#39;s a bullish surge to tank market 10%. I&#39;ll take all my $ out this circus.", "time": 1541793446.0, "sentiment": ""}, {"id": 144572748, "text": "$AMZN apparently every time the fed says the same thing its new news... global markets down on same thiing...", "time": 1541793255.0, "sentiment": ""}, {"id": 144572418, "text": "$V $MSFT $FB $AMZN $GOOG sooo market is down today because of in line EXPECTED future fed rate hikes? Lol ok....", "time": 1541793072.0, "sentiment": ""}, {"id": 144572210, "text": "$NFLX $BABA $QQQ $GOOG $AAPL $NDX $MU $SPX $FB $SPY $DIA $IWM $AMZN $GOOGL $VIX $TVIX $JD $SQ $DIS $MSFT \n#Trading #lifestyle #lessons", "time": 1541792972.0, "sentiment": ""}, {"id": 144572057, "text": "$AMZN", "time": 1541792870.0, "sentiment": "Bullish"}, {"id": 144571983, "text": "$AMZN Jesus you all sound like the end of the world is approaching. 99% of you were just screaming Christmas rally lol", "time": 1541792828.0, "sentiment": ""}, {"id": 144571803, "text": "$AMZN 1950 before G20\n\nAsia and Europe follow the USA market, not the opposite. LOL.", "time": 1541792723.0, "sentiment": "Bullish"}, {"id": 144571749, "text": "$AMZN wouldn&#39;t be surprised to see this clear out all post-midterm gains", "time": 1541792679.0, "sentiment": "Bearish"}, {"id": 144571668, "text": "$AMZN about to erase all of this week\u2019s gains today", "time": 1541792623.0, "sentiment": "Bearish"}, {"id": 144571640, "text": "$AMZN 2 fridays ago gapped down 130 pts and dipped 50 more. What goes up can certainly go down", "time": 1541792603.0, "sentiment": "Bearish"}, {"id": 144571430, "text": "$AMZN does the morning bear trap trend continue today?", "time": 1541792483.0, "sentiment": ""}, {"id": 144571286, "text": "Most Active Options:\n\n$BABA $NFLX $PBR $NVDA $ROKU $C $F $MU $DIS $MSFT $TSLA $SBUX $QCOM $INTC $XOM $AMD $ATVI $TLRY $GE $AMZN $SQ", "time": 1541792399.0, "sentiment": ""}, {"id": 144571193, "text": "$AMZN it\u2019s going to be an ugly day....", "time": 1541792333.0, "sentiment": ""}, {"id": 144571157, "text": "$AMZN $GOOG $YELP $SWKS $DIS $nflx overnight today exp swings, 1730p,1070,42,80,115,320. 4 looks good so far, hope they maintain pre levels", "time": 1541792302.0, "sentiment": ""}, {"id": 144570793, "text": "$AMZN im not gonna get greedy lol... just give me 1700 eod and were good", "time": 1541792038.0, "sentiment": ""}, {"id": 144570638, "text": "$AMZN ALGOs could quickly jump this out gate to drop some weak shorts before falling further..... $1698 today....", "time": 1541791931.0, "sentiment": ""}, {"id": 144570602, "text": "$SPY $TNA $FAS $IWM $QQQ $IYT https://www.cnbc.com/2018/11/09/the-worlds-first-ai-news-anchor-has-gone-live-in-china.html $TWTR $FB $GOOGL $AMZN $AAPL $MSFT $NVDA $INTC $IBM Who is leading this kind of tech?", "time": 1541791902.0, "sentiment": ""}, {"id": 144570196, "text": "$AMZN", "time": 1541791617.0, "sentiment": ""}, {"id": 144570072, "text": "$AMZN - waiting for this to go up to $1800 and I\u2019m selling.", "time": 1541791533.0, "sentiment": "Bullish"}, {"id": 144569993, "text": "$AMZN short from 1750 and will try to cover today. I would like 1650 but I\u2019ll probably cover at 1710 to 1690 #NoBalls", "time": 1541791470.0, "sentiment": ""}, {"id": 144569951, "text": "$AMZN Contrary indicator extraordinaire Dennis Gartman now thinks it&#39;s time to sell. That&#39;s your cue to back up the truck. $FB $MSFT $GOOG", "time": 1541791436.0, "sentiment": ""}, {"id": 144569873, "text": "$AMZN why the hell do I hold anything on a Friday?", "time": 1541791375.0, "sentiment": ""}, {"id": 144569601, "text": "$AMZN swung a 1700 put overnight. Let\u2019s see if it hits", "time": 1541791116.0, "sentiment": ""}, {"id": 144569574, "text": "Roku, Qualcomm, Activision Face Steeper Declines, Plus Stocks on The Rise $roku $qxom $atvi $aapl $amzn $nflx $spy https://mottcapitalmanagement.com/roku-qualcomm-activision-face-steeper-declines-plus-stocks-on-the-rise/", "time": 1541791095.0, "sentiment": ""}, {"id": 144568948, "text": "$AMZN The futures don\u2019t mean anything. I\u2019ve seen them red like this and then we end up finishing 1% or more in the green.", "time": 1541790579.0, "sentiment": ""}, {"id": 144568600, "text": "$AMZN Moved my money into gold until the fed chills. This is a disaster!", "time": 1541790245.0, "sentiment": ""}, {"id": 144568580, "text": "$AMZN Cramer: WTI Could Drop To $40s  | OilPrice.com https://oilprice.com/Energy/Oil-Prices/Cramer-WTI-Could-Drop-To-40s-In-Ferocious-Bear-Market.html?utm_source=tw&amp;utm_medium=tw_repost #oilprice", "time": 1541790228.0, "sentiment": ""}, {"id": 144568534, "text": "$AMZN FYI : Start putting Crude back on radar (OPEC Meets This Sunday toi discuss output curbs)", "time": 1541790183.0, "sentiment": ""}, {"id": 144568487, "text": "$AMZN Enjoy another Friday Shorts!", "time": 1541790141.0, "sentiment": ""}, {"id": 144568386, "text": "$AMZN: Its Friday again , buy the deep ready to profit next year. Adding to my June 2020 C before eod. Target 100C", "time": 1541790045.0, "sentiment": ""}, {"id": 144568371, "text": "$AMZN Lowering to Pump in the morning and dump in the afternoon. 1730 to 1760 and then 1730 again.", "time": 1541790028.0, "sentiment": ""}, {"id": 144568339, "text": "$AMZN So Fri we have 3 reasons Nasdaq red (I) Nov FOMC Meeting (Gradual rate hikes); Crude Oil dipping 10 days in a row (III) China angst", "time": 1541789995.0, "sentiment": ""}, {"id": 144568232, "text": "$AMZN  A barrel of West Texas Intermediate for December delivery dropped below $60 in trading this morning . Bloomberg", "time": 1541789895.0, "sentiment": ""}, {"id": 144568144, "text": "$AMZN", "time": 1541789810.0, "sentiment": ""}, {"id": 144567845, "text": "$AMZN (Crude) Futures in New York fell for a 10th day (OPEC Meets Sunday Output curbs) Bloomberg https://www.bloomberg.com/news/articles/2018-11-09/oil-in-bear-market-set-for-5th-weekly-loss-on-supply-glut-fears", "time": 1541789477.0, "sentiment": ""}, {"id": 144567704, "text": "$AMZN 1725 first level of support followed by 1695, lets see", "time": 1541789291.0, "sentiment": ""}, {"id": 144567682, "text": "$AMZN Fed to gradually raise rates??Duhhh... Market collapse??? Imagine if they were to slow due to poor economy... Machines Rule ..Hail HAL", "time": 1541789270.0, "sentiment": ""}, {"id": 144567413, "text": "$AMZN Today is going to be ugly.", "time": 1541788971.0, "sentiment": ""}, {"id": 144567009, "text": "Hey @ResistanceSecured ... your political threats belong on Craigslist Discussion Forums.  Get Moving !  $SQ $TWTR $GS $JPM $AMZN", "time": 1541788378.0, "sentiment": ""}, {"id": 144566830, "text": "$AMZN Enjoy the morning shorts!", "time": 1541788066.0, "sentiment": ""}, {"id": 144566810, "text": "$AMZN (Morning Thesis) Dow to slide triple digits after Fed says it sees &#39;further gradual increases&#39; in rates CNBC https://cnb.cx/2SYEsVg", "time": 1541788046.0, "sentiment": ""}, {"id": 144566307, "text": "$AMZN High OI for Nov 9 ITM calls, OI for puts are almost close to negligible. To unwind, MM gotta short stock. Therefore a red Friday.", "time": 1541787531.0, "sentiment": ""}, {"id": 144565867, "text": "$AMZN Trash your market books; They have all your info; Brokers corrupted; serving a restricted elite; using AI, stealing everybody&#39;s money.", "time": 1541786866.0, "sentiment": ""}, {"id": 144565795, "text": "$AMZN buy back in at 1710 for a nice run", "time": 1541786681.0, "sentiment": "Bullish"}, {"id": 144565385, "text": "$AMZN premarket ouch", "time": 1541785752.0, "sentiment": ""}, {"id": 144565359, "text": "$SQ $twtr $gs $jpm $amzn new goal of the resistance, cripple the heathen republican goons by crashing the stock market.", "time": 1541785678.0, "sentiment": ""}, {"id": 144565338, "text": "$AAPL $MSFT $GOOG $SPY $AMZN $AMAT $MA $GOOG $AMD $WDC $NFLX Most stocks up 5-10% from Monday.But Bears spewing nonsense.Market will go up.", "time": 1541785638.0, "sentiment": ""}, {"id": 144565242, "text": "$AMZN Why Stocks Are Poised for 12-Month Rally\nhttps://www.investopedia.com/news/why-stocks-are-poised-12month-rally/", "time": 1541785362.0, "sentiment": ""}, {"id": 144565234, "text": "$AAPL $AMZN $GOOG $GOOGL $MSFT $FB all cracking", "time": 1541785348.0, "sentiment": "Bearish"}, {"id": 144565072, "text": "$AMZN Trump hints at deal with China to end trade war\nhttps://www.straitstimes.com/world/united-states/trump-hints-at-deal-with-china-to-end-trade-war", "time": 1541784877.0, "sentiment": ""}, {"id": 144565018, "text": "$AMZN Trump will get China trade deal &#39;very quickly&#39;: Scaramucci\nhttps://www.foxbusiness.com/politics/trump-will-get-china-trade-deal-very-quickly-scaramucci", "time": 1541784717.0, "sentiment": ""}, {"id": 144564951, "text": "$AMZN Trump all but announces trade deal with China\nhttp://www.atimes.com/article/trump-all-but-announces-trade-deal-with-china/", "time": 1541784555.0, "sentiment": ""}, {"id": 144564878, "text": "$AMZN has a very good Piotroski-F score of 8.00. This indicates great health and profitability. https://www.chartmill.com/analyze.php?utm_source=stocktwits&amp;utm_medium=FA&amp;utm_content=PROFITABILITY&amp;utm_campaign=social_tracking#/AMZN?r=fa&amp;key=7e23e545-7a86-47d1-a0b4-6048c3164d97", "time": 1541784296.0, "sentiment": ""}, {"id": 144564337, "text": "$AMZN Could see $1710 today before a bounce.  Possibly $1690.  Risk off today thanks to Fed.", "time": 1541782600.0, "sentiment": ""}, {"id": 144564177, "text": "$AMZN lol won&#39;t be surprised if this hits 1800 within 1st hour of market", "time": 1541781882.0, "sentiment": "Bullish"}, {"id": 144563815, "text": "$AMZN oh no, my 1760 calls", "time": 1541780530.0, "sentiment": "Bullish"}, {"id": 144563763, "text": "$AMZN Just purchased 100 more shares on the dip", "time": 1541780299.0, "sentiment": "Bullish"}, {"id": 144563736, "text": "$AMZN Doesn&#39;t look good. Likely deep red day incoming", "time": 1541780155.0, "sentiment": "Bearish"}, {"id": 144563561, "text": "$AMZN mhmm... read premarket", "time": 1541779262.0, "sentiment": "Bearish"}, {"id": 144562095, "text": "Forget eCommerce/payments. $BABA will own cloud-computing in China. Think $AMZN AWS without competition. Reason enough to buy the stock.", "time": 1541773048.0, "sentiment": "Bullish"}, {"id": 144561746, "text": "Last month #Amazon stock slides despite record-breaking income as this article forecasted https://elliottwave-forecast.com/stock-market/record-breaking-income-doesnt-save-amazon-from-tanking/ \u2026 $AMZN #Elliottwave", "time": 1541771799.0, "sentiment": ""}, {"id": 144561443, "text": "@Twit2 partnership with $PURA and distribution through $WMT, $AMZN &amp; others. Check it out: www.alkamewaters.com", "time": 1541770757.0, "sentiment": ""}, {"id": 144561184, "text": "@nagkarasala u long a penny stock and short $AAPL and $AMZN \ud83e\udd14", "time": 1541770066.0, "sentiment": ""}, {"id": 144561127, "text": "$AAPL $AMZN $TSLA $DIA $GOOG $FB Asia getting slaughtered.", "time": 1541769862.0, "sentiment": "Bearish"}, {"id": 144561113, "text": "Watch list for 11/09\n\nGood to buy\n$AWX\n$CLDX\n$RXII\n$WMT\n$V\n$TRIP\n\nGood to short\n$NVDA\n$SQ\n$NFLX\n$SHOP\n$AMZN\n$AAPL", "time": 1541769803.0, "sentiment": ""}, {"id": 144560373, "text": "3 Top U.S. Stocks to Watch in November $AMZN $REGI $DE http://bit.ly/2DwoVrj", "time": 1541768029.0, "sentiment": ""}, {"id": 144560262, "text": "$AMZN ranks 229 by short volume at 41 pct Bears and Bulls are fighting close  https://www.algowins.com/?wdt_column_filter[2]=AMZN", "time": 1541767802.0, "sentiment": ""}, {"id": 144559300, "text": "$AMZN I&#39;m gonna day trade the crap out of this tomorrow!", "time": 1541766047.0, "sentiment": ""}, {"id": 144559158, "text": "Price Moves vs Expected Moves $BAC $AMZN $HYG $AAPL $VXX $EFA $GE $FXI $FB $EEM $XOP $SQ http://tinyurl.com/y7zbwhgq", "time": 1541765791.0, "sentiment": ""}, {"id": 144559102, "text": "Cramer: October&#39;s meltdown may have been the best thing for this market https://cnb.cx/2DvmANi @jimcramer $DIA $AAPL $AMZN $GOOG $GOOGL", "time": 1541765700.0, "sentiment": ""}, {"id": 144559016, "text": "$AMZN this just wants to run again, maybe tomorrow, for sure next week \u270c", "time": 1541765555.0, "sentiment": "Bullish"}, {"id": 144558953, "text": "$AMZN futures turning grrreen", "time": 1541765444.0, "sentiment": ""}, {"id": 144557998, "text": "$AMZN Pulling my shares in pm just in case. Back in for a rally if I see a nice dip", "time": 1541763959.0, "sentiment": "Bullish"}, {"id": 144557511, "text": "$AMZN for those who believe they are super trading, I must respect the opinions of others even if I do not agree with them", "time": 1541763279.0, "sentiment": ""}, {"id": 144557509, "text": "$AMZN low risk/high reward play -&gt; $2000 Call 11/30 expiration. pin this post.", "time": 1541763276.0, "sentiment": "Bullish"}, {"id": 144557425, "text": "$AMZN realistically will close either 1740&#39;s or near flat - friday low volume. next week will tell a better story", "time": 1541763161.0, "sentiment": "Bullish"}, {"id": 144557166, "text": "$AMZN - Be smart. Do your research. Amazon is the way of the future. Thanksgiving is going to be delivered by fresh direct.", "time": 1541762853.0, "sentiment": "Bullish"}, {"id": 144556909, "text": "$AMZN  - I\u2019m excited. #Amazon is gonna go \ud83d\ude80 to the moon \ud83c\udf1a. It\u2019s the holidays. People are buying online. Thanksgiving is coming Freshdirect", "time": 1541762542.0, "sentiment": "Bullish"}, {"id": 144556505, "text": "$amzn wow. Will be on every traders screen Tomorrow.  This is what big money will see.", "time": 1541762069.0, "sentiment": "Bullish"}, {"id": 144556392, "text": "Friday\u2019s \ud83d\udc40 1 $AMZN $AAPL $AMD $FB $GOOGL $MSFT $NVDA $MU $NFLX $BA $BABA $DBX $DIS $ETSY $HTZ $INTC $MA $AWX $GNC $NVLN $OMER $ADBE $CROX", "time": 1541761936.0, "sentiment": ""}, {"id": 144556249, "text": "$AMZN lol", "time": 1541761763.0, "sentiment": ""}, {"id": 144556234, "text": "$AMZN looking good", "time": 1541761748.0, "sentiment": "Bearish"}, {"id": 144556082, "text": "$AMZN \n\nOn its way down\u203c\ufe0f", "time": 1541761568.0, "sentiment": "Bearish"}, {"id": 144555986, "text": "$AMZN will this hold or grow? $AMZN lemme know if y\u2019all need some water.", "time": 1541761484.0, "sentiment": "Bullish"}, {"id": 144554015, "text": "$AAPL $AMD $AMZN $FB $GOOGL $MSFT $NFLX $NVDA $TSLA $SPY Chart Analysis &amp; Key Levels of Support/Resistance for Nov 9  http://jazzytrades.com/index.php/2018/11/09/11-09-18-chart-analysis-top-stocks-aapl-amd-amzn-fb-googl-msft-nflx-nvda-tsla-spy/", "time": 1541759424.0, "sentiment": ""}, {"id": 144553918, "text": "$AMZN put up a good fight today! Bears trying to scare you out of your position. Tomorrow is Friday watch out for market trickery.", "time": 1541759315.0, "sentiment": ""}, {"id": 144553423, "text": "$OSTK https://youtu.be/_Lon6Ha8RXY\n\n$W $AMZN $RAKUTEN $M $JCP $\n\nInvestors presentation if you guys missed it today.\n\nI see why some analysts put a $100 PT now", "time": 1541758846.0, "sentiment": "Bullish"}, {"id": 144553119, "text": "$NVDA $BABA investing to become one of the world&#39;s hyperscale cloud players, catching up on $AMZN , $MSFT   Google,&quot; said SVP at CCS Insight", "time": 1541758548.0, "sentiment": "Bullish"}, {"id": 144552883, "text": "Moody&#39;s upgrades $AMZN to A3 from Baa1; outlook positive", "time": 1541758286.0, "sentiment": ""}, {"id": 144552416, "text": "$AMZN Price Target: 1850, BUY.", "time": 1541757859.0, "sentiment": "Bullish"}, {"id": 144551784, "text": "$AMZN what a beautiful week amazon had wowza omg", "time": 1541757294.0, "sentiment": ""}, {"id": 144551555, "text": "$AMZN Asia is OOOOF right now! Buying puts first thing!", "time": 1541757085.0, "sentiment": "Bearish"}, {"id": 144551548, "text": "$AMZN $1725 :(", "time": 1541757078.0, "sentiment": ""}, {"id": 144551130, "text": "Last month #Amazon stock still slides despite record-breaking income as this article forecasted https://elliottwave-forecast.com/stock-market/record-breaking-income-doesnt-save-amazon-from-tanking/ $AMZN #elliottwave", "time": 1541756743.0, "sentiment": ""}, {"id": 144551058, "text": "$AMZN 5 Nov update showing #Amazon extends lower and hit our minimum target blue box at $1490 #elliottwave", "time": 1541756687.0, "sentiment": ""}, {"id": 144550941, "text": "$AMZN update last month on 20 Oct looking for more downside to $1490 to reach 100% from $2052 peak. Target has been reached #elliottwave", "time": 1541756579.0, "sentiment": ""}, {"id": 144550585, "text": "Most Active Options\n$BAC $GE $AMZN $TSLA $AMD $SQ $BABA $C $NFLX $QCOM $F $PBR $NVDA $DIS $ATVI $MU $INTC $XOM $ROKU $JD $SBUX $MSFT $TLRY", "time": 1541756269.0, "sentiment": ""}, {"id": 144550144, "text": "$AMZN because????", "time": 1541755932.0, "sentiment": ""}, {"id": 144549986, "text": "Really wish $AMZN would get above 1800 sooner, because this low price keeps tempting me to buy more", "time": 1541755805.0, "sentiment": "Bullish"}, {"id": 144549816, "text": "Apple, Amazon, Netflix, May Continue To Rise, Plus Stocks Poised To Drop https://wp.me/p6NqCb-54H $aapl $spy $amzn $nflx $qcom $roku $atvi", "time": 1541755632.0, "sentiment": ""}, {"id": 144549716, "text": "$AMZN $FB $AAPL $NFLX $SPY $TVIX I wouldn\u2019t be surprised if we have a market rout tomorrow to bank big time on the Nov 9th puts options", "time": 1541755545.0, "sentiment": ""}, {"id": 144549248, "text": "$AMZN still more upside here", "time": 1541755176.0, "sentiment": "Bullish"}, {"id": 144549219, "text": "$AMZN tomorrow may drop big", "time": 1541755145.0, "sentiment": "Bearish"}, {"id": 144548797, "text": "$AMZN whoops asia down 2%", "time": 1541754837.0, "sentiment": "Bearish"}, {"id": 144548413, "text": "$TSLA Motor Trend&#39;s Randy Pobst Model 3 quicker than a Ferrari around racetrack $RACE $AAPL $AMZN $BABA $BTC.X $NFLX $GOOG $FB $QQQ $GOOG", "time": 1541754549.0, "sentiment": ""}, {"id": 144547981, "text": "$AMZN will go back to $2000 easily in no time..", "time": 1541754210.0, "sentiment": "Bullish"}, {"id": 144547791, "text": "$AMZN Big ole doji off resistance, bearish momentum divergence in the bigger picture. $SPY", "time": 1541754057.0, "sentiment": ""}, {"id": 144547788, "text": "\u202aHow to Search Press Releases Options Trading Data &amp; Analysis https://youtu.be/CCPiGlCzwec via @YouTube $tala $amzn $twtr $bac $msft $bac $jpm \u202c", "time": 1541754055.0, "sentiment": ""}, {"id": 144547566, "text": "$AMZN def expecting the mood to simmer here tomorrow into next week. looking like Asia\u2019s falling. Strong dollar diluting value, fed, tarrifs", "time": 1541753884.0, "sentiment": ""}, {"id": 144547281, "text": "$AMZN   Think about AMZN as being a double-digit operating margin company\u201d (advertising and AWS-cloud) Ibis CNBC   https://cnb.cx/2PhKmTl", "time": 1541753641.0, "sentiment": ""}, {"id": 144547162, "text": "$NOW $MSFT $AMZN $ORCL The strategic move is to buyout $NOW to control SaaS to pair up with infrastructure offerings.", "time": 1541753540.0, "sentiment": "Bullish"}, {"id": 144547127, "text": "$AMZN  Amazon will invest in shipping and compete with FedEx and UPS (Ibid) CNBC https://cnb.cx/2PhKmTl", "time": 1541753512.0, "sentiment": ""}, {"id": 144547069, "text": "$AMZN Amazon plans to start its own Fed EXP", "time": 1541753452.0, "sentiment": ""}, {"id": 144547042, "text": "$AMZN RBC&#39;s Mark Mahaney: Amazon will compete directly with FedEx and UPS \u2014 &#39;it&#39;s just a matter of time&#39; CNBC https://cnb.cx/2PhKmTl", "time": 1541753429.0, "sentiment": ""}, {"id": 144546945, "text": "$AMZN Alibaba aims to make cloud computing its &#39;main business&#39; https://cnb.cx/2zCQ7Qx", "time": 1541753347.0, "sentiment": ""}, {"id": 144546794, "text": "Should Investors Pull Money Out of Stocks or Push More In? --&gt; https://www.seeitmarket.com/should-investors-pull-money-out-of-stocks-push-more-in-18631/  by @marketminute  $SPY $FB $AAPL $AMZN $GE $GM $CGC", "time": 1541753218.0, "sentiment": ""}, {"id": 144546772, "text": "$AMZN Redddd Friday tomorrowwwwwwww", "time": 1541753203.0, "sentiment": ""}, {"id": 144546374, "text": "Aggregate short volume reported to FINRA for $AMZN was 1,126,830 on 11-08-18 https://volumebot.com/?s=AMZN", "time": 1541752908.0, "sentiment": ""}, {"id": 144545657, "text": "$AMZN girlfriend gets a new puppy and i bank 2k while dog sitting! I\u2019ll take it \ud83d\ude1b", "time": 1541752315.0, "sentiment": ""}, {"id": 144545084, "text": "$AMZN this stock is going to get utterly destroyed in the next crash, meanwhile enjoy the bubble while it lasts!", "time": 1541751853.0, "sentiment": "Bearish"}, {"id": 144544872, "text": "$AMZN  if I stayed couple more min I would&#39;ve made some ok money, the action is fcked up lately, charts don&#39;t matter much, bots are 2 much", "time": 1541751678.0, "sentiment": ""}, {"id": 144544838, "text": "$AMZN Price by Xmas?", "time": 1541751655.0, "sentiment": "Bullish"}, {"id": 144544808, "text": "$AMZN So we have PPI inflation Fri (+0.2%) and Consumer Sentiment (98 Score) FRiday @ 10:00 AM ET", "time": 1541751632.0, "sentiment": ""}, {"id": 144544758, "text": "$AMZN https://www.bloomberg.com/energy  WTI/Brent crude futures flat in Fri Asia", "time": 1541751578.0, "sentiment": ""}, {"id": 144544756, "text": "$AMZN to update from my yesterday short, I stayed short over night, was ready to take a lose when I saw the morning action, got out flat", "time": 1541751577.0, "sentiment": ""}, {"id": 144544607, "text": "$AMZN Apple (AAPL) PT Raised to $253 at Morgan Stanley Following Service Growth Survey http://www.streetinsider.com/Analyst+Comments/Apple+%28AAPL%29+PT+Raised+to+%24253+at+Morgan+Stanley+Following+Service+Growth+Survey/14802735.html via @Street_Insider", "time": 1541751455.0, "sentiment": ""}, {"id": 144544388, "text": "$AAPL $QQQ $SPY $AMZN $TSLA $FB $GOOG Does anybody here actually day trade for a living? Successfully ?", "time": 1541751309.0, "sentiment": ""}, {"id": 144544380, "text": "What&#39;s Next After Our News-Heavy Week $AAPL $AMZN $MSFT $MFLX $GOOGL $SPX $DJI $NDX https://goo.gl/BiahC5", "time": 1541751299.0, "sentiment": ""}, {"id": 144544343, "text": "$AMZN So, What the FEDs did today cut the bullish sentiment of the Market; this is not what everybody was expecting?", "time": 1541751269.0, "sentiment": "Bullish"}, {"id": 144544296, "text": "$AMZN https://www.marketwatch.com/investing/stock/amzn  Amazon $642.00 three years ago, 1,100+ 1 year ago", "time": 1541751241.0, "sentiment": ""}, {"id": 144544229, "text": "$AMZN Moody&#39;s upgrades Amzn to A3. Outlook positive;  upgrade recognizes improvements in operating performance of core retail 2018 business.", "time": 1541751187.0, "sentiment": "Bullish"}, {"id": 144544202, "text": "$AMZN Walt Disney beats EPS by $0.14, beats on revenue  $+580 Million  https://seekingalpha.com/news/3407624-walt-disney-beats-0_14-beats-revenue?source=tweet $DIS", "time": 1541751168.0, "sentiment": ""}, {"id": 144544119, "text": "$AMZN Disney passed Earnings", "time": 1541751100.0, "sentiment": ""}, {"id": 144544074, "text": "$AMZN Sears to shut 40 more stores early next year CNBC https://cnb.cx/2Qu31aZ", "time": 1541751068.0, "sentiment": ""}, {"id": 144543724, "text": "$AMZN very few companies have the potential for growth like $AMZN. Owning this stock is a must.", "time": 1541750789.0, "sentiment": "Bullish"}, {"id": 144543703, "text": "$SPY Trump confirms one, thank $AMZN for 2, three peaked, 4 is here", "time": 1541750770.0, "sentiment": ""}, {"id": 144543157, "text": "$AMZN imagine they do their own shipping and in our lifetime it\u2019s flying vans \nHahahaha go short now!!!", "time": 1541750380.0, "sentiment": "Bullish"}, {"id": 144543000, "text": "$AMZN $FB $NFLX $BABA $SPY\n\nAll I wanna know is what is everyone having for dinner tonight?\n\n....", "time": 1541750268.0, "sentiment": "Bullish"}, {"id": 144542876, "text": "$SPY $AAPL $AMZN $NFLX $ROKU $QCOM $ATVI you are pumping Mott capital as if you have any idea as to market direction.  Not gonna battle u.GL", "time": 1541750175.0, "sentiment": ""}, {"id": 144542690, "text": "$SPY $AAPL $AMZN $NFLX $ROKU $QCOM $ATVI on the market", "time": 1541750060.0, "sentiment": ""}, {"id": 144542648, "text": "$AMD $INTC $AMZN $MSFT $BABA  huge growth opportunity for AMD. AMAZON AWS &amp; Microsoft business. Stealing intel\u2019s business. Front page of WSJ", "time": 1541750030.0, "sentiment": "Bullish"}, {"id": 144542577, "text": "$SPY $AAPL $AMZN $NFLX $ROKU $QCOM $ATVI  on what bro? Tell me?", "time": 1541749987.0, "sentiment": ""}, {"id": 144542571, "text": "$MNKD shadow board is getting restless. We can feel christmas coming is between buying ipads for family or $amzn fire pad or w/e that is", "time": 1541749981.0, "sentiment": ""}]