[{"id": 144800372, "text": "$AMZN what&#39;s the positive trigger until next ER? Trade war resolution?", "time": 1542060246.0, "sentiment": "Bearish"}, {"id": 144800308, "text": "$AMZN go under 1400 soon", "time": 1542060228.0, "sentiment": "Bearish"}, {"id": 144800179, "text": "$AMZN Here we go again. Another last shot at making money on amazon before the holiday news! Look what Ali Baba did!!!", "time": 1542060193.0, "sentiment": "Bullish"}, {"id": 144800174, "text": "$AMZN 50pt day.", "time": 1542060192.0, "sentiment": ""}, {"id": 144800128, "text": "$AMZN gets dumber everyday.", "time": 1542060180.0, "sentiment": "Bullish"}, {"id": 144800099, "text": "$AMZN Down she goes!", "time": 1542060173.0, "sentiment": "Bearish"}, {"id": 144800081, "text": "$AMZN a little more..... come on.....you can do it....", "time": 1542060168.0, "sentiment": "Bullish"}, {"id": 144800011, "text": "$AMZN oopsie", "time": 1542060148.0, "sentiment": "Bearish"}, {"id": 144799972, "text": "$AAPL $SPY $AMZN $FB $GOOGL $NFLX $BABA", "time": 1542060140.0, "sentiment": "Bullish"}, {"id": 144799937, "text": "$GOOGL $goog $amzn \nOnce again adding to long term positions googl goog amzn this is algos taking stops. Shorting here is a big mistake.", "time": 1542060128.0, "sentiment": "Bullish"}, {"id": 144799816, "text": "$AMZN What is happening here has never happened since 2008, check the monthly, It&#39;s all about politics, The market wants to punish the POTUS", "time": 1542060093.0, "sentiment": ""}, {"id": 144799657, "text": "$AMZN will finish green w/ $NFLX today. all in.. weeklies 1730 calls", "time": 1542060051.0, "sentiment": "Bullish"}, {"id": 144799656, "text": "$AMZN Yeeehawwwwww go bby go", "time": 1542060051.0, "sentiment": "Bearish"}, {"id": 144799649, "text": "$AMZN market is breaking through support as a whole.", "time": 1542060049.0, "sentiment": ""}, {"id": 144799628, "text": "$AMZN Typical Monday, small drop followed by a Green Day nothing new", "time": 1542060046.0, "sentiment": "Bullish"}, {"id": 144799547, "text": "$AMZN $uvxy anyone?", "time": 1542060021.0, "sentiment": ""}, {"id": 144799517, "text": "$AMZN below 1600 possible??", "time": 1542060013.0, "sentiment": "Bearish"}, {"id": 144799489, "text": "$AMZN wait till 1625", "time": 1542060006.0, "sentiment": ""}, {"id": 144799412, "text": "$SPY Keep in mind if HF are selling today you should do the exact opposite &amp; wait for 10:30 to arrive. HF are horrible $AAPL $NFLX $AMZN", "time": 1542059990.0, "sentiment": "Bullish"}, {"id": 144799372, "text": "$AMZN 1644", "time": 1542059979.0, "sentiment": ""}, {"id": 144799342, "text": "$FB $AMZN $AAPL $BABA congratulations to all bulls", "time": 1542059971.0, "sentiment": "Bearish"}, {"id": 144799247, "text": "$AMZN looking for an entry @1650\ud83e\udd20\ud83c\udf89\ud83d\ude4f", "time": 1542059947.0, "sentiment": "Bullish"}, {"id": 144799168, "text": "$AMZN $1650", "time": 1542059926.0, "sentiment": "Bearish"}, {"id": 144799149, "text": "$AMZN there seriously better be a report of submarine collision in taiwan or something. im calling SEC for manip...", "time": 1542059921.0, "sentiment": "Bullish"}, {"id": 144799056, "text": "$AMZN not sure why people panicking... it was never in the agenda to just go up.... a dip today was expected.... just take it easy....", "time": 1542059894.0, "sentiment": "Bullish"}, {"id": 144799015, "text": "$aapl $amzn $spy $qqq so far to fall so little time LMAO I have been saying for months pull up 20yr charts this aint nadda LMAO", "time": 1542059881.0, "sentiment": ""}, {"id": 144799004, "text": "Amazon 10 day test $AMZN", "time": 1542059879.0, "sentiment": ""}, {"id": 144798944, "text": "$AMZN amzn is still drunk from the weekend.. Just wait till the hang over wearsoffs", "time": 1542059863.0, "sentiment": "Bullish"}, {"id": 144798939, "text": "$AMZN @joejoefick I warned ye.....", "time": 1542059862.0, "sentiment": "Bullish"}, {"id": 144798917, "text": "$SPY Still love Monday Sell Offs, True sign of the novices getting flushed &amp; a great time to add positions $BABA $AMZN $AAPL $NFLX $TSLA", "time": 1542059858.0, "sentiment": "Bullish"}, {"id": 144798902, "text": "Okay early week bounce get ready to load small size of puts at previous highs $fb $aapl $amzn $sq $pfe $ko", "time": 1542059855.0, "sentiment": ""}, {"id": 144798725, "text": "$AMZN stop chasing", "time": 1542059807.0, "sentiment": "Bearish"}, {"id": 144798628, "text": "$NFLX $AAPL $AMZN $GOOG $GOOGL $SQ $PYPL BTFD", "time": 1542059783.0, "sentiment": "Bullish"}, {"id": 144798369, "text": "$AMZN who wants to bet me $5 it goes green today, I\u2019ll venmo you that shit", "time": 1542059716.0, "sentiment": ""}, {"id": 144798366, "text": "$AMZN loaded calls...", "time": 1542059714.0, "sentiment": "Bullish"}, {"id": 144798182, "text": "$AMZN consumer confidence through the roof.  Biggest deiver for this stock isn\u2019t retail, it\u2019s its ad and software.  That\u2019s the buttah.", "time": 1542059665.0, "sentiment": ""}, {"id": 144798174, "text": "$AMZN when this stock gets taken down because of Apple, it\u2019s a buying opportunity.", "time": 1542059663.0, "sentiment": "Bullish"}, {"id": 144798156, "text": "$AMZN now for the recovery", "time": 1542059660.0, "sentiment": "Bullish"}, {"id": 144798125, "text": "$AMZN l Ol", "time": 1542059651.0, "sentiment": ""}, {"id": 144798016, "text": "$AAPL $AMZN $GOOG $GOOGL $SQ $PYPL Love these dam prices, I\u2019m buying", "time": 1542059629.0, "sentiment": "Bullish"}, {"id": 144797778, "text": "$AAPL $NFLX $GOOGL $AMZN $FB Human pisscology. You make up your mind about bullish or bearish and then try to justify it.", "time": 1542059574.0, "sentiment": "Bearish"}, {"id": 144797637, "text": "$AMZN $AAPL $GOOGL down 3 days in a row now", "time": 1542059544.0, "sentiment": ""}, {"id": 144797433, "text": "$AMZN 20 bucks of pain left for today", "time": 1542059495.0, "sentiment": ""}, {"id": 144797417, "text": "$AMZN wow, talk about support.  This break 1660 and kiss today goodbye", "time": 1542059492.0, "sentiment": "Bearish"}, {"id": 144797354, "text": "$AMZN  lower highs you mean? Then again it&#39;s all on your perspective isn&#39;t it?", "time": 1542059471.0, "sentiment": ""}, {"id": 144797133, "text": "$AMZN Amazon&#39;s stock price target raised above $2,000 at Instinet https://on.mktw.net/2DgNI1t", "time": 1542059413.0, "sentiment": ""}, {"id": 144797089, "text": "$AMZN higher lows on these drops. good  sign", "time": 1542059401.0, "sentiment": ""}, {"id": 144797037, "text": "$AMZN $GOOGL $NFLX $AAPL $NVDA $SPY if we truly are heading into a bear market and a recession, won&#39;t we see one more parabolic rip higher?", "time": 1542059388.0, "sentiment": ""}, {"id": 144796887, "text": "$SNAP $SNAP is the new $VIX in this sht market it seems $AAPL $FB $AMZN", "time": 1542059345.0, "sentiment": "Bullish"}, {"id": 144796815, "text": "$AMZN I got out Friday to break even for just in case looking for another good entry point", "time": 1542059323.0, "sentiment": ""}, {"id": 144796779, "text": "$AAL $AMZN $AAPL feels like WS is rotating from Amzn, AAPL, etc. to others that are cheaper, including American. Talk about GS upgrade", "time": 1542059311.0, "sentiment": ""}, {"id": 144796754, "text": "$AMZN Futures up now mean red day, futures down mean red day, wonderful", "time": 1542059303.0, "sentiment": ""}, {"id": 144796677, "text": "$AMZN Nice! I&#39;m inininin", "time": 1542059280.0, "sentiment": ""}, {"id": 144796528, "text": "$AMZN Just loaded another 50 Shares", "time": 1542059235.0, "sentiment": "Bullish"}, {"id": 144796362, "text": "$AMZN let there be panic.. this kinda nuttiness us where ive been making $$ lately.  Buy the panic then sell the inevitable rip higher", "time": 1542059188.0, "sentiment": "Bullish"}, {"id": 144796320, "text": "$AAPL $AMZN wish the market was closed today :(", "time": 1542059172.0, "sentiment": ""}, {"id": 144796140, "text": "$AMZN this mkt is just for day traders, not for investors.", "time": 1542059114.0, "sentiment": ""}, {"id": 144796031, "text": "$AMZN Yah! Added!!!!!", "time": 1542059084.0, "sentiment": "Bullish"}, {"id": 144796005, "text": "$AMZN One stock farts and everybody get instant diarrea.", "time": 1542059078.0, "sentiment": ""}, {"id": 144795982, "text": "$AMZN 2100", "time": 1542059074.0, "sentiment": "Bullish"}, {"id": 144795803, "text": "$DIA $SPY $AMZN $BABA Market as pessimistic as ever", "time": 1542059023.0, "sentiment": ""}, {"id": 144795802, "text": "$AMZN it must be the aapl amzn deal. Narket snells problens with both companies", "time": 1542059023.0, "sentiment": ""}, {"id": 144795636, "text": "$AMZN come in 1644 go bby gooo", "time": 1542058974.0, "sentiment": ""}, {"id": 144795614, "text": "$AMZN Short it", "time": 1542058967.0, "sentiment": "Bearish"}, {"id": 144795424, "text": "$AMZN well 1664 broken.. look out below.. 100+ drop!", "time": 1542058906.0, "sentiment": ""}, {"id": 144795391, "text": "$AMZN Grow The F up Market!!!! \ud83e\uddd8\ud83c\udffc\u200d\u2642\ufe0f", "time": 1542058898.0, "sentiment": "Bullish"}, {"id": 144795338, "text": "$AMZN 1644 tiday?", "time": 1542058881.0, "sentiment": ""}, {"id": 144795291, "text": "$AMZN yeeeehawwwww", "time": 1542058865.0, "sentiment": "Bearish"}, {"id": 144795223, "text": "$AMZN shopping at blood bath and beyond?", "time": 1542058845.0, "sentiment": "Bearish"}, {"id": 144795195, "text": "$AMZN 1666 oh boy", "time": 1542058838.0, "sentiment": ""}, {"id": 144795118, "text": "$AMZN 3% down on what news? This has been acting like a penny stock!!", "time": 1542058817.0, "sentiment": ""}, {"id": 144795108, "text": "$AMZN Bloodbath", "time": 1542058814.0, "sentiment": ""}, {"id": 144795097, "text": "$BABA Alibaba front page of wall street business section after selling 6 Black Fridays in 24 hours for Single\u2019s Day $AAPL $AMZN $MSFT", "time": 1542058811.0, "sentiment": "Bullish"}, {"id": 144795014, "text": "$AMZN 1624 PT.", "time": 1542058788.0, "sentiment": ""}, {"id": 144795007, "text": "$NFLX  $AMZN...who will make millions being just a tad short via puts???  Hmmm....  $QQQ", "time": 1542058786.0, "sentiment": ""}, {"id": 144794967, "text": "$AMZN fucking wonderful!!!!!!!!!!!!\ud83d\ude21", "time": 1542058776.0, "sentiment": ""}, {"id": 144794890, "text": "$AMZN vol is low.. price id dropping pretty heavy on low volume", "time": 1542058756.0, "sentiment": "Bullish"}, {"id": 144794826, "text": "$AMZN not looking good here, dumping a lot", "time": 1542058740.0, "sentiment": "Bearish"}, {"id": 144794788, "text": "$AMZN fing dumb.", "time": 1542058725.0, "sentiment": "Bullish"}, {"id": 144794780, "text": "$AMZN 1666 guaranteed", "time": 1542058722.0, "sentiment": "Bullish"}, {"id": 144794770, "text": "$SPY $QQQ $AMZN weeeee nice almost there 1660 target", "time": 1542058720.0, "sentiment": ""}, {"id": 144794748, "text": "$AAPL $AMZN $GOOGL $NVDA $NOC i thought these were safe havens.  Boy was I wrong to go long on Friday.", "time": 1542058714.0, "sentiment": ""}, {"id": 144794679, "text": "$AMZN smashed", "time": 1542058694.0, "sentiment": ""}, {"id": 144794655, "text": "$AMZN just a little bit more.....", "time": 1542058686.0, "sentiment": "Bullish"}, {"id": 144794481, "text": "$AMZN  Black Friday and Cyber Monday will be EPIC. Funding secured.", "time": 1542058634.0, "sentiment": "Bullish"}, {"id": 144794429, "text": "$AMZN looking to get in CALLS !!! \ud83e\udd20\ud83c\udf89 buckle up baby it\u2019s going to be a hell of a ride!!", "time": 1542058617.0, "sentiment": "Bullish"}, {"id": 144794390, "text": "$AMZN Caution. $SPY", "time": 1542058605.0, "sentiment": ""}, {"id": 144794352, "text": "$AMZN You would think Amazon is going out of business.", "time": 1542058595.0, "sentiment": ""}, {"id": 144794246, "text": "$AMZN let\u2019s go kiss 1670.00", "time": 1542058563.0, "sentiment": ""}, {"id": 144794217, "text": "$AMZN well.... @joejoefick I did warn ye.....", "time": 1542058553.0, "sentiment": "Bullish"}, {"id": 144794205, "text": "$AMZN $NFLX $NVDA $FB $AAPL $TSLA Lows.", "time": 1542058547.0, "sentiment": ""}, {"id": 144794198, "text": "$AMZN 1540? If you liked it at 1700 your really going to like it at 1540", "time": 1542058545.0, "sentiment": ""}, {"id": 144793999, "text": "$WMT $amzn $tsla\n I wish they&#39;d just close the market on vets day holiday. Low volume is redic.", "time": 1542058479.0, "sentiment": ""}, {"id": 144793996, "text": "$AMZN added calls here", "time": 1542058478.0, "sentiment": "Bullish"}, {"id": 144793989, "text": "Amazon and Apple Play Nice for the Holiday Shopping Season\n\n$AAPL $AMZN  \n\nhttps://investorplace.com/2018/11/amazon-and-apple-play-nice-for-the-holiday-shopping-season/", "time": 1542058475.0, "sentiment": ""}, {"id": 144793973, "text": "$AMZN 1500", "time": 1542058470.0, "sentiment": ""}, {"id": 144793744, "text": "$AMZN Timberrrr", "time": 1542058383.0, "sentiment": "Bearish"}, {"id": 144793714, "text": "$NFLX $FB $AMZN  dude, you are the bear. You&#39;re just cheerleading for your own position making it look like your unbiased. Loser.", "time": 1542058370.0, "sentiment": ""}, {"id": 144793691, "text": "$AAPL $NFLX $AMZN well, how convenient, 200,300,1700 respectively. ALl neat levels to collect stoplosses along the way on all 3 of them", "time": 1542058360.0, "sentiment": ""}, {"id": 144793578, "text": "$BABA $AMZN $FB $NFLX $GOOG $EBAY $JD", "time": 1542058317.0, "sentiment": "Bullish"}, {"id": 144793547, "text": "$AAPL $NFLX $AMZN $GOOGL $FB Solid stock go down but this illogical dumb stock recovers best and go up huge. $TLRY . FAANGT lol", "time": 1542058308.0, "sentiment": ""}, {"id": 144793546, "text": "$AMZN Amazon Now Selling Apple Products $AAPL", "time": 1542058307.0, "sentiment": "Bullish"}, {"id": 144793533, "text": "$AMZN oopsie", "time": 1542058301.0, "sentiment": ""}, {"id": 144793407, "text": "$BABA record single\u2019s day is 6x more busy than US black friday for alibaba $AMZN", "time": 1542058247.0, "sentiment": "Bullish"}, {"id": 144793343, "text": "$AMZN if 1696 breaks, next pt will be 1620s.", "time": 1542058225.0, "sentiment": ""}, {"id": 144793342, "text": "$AMZN mm playing retail like a fiddle with uncertainty.", "time": 1542058225.0, "sentiment": ""}, {"id": 144793292, "text": "$AMZN ", "time": 1542058205.0, "sentiment": "Bullish"}, {"id": 144793258, "text": "$AMZN what mp buyout? Thanks", "time": 1542058193.0, "sentiment": "Bullish"}, {"id": 144793174, "text": "$AMZN Small gap down with SPY. \n$NFLX $TSLA $AAPL Same. \n$TLRY ER tom.", "time": 1542058159.0, "sentiment": ""}, {"id": 144792998, "text": "$AMZN how low will the volume be?", "time": 1542058091.0, "sentiment": ""}, {"id": 144792737, "text": "$AMZN $AAPL $FB $NFLX $GOOGL $GOOG $SQ $PYPL $SHOP $MSFT $TSLA Amazon and Apple team up", "time": 1542057996.0, "sentiment": "Bullish"}, {"id": 144792475, "text": "$AMZN We are being used as an ATM for big money right now.", "time": 1542057889.0, "sentiment": ""}, {"id": 144792307, "text": "$AAPL $AMZN $GOOGL the more they drop the bigger the chance making money when they bounce back hard like last week\ud83e\udd11", "time": 1542057820.0, "sentiment": "Bullish"}, {"id": 144792084, "text": "$AMZN Amzn PT Upgrade by Nomura -2050 and Apple PT down grade JP Morgan", "time": 1542057726.0, "sentiment": ""}, {"id": 144792020, "text": "$AMZN 1660 today??", "time": 1542057702.0, "sentiment": "Bearish"}, {"id": 144791977, "text": "$AMZN we cant win a trade war with China https://www.bloomberg.com/news/articles/2018-11-11/trump-s-china-cold-war-yields-hard-look-at-global-supply-chains", "time": 1542057687.0, "sentiment": ""}, {"id": 144791853, "text": "Amazon and Apple Play Nice for the Holiday Shopping Season $AAPL $AMZN - https://investorplace.com/2018/11/amazon-and-apple-play-nice-for-the-holiday-shopping-season", "time": 1542057636.0, "sentiment": ""}, {"id": 144791387, "text": "$BABA&#39;s Singles day sets another record, dwarfs Black Friday &amp; Cyber Monday sales combimed - $AMZN", "time": 1542057427.0, "sentiment": ""}, {"id": 144791360, "text": "$AMZN Apple set to lead Wall Street lower http://www.streetinsider.com/ETFs/Apple%2C+tobacco+stocks+set+to+lead+Wall+Street+lower/14814330.html via @Street_Insider", "time": 1542057416.0, "sentiment": ""}, {"id": 144791321, "text": "$AMZN I wonder if trump was trading before he tweeted things about anzn or the market", "time": 1542057395.0, "sentiment": ""}]