[{"id": 148109450, "text": "$AMD $AMZN $NVDA $AAPL attend your year end parties..next year you might lose your jobs...Recession#2020", "time": 1545082847.0, "sentiment": "Bearish"}, {"id": 148109321, "text": "$AMZN 1800 soon! 2000 here we go! AHAHAH", "time": 1545082804.0, "sentiment": "Bearish"}, {"id": 148109251, "text": "$AMZN 1646.02 daily level.", "time": 1545082786.0, "sentiment": ""}, {"id": 148109108, "text": "$AMZN This has a far way to fall back to earth.", "time": 1545082749.0, "sentiment": "Bearish"}, {"id": 148109048, "text": "Following Warren Buffett Might Not Always Yield Profits $BRK-B $AAPL $GOOG $AMZN $SPY https://marketrealist.com/2018/12/following-warren-buffett-might-not-always-yield-profits", "time": 1545082723.0, "sentiment": ""}, {"id": 148109007, "text": "$AAPL Pod cast of the options reprt $JNJ $GS $FB $PTI $AMZN $NFLX $NVDA $Z $CAT $OSTK $F $TSLA $JACK $ORCL $GOOG https://itunes.apple.com/us/podcast/options-report/id1442179563?mt=2", "time": 1545082708.0, "sentiment": ""}, {"id": 148108907, "text": "$AMZN Amazon: Workers in Germany Strike; Retailer Targets Unprofitable Online Items\n\nhttps://www.thestreet.com/technology/amazon-workers-strike-a-week-before-christmas-14812400", "time": 1545082670.0, "sentiment": ""}, {"id": 148108860, "text": "$AMZN dont buy until after Fed", "time": 1545082653.0, "sentiment": ""}, {"id": 148108851, "text": "$NIO just like any company that does a product release the stock sells off after  $aapl $amzn $goog", "time": 1545082651.0, "sentiment": ""}, {"id": 148108806, "text": "$AMZN lots of media noise..", "time": 1545082639.0, "sentiment": "Bullish"}, {"id": 148108690, "text": "$AMZN WHERE IS THE BOTTOM TO AMZN!?!?!?!?!", "time": 1545082605.0, "sentiment": ""}, {"id": 148108629, "text": "$AMZN Should be in mid triple digits at best.  High double digits if there is a crisis/severe recession", "time": 1545082586.0, "sentiment": "Bearish"}, {"id": 148108447, "text": "$DWAZ $UWAZ $DWT $UWT $DWTI $UWTI $SPI $BRK.A $AMZN $AAPL $MSFT $MKL $LMT $NOC $SEB $NVR $GOOGL $GOOG $PCLN $AZO $WPO $WTM $ALX $SNV $HRL", "time": 1545082521.0, "sentiment": ""}, {"id": 148108439, "text": "$AMZN While below $1705 it should see a move lower to $1516-$1472 area next in 7 swings before seeing a 3 wave bounce at least #Elliottwave", "time": 1545082517.0, "sentiment": ""}, {"id": 148108320, "text": "$GOOGL continues to hold $1k support &amp; consol, still like best of \u2018FAANG\u2019 w/$AMZN, think Mkt will appreciate \u2018other bets\u2019 over time", "time": 1545082475.0, "sentiment": "Bullish"}, {"id": 148108285, "text": "$AMZN", "time": 1545082460.0, "sentiment": "Bullish"}, {"id": 148108256, "text": "$AMZN short term cycle from 12/03 peak is showing 5 swings sequence favoring more downside to come against $1705 last week peak #Elliottwave", "time": 1545082447.0, "sentiment": ""}, {"id": 148108205, "text": "$AMZN gap down on daily...", "time": 1545082423.0, "sentiment": ""}, {"id": 148108072, "text": "$AMZN PT 1k", "time": 1545082383.0, "sentiment": "Bearish"}, {"id": 148107857, "text": "$AMZN Economy is great! Unemployment is low. Taxes are lower. People have more money to spend. This is manipulation to get more shares.", "time": 1545082262.0, "sentiment": "Bullish"}, {"id": 148107715, "text": "NYSE FAANG+ Index Pre-market - Bear\n\n $TSLA $BIDU $NVDA $TWTR $BABA $FB $AAPL $AMZN $NFLX $GOOG $STUDY \n\nhttps://bullbearcharts.blogspot.com/2018/12/nyse-faang-index-pre-market-bear_17.html", "time": 1545082206.0, "sentiment": "Bearish"}, {"id": 148107582, "text": "$AMZN Mkts are decoupled from economy. Now it&#39;s political worries. Possible impeachment, Democrats running the show in congress", "time": 1545082149.0, "sentiment": ""}, {"id": 148107510, "text": "$AMZN IlOver valued pig...short this down below 850...and I will load", "time": 1545082109.0, "sentiment": ""}, {"id": 148107390, "text": "$AMZN I wish this goes below 850....", "time": 1545082049.0, "sentiment": "Bearish"}, {"id": 148107347, "text": "$AMZN this is getting ugly by the second \ud83e\udd20\ud83c\udf7a\ud83c\udf7a\ud83c\udf7f\ud83c\udf84\ud83d\udd2b", "time": 1545082027.0, "sentiment": ""}, {"id": 148107285, "text": "$AMZN $1,500 in a few days at this rate", "time": 1545082000.0, "sentiment": "Bearish"}, {"id": 148107173, "text": "$AMZN what happened? Why the big drop ?", "time": 1545081945.0, "sentiment": ""}, {"id": 148106659, "text": "$AMZN Was at $1420 a month ago.. and still up 4 times the average S&amp;P gains. People screaming bloody murder, but look at the facts.", "time": 1545081677.0, "sentiment": "Bullish"}, {"id": 148106572, "text": "$AMZN Amazon Jeopardy!  &quot;I&#39;ll take 2 for 900$ Alex!&quot;", "time": 1545081628.0, "sentiment": "Bearish"}, {"id": 148106294, "text": "$AMZN End of the world as we know it?", "time": 1545081456.0, "sentiment": ""}, {"id": 148106256, "text": "$AMZN another week of panic selling to commence in 13min. Sideline for me", "time": 1545081432.0, "sentiment": ""}, {"id": 148106175, "text": "$AMZN One of my more red stocks again. hmmm. will wait for 30 minutes then open up some spreads.", "time": 1545081375.0, "sentiment": ""}, {"id": 148106174, "text": "$AMZN -23. \n$TSLA -3.7. \n$NFLX -2.3. \n$NVDA -1.4. \n$AAPL $FB $BABA $GOOGL Gapped down small w/ SPY.", "time": 1545081374.0, "sentiment": ""}, {"id": 148106138, "text": "$AMZN nervous", "time": 1545081355.0, "sentiment": ""}, {"id": 148106030, "text": "$AMZN looks like another down day, absolutely amzn", "time": 1545081316.0, "sentiment": ""}, {"id": 148106021, "text": "Stocks making the biggest moves pre-market https://cnb.cx/2Llyg6k $BA $HCA $UNH $HUM $JACK $BMY $GOOG $GOOGL $AMZN $LULU $GDT $SHW $EQT", "time": 1545081312.0, "sentiment": ""}, {"id": 148105782, "text": "$AMZN This last reversal of  Amazon in 2018 will be one memorable green day. \ud83d\udcb0\ud83d\udcb0\ud83d\udcb0\ud83d\udcb0\ud83d\udcb0\ud83d\udcb0\ud83d\udcb0", "time": 1545081190.0, "sentiment": "Bullish"}, {"id": 148105754, "text": "20% run-up since October has given $PG an unsustainable valuation $FB $AMZN $NVDA $MCD $KO $MSFT $ATVI $GOOGL http://bit.ly/2S8u5xe", "time": 1545081176.0, "sentiment": "Bearish"}, {"id": 148105582, "text": "$AMZN I get it some of you are new and scared of these dips. I assure you NO other stock is safer and better than amzn. #BestoftheFaang", "time": 1545081085.0, "sentiment": "Bullish"}, {"id": 148105565, "text": "$AMZN how much more can they cut costs", "time": 1545081076.0, "sentiment": "Bearish"}, {"id": 148105411, "text": "$AMZN ALL IN \ud83d\ude80\u2660\ufe0f", "time": 1545080983.0, "sentiment": "Bullish"}, {"id": 148105231, "text": "$AMZN Powell should shove his dot plot where the sun never shines... another academic genius repeating same  Fed mistakes", "time": 1545080872.0, "sentiment": ""}, {"id": 148105112, "text": "$AMZN Amazon could have the cure for cancer and it would still go down today.", "time": 1545080805.0, "sentiment": ""}, {"id": 148104914, "text": "$AMZN $aapl $spy The key is to process the bull, while it\u2019s hanging upside down from its back two feet, allows the blood to drain freely.", "time": 1545080694.0, "sentiment": "Bearish"}, {"id": 148104877, "text": "$AMZN lopsided short vol to be burned/scalped by the funds/algos. set long put first sub 1495! Funds are almost broke n desperate. \ud83d\ude2c\ud83e\udd2b", "time": 1545080665.0, "sentiment": "Bearish"}, {"id": 148104840, "text": "$AMZN CNBC CHARTIST TODD GORDON says Amazon could fall back to $700-800 based on the chart action, google it", "time": 1545080646.0, "sentiment": "Bearish"}, {"id": 148104727, "text": "$AMZN omg the dumbest tweet ever. Powell now has to raise no mattee what", "time": 1545080582.0, "sentiment": ""}, {"id": 148104585, "text": "Long Watches: $JACK, $TLRY, $PTI! Short Watches: $AMZN, $CNC, $ADBE, $JNJ, $PCG, $NVDA, $OSTK!", "time": 1545080491.0, "sentiment": ""}, {"id": 148104447, "text": "$AMZN Don\u2019t see anyway that this isn\u2019t $1360 by week\u2019s end.", "time": 1545080415.0, "sentiment": ""}, {"id": 148104328, "text": "@CodySPX $AMZN step 2: regret it as you realized you sold call due to stop loss raid, and cry into pillow", "time": 1545080400.0, "sentiment": "Bullish"}, {"id": 148104266, "text": "$SPY $qqq $amzn $aapl The key here is to bleed these Main St bulls as long as possible, don\u2019t want to induce panic, BLEED THEM slowly!!!", "time": 1545080363.0, "sentiment": "Bearish"}, {"id": 148104262, "text": "$AMZN Remember.....Trump loves to punish those who doubt him, and reward those who believe in him. This will go up. Don&#39;t sell for a loss!", "time": 1545080361.0, "sentiment": "Bullish"}, {"id": 148104260, "text": "$BABA $AMZN $JD \n\nhttps://marketbrothersmedia.com/can-alibaba-double-in-the-next-3-years/", "time": 1545080359.0, "sentiment": ""}, {"id": 148104251, "text": "Trading plan &amp; watchlist $PCG $MPC $OSTK $AAPL $BABA $BIDU $CAT $IBM $NFLX $NVDA $TSLA $LULU $AMZN $MOMO $SQ $ROKU $AMD $FL $BTC.X", "time": 1545080353.0, "sentiment": ""}, {"id": 148104214, "text": "$AMZN this market could bounce higher around 10am. Mid day swings will prob be back. Once we 1520 it\u2019s all downhill. 1495 will not hold.", "time": 1545080331.0, "sentiment": ""}, {"id": 148104206, "text": "$AMZN interesting price action premarket hmmmm", "time": 1545080327.0, "sentiment": ""}, {"id": 148104174, "text": "$AMZN step 1: sell amzn call for loss because amzn going much lower", "time": 1545080304.0, "sentiment": ""}, {"id": 148104143, "text": "ANYTHING to do w/ retail, \u2b07. Manufacturers &amp; tech retailers &amp; ANY retailer connecteds:\n\n$AMZN $AAPL $BBY (way OP) $TGT $MCY\n\n $FB $BBBY", "time": 1545080284.0, "sentiment": ""}, {"id": 148104134, "text": "$AMZN $spy $aapl exactly.  Postal service is essential and never shuts down", "time": 1545080278.0, "sentiment": ""}, {"id": 148104075, "text": "$AMZN Please rally so I can get puts later today.", "time": 1545080250.0, "sentiment": ""}, {"id": 148104043, "text": "$AMZN Many reasons for market to go further down today; can&#39;t think of anything positive aiding it. But can we just go up for no good reason", "time": 1545080233.0, "sentiment": ""}, {"id": 148103955, "text": "$AMZN see below 1500.today", "time": 1545080175.0, "sentiment": ""}, {"id": 148103941, "text": "$spy $qqq $aapl $amzn $ba DOW futures only 250 points off last nights highs, it will get interesting once it\u2019s 700 points off later today!!", "time": 1545080168.0, "sentiment": "Bearish"}, {"id": 148103889, "text": "$TTWO $NTDOY $NTES $TCEHY $AMZN $DIS $GOOG Xmas run starting on VRSSF. Buyout possible next year. $1B.", "time": 1545080131.0, "sentiment": "Bullish"}, {"id": 148103874, "text": "$AMZN $spy $aapl the post office and military never shutdown . Dumb ass", "time": 1545080121.0, "sentiment": ""}, {"id": 148103775, "text": "$nvda $AMZN $spy $aapl \ud83c\uddfa\ud83c\uddf8President declares economic victory for USA, says ok to raise interest rates: https://twitter.com/realdonaldtrump/status/1074657278974939138?s=21", "time": 1545080059.0, "sentiment": "Bearish"}, {"id": 148103632, "text": "$AMZN Only thing that could help market rebound slightly today would buybacks from Apple and other major companies. Will it happen?", "time": 1545079953.0, "sentiment": ""}, {"id": 148103573, "text": "$AMZN $spy don\u2019t see how amazon isn\u2019t down 200+ points this week on govt/mail shutdown.  Orders down over 60% already? $aapl", "time": 1545079920.0, "sentiment": "Bearish"}, {"id": 148103451, "text": "$AMZN The devastation of govt shutdown the week prior to Christmas for this company will be epic. Wise people will not order anything online", "time": 1545079849.0, "sentiment": ""}, {"id": 148103306, "text": "$AMZN Trump again blasts Fed for &#39;even considering&#39; rate hike http://www.streetinsider.com/Fed/Trump+again+blasts+Fed+for+even+considering+rate+hike/14928370.html via @Street_Insider", "time": 1545079752.0, "sentiment": ""}, {"id": 148103058, "text": "$AMZN Market highly unpredictable. It&#39;s pure gambling. Don&#39;t see any reason for rally until Fed decision. Could go either way after that.", "time": 1545079591.0, "sentiment": ""}, {"id": 148103014, "text": "$AMZN only thing exciting today is ER coming soon....", "time": 1545079564.0, "sentiment": "Bullish"}, {"id": 148102985, "text": "$AMZN Powell (Money more &amp; more expensive) with further, rate hikes and Trump (Products more and more expesive) with tarriffs", "time": 1545079544.0, "sentiment": ""}, {"id": 148102961, "text": "$AMZN so trump says that instead of \u201ctrade deal making progress\u201d? Shhhiieeetv lucky I bought 1 cheap call", "time": 1545079528.0, "sentiment": ""}, {"id": 148102921, "text": "I bet The President is insider trading one way or another. It\u2019s totally his character $AAPL $FB $GOOG $AMZN $BAC", "time": 1545079503.0, "sentiment": ""}, {"id": 148102854, "text": "$AMZN And futures went further down with Trump&#39;s stupid comment.", "time": 1545079463.0, "sentiment": ""}, {"id": 148102753, "text": "$AMZN (-1.1% pre) German union calls strike at Amazon warehouses - Reuters\n\nhttp://ooc.bz/l/31489", "time": 1545079369.0, "sentiment": ""}, {"id": 148102747, "text": "$AMZN --  The Wall Street Journal says Amazon is sharpening its focus on the bottom line, removing unprofitable items from its site.", "time": 1545079365.0, "sentiment": ""}, {"id": 148102677, "text": "$AMZN not gonna make the same mistake and get in too early.  Minor support at $1550, strong support around $1500 level.", "time": 1545079323.0, "sentiment": ""}, {"id": 148102654, "text": "$XLY remains bearish as well immediate term under 106 setting up with larger indexes as well #Elliottwave $NKE $AMZN", "time": 1545079305.0, "sentiment": ""}, {"id": 148102636, "text": "$AMZN PT is 850 and Mr. T great job sir...", "time": 1545079283.0, "sentiment": ""}, {"id": 148102577, "text": "$AMZN Its official that the Recession#2020 started...stay away from stocks...for atleast 18 months from now...the SP drop will be crazy...", "time": 1545079240.0, "sentiment": ""}, {"id": 148102487, "text": "$AMZN do you think down 2 to 3% by close possible today.", "time": 1545079181.0, "sentiment": ""}, {"id": 148102388, "text": "$AMZN GD it", "time": 1545079114.0, "sentiment": ""}, {"id": 148102383, "text": "$AMZN chart from 12/4  ... resistance.", "time": 1545079111.0, "sentiment": ""}, {"id": 148102189, "text": "$AMZN why did I sell all but one put Friday \ud83e\udd26\ud83c\udffd\u200d\u2642\ufe0f.  Premarker drop is looking nice already \ud83d\ude06. The bubble below is for ur viewing pleasure", "time": 1545078979.0, "sentiment": "Bearish"}, {"id": 148102068, "text": "$AMZN Nobody will be ordering anything on amazon this week, simply out of fear of not receiving it by Christmas due to post office shut down", "time": 1545078893.0, "sentiment": ""}, {"id": 148102060, "text": "$AMZN Thanks Trump for Tarriffs and Thank you Mr Powell for raising int rates (Making Money more expensive) when global GDPs are contracting", "time": 1545078885.0, "sentiment": ""}, {"id": 148102029, "text": "$AMZN support at 950, get out", "time": 1545078861.0, "sentiment": ""}, {"id": 148102011, "text": "$AMZN Just imagine, the inability of amazon to ship packages the 5 days leading up to Christmas.........gonna devastate this Q.", "time": 1545078849.0, "sentiment": ""}, {"id": 148102009, "text": "Market Review\nhttps://youtu.be/IojBZkcIHOQ\n$AVGO $AMZN $ATVI $BA $NVDA $BIDU $BABA $GILD $AMGN $FIVE", "time": 1545078842.0, "sentiment": ""}, {"id": 148101925, "text": "$SPY $amzn $aapl The first 500 lower each week hurts the most, the next 1,000 is much easier to handle.  #ProTip #JustTheBeginning Bearish", "time": 1545078802.0, "sentiment": ""}, {"id": 148101885, "text": "$SPY $amzn $aapl The first 500 lower each week burst the most, the next 1,000 is much easier to handle.  #ProTip #JustTheBeginning", "time": 1545078774.0, "sentiment": "Bearish"}, {"id": 148101854, "text": "$AMZN good morning amazonian\u2019s \ud83e\udd20\ud83c\udf7a\ud83c\udf7a\ud83c\udf7a\ud83c\udf84\ud83d\udd2b", "time": 1545078750.0, "sentiment": ""}, {"id": 148101833, "text": "$AMZN Next stop 1350", "time": 1545078743.0, "sentiment": ""}, {"id": 148101818, "text": "$AMZN Empire Manufacturing (Dec) 10.9 vs 20 Expected http://www.streetinsider.com/Economic+Data/Empire+Manufacturing+%28Dec%29+10.9+vs+20+Expected/14928277.html via @Street_Insider", "time": 1545078730.0, "sentiment": ""}, {"id": 148101745, "text": "$AMZN More WH pressure on Fed", "time": 1545078679.0, "sentiment": ""}, {"id": 148101733, "text": "$AMZN Incredible the Fed is even considering yet another interest rate hike - Trump http://www.streetinsider.com/Politics/Incredible+the+Fed+is+even+considering+yet+another+interest+rate+hike+-+Trump/14928257.html via @Street_Insider", "time": 1545078666.0, "sentiment": ""}, {"id": 148101613, "text": "$AMZN I hate this market.", "time": 1545078585.0, "sentiment": ""}, {"id": 148101433, "text": "$AMZN Bear market 12 more months", "time": 1545078455.0, "sentiment": ""}, {"id": 148101349, "text": "$SPY $amzn $aapl on what day this week does the government and posy office shit down?  Be fun watching amzn come to a screeching hault.", "time": 1545078391.0, "sentiment": ""}, {"id": 148101289, "text": "$AMZN WSJ reporting sharpening focus on the bottom line, removing unprofitable items from its site, feels like end of &quot;everything store&quot;", "time": 1545078343.0, "sentiment": ""}, {"id": 148101285, "text": "Maybe $AMZN going to buy $JACK and deliver burgers too :)", "time": 1545078336.0, "sentiment": ""}, {"id": 148101245, "text": "Stocks Making The Biggest Moves PM: $BA $HUM $UNH $BBY $JACK $PCG $BMY $GOOGL $AMZN $LULU $GS $SWK $SHW &amp; More https://www.cnbc.com/2018/12/17/stocks-making-the-biggest-moves-premarket-ba-googl-amzn-gspcg--more.html?__source=iosappshare%7Ccom.apple.UIKit.activity.CopyToPasteboard", "time": 1545078301.0, "sentiment": ""}, {"id": 148100896, "text": "$AMZN all the doom and gloom here tells me a green day today.", "time": 1545078047.0, "sentiment": ""}, {"id": 148100060, "text": "$AMZN Anyone still holding from low $1900?", "time": 1545077411.0, "sentiment": ""}, {"id": 148100016, "text": "$AMZN US student Debt rises to over 1.49 trillion! Highest since global crisis! Government is obligated to that debt and defaults expected", "time": 1545077380.0, "sentiment": "Bearish"}, {"id": 148099994, "text": "\u202aOptions Report - December 17, 2018 https://youtu.be/0dQlk0SN4Bc via @YouTube $spy $aapl $msft $gs $goog $c $mc $mdrx $wcg $amzn $nflx $z $xom", "time": 1545077368.0, "sentiment": ""}, {"id": 148099870, "text": "$QQQ $AMZN government shutdown looming, rate hike this week, hard to make a bullish case here", "time": 1545077268.0, "sentiment": "Bearish"}, {"id": 148099782, "text": "$AMZN More end of the year selling across the board to take stock tax losses  for 2018! Many will need the write off!", "time": 1545077197.0, "sentiment": "Bearish"}, {"id": 148099765, "text": "StocksToWatch: $BA $GOOGL $AMZN $GS $PCG $BBY $JACK $BMY $ABB $EQT $LULU $SWK $SHW $EVFM $PTI $ABIL $ERJ $UNG $ALQA $ADIL $HCA $ERJ $BCLI", "time": 1545077187.0, "sentiment": ""}, {"id": 148099613, "text": "$AMZN Amazon Targets Unprofitable Items, With a Sharper Focus on the Bottom Line - WSJ https://www.wsj.com/articles/amazon-targets-unprofitable-items-with-a-sharper-focus-on-the-bottom-line-11544965201", "time": 1545077044.0, "sentiment": ""}, {"id": 148099604, "text": "$SPY $AMZN $FB $AAPL $GOOGL I don\u2019t deny these all top-notch company but ... stock price valuation is another story !", "time": 1545077033.0, "sentiment": ""}, {"id": 148099553, "text": "$AMZN PT 900\n$NVDA  PT 105\n$AMD PT 14\n$AAPL PT 115", "time": 1545076999.0, "sentiment": ""}, {"id": 148099536, "text": "$AMZN $850", "time": 1545076988.0, "sentiment": "Bearish"}, {"id": 148099532, "text": "Stocks making the biggest moves premarket: $BA, $GOOGL, $AMZN, $GS, $PCG &amp; more    https://www.cnbc.com/2018/12/17/stocks-making-the-biggest-moves-premarket-ba-googl-amzn-gspcg--more.html", "time": 1545076981.0, "sentiment": ""}, {"id": 148099405, "text": "$SPY $aspl $amzn Dumb money everywhere, has never made a bear market, soon to be recession, easier to profit from!!!!", "time": 1545076884.0, "sentiment": ""}, {"id": 148099282, "text": "$AMZN cut in half https://www.cnbc.com/2018/12/14/amazon-to-get-cut-in-half-the-charts-make-it-look-possible.html", "time": 1545076791.0, "sentiment": "Bearish"}, {"id": 148099204, "text": "$AMZN 30+ minutes to New York fcatory stats. Word on the street S/B OK", "time": 1545076695.0, "sentiment": ""}, {"id": 148098973, "text": "At Medium-Term Lows, Which Direction Is Next? $NDX $SPX Also $AAPL $AMZN $DJI https://goo.gl/44npy2", "time": 1545076456.0, "sentiment": ""}, {"id": 148098917, "text": "$AMZN careful here. SPY can sharply reverse. Too much bearishness and puts. Do you think market over runs shorts and pay them forever?", "time": 1545076361.0, "sentiment": ""}, {"id": 148098837, "text": "millennials and gen z are fked up generations. They are addicted to $NFLX $FB $AMZN $SNAP $AAPL and we gon take advantage of that BUY BUY", "time": 1545076266.0, "sentiment": "Bullish"}, {"id": 148098554, "text": "$AMZN  a consensus in Nov, strong and steady growth is the expectation for December&#39;s Empire State index 45 Min https://us.econoday.com/byshoweventfull.asp?fid=485789&amp;cust=us", "time": 1545075921.0, "sentiment": ""}, {"id": 148098456, "text": "$SPY remember, 220 before 150.  Patience, a full blown crash is a process. $aapl $amzn $nvda", "time": 1545075766.0, "sentiment": ""}, {"id": 148098369, "text": "$AMZN Oil bounces back from weekly decline https://on.mktw.net/2QXjLLa", "time": 1545075658.0, "sentiment": ""}, {"id": 148098319, "text": "$SPY $aapl $amzn Where did all the Giddy school girls go from last night?  Seriously, you didn\u2019t think the market was really going to go up?", "time": 1545075591.0, "sentiment": "Bearish"}, {"id": 148098305, "text": "Amazon vs. Apple: A Tale of Two Corporate Expansions\n\n$AMZN $AAPL\n\nhttps://www.thestreet.com/technology/apple-amazon-us-expansions-headquarters-14811884", "time": 1545075574.0, "sentiment": ""}, {"id": 148098247, "text": "$AMZN damnet supposed to be up 50", "time": 1545075510.0, "sentiment": ""}, {"id": 148098232, "text": "$SPY $AMZN \ud83d\udc40\ud83d\udc40", "time": 1545075481.0, "sentiment": ""}, {"id": 148098062, "text": "$AMZN NY Empire factory stats in 60 Minutes.  I think Futures movinbg back to green. Not so bad today!", "time": 1545075289.0, "sentiment": ""}, {"id": 148097982, "text": "$AMZN while the pivot from 1778 high holds it can see a move lower to 1516-1400 area next before a bounce take place  #Elliottwave #Amazon", "time": 1545075204.0, "sentiment": ""}, {"id": 148097949, "text": "$AMZN another red day", "time": 1545075173.0, "sentiment": ""}, {"id": 148097941, "text": "$AMZN 1 hour pre open view from 12/12 update. Stock failing after 3 wave bounce #Elliottwave #Trading #Amazon", "time": 1545075154.0, "sentiment": ""}, {"id": 148097883, "text": "$SPY sideways until Fed I think. Then SuperMan Powel will save the Bulls..... FedMan vs TariffMan $AMZN $SQ $XLNX $CRM $BA $SHOP", "time": 1545075062.0, "sentiment": "Bullish"}, {"id": 148097873, "text": "$AMZN has a better Profit Margin than the industry average Profit Margin of 1.83%. https://www.chartmill.com/analyze.php?utm_source=stocktwits&amp;utm_medium=FA&amp;utm_content=PROFITABILITY&amp;utm_campaign=social_tracking#/AMZN?r=fa&amp;key=7e23e545-7a86-47d1-a0b4-6048c3164d97", "time": 1545075055.0, "sentiment": ""}, {"id": 148097414, "text": "$AMZN Love The Bearishness. Let the late Bears pile on at Absolutely the wrong time. Greed can be costly in either direction. GLTA", "time": 1545074417.0, "sentiment": "Bullish"}, {"id": 148097314, "text": "$AMZN $AAPL amazon beats Apple in revenue &amp; net income growth %. It\u2019s obvious which stock is better. iPhones = shopping online easier", "time": 1545074280.0, "sentiment": "Bullish"}, {"id": 148097258, "text": "$AMZN Went to sleep with futures up! What happened? Oh that\u2019s right! Bear Market! Get ready for a volatile week!", "time": 1545074174.0, "sentiment": "Bearish"}, {"id": 148096988, "text": "$AMZN Anyone unable to sign on to Prime , been trying for an hour ..", "time": 1545073794.0, "sentiment": ""}, {"id": 148096313, "text": "$AMZN Bear Posters = No Fear !! One poster ystrday declared = &quot;AMZN Sub $1500 tomorrow.&quot; \nPoster MUST know something ... or a LIE!", "time": 1545072828.0, "sentiment": ""}, {"id": 148096110, "text": "@T_DOT... re: &quot;$AMZN powel (Jerome Powell) hike incoming this week.&quot; You must be one of those &quot;insiders&quot; at Fed Reserve itching for SEC viol", "time": 1545072369.0, "sentiment": ""}, {"id": 148096019, "text": "@ThomasShelby ... government shutdowns in the past had little/no effect on Mr. Market ... statement is ... no guess! $AMZN", "time": 1545072156.0, "sentiment": ""}, {"id": 148094794, "text": "$AMZN There&#39;s nothing to see here pre-market", "time": 1545069370.0, "sentiment": ""}, {"id": 148094669, "text": "$FXI $BABA $BIDU $WB $IQ $TCEHY $TME https://www.yahoo.com/news/trump-more-arrows-trade-war-003900827.html Gov debt 300% of GDP $SPY $QQQ $IYT $IWM $DIA $FB $AMZN $AAPL $MSFT $GOOGL", "time": 1545068738.0, "sentiment": ""}, {"id": 148094642, "text": "$AMZN 1560\u2019s before a bounce!", "time": 1545068593.0, "sentiment": ""}, {"id": 148094548, "text": "$MU have doubleish number of shares as $AMZN and make same profits per year actually more, so price should be about $750 a share I&#39;d take$75", "time": 1545068162.0, "sentiment": ""}, {"id": 148094449, "text": "$AMZN Road to 1500 underway", "time": 1545067586.0, "sentiment": "Bearish"}, {"id": 148094327, "text": "$AMZN dannngggggggg.", "time": 1545066881.0, "sentiment": ""}, {"id": 148094253, "text": "$AMZN still hold my short from last week", "time": 1545066555.0, "sentiment": "Bearish"}, {"id": 148094189, "text": "$SPY Every bear should load up on $AMZN puts forget what you are currently shorting.", "time": 1545066200.0, "sentiment": "Bearish"}]