[{"id": 148417908, "text": "$AMZN algos still buying until speech then real sell off may hit us.", "time": 1545272125.0, "sentiment": ""}, {"id": 148417883, "text": "$AMZN green close", "time": 1545272119.0, "sentiment": "Bullish"}, {"id": 148417868, "text": "$AMZN Bullish.  Mexico will pay for our losses", "time": 1545272113.0, "sentiment": "Bullish"}, {"id": 148417852, "text": "$DJIA $SPX $QQQ $SPY $AAPL $AMZN $FB $GOOGL $TSLA $RUT $RUSL $NFLX \ud83d\ude31", "time": 1545272108.0, "sentiment": ""}, {"id": 148417818, "text": "$AMZN buying calls! thanks for the gift!", "time": 1545272099.0, "sentiment": "Bullish"}, {"id": 148417800, "text": "$AMZN Stocks turn negative after Fed hikes rates, Dow was up 350 points CNBC https://cnb.cx/2PMupQo", "time": 1545272095.0, "sentiment": ""}, {"id": 148417775, "text": "$AMZN 1350 soon", "time": 1545272090.0, "sentiment": "Bearish"}, {"id": 148417759, "text": "$AMZN investors are pussies. If you just held, their wouldn&#39;t be a problem.", "time": 1545272086.0, "sentiment": ""}, {"id": 148417624, "text": "$AMZN Danger.", "time": 1545272049.0, "sentiment": ""}, {"id": 148417616, "text": "$FB $AMZN $GOOG $MSFT $AAPL to everyone panic selling you&#39;re idiots, was widely expected they would raise rates today. 2019 decrease is good", "time": 1545272048.0, "sentiment": "Bullish"}, {"id": 148417610, "text": "$AMZN +5.7k locked.", "time": 1545272045.0, "sentiment": ""}, {"id": 148417589, "text": "$DJIA $SPX $QQQ $SPY $AAPL $AMZN $FB $GOOGL $TSLA $RUT $RUSL $NFLX  &gt;&gt; Fed DID NOT save u BullTards. You Bulls can run but you CANT HIDE", "time": 1545272042.0, "sentiment": "Bearish"}, {"id": 148417569, "text": "$AMZN stop losses getting triggered", "time": 1545272038.0, "sentiment": ""}, {"id": 148417542, "text": "$AMZN Must admit this is bad , however with all these bears might be a good time to buy", "time": 1545272033.0, "sentiment": ""}, {"id": 148417494, "text": "@TLRYizCADAmazon When $AMZN price was $39 in 2007, it\u2019s Price/Sales ratio was 1.47\n\n$TLRY currently at 219 Price/Sales\n\nRidiculous compare", "time": 1545272025.0, "sentiment": "Bearish"}, {"id": 148417493, "text": "$FB $AAPL $AMZN $GOOGL $NFLX Hey Powell market needs your lollipop. lol", "time": 1545272025.0, "sentiment": "Bearish"}, {"id": 148417483, "text": "$AMZN wtf happened. I leave for 10 min and swings 4% down?", "time": 1545272022.0, "sentiment": ""}, {"id": 148417457, "text": "$SPY keep selling! I want more $amzn shares", "time": 1545272018.0, "sentiment": ""}, {"id": 148417427, "text": "$TWTR $spy $amzn $aapl $nvda EVEN CNBC IS SCARED NOW.  THIS CRASH WILL BE EPIC!!!!!!", "time": 1545272013.0, "sentiment": ""}, {"id": 148417424, "text": "$AMZN Fed raises interest rates, sees &#39;some further&#39; hikes ahead http://www.streetinsider.com/Fed/Fed+raises+interest+rates%2C+sees+some+further+hikes+ahead/14936427.html via @Street_Insider", "time": 1545272012.0, "sentiment": ""}, {"id": 148417402, "text": "$AMZN welcome to todays mkt", "time": 1545272006.0, "sentiment": ""}, {"id": 148417252, "text": "$AMZN he couldn&#39;t seem like a parrot to Trump......but, he will gradually move in the direction of stopping.", "time": 1545271964.0, "sentiment": "Bullish"}, {"id": 148417235, "text": "$AMZN smart money shakeout on short", "time": 1545271961.0, "sentiment": "Bullish"}, {"id": 148417207, "text": "$AMZN $AAPL $GOOGL \nThe bears naively think that the news is bad ... the real valuation is just on the way ...", "time": 1545271955.0, "sentiment": ""}, {"id": 148417170, "text": "$AMZN 1540 needs to crack and hold and then 1500 after that 1400 easy", "time": 1545271948.0, "sentiment": "Bearish"}, {"id": 148417157, "text": "$AMZN Enjoy afternoon Shorts/Call Holders!", "time": 1545271945.0, "sentiment": ""}, {"id": 148417150, "text": "$AMZN selloff started again", "time": 1545271942.0, "sentiment": "Bearish"}, {"id": 148417099, "text": "$AMZN if sell off happens post 230 speech, resistance is at 1539, 17, 02 and then into 14s which I havent charted and will do now lol", "time": 1545271931.0, "sentiment": ""}, {"id": 148417035, "text": "$AMZN $MSFT $GOOG $NFLX $FB", "time": 1545271916.0, "sentiment": ""}, {"id": 148417016, "text": "$SPY $AMZN $AAPL $NFLX $NVDA $TSLA stocks officially fukd next year... Welcome to bear mkt my fellow traders and investors.", "time": 1545271911.0, "sentiment": "Bearish"}, {"id": 148416964, "text": "$AMZN Fed raises federal funds rate to 2-1/4- 2-1/2 percent; Sees Two Hikes in 2019 http://www.streetinsider.com/Fed/Fed+raises+federal+funds+rate+to+2-14-+2-12+percent%3B+Sees+Two+Hikes+in+2019/14939272.html via @Street_Insider", "time": 1545271901.0, "sentiment": ""}, {"id": 148416938, "text": "$AMZN I think we tapped bottom", "time": 1545271894.0, "sentiment": "Bullish"}, {"id": 148416919, "text": "$AMZN GL everyone", "time": 1545271889.0, "sentiment": ""}, {"id": 148416897, "text": "$AMZN quick 59% for the day and I\u2019m done", "time": 1545271883.0, "sentiment": ""}, {"id": 148416880, "text": "$AMZN people over reacted and Powell will set them straight.buy now!", "time": 1545271880.0, "sentiment": "Bullish"}, {"id": 148416869, "text": "$AMZN 6 fed chair member said 3+ rate hikes next year how are you guys still bullish ??", "time": 1545271877.0, "sentiment": "Bearish"}, {"id": 148416856, "text": "$AMZN $1500!!!", "time": 1545271873.0, "sentiment": ""}, {"id": 148416764, "text": "$AMZN let\u2019s goo", "time": 1545271850.0, "sentiment": "Bearish"}, {"id": 148416664, "text": "$AMZN yes Fed says maybe softer next year but at price before 2pm; we were pricing in LESS than 1 hike! So any hike = fucked. So now? Fucked", "time": 1545271825.0, "sentiment": ""}, {"id": 148416604, "text": "$AMZN it\u2019s crazy and when Powell talked this will go back up lmao", "time": 1545271809.0, "sentiment": ""}, {"id": 148416535, "text": "$AAPL $AMZN $FB $GOOGL $NFLX Are people that optimistic or is it really algos who were dumb enough to react to this news that way?", "time": 1545271791.0, "sentiment": "Bearish"}, {"id": 148416522, "text": "$AMZN tomorrow 100 point down", "time": 1545271788.0, "sentiment": "Bearish"}, {"id": 148416488, "text": "$AMZN and here we are...", "time": 1545271779.0, "sentiment": ""}, {"id": 148416466, "text": "$AMZN I don\u2019t know if I should buy more or just stick with what I got Incase it goes  below 1500", "time": 1545271774.0, "sentiment": ""}, {"id": 148416429, "text": "$AMZN hope I get filled at $1500", "time": 1545271764.0, "sentiment": ""}, {"id": 148416388, "text": "$AMZN yup. Hope you listened to yourself and played puts. You would\u2019ve been golden", "time": 1545271755.0, "sentiment": ""}, {"id": 148416344, "text": "$AMZN $FB $MSFT $BKNG $BIG $MO $GOOGL  now what?", "time": 1545271747.0, "sentiment": ""}, {"id": 148416331, "text": "$AMZN 4 puts at 1557.5 and 1532.5 12/21; still holding two safety calls at 1575 12/28. Lets play ball and fall hard and fast into EOW.", "time": 1545271744.0, "sentiment": ""}, {"id": 148416284, "text": "$AMZN boutta put a hit on Powell \ud83d\ude43", "time": 1545271732.0, "sentiment": ""}, {"id": 148416266, "text": "$SPY $QQQ $AMZN $AAPL  I told you everyone was positioned for a bounce after a bounce already - so stupid to think that support always holds", "time": 1545271728.0, "sentiment": ""}, {"id": 148416246, "text": "$AMZN HANG IN THERE TILL 2:30. NOTHING WILL BE SET TILL THEN!", "time": 1545271722.0, "sentiment": "Bullish"}, {"id": 148416232, "text": "$AMZN mild rate increase occurrences for future. Less often", "time": 1545271719.0, "sentiment": ""}, {"id": 148416197, "text": "$AMZN stocks were already priced in for December hikes. But forecast is better", "time": 1545271710.0, "sentiment": ""}, {"id": 148416150, "text": "$AAPL $AMZN $FB $NFLX $GOOGL Hurts my brain to see this reaction after rate increase It was almost written in stone. No analyst said it wont", "time": 1545271700.0, "sentiment": ""}, {"id": 148416143, "text": "$AMZN DON&#39;T BE SHAKEN OUT BUY JITTERS. EVERYONE EXPECTED RATE HIKE AND DECREASE TO TWO RATE HIKES. THIS IS POSITIVE POLICY.", "time": 1545271697.0, "sentiment": "Bullish"}, {"id": 148416114, "text": "$AMZN 2 to 10 year Bond TSY yields Fine - No Inversion Flipping!  https://www.cnbc.com/us-treasurys/", "time": 1545271691.0, "sentiment": ""}, {"id": 148416081, "text": "$AMZN waiting for 1400", "time": 1545271683.0, "sentiment": "Bearish"}, {"id": 148416032, "text": "$AMZN $AAPL $GOOGL $MSFT $IBM well I guess this is America now.", "time": 1545271670.0, "sentiment": ""}, {"id": 148416026, "text": "$AMZN buy now", "time": 1545271668.0, "sentiment": "Bullish"}, {"id": 148416011, "text": "$AMZN that\u2019s definitely a gap down...", "time": 1545271665.0, "sentiment": ""}, {"id": 148415991, "text": "$AMZN this price action is interesting to watch, now we are down 6$  &gt;.&lt;", "time": 1545271661.0, "sentiment": "Bullish"}, {"id": 148415985, "text": "$AMZN more mild increases for Fed rate", "time": 1545271660.0, "sentiment": ""}, {"id": 148415976, "text": "$AMZN DONT PANIC PEOPLE! ITS NOT OVER TILL FED CHAIR POWELL SPEAKS!", "time": 1545271656.0, "sentiment": "Bullish"}, {"id": 148415963, "text": "$AMZN we got fucked!!! By fed", "time": 1545271654.0, "sentiment": ""}, {"id": 148415932, "text": "$AMZN bye bye 1500", "time": 1545271645.0, "sentiment": "Bearish"}, {"id": 148415909, "text": "$FB $AMZN $GOOG $MSFT $AAPL $NFLX they lowered the amount of interest rate hikes for 2019 isn&#39;t that a good thing?", "time": 1545271639.0, "sentiment": ""}, {"id": 148415906, "text": "$AMZN so fun to watch", "time": 1545271637.0, "sentiment": "Bullish"}, {"id": 148415880, "text": "$AMZN stocks pare gains as Fed lifts int rates, signals &#39;some further gradual&#39; increases needed https://on.mktw.net/2POCeVq  Afternoon Thesis", "time": 1545271629.0, "sentiment": ""}, {"id": 148415872, "text": "$AMZN cmon die baby.", "time": 1545271627.0, "sentiment": ""}, {"id": 148415841, "text": "$AMZN fakkk", "time": 1545271621.0, "sentiment": ""}, {"id": 148415833, "text": "$spy $shop $amzn $nflx $aapl $twtr $amd $mu  Again alive alert,i shorted and put before FED meeting, now huge GAIN with all those and SPY :)", "time": 1545271620.0, "sentiment": ""}, {"id": 148415807, "text": "$SPY $SPX $DJIA $AAPL $AMZN reverse is coming", "time": 1545271614.0, "sentiment": "Bullish"}, {"id": 148415794, "text": "$AMZN bruh", "time": 1545271611.0, "sentiment": ""}, {"id": 148415778, "text": "$AMZN lol", "time": 1545271608.0, "sentiment": "Bearish"}, {"id": 148415774, "text": "$AMZN $AAPL $GOOGL \nBears have very little head ... I think it&#39;s good news ...", "time": 1545271606.0, "sentiment": ""}, {"id": 148415765, "text": "$AMZN LOL sold my puts for 80% gain", "time": 1545271604.0, "sentiment": ""}, {"id": 148415722, "text": "$AMZN barely any rate hikes in 2019. once this is digested, rates won&#39;t be the issue. just tariffs. which orangutan will cede", "time": 1545271592.0, "sentiment": "Bullish"}, {"id": 148415695, "text": "$AMZN Powell talks at 2:30 !!!", "time": 1545271584.0, "sentiment": ""}, {"id": 148415686, "text": "$AMZN going to 1400", "time": 1545271581.0, "sentiment": "Bearish"}, {"id": 148415555, "text": "$AMZN LOLOLOL\ud83d\ude02", "time": 1545271551.0, "sentiment": ""}, {"id": 148415548, "text": "$AMZN well.... time some \ud83c\udf7a\ud83e\udd20\ud83d\udd2b\ud83c\udf84\ud83d\ude44", "time": 1545271549.0, "sentiment": ""}, {"id": 148415542, "text": "$AMZN lol, well fuck! Who\u2019s up for some Ramen!", "time": 1545271547.0, "sentiment": ""}, {"id": 148415492, "text": "$AMZN 2 yr TSY yields &gt; , 5 Yr TSY https://www.cnbc.com/us-treasurys/", "time": 1545271535.0, "sentiment": ""}, {"id": 148415475, "text": "$AMZN \nLOOOOOOOL", "time": 1545271531.0, "sentiment": "Bearish"}, {"id": 148415397, "text": "$AMZN come on $1,500", "time": 1545271509.0, "sentiment": ""}, {"id": 148415357, "text": "$aapl $amzn $spy $twtr $nvda RESUME MARKET CRASH.  Thank you Mr Powell!!!!!", "time": 1545271503.0, "sentiment": "Bearish"}, {"id": 148415314, "text": "$AMZN $AAPL $GOOGL Expected ... I think the markets will react upwards ...", "time": 1545271493.0, "sentiment": ""}, {"id": 148415246, "text": "$AMZN Lows", "time": 1545271479.0, "sentiment": ""}, {"id": 148415225, "text": "$AMZN fed is clueless. They are wrecking this mkt and ending the bull run", "time": 1545271476.0, "sentiment": ""}, {"id": 148415166, "text": "$AMZN market trying to digest this and at 2:30 will make decision.", "time": 1545271461.0, "sentiment": ""}, {"id": 148415164, "text": "$AMZN  https://www.marketwatch.com/investing/index/djia\nDefying Trump, Fed hikes interest rates by a quarter-point", "time": 1545271461.0, "sentiment": ""}, {"id": 148415162, "text": "$AMZN $SPY $QQQ Is the FED brain DEAD?", "time": 1545271461.0, "sentiment": ""}, {"id": 148415112, "text": "$AMZN und er 1500 today", "time": 1545271449.0, "sentiment": "Bearish"}, {"id": 148415066, "text": "$AMZN I am confused. what is the issue here? Wasn&#39;t 2 rate hikes expected for next year?", "time": 1545271438.0, "sentiment": "Bullish"}, {"id": 148415059, "text": "$AMZN lol never seen such a fast dramatic move like that lol  that was crazy to watch &gt;.&lt;", "time": 1545271436.0, "sentiment": "Bullish"}, {"id": 148415030, "text": "$AMZN IDIOTS!!!!", "time": 1545271427.0, "sentiment": "Bearish"}, {"id": 148414987, "text": "$AMZN FED HIKES RATE, LOWERS 2019 PROJECTION TO 2 INCREASES https://cnb.cx/2SX1CKJ", "time": 1545271413.0, "sentiment": ""}, {"id": 148414982, "text": "$AMZN thank you for the free money bulls. Made 1k in 10 seconds lmaoooo", "time": 1545271412.0, "sentiment": "Bearish"}, {"id": 148414980, "text": "$AMZN LOOOOL", "time": 1545271411.0, "sentiment": "Bearish"}, {"id": 148414966, "text": "$AMZN rate hiked ?", "time": 1545271408.0, "sentiment": ""}, {"id": 148414960, "text": "$AMZN Some inversion , but to 2-10 year TSY yields OK", "time": 1545271407.0, "sentiment": ""}, {"id": 148414877, "text": "$AMZN Any post rate-hike thoughts?", "time": 1545271389.0, "sentiment": ""}, {"id": 148414860, "text": "$AMZN Looks like a beer \ud83c\udf7a market", "time": 1545271387.0, "sentiment": ""}, {"id": 148414823, "text": "$AMZN NOW WE WAIT TILL 2:30 FOR POWELL TO SPEAK!!!!!!!!", "time": 1545271380.0, "sentiment": "Bullish"}, {"id": 148414822, "text": "$SPY just let me buy $AMZN under 1500 please", "time": 1545271380.0, "sentiment": "Bullish"}, {"id": 148414790, "text": "$AMZN Looks like a cliff https://www.marketwatch.com/investing/stock/amzn", "time": 1545271373.0, "sentiment": ""}, {"id": 148414787, "text": "$AMZN Trump is about to come unglued.", "time": 1545271372.0, "sentiment": ""}, {"id": 148414730, "text": "$FB $GOOG $MSFT $AAPL $AMZN \n\nhttps://marketbrothersmedia.com/have-we-hit-peak-big-tech/", "time": 1545271356.0, "sentiment": ""}, {"id": 148414705, "text": "$AMZN \ud83d\ude33", "time": 1545271351.0, "sentiment": ""}, {"id": 148414672, "text": "$AMZN lmao fucking mayhem", "time": 1545271343.0, "sentiment": ""}, {"id": 148414654, "text": "$AMZN 2 HIKES IS WHAT WAS EXPECTED!!!!!!!!!!!!!!!!!!!!!!!!!!!!!!!!!!", "time": 1545271338.0, "sentiment": "Bullish"}, {"id": 148414621, "text": "$AMZN rates are up, way up!", "time": 1545271328.0, "sentiment": ""}, {"id": 148414578, "text": "$DJIA $SPY $SPXL $GE $GOOG $AMZN Fed hikes rate by 1/4 point. look at the plunge!", "time": 1545271314.0, "sentiment": "Bearish"}, {"id": 148414517, "text": "$AMZN HERE STARTS THE PARTY BOYS!!!! GET READY!!!!!!!!!!!1", "time": 1545271296.0, "sentiment": "Bullish"}, {"id": 148414483, "text": "$AMZN  https://www.marketwatch.com/investing/index/djia\nFed &#39;judges&#39; that &#39;some&#39; further gradual rate hikes will be needed", "time": 1545271287.0, "sentiment": ""}, {"id": 148414458, "text": "$AMZN", "time": 1545271280.0, "sentiment": ""}, {"id": 148414393, "text": "$AMZN holy cripes!!", "time": 1545271266.0, "sentiment": ""}, {"id": 148414373, "text": "$AMZN wow", "time": 1545271263.0, "sentiment": ""}, {"id": 148414340, "text": "$AMZN lolol wtf was that  &gt;.&lt;", "time": 1545271253.0, "sentiment": "Bullish"}, {"id": 148414332, "text": "$AAPL $AMZN $MSFT   stay safe..IV is high until 2:30-:2:45 so don\u2019t squander money here", "time": 1545271251.0, "sentiment": ""}, {"id": 148414325, "text": "$AMZN OOOOOOOOOOOOOOOOOOOOOOOOOOOOOOOOOOOOOOOOOOOOOOOOOOOOOOOOOOOOOOOOOOOOOOOOOOOOOOOOOOOOOOOOOOOOOOOOOOOOOOOOOOOOOOOOOOOOOOOOOOOOOOOOO", "time": 1545271249.0, "sentiment": ""}, {"id": 148414209, "text": "$AMZN look at those spreads yeeehawww", "time": 1545271211.0, "sentiment": ""}, {"id": 148414200, "text": "$AMZN gosh", "time": 1545271207.0, "sentiment": ""}, {"id": 148413838, "text": "@GoodNewsBull just.... for..... once...... BE RIGHT..... I&#39;ll check in tomorrow. $AMZN $SHOP $TSLA $SPY $OILU", "time": 1545271074.0, "sentiment": "Bullish"}, {"id": 148413770, "text": "$AMZN fed at 2 or 230? according to this site it&#39;s live at 230... https://www.federalreserve.gov/live-broadcast.htm", "time": 1545271049.0, "sentiment": ""}, {"id": 148413756, "text": "$AMZN $AAPL $GOOGL \nI believe that today rates will rise ... and only twice more in 2019 ...", "time": 1545271045.0, "sentiment": ""}, {"id": 148413660, "text": "$AMZN 1580 test :D!!", "time": 1545271012.0, "sentiment": "Bullish"}, {"id": 148413566, "text": "$AMZN 4 Minutes Fed", "time": 1545270978.0, "sentiment": ""}, {"id": 148413559, "text": "$AMZN careful for sharp sell off a 2pm fake out, market cant digest minutes that quick, people trying to sell ahead of info regardless.", "time": 1545270975.0, "sentiment": ""}, {"id": 148413536, "text": "$AMZN Fed rates increase: Market drops on rates.\nFed Decrease/Neutral: Market drops saying Fed is impacted by Trump or Economy slowing.", "time": 1545270964.0, "sentiment": ""}, {"id": 148413456, "text": "$AMZN ", "time": 1545270936.0, "sentiment": ""}, {"id": 148413365, "text": "$AMZN 5 MINUTES EVERYONE GET READY!!!!!!!!!! MOOOOOOOOOOOOOON OR BUUUUUUUUUUUUUUUUUUUUST", "time": 1545270903.0, "sentiment": "Bullish"}, {"id": 148413361, "text": "$AMZN \ud83c\udf7a", "time": 1545270903.0, "sentiment": ""}, {"id": 148413356, "text": "$AMZN people who call themselves Ponzi, if u don\u2019t think that the FED that caused trend can\u2019t cause another or new trend then u need 2learn", "time": 1545270902.0, "sentiment": "Bullish"}, {"id": 148413337, "text": "$AMZN call vol much spiking.", "time": 1545270896.0, "sentiment": ""}, {"id": 148413229, "text": "$AMZN Buckle up BOYS &amp; GIRLS... \ud83e\udd20\ud83c\udf7a\ud83c\udf7a\ud83c\udf7a\ud83c\udf7a\ud83c\udf84\ud83c\udf84\ud83d\udd2b\ud83c\udf85\ud83c\udffb\ud83c\udf7f\ud83c\udfb2\ud83d\ude44\ud83c\udf7b\ud83d\ude4f\ud83d\udd2e", "time": 1545270857.0, "sentiment": "Bullish"}, {"id": 148413165, "text": "$SPY $QQQ $AMZN $AAPL  every1 touting oversold oversold, lol we were overbought for 10yrs didnt stop market from going up did it", "time": 1545270833.0, "sentiment": ""}, {"id": 148413097, "text": "$AMZN $MSFT $SQ $NFLX Come on Powell!", "time": 1545270806.0, "sentiment": ""}, {"id": 148413091, "text": "$AMZN Feds No interest Rate Hike Possibles 3 Next Year", "time": 1545270804.0, "sentiment": ""}, {"id": 148413077, "text": "$SPY $QQQ $AMZN $AAPL  everyone automatically assumes we will bounce here and move massively higher esp after fed", "time": 1545270799.0, "sentiment": ""}, {"id": 148412859, "text": "$AMZN 50$ up or down? Place your bet\ud83d\ude02", "time": 1545270717.0, "sentiment": ""}, {"id": 148412856, "text": "$AMZN people speaking of tops at 1500 when smart money covered from 2050 to 1420 are the retail noobs with open outs still hoping for more", "time": 1545270716.0, "sentiment": "Bullish"}, {"id": 148412799, "text": "$AMZN if we go down, looking at $1450 and $1390 as next stops before Q1 end... a gambling man might take some shots at that.", "time": 1545270692.0, "sentiment": "Bearish"}, {"id": 148412741, "text": "$SPY $QQQ $AMZN $AAPL  wow everyone expecting the monster pop and run after fed meeting and vix getting crushed - nuts", "time": 1545270670.0, "sentiment": ""}, {"id": 148412676, "text": "$AMZN Robin hood retail idiots smashing the buy button while the smart money is waiting for a beautiful top to destroy them.", "time": 1545270648.0, "sentiment": ""}, {"id": 148412627, "text": "$QQQ $SPY $AAPL $AMZN $FB $BIIB $MYL $BAC $C $GS IN 10  MIN&#39;   FED DECISION https://www.stockme.info/newsitem/5c1a92dda8bbaf012d114d03", "time": 1545270628.0, "sentiment": ""}, {"id": 148412417, "text": "$AMZN Always sell the news, but still holding", "time": 1545270555.0, "sentiment": "Bullish"}, {"id": 148412287, "text": "$AMZN so there is another fed meeting tomorrow or one today is final say", "time": 1545270505.0, "sentiment": ""}, {"id": 148412029, "text": "$AMZN Market is never obvious. Far too high heading into this. I think it&#39;s a trap driven by hopeful retail, look at low volumes.", "time": 1545270403.0, "sentiment": "Bearish"}, {"id": 148412006, "text": "$AMZN Daily PAR SAR is 1767 now - that could be hit if the markets rally into Friday!", "time": 1545270398.0, "sentiment": ""}]