[{"id": 148939564, "text": "$AMZN estimates distribution - here\u2019s what 9 Estimize analysts are expecting $AMZN to report for Q4 CSOI on 01/31 AMC.\nhttp://www.estimize.com/intro/amzn?chart=scatterplotOrHistogram&amp;metric_name=csoi&amp;utm_content=AMZN&amp;utm_medium=metric_distribution&amp;utm_source=stocktwits", "time": 1545762429.0, "sentiment": ""}, {"id": 148939559, "text": "$AMZN estimates distribution - here\u2019s what 20 Estimize analysts are expecting $AMZN to report for Q4 AWS Revenue on 01/31 AMC.\nhttp://www.estimize.com/intro/amzn?chart=scatterplotOrHistogram&amp;metric_name=aws_revenue&amp;utm_content=AMZN&amp;utm_medium=metric_distribution&amp;utm_source=stocktwits", "time": 1545762428.0, "sentiment": ""}, {"id": 148939368, "text": "$SPY $SPX $AAPL $FB $NFLX $AMZN $CRM $GOOGL When bulls say to buy the dip", "time": 1545761389.0, "sentiment": "Bearish"}, {"id": 148939326, "text": "$SPY $SPX $AAPL $FB $NFLX $AMZN $CRM $GOOGL Bulls trying to survive the crash right now", "time": 1545761179.0, "sentiment": "Bearish"}, {"id": 148939262, "text": "$SPY $SPX $AAPL $FB $NFLX $AMZN $CRM $GOOGL 2018 Bulls", "time": 1545760943.0, "sentiment": "Bearish"}, {"id": 148939211, "text": "$SPY $SPX $AAPL $FB $NFLX $AMZN $CRM $GOOGL This crap was way overbought. Taking this shit back to mother earth. Where my bears at?!", "time": 1545760618.0, "sentiment": "Bearish"}, {"id": 148939085, "text": "$CGC $MTBC $NBEV $AMZN $CRON $AMD $RIGL $SHIP $FB $GWPH $MJ BITCF $BTC.X $GBTC $NVDA $AAPL $AA $EARS $MARA $RIOT $TLRY $ACB", "time": 1545759201.0, "sentiment": "Bullish"}, {"id": 148939083, "text": "$AMZN POTUS is a prodigal son who is sinking the ship", "time": 1545759146.0, "sentiment": ""}, {"id": 148939077, "text": "$SPY $SPX $AAPL $AMZN $NFLX $FB $GOOGL \n\n\u201cHoney what\u2019s for dinner tonight?\u201d\n\nMe: \u201cBulls\u201d", "time": 1545759122.0, "sentiment": "Bearish"}, {"id": 148938990, "text": "$FB $AAPL $AMZN $NFLX $MSFT $GOOGL Merry Christmas guys I know it\u2019s brutal right now but think 10 years down the line. Happy places only lol", "time": 1545758249.0, "sentiment": ""}, {"id": 148938955, "text": "$AMZN European stocks set for worst year since 2008 https://www.euronews.com/2018/12/24/european-stocks-set-for-worst-year-since-2008", "time": 1545757969.0, "sentiment": ""}, {"id": 148938695, "text": "$AMZN (Hang Seng) Hong Kong stocks track Wall Street losses, end lower on Christmas Eve South China News 12-24 https://sc.mp/bha8t", "time": 1545755340.0, "sentiment": ""}, {"id": 148938671, "text": "$AMZN (US Stock market) now in a bear market CNBC https://cnb.cx/2TakWoa", "time": 1545755093.0, "sentiment": ""}, {"id": 148938664, "text": "$AMZN Japan\u2019s Nikkei tumbles into a bear market after Wall Street\u2019s slide Asian markets sink after U.S. stocks slide https://on.mktw.net/2V7zeYm", "time": 1545755039.0, "sentiment": ""}, {"id": 148938488, "text": "$SPY bitcoin also crashing... how you doing bagholders???? MUHAHAHHAHAHHAHAHA $TSLA $AMZN $NFLX $SHOP $NVDA $QQQ $DJIA", "time": 1545753421.0, "sentiment": "Bearish"}, {"id": 148938417, "text": "$AMZN it\u2019ll bounce before next ER. however take it easy folks. In and out!", "time": 1545752851.0, "sentiment": ""}, {"id": 148938076, "text": "$NUGT $UAA $TOPS $DRYS $WFC $AAPL $NUGT $SPY $DJIA $AMZN $GNC $NVDA $BAC $FAZ $IBB $C $IBM \ud83c\udf84\ud83c\udf81\u2603\ufe0f MERRY CHRISTMAS!! Like &amp; subscribe!!\ud83d\ude4f\ud83c\udffc\ud83d\udcaf", "time": 1545750193.0, "sentiment": ""}, {"id": 148938011, "text": "$UAA $TOPS $DRYS $WFC $AAPL $NUGT $SPY $DJIA $AMZN $GNC  $NVDA $BAC $FAZ $IBB $C $IBM $APRN \ud83c\udf84\ud83c\udf81 MERRY CHRISTMAS!! Like &amp; subscribe!! \ud83d\ude4f\ud83c\udffc\ud83d\udcaf", "time": 1545749781.0, "sentiment": ""}, {"id": 148937850, "text": "$SPY $AAPL $QQQ $DIA $AMZN dows anyone know the investors intelligence reading signal of Bullish vs. bearish at this time?", "time": 1545748867.0, "sentiment": "Bullish"}, {"id": 148937617, "text": "$AMZN not sure if it\u2019ll get there, but I\u2019ll buy a truck load sub $900\ud83d\udc4a", "time": 1545747663.0, "sentiment": ""}, {"id": 148937534, "text": "$AMZN bears are excited to see this $1200 at end of week", "time": 1545747300.0, "sentiment": ""}, {"id": 148937449, "text": "$EYES,$IXIC,$AAPL,$AMZN,$MSFT,$MICT,$OHGI.\n HAPPY CRISTMAS\ud83d\udc4b\ud83d\udc4b\ud83d\udc4b\ud83d\udc4b\ud83d\udc4b\ud83d\udc90\ud83d\udc90\ud83d\udc90\ud83d\udc90\ud83d\udc90\ud83c\udf32\ud83c\udf32\ud83c\udf32\ud83c\udf32\ud83c\udf32\ud83c\udf86\ud83c\udf87\ud83c\udf86\ud83c\udf20\ud83c\udf86\ud83c\udf86", "time": 1545746859.0, "sentiment": ""}, {"id": 148937347, "text": "$AMZN sell sell sell. Support is 800", "time": 1545746354.0, "sentiment": "Bearish"}, {"id": 148936863, "text": "$AMZN Horrible christmas sale forecast", "time": 1545744152.0, "sentiment": "Bearish"}, {"id": 148936797, "text": "$AMZN When 20% or higher market declines happen, they\u2019re generally not of the quick \u201cV-shaped\u201d variety; the average length is 338 days.", "time": 1545743901.0, "sentiment": ""}, {"id": 148936775, "text": "$AMZN $BABA $JD $AAPL $GOOGL $FB - HELLo!!!", "time": 1545743849.0, "sentiment": "Bearish"}, {"id": 148936714, "text": "$AMZN It\u2019s not about Trump &amp; shut-down, but recession coming up at early next year. Have cash in your pocket, folks.", "time": 1545743677.0, "sentiment": ""}, {"id": 148936643, "text": "$AMZN By the numbers: Stock market collapses on Christmas Eve, heads for worst December ever https://cnb.cx/2V9JWxh", "time": 1545743544.0, "sentiment": ""}, {"id": 148936588, "text": "$AMZN Japan\u2019s Nikkei plunges after Wall Street\u2019s latest slide MW https://on.mktw.net/2V7zeYm", "time": 1545743366.0, "sentiment": ""}, {"id": 148936250, "text": "$AMZN Levels work on AMZN too....\n\n$SPY $GOOG $CL_F", "time": 1545742726.0, "sentiment": ""}, {"id": 148936220, "text": "$AMZN Fed already overreached! Economy is screwed going forward! Damage done!", "time": 1545742627.0, "sentiment": "Bearish"}, {"id": 148936179, "text": "$AMZN I wouldn\u2019t buy until it settles.", "time": 1545742503.0, "sentiment": "Bearish"}, {"id": 148935967, "text": "$AMZN look at the incredible historical returns following a very bad quarter.Hold &amp; add,don\u2019t sell-rich ppl are LT! https://www.google.com/amp/s/www.marketwatch.com/amp/story/guid/354F5A08-0790-11E9-A0D5-6B12325189BA", "time": 1545741912.0, "sentiment": "Bullish"}, {"id": 148935897, "text": "$AMZN this would be the greatest gift ever, seeing this potus locked up! Merry Christmas to all &amp; god bless! We will get through this.", "time": 1545741735.0, "sentiment": "Bullish"}, {"id": 148935893, "text": "$BABA $NVDA $TSLA $AMD $AMZN  When will all of these Chinese backed Trump trolls just stop for the love of God and everything sacred?", "time": 1545741723.0, "sentiment": ""}, {"id": 148935830, "text": "$AMZN shorts puts shorts puts", "time": 1545741580.0, "sentiment": "Bearish"}, {"id": 148935779, "text": "$SPY $QQQ $AMZN $NFLX  something seriously wrong in market (duh!?) but this is Powell&#39;s fault from his last FOMC hike he pretended to cool", "time": 1545741483.0, "sentiment": "Bearish"}, {"id": 148935693, "text": "$NKY_F $NKD_F $NK_F  buyers failed 2x on daily candles, could see addl 20% more down with panic fear and heavy bags $ES_F $SPY $AMZN $QQQ", "time": 1545741324.0, "sentiment": "Bearish"}, {"id": 148935667, "text": "$DOGE.X $BTC.X $XRP.X $BCH.X $ETH.X $MSFT $AAPL $GOOG $AMZN $TSLA WOW! 1 DOGE = 1 DOGE. Such Joy. Much Wonder. Many Peace. Very Christmas.", "time": 1545741257.0, "sentiment": ""}, {"id": 148935650, "text": "$AAPL will rally from this level \ud83d\ude0b $AMD $FB $TSLA $AMZN", "time": 1545741213.0, "sentiment": "Bullish"}, {"id": 148935610, "text": "$SPY $QQQ $IWM $AAPL $NFLX $AMZN  Bubble blowers, where are they now?...", "time": 1545741088.0, "sentiment": "Bearish"}, {"id": 148935499, "text": "$AMZN this price is very reasonable for Amazon. With 15% YTD anything more than this is greed.", "time": 1545740830.0, "sentiment": ""}, {"id": 148935376, "text": "$AMZN I\u2019m getting off of here. Amazon will get to at least $1360 on Wednesday. Bears on here are obviously drunk based on their predictions.", "time": 1545740493.0, "sentiment": "Bullish"}, {"id": 148935331, "text": "$DJIA $NDX $AMZN $FB $AAPL $GOOGL $NFLX $NVDA \n\nThank your boys meeting for the meltdown. Heading below 18K... not joking.", "time": 1545740331.0, "sentiment": "Bearish"}, {"id": 148935223, "text": "$SPY $AAPL $AMZN  Bah, humbug...", "time": 1545740037.0, "sentiment": "Bearish"}, {"id": 148935018, "text": "Price Moves vs Expected Moves $VXX $FB $HYG $AMD $AMZN $AAPL $BAC $USO $GE $MSFT $XOP $TSLA http://tinyurl.com/y7zbwhgq", "time": 1545739372.0, "sentiment": ""}, {"id": 148934905, "text": "60% of FAANG touched 52 week lows today.$FB $AAPL $GOOG $GOOGL to be precise.$AMZN and $NFLX soon.", "time": 1545739082.0, "sentiment": "Bearish"}, {"id": 148934898, "text": "$AMZN This price is a Christmas gift!", "time": 1545739064.0, "sentiment": "Bullish"}, {"id": 148934745, "text": "$AMZN 2100 to 1000 or a dime--hahahahah", "time": 1545738741.0, "sentiment": ""}, {"id": 148934706, "text": "$AMZN S&amp;P 500 is right at 2350 support   Nice bounce coming on Wednesday. Get ready to ralley!", "time": 1545738660.0, "sentiment": "Bullish"}, {"id": 148934651, "text": "$AMZN to people crying about the high PE look at the ever increasing EPS. The PE will fall fast in the next few quarters.", "time": 1545738590.0, "sentiment": "Bullish"}, {"id": 148934264, "text": "Trump Takes Kids&#39; Christmas Calls, Questions Belief in Santa - The Hollywood Reporter $amzn media is pushing the mar https://apple.news/A21E1MQxnQgehG_WIbfU4DA", "time": 1545737727.0, "sentiment": ""}, {"id": 148934229, "text": "$AMZN Relentless!!! This is a buying opportunity of a lifetime https://apple.news/AZD14YSMHTEaBpc0SEd0fSw", "time": 1545737650.0, "sentiment": "Bullish"}, {"id": 148934208, "text": "$MSFT $AAPL $AMZN $GOOGL $NFLX $FB Should thank Christmas that markets are not open tomorrow. The way Nikkei going 10% decline was possible.", "time": 1545737612.0, "sentiment": "Bearish"}, {"id": 148934006, "text": "$AMZN Someone give me a good price for me to drop 100k on this stock. Whatchu think?!", "time": 1545737148.0, "sentiment": ""}, {"id": 148933959, "text": "$AMZN PE ratio of 75.  Price needs to fall further", "time": 1545737041.0, "sentiment": ""}, {"id": 148933939, "text": "$AMZN Amazon\u2019s Rational Cap size based on ebitda is between $960B &amp; $1.2T, puts price bwtn $1,968.90 and $2,459.44 https://www.google.com/amp/s/seekingalpha.com/amp/article/4229924-amazons-rational-capitalization-based-ebitda", "time": 1545737001.0, "sentiment": "Bullish"}, {"id": 148933796, "text": "$AMZN the growth is far from over! https://www.google.com/amp/s/seekingalpha.com/amp/article/4229879-amazon-growth-far", "time": 1545736615.0, "sentiment": "Bullish"}, {"id": 148933674, "text": "$AMZN I won\u2019t waste any more time on this site. Idiot bears on here with stupid numbers! Great company, oversold! https://www.thestreet.com/technology/last-minute-gift-panic-many-shoppers-have-turned-to-amazon-14819973", "time": 1545736360.0, "sentiment": "Bullish"}, {"id": 148933458, "text": "$AMZN Holiday shopping is up 18% over 2017 &amp; Amazon is the major beneficiary.Going back-at least $1,800 in Jan 19\u2019 https://www.thestreet.com/technology/last-minute-gift-panic-many-shoppers-have-turned-to-amazon-14819973", "time": 1545735921.0, "sentiment": "Bullish"}, {"id": 148933404, "text": "$AMZN can this reach at least 1700 by end of 2019", "time": 1545735808.0, "sentiment": ""}, {"id": 148932978, "text": "$AMZN Global Meltdown strengthening! Nikkei Down 1,000 points tonight! 5% clip! Bear Market Everywhere!", "time": 1545734767.0, "sentiment": "Bearish"}, {"id": 148932578, "text": "Both $C and $AMZN show dojis after long downtrends, immnent reversal", "time": 1545733784.0, "sentiment": "Bullish"}, {"id": 148932559, "text": "$AMZN a bear market without a recession... seems like stock revaluations. Wish my mortgage could magically revaluate lower too \ud83d\ude0f", "time": 1545733744.0, "sentiment": ""}, {"id": 148932321, "text": "$AMZN $NVDA $FB $AMD Another 70% drop from current valuations and I will consider buying.", "time": 1545733188.0, "sentiment": ""}, {"id": 148932165, "text": "Short sale volume (not short interest) for $AMZN at 2018-12-24 is 35%. http://shortvolumes.com/?t=AMZN via @shortvolumes", "time": 1545732815.0, "sentiment": ""}, {"id": 148932156, "text": "It turns out an 8th grade education can get you very far $spy $qqq $tsla $ibb $uso $xlf $aapl $amzn", "time": 1545732788.0, "sentiment": ""}, {"id": 148932133, "text": "$AMZN Gimme my $900 followed by $500. #MagaScam \ud83e\udd24", "time": 1545732717.0, "sentiment": "Bearish"}, {"id": 148932068, "text": "$AMZN I want trump to be fired instead of fed officers .. is it possible to fire a president", "time": 1545732534.0, "sentiment": "Bearish"}, {"id": 148932008, "text": "$AMZN Dems can&#39;t stand Trump and they know that by attacking the mrkt every time he speaks you will hate him too. Dirty politics all around.", "time": 1545732404.0, "sentiment": ""}, {"id": 148932001, "text": "@danboyd667 @jason54915 no position in  $AMZN looks expensive above 1100", "time": 1545732399.0, "sentiment": ""}, {"id": 148931993, "text": "$NVDA $AAPL $AMD $AMZN Time to go cash for bacew months?  \nhttps://www.cnbc.com/2018/12/25/asia-markets-japans-nikkei-hits-20-month-low.html", "time": 1545732372.0, "sentiment": "Bearish"}, {"id": 148931920, "text": "$AMZN Holy shit Asia!", "time": 1545732161.0, "sentiment": "Bearish"}, {"id": 148931471, "text": "$SPY $NDX $DJIA $SDOW $SQQQ $FB  $AMZN $AAPL $NFLX $GOOGL $NVDA $BBY $F $UVXY", "time": 1545731178.0, "sentiment": ""}, {"id": 148931375, "text": "$DIA $AMZN $SPY $FB $NFLX $TSLA $QQQ  @alse that is only representative of the 8 year recession cycle. Last real one was 1940", "time": 1545730976.0, "sentiment": ""}, {"id": 148931351, "text": "$NFLX  $AAPL  $MSFT $AMZN $FB and others have been bludgeoned. Why are so many are in deep pain now for dissing reality. Tis sad and tragic!", "time": 1545730928.0, "sentiment": "Bearish"}, {"id": 148931336, "text": "$AMZN should I buy now?", "time": 1545730903.0, "sentiment": ""}, {"id": 148931326, "text": "$AMZN (FYTI) Trump has weighed dismissing Mnuchin: Bloomberg . The Hill https://thehill.com/policy/finance/422807-trump-has-weighed-dismissing-mnuchin-bloomberg#.XCGYvlkbg6E.twitter", "time": 1545730887.0, "sentiment": ""}, {"id": 148931258, "text": "$AMZN Tell us what you\u2019re seeing, hearing or whatever you got", "time": 1545730747.0, "sentiment": ""}, {"id": 148931193, "text": "$AMZN The stupid Trump base are angry because of changes in demography which is natural Let\u2019s get over it and Kick Madman/childish Trump out", "time": 1545730584.0, "sentiment": ""}, {"id": 148931129, "text": "$SPY $QQQ $AAPL $AMZN investors reaction when the Tariff man tweets.", "time": 1545730438.0, "sentiment": ""}, {"id": 148930857, "text": "$SPY $AMZN $AAPL $MSFT $SQ Happy Christmas \ud83c\udf84 Eve everyone!Try an \u201casmr\u201d video on YouTube to relax and take your mind off troubles.", "time": 1545729813.0, "sentiment": ""}, {"id": 148930787, "text": "$AMZN &quot;People wanted disruption, but too often Trump has given us destruction, distraction, debasement and sheer ignorance.&quot;Tom Freidman nyt", "time": 1545729656.0, "sentiment": ""}, {"id": 148930519, "text": "$AMZN MAGA", "time": 1545728996.0, "sentiment": ""}, {"id": 148930476, "text": "$AMZN 700$ by March \ud83d\ude18", "time": 1545728894.0, "sentiment": ""}, {"id": 148930341, "text": "$AMZN Tokyo stocks dive 900 points following WS. Markets  wary over US policy confusion &amp; outlook for global economy https://asia.nikkei.com/Business/Markets/Tokyo-stocks-dive-900-points-following-Wall-Street-rout2", "time": 1545728638.0, "sentiment": ""}, {"id": 148930217, "text": "$AMZN https://www.marketwatch.com/investing/index/nik?countrycode=jp  Nikkei stock futures down -5% in Tuesday Asia FYI:", "time": 1545728361.0, "sentiment": ""}, {"id": 148930196, "text": "$SHOP $ADBE $AMZN $AMD \n\nExactly when a stock is about trade w crazed vol, then profit.\n\nWebinar\nhttps://zoom.us/webinar/register/7715456852295/WN_AjJY9hl6Rva2QAftNg6gng\n\nLast 5-years \ud83d\udc47", "time": 1545728321.0, "sentiment": ""}, {"id": 148930180, "text": "Undecided on $AMZN - 54.6% closing higher than $1343.96 a week later. For more forecasts: https://cb.stockenja.com/st/AMZN", "time": 1545728307.0, "sentiment": ""}, {"id": 148930147, "text": "$OILU $AMZN", "time": 1545728248.0, "sentiment": ""}, {"id": 148929958, "text": "$SPY $FB $NVDA $AMZN Text from family members, bottom is here \ud83d\ude02", "time": 1545727819.0, "sentiment": "Bullish"}, {"id": 148929919, "text": "$TSLA $AMZN $SPY bears won this round! Will have to admit that but hedges are kicked in and doing their job.. everyone have a great holiday!", "time": 1545727733.0, "sentiment": ""}, {"id": 148929764, "text": "$NBEV Umm, this doesn&#39;t look like a co going to $3. It looks like $MNST $AAPL $NFLX $AMZN right before they soared https://fintel.io/n/us/nbev", "time": 1545727369.0, "sentiment": ""}, {"id": 148929725, "text": "$AMZN  lol in a week. More like months", "time": 1545727282.0, "sentiment": ""}, {"id": 148929696, "text": "$AMZN the lowest analyst price target is $1900. Relax people!!!!!!! If you sell here you\u2019ll be pissed in a week!!!!", "time": 1545727226.0, "sentiment": "Bullish"}, {"id": 148929529, "text": "$AMZN Japanese Stock Rout Accelerates in Worst December for Almost 60 Years. https://www.bloomberg.com/news/articles/2018-12-25/nikkei-225-falls-below-20-000-as-japanese-stock-rout-accelerates", "time": 1545726788.0, "sentiment": "Bearish"}, {"id": 148929473, "text": "$TSLA $AMD $NVDA $AMZN $BABA i think millions of Americans are cursing Trump to death on the Christmas Eve. Happy Holidays", "time": 1545726643.0, "sentiment": ""}, {"id": 148929435, "text": "$AMZN  \u201cIt\u2019s Christmas Eve and Trump is plunging the country into chaos,\u201d Schumer and Pelosi said in a joint statement (Ibid, Reuters)", "time": 1545726602.0, "sentiment": ""}, {"id": 148929408, "text": "$AMZN Trump, Democrats spar over shutdown with no deal in sight Reuters  https://reut.rs/2T9spDD", "time": 1545726542.0, "sentiment": ""}, {"id": 148929385, "text": "$AMZN https://www.marketwatch.com/investing/stock/amzn  Yea Nikkei stock Futures stats in Tues Asia (Doesnt look Good)", "time": 1545726479.0, "sentiment": ""}, {"id": 148929382, "text": "$AMZN all indicators show that company is worth at least $960B. That\u2019s 46.5% higher from here or $1,968.90. https://www.google.com/amp/s/seekingalpha.com/amp/article/4229924-amazons-rational-capitalization-based-ebitda", "time": 1545726477.0, "sentiment": "Bullish"}, {"id": 148929353, "text": "$AMZN Trump\u2019s Fed feud (Destabilizes) markets, alarms Republicans The Hill 12-24-18 https://thehill.com/policy/finance/422791-trumps-fed-feud-roils-markets-alarms-republicans#.XCGHCcEN7RY.twitter", "time": 1545726404.0, "sentiment": ""}, {"id": 148929308, "text": "$AMZN \nFrom bear to a trillion value \nTo sinking\nIt will stabilize \nWait for earnings", "time": 1545726272.0, "sentiment": ""}, {"id": 148929242, "text": "$AMZN In Asia right now Japanese NIKKEI Down 4% -800. Global Meltdown! More pain ahead!", "time": 1545726115.0, "sentiment": "Bearish"}, {"id": 148929144, "text": "$AMZN this one is going to fall below 1000 in 2019.", "time": 1545725923.0, "sentiment": "Bearish"}, {"id": 148929038, "text": "$AMD $NFLX $AMZN $FB $AAPL *Raises Hand* Frank Underwood 4lyfe! https://youtu.be/JZveA-NAIDI   $SQQQ $SDOW", "time": 1545725706.0, "sentiment": ""}, {"id": 148929004, "text": "The Cycle of fear:\n$NFLX $BABA $QQQ $GOOG $AAPL $NDX $MU $SPX $FB $SPY $DIA $IWM $AMZN $GOOGL $VIX $TVIX $JD $SQ $DIS $MSFT ", "time": 1545725634.0, "sentiment": ""}, {"id": 148928678, "text": "$AMZN We are now in bear market Since  WWII, bear markets have lasted 13 Mos &amp; stock markets tend to lose 30.4% CNBC https://cnb.cx/2TakWoa", "time": 1545725084.0, "sentiment": ""}, {"id": 148928434, "text": "$AMZN enough patience tested..c&#39;mon quit politics now and recover the paper loss..", "time": 1545724609.0, "sentiment": "Bullish"}, {"id": 148928366, "text": "$AAPL $AMZN $GOOG $FB $TSLA $NFLX $BABA\n\nThe coldest December since the Ice Ages", "time": 1545724478.0, "sentiment": ""}, {"id": 148928121, "text": "$AMZN $AAPL $NVDA $SPY $BRK.B $LRCX $JPM $FB Polar Bear plunge will end @ S&amp;P 500: 2250-2300.", "time": 1545724037.0, "sentiment": "Bullish"}, {"id": 148927983, "text": "$AMZN real value is about $800. Let that sink in as it continues it\u2019s freefall. Currently sells at 22X earnings. \ud83d\ude02", "time": 1545723709.0, "sentiment": "Bearish"}, {"id": 148927962, "text": "$AMZN god speed tech.. all in $SLV and $GLD.", "time": 1545723657.0, "sentiment": "Bullish"}, {"id": 148927910, "text": "Latest Trading Day&#39;s Big Trades for $AMZN (Largest Trade: 0.21% of Volume) https://icebergbot.com?s=AMZN", "time": 1545723581.0, "sentiment": ""}, {"id": 148927818, "text": "$AMZN I would see a recession ( indexes down 40-50%) than correction as interest rates are higher", "time": 1545723397.0, "sentiment": ""}, {"id": 148927692, "text": "$AMZN $AMD $CRM $TLT $NFLX Huawei and trade war could lead to economic apocalypse", "time": 1545723131.0, "sentiment": "Bearish"}, {"id": 148927641, "text": "$SPY I&#39;m still waiting for any sign from down below that there&#39;s a bottom. \n$NKE $BA $NVDA $AMD $AAPL $AMZN $DE $CAT $UHC $SHOP\n---\n$TVIX", "time": 1545723050.0, "sentiment": ""}, {"id": 148927637, "text": "$AMZN @doctordinero The broader market still has bout 20-25%% left to correct. Assuming Amazon follows that trend.$1050-$1100  coming soon", "time": 1545723038.0, "sentiment": "Bullish"}, {"id": 148927497, "text": "$SPY $AAPL $AMZN $CGC  Everything is now ok. The plunge protection team have the answers.  https://media.giphy.com/media/VQxdDzvRoEwrm/giphy.gif", "time": 1545722754.0, "sentiment": ""}, {"id": 148927465, "text": "$AMZN Why Mnuchin\u2019s Attempt to Calm the Markets Failed  MW Video https://on.mktw.net/2PZI1b6", "time": 1545722704.0, "sentiment": ""}, {"id": 148927350, "text": "Here\u2019s what 19 Estimize analysts believe $AMZN will report for Q4 AWS Revenue on 01/31 AMC.\nhttp://www.estimize.com/intro/amzn?chart=historical&amp;metric_name=aws_revenue&amp;utm_content=AMZN&amp;utm_medium=metric_update&amp;utm_source=stocktwits", "time": 1545722468.0, "sentiment": ""}, {"id": 148927348, "text": "Here\u2019s what 9 Estimize analysts believe $AMZN will report for Q4 CSOI on 01/31 AMC.\nhttp://www.estimize.com/intro/amzn?chart=historical&amp;metric_name=csoi&amp;utm_content=AMZN&amp;utm_medium=metric_update&amp;utm_source=stocktwits", "time": 1545722468.0, "sentiment": ""}, {"id": 148927285, "text": "$AMZN Call the bottom. Let\u2019s hear what you got.", "time": 1545722373.0, "sentiment": ""}, {"id": 148927256, "text": "$AAPL $AMZN still on its way!", "time": 1545722301.0, "sentiment": ""}, {"id": 148927236, "text": "$AMZN ", "time": 1545722285.0, "sentiment": ""}, {"id": 148927219, "text": "$BB $AAPL $SPY $GLD $NKE $GOOGL  $MSFT $NFLX $AMZN $IBB $XBI \nhttps://www.benzinga.com/node/12895782 $TSLA $TWTR $VZ $UWT $SBUX $X $kl What y\u2019all think?", "time": 1545722239.0, "sentiment": ""}, {"id": 148927095, "text": "@MegaInvestments $AMZN and $TQQQ !", "time": 1545721976.0, "sentiment": "Bullish"}, {"id": 148926943, "text": "u were warned! months ago that semi, tech and FANGS would crash and that we would see a stock market crash in 2018 $MU $NVDA $FB $AMZN $NFLX", "time": 1545721702.0, "sentiment": "Bearish"}, {"id": 148926837, "text": "$AAPL $DRYS $AMZN  Flight to quality.", "time": 1545721517.0, "sentiment": ""}, {"id": 148926817, "text": "$AMZN $SPY $QQQ $DJIA\nClowns\nhttps://www.cnn.com/2018/12/24/investing/stock-market-today-dow/index.html?utm_source=CNN+Business%3A+Markets+Now&amp;utm_campaign=8e57521e2a-EMAIL_CAMPAIGN_2018_12_24_10_00&amp;utm_medium=email&amp;utm_term=0_c58d95e6d3-8e57521e2a-91121393", "time": 1545721481.0, "sentiment": ""}, {"id": 148926812, "text": "Digest This $QQQ $SPY $SPX $UVXY $TVIX $AAPL $NFLX $FB $BABA $BA $BAC $GOOG $AMZN $AMD", "time": 1545721471.0, "sentiment": ""}, {"id": 148926699, "text": "$AMD $NFLX $AMZN $FB $aApl Alright so who here is still voting for tariff man?", "time": 1545721270.0, "sentiment": "Bullish"}, {"id": 148926556, "text": "$AMZN $960 will be the bottom...I think", "time": 1545720989.0, "sentiment": "Bearish"}, {"id": 148926467, "text": "$AMZN so this is a company that\u2019s growing and increasing profits and is 53% away from its ATH. It\u2019s a screaming buy! https://www.fool.com/amp/investing/2018/12/24/these-3-analysts-are-bullish-on-amazon-should-you.aspx", "time": 1545720832.0, "sentiment": "Bullish"}, {"id": 148926381, "text": "$AMZN bezos is going to come out swinging with q1 ER", "time": 1545720637.0, "sentiment": ""}, {"id": 148926215, "text": "$AMZN Bezos lost nearly half his net worth from the highs", "time": 1545720305.0, "sentiment": ""}, {"id": 148926182, "text": "$FB $amzn  $ FANG a &#39;Kill Bill&#39;  in the making . thank you  Mnuchin ...2008-2009 copy cat.?", "time": 1545720235.0, "sentiment": ""}, {"id": 148925981, "text": "\u202aHow to Screen Options by Seasonality https://youtu.be/RwbXtwY9uqo via @YouTube $gg $fb $sdow $sqqq $aal $fb $aal $amzn $khc $bgs $aapl $kni $t", "time": 1545719844.0, "sentiment": ""}, {"id": 148925922, "text": "$AMZN look out below!", "time": 1545719682.0, "sentiment": ""}, {"id": 148925877, "text": "$DBX They are getting your Cheap Shares if you are selling. $AMZN $ADBE Staying long with the best \ud83d\udcb5 \ud83d\udcb5 \ud83d\udcb5", "time": 1545719595.0, "sentiment": "Bullish"}, {"id": 148925797, "text": "$AMZN Needs to fill that gap that gap from Oct 2017 sub 1,100 and this correction ends.", "time": 1545719453.0, "sentiment": ""}, {"id": 148925765, "text": "$SPY $AMZN $AAPL $GOOGL $QQQ \nAll I want for Christmas is for Individual 1 to stop tweeting. #LockHimUp\n@cabfan @prettygirlrock @seanjohnson", "time": 1545719404.0, "sentiment": ""}, {"id": 148925722, "text": "$AMZN another one showing some strength today on a short day, daily candlestick closing on a doji , potentially a Morning Star,", "time": 1545719329.0, "sentiment": ""}, {"id": 148925703, "text": "$DRYS is doing better than $aapl and $amzn in this bloodbath market", "time": 1545719287.0, "sentiment": ""}, {"id": 148925627, "text": "$SPY $QQQ $DIA $TSLA $FB $AMZN $NFLX \n\nBuying opportunity?", "time": 1545719112.0, "sentiment": ""}, {"id": 148925600, "text": "$AMZN buy this week after another 50 bucks or so down. Way too many people are now bearish and the man with the say so will make bag holders", "time": 1545719074.0, "sentiment": "Bullish"}, {"id": 148925527, "text": "$AMZN 930", "time": 1545718938.0, "sentiment": "Bearish"}, {"id": 148925169, "text": "$AAPL $MSFT $AMD $NVDA $AMZN $FB $MU $GOOGL $GOOG $INTC $FB $NFLX", "time": 1545718237.0, "sentiment": ""}, {"id": 148925110, "text": "Price Returns vs Expected Daily Move $BABA $M $SBUX $HD $WYNN $WMT $AMZN $WSM $FDX $AAL $DIS $NFLX http://tinyurl.com/y7zbwhgq", "time": 1545718080.0, "sentiment": ""}, {"id": 148925049, "text": "$AMZN the market is fucked which means trump failed dumb ass needs to go ASAP", "time": 1545717980.0, "sentiment": "Bullish"}]