[{"id": 149242258, "text": "$AAPL $amzn $msft $googl raise your hand if you wished you added instead of partying on 24th.", "time": 1546052593.0, "sentiment": ""}, {"id": 149242128, "text": "$AAPL $QQQ $AMZN jeeze-is", "time": 1546052542.0, "sentiment": "Bullish"}, {"id": 149242089, "text": "$AMZN Don&#39;t underestimate the anticipation of US China meeting. Last time stocks flew leading into G20 summit", "time": 1546052529.0, "sentiment": "Bullish"}, {"id": 149242086, "text": "$TSLA $crm $amzn there are reasons why expensive stocks remain expensive. you can argue all day and it wont budge price 1 penny.", "time": 1546052527.0, "sentiment": ""}, {"id": 149241989, "text": "$AMZN \u2b06\ufe0f $100 from my added share price yesterday", "time": 1546052492.0, "sentiment": ""}, {"id": 149241889, "text": "$AMZN It&#39;s going to keep running into Jan. Sidelines decided it was time to buy after the haircut. Plus China deal is likely in Jan.", "time": 1546052454.0, "sentiment": ""}, {"id": 149241835, "text": "$AMZN POWEEEERRR HOURRRR !!!", "time": 1546052434.0, "sentiment": "Bullish"}, {"id": 149241820, "text": "$AMZN sell gains or it will continue on Monday", "time": 1546052428.0, "sentiment": ""}, {"id": 149241732, "text": "$WMT $TSLA $NFLX $AMZN so many stocks so little time.", "time": 1546052396.0, "sentiment": "Bullish"}, {"id": 149241702, "text": "$AMZN sold my 1500 lottos. Good run bulls", "time": 1546052384.0, "sentiment": "Bullish"}, {"id": 149241632, "text": "$SQ $MSFT $NFLX $AMZN And it starts!!", "time": 1546052360.0, "sentiment": ""}, {"id": 149241585, "text": "$AMZN $NFLX $TSLA, not even a nickel pull back. Pure grade A parabolism baby!!", "time": 1546052345.0, "sentiment": "Bullish"}, {"id": 149241500, "text": "$AMZN Power hour ought to be a H00t!", "time": 1546052316.0, "sentiment": ""}, {"id": 149241417, "text": "$AMZN nice one", "time": 1546052286.0, "sentiment": ""}, {"id": 149241242, "text": "$VUZI This would sound good 2 me\nGalaxy Glass by $SSNLF powered by $QCOM XR1 chip &amp; VUZIX waveguide Optics\nOr $AMZN Blade powered by VUZIX", "time": 1546052215.0, "sentiment": "Bullish"}, {"id": 149241240, "text": "$NFLX $NVDA $AMZN $TSLA  yowzaaaaa", "time": 1546052214.0, "sentiment": ""}, {"id": 149241229, "text": "$AMZN this b**** is making all kinds of gains.. all kinds", "time": 1546052210.0, "sentiment": "Bullish"}, {"id": 149241212, "text": "$AMZN it would be great if we finish above 1520 resistance", "time": 1546052203.0, "sentiment": ""}, {"id": 149241082, "text": "$AMZN , should i hold call options over the weekend??? what do ye say?? will they decay too fast too furious come Mon is what me wonders", "time": 1546052153.0, "sentiment": "Bullish"}, {"id": 149240984, "text": "$AMZN I am honestly speechless haha. How many millions/billions are totally baffled my market movement \ud83d\ude35", "time": 1546052113.0, "sentiment": ""}, {"id": 149240706, "text": "$AMZN so cheap", "time": 1546052008.0, "sentiment": ""}, {"id": 149240622, "text": "$AMZN Wwhere are the shorts and the bears? They wouldn&#39;t stop sqwaking about &lt;$1000, and now they&#39;re too busy trying to cover, weak.", "time": 1546051975.0, "sentiment": ""}, {"id": 149240620, "text": "$AMZN Here we go $1510. lol. Get onboard now for ride to $1600 next week.", "time": 1546051973.0, "sentiment": "Bullish"}, {"id": 149240612, "text": "Those call options are working like a charm in $AMZN since yesterday&#39;s straight shot move higher like a rocket to mars.", "time": 1546051970.0, "sentiment": "Bullish"}, {"id": 149240397, "text": "$AMZN 60pt day.", "time": 1546051892.0, "sentiment": ""}, {"id": 149240208, "text": "$AMZN if anyone claims to be able to read/predict a chart... they are inside trading or possessed by the devil. Cause this market is INSANE", "time": 1546051818.0, "sentiment": ""}, {"id": 149240186, "text": "$AMZN Santa came a little late this year, it\u2019s fine tho :))", "time": 1546051808.0, "sentiment": "Bullish"}, {"id": 149240065, "text": "$AMZN BEAUTY \u2764\ufe0f\ud83d\udcb8", "time": 1546051759.0, "sentiment": "Bullish"}, {"id": 149240013, "text": "$AMZN $1550 for me baby", "time": 1546051740.0, "sentiment": ""}, {"id": 149239828, "text": "No retracement to $1320s again in $AMZN me thinketh. If it pulls back to $1370-1390s though, i buyeth way more", "time": 1546051662.0, "sentiment": "Bullish"}, {"id": 149239793, "text": "$AMZN let\u2019s go to 1600 next week", "time": 1546051650.0, "sentiment": ""}, {"id": 149239718, "text": "$AMZN Reminder. This was high 1700s just 3 weeks ago.", "time": 1546051615.0, "sentiment": ""}, {"id": 149239649, "text": "$AMZN ALERTED \ud83d\udea8 our members of what was going to happen today earlier! (Joke)", "time": 1546051591.0, "sentiment": "Bullish"}, {"id": 149239556, "text": "Ride them call options to da moon during this parabolic ascent in $AMZN $NFLX anyone ???? woohooo. waiting for slight higher prices to sell?", "time": 1546051553.0, "sentiment": "Bullish"}, {"id": 149239544, "text": "$AMZN \u201cgood will\u201d gesture from china. This is huge.", "time": 1546051549.0, "sentiment": ""}, {"id": 149239501, "text": "$AMZN not even a dip huh, just straight up. Of course i sold my call about 2 hours fml", "time": 1546051531.0, "sentiment": ""}, {"id": 149239492, "text": "$SPY Bears are freezing up, Panic stricken. Have to move fast here &amp; cover  $BABA $AAPL $AMZN $TSLA $FB $NFLX", "time": 1546051528.0, "sentiment": "Bullish"}, {"id": 149239454, "text": "$AMZN Congrats longs! Next week politics will dominate headlines and people may be nervous. Big shopping days coming. 1500 will be tested", "time": 1546051511.0, "sentiment": "Bullish"}, {"id": 149239452, "text": "$MSFT $AMD $AMZN $PYPL $QQQ $WMT $DIS $NVDA $NFLX $NKE $MU $GOOG $SPY \nDid you benefit from my writeup? Want a copy if you didn\u2019t get one?", "time": 1546051510.0, "sentiment": ""}, {"id": 149239424, "text": "Up almost $20K on $UPRO and $7000 on $AMZN from yesterday&#39;s buys   https://wavegenius.com/up-almost-20k-on-upro-and-7000-on-amzn-from-yeste", "time": 1546051499.0, "sentiment": ""}, {"id": 149239386, "text": "$AMZN Wooo! Sold 85 percent of my callcalls. Keeping rest for expir. Thank you for your money shorties! Couldnt have done it without ya \ud83d\ude02\ud83d\ude0e", "time": 1546051485.0, "sentiment": "Bullish"}, {"id": 149239367, "text": "$AMZN Get ready for $1510 mark. lol", "time": 1546051475.0, "sentiment": "Bullish"}, {"id": 149239343, "text": "$AMZN These pumpers fall for this all the time!! It goes up $50 and when it sells off it crashes over $100", "time": 1546051465.0, "sentiment": "Bearish"}, {"id": 149239247, "text": "$AMZN guess only explanation is to many shorts. Exhaustion of selling? Idk lol oh well", "time": 1546051426.0, "sentiment": ""}, {"id": 149239227, "text": "$AMZN Still a fucking $300 stock at best until WS thugs stop the pump alogs", "time": 1546051418.0, "sentiment": "Bearish"}, {"id": 149239172, "text": "$AAPL $AMZN squeeze harder \ud83d\ude0b", "time": 1546051397.0, "sentiment": ""}, {"id": 149239047, "text": "$AMZN where\u2019s the folks saying $800. Lol. This is Amazon bitches.", "time": 1546051349.0, "sentiment": "Bullish"}, {"id": 149239010, "text": "$AMZN Making dem algos work.", "time": 1546051330.0, "sentiment": "Bullish"}, {"id": 149238969, "text": "is there still time to buy CALL options in $AMZN $NFLX to ride the parabolic wave up as quick daytrades, before tides turn ??", "time": 1546051317.0, "sentiment": "Bullish"}, {"id": 149238962, "text": "$AMZN Go baby go!!! \ud83d\ude0d\ud83d\ude0d\ud83e\udd17\ud83e\udd17", "time": 1546051315.0, "sentiment": "Bullish"}, {"id": 149238948, "text": "$AMZN $AAPL $BRK.B $BRK.A $FB $NFLX $MSFT $NVDA $ADBE $SQ $DJIA $NDX $SPY $GOOG $GOOGL \nLike I said these are signs of a Deal on the Way", "time": 1546051306.0, "sentiment": "Bullish"}, {"id": 149238928, "text": "$AMZN $AMD POWER HOUR !!!! Coming up", "time": 1546051297.0, "sentiment": "Bullish"}, {"id": 149238896, "text": "$AMZN shotty be buying the boxed wine for new yrs imo", "time": 1546051287.0, "sentiment": ""}, {"id": 149238864, "text": "$AMZN is this closing above $1510?", "time": 1546051269.0, "sentiment": ""}, {"id": 149238802, "text": "Amazon expands its air fleet from 10 to 50 planes $AMZN \n\nhttps://tcrn.ch/2BzyeTX", "time": 1546051243.0, "sentiment": ""}, {"id": 149238760, "text": "$AMZN HELLO shotty haaaaaa", "time": 1546051229.0, "sentiment": ""}, {"id": 149238527, "text": "$AMZN $TSLA $VIX $SPY $AAPL And how is TSLA doing after I pinged our same #TWEEZERS pattern ????", "time": 1546051144.0, "sentiment": "Bullish"}, {"id": 149238445, "text": "$AMZN shouldn\u2019t try to short amazon lol", "time": 1546051114.0, "sentiment": ""}, {"id": 149238423, "text": "$AMZN hedge fund flex to 1600 next week", "time": 1546051106.0, "sentiment": "Bullish"}, {"id": 149238382, "text": "$AMZN I covered", "time": 1546051092.0, "sentiment": ""}, {"id": 149238359, "text": "$AMZN bulls won.", "time": 1546051082.0, "sentiment": ""}, {"id": 149238320, "text": "$AMZN $VIX $SPY $AAPL $TSLA How is the VIX doing since I printed out the #TWEEZERS ?????", "time": 1546051065.0, "sentiment": "Bullish"}, {"id": 149238288, "text": "$AAPL $AMZN shorts should be nervous going into close. \ud83d\ude2c", "time": 1546051051.0, "sentiment": ""}, {"id": 149238270, "text": "$UXIN starting to squeeze the shorts $TOPS possible $SPY and $AMZN and $AAPL more slow but solid", "time": 1546051043.0, "sentiment": ""}, {"id": 149238111, "text": "$AMZN on the run today", "time": 1546050976.0, "sentiment": ""}, {"id": 149238096, "text": "$AMZN still have some time :)", "time": 1546050970.0, "sentiment": "Bullish"}, {"id": 149238057, "text": "$AMZN", "time": 1546050954.0, "sentiment": "Bullish"}, {"id": 149237891, "text": "$AMZN let\u2019s run higher \ud83d\udcb0\ud83d\udcb0\ud83d\udcb0", "time": 1546050886.0, "sentiment": ""}, {"id": 149237809, "text": "$bxc $twtr really found the bottom of these for my long term position trades. Hope you joined me!  \n$amzn 1340 \n$fb 124.50 \n$baba 134", "time": 1546050845.0, "sentiment": "Bullish"}, {"id": 149237781, "text": "$AMZN $SPY $QQQ $VXX  for the day!! Money machine today!", "time": 1546050834.0, "sentiment": "Bullish"}, {"id": 149237745, "text": "$AMZN 1510 then it can tank", "time": 1546050819.0, "sentiment": ""}, {"id": 149237633, "text": "$AMZN Imrnlil.......end of the month window dressing.", "time": 1546050774.0, "sentiment": "Bullish"}, {"id": 149237605, "text": "12.28.18 Elliott Wave Updates for FANG: $NFLX $AMZN FB GOOGL   https://wavegenius.com/12-28-18-elliott-wave-updates-for-fang-nflx-amzn-fb-g", "time": 1546050763.0, "sentiment": ""}, {"id": 149237384, "text": "$AMZN Wait a minute, This always tanks on Fridays!", "time": 1546050658.0, "sentiment": ""}, {"id": 149237367, "text": "$AMZN SHORTSSSSS ur 900 900 900 900 900 900 900 GODDDDDDDD @ToddGordon tod CNBC FastMoney Wednesday he covered that short\ud83d\ude02\ud83d\ude02\ud83d\ude02\ud83d\ude02\ud83d\ude02\ud83c\udf4c\ud83c\udf4c\ud83c\udf4c\ud83c\udf4c", "time": 1546050649.0, "sentiment": "Bullish"}, {"id": 149237357, "text": "$AMZN closes 4 percent at least will turn up at 3", "time": 1546050644.0, "sentiment": ""}, {"id": 149237315, "text": "$AMZN lol lodeddddd my last lot here at 1500 puts for 1400 gl all", "time": 1546050622.0, "sentiment": ""}, {"id": 149237275, "text": "$AMZN great investment for 2019.", "time": 1546050610.0, "sentiment": ""}, {"id": 149237155, "text": "$AMZN", "time": 1546050566.0, "sentiment": "Bullish"}, {"id": 149237147, "text": "$AMZN making its way back to $1700", "time": 1546050563.0, "sentiment": ""}, {"id": 149237091, "text": "$AAPL Now lets get some 3pm Buybacks, Pension fund buying &amp; Shorts covering just to rip the DOW over 200 $AMZN $BABA $NFLX $SPY $QQQ $HD", "time": 1546050536.0, "sentiment": "Bullish"}, {"id": 149237030, "text": "$AMZN short easy cash", "time": 1546050510.0, "sentiment": ""}, {"id": 149236970, "text": "$AMZN the funniest thing is the people who bought 900puts from @ToddGordon CNBC special,missed FastMoney on Wednesday he said he covered\ud83d\ude02\ud83c\udf4c", "time": 1546050488.0, "sentiment": "Bullish"}, {"id": 149236953, "text": "$AMZN shorting. Now.", "time": 1546050480.0, "sentiment": ""}, {"id": 149236925, "text": "$AMZN good trade... left 2k on", "time": 1546050468.0, "sentiment": ""}, {"id": 149236863, "text": "$AMZN 25pts through morning highs.", "time": 1546050444.0, "sentiment": ""}, {"id": 149236854, "text": "$AMZN Poor Bears who are still buying Puts \ud83d\ude02\ud83d\ude02\ud83d\ude02 They weren\u2019t ready. $AAPL $GOOG $GOOGL $FB $NFLX $NVDA $ADBE $BRK.B Oh and China Blows", "time": 1546050440.0, "sentiment": "Bullish"}, {"id": 149236845, "text": "$AMZN 1523 next overhead pivot.", "time": 1546050436.0, "sentiment": ""}, {"id": 149236796, "text": "$AMZN RIP bears that thought today would be red", "time": 1546050418.0, "sentiment": ""}, {"id": 149236791, "text": "$AMZN And time to short, so easy lmao", "time": 1546050417.0, "sentiment": ""}, {"id": 149236637, "text": "$AMZN \ud83d\ude02\ud83d\ude02\ud83d\ude02\ud83c\udf4c\ud83c\udf4c", "time": 1546050342.0, "sentiment": ""}, {"id": 149236555, "text": "$AMZN Expecting to hit $1510 before the close today, 1st short squeeze will be triggered above $1510 level. Watch closely.", "time": 1546050299.0, "sentiment": "Bullish"}, {"id": 149236533, "text": "$AMZN BLOCKS ON [Dec 28, 2018] FOR AMZN", "time": 1546050291.0, "sentiment": ""}, {"id": 149236532, "text": "$AMZN the shorts don\u2019t listen to me which will be most is the LIQUIDITY to gap up 4th Quarter ER print on lowered expectations &amp; good data\ud83c\udf4c", "time": 1546050290.0, "sentiment": "Bullish"}, {"id": 149236509, "text": "$AMZN Awesome Shorting opportunity at $1500!!!! A true gift!!!", "time": 1546050278.0, "sentiment": "Bearish"}, {"id": 149236480, "text": "$AMZN China-US meeting in January will shoot up all stocks, take a look at their previous meetings $AAPL $FB $NFLX $GOOG $GOOGL $NVDA $ADBE", "time": 1546050264.0, "sentiment": "Bullish"}, {"id": 149236478, "text": "$AMZN looks like a Monster here. Almost bought some $1500 calls earlier, they would be looking good right now!", "time": 1546050263.0, "sentiment": "Bullish"}, {"id": 149236437, "text": "$AMZN thru 1500.00", "time": 1546050245.0, "sentiment": "Bullish"}, {"id": 149236429, "text": "$AMZN someone getting big money on this the road back to 2000", "time": 1546050241.0, "sentiment": "Bullish"}, {"id": 149236367, "text": "$AMZN second resistance @ $1519", "time": 1546050217.0, "sentiment": ""}, {"id": 149236335, "text": "$AMZN this wanna explode so bad lol", "time": 1546050205.0, "sentiment": "Bullish"}, {"id": 149236247, "text": "@WilliamBligh I am bullish all time on $AMZN if you check out my previous posts. lol", "time": 1546050168.0, "sentiment": "Bullish"}, {"id": 149236237, "text": "$AMZN almost time for more tariffs", "time": 1546050165.0, "sentiment": ""}, {"id": 149236220, "text": "$AMZN funds are rebalancing. They&#39;re buying for 2019", "time": 1546050159.0, "sentiment": ""}, {"id": 149236168, "text": "$AMZN anybody in Jan 18 1500 and under puts, ur gambling has come to an end. GAME OVER", "time": 1546050137.0, "sentiment": "Bullish"}, {"id": 149236104, "text": "$SPY $AAPL $FB $AMZN $AMD short into strength \ud83d\udc4d\ud83c\udffb\ud83d\udc4c\ud83c\udffb", "time": 1546050115.0, "sentiment": "Bearish"}, {"id": 149236014, "text": "$AMZN pretty hilarious, like clock work whenever green everyone bullish. And whenever red everyone bearish. Fools", "time": 1546050081.0, "sentiment": "Bearish"}, {"id": 149235981, "text": "$AMZN enough people to keep it going higher and wipe out your puts", "time": 1546050067.0, "sentiment": ""}, {"id": 149235972, "text": "$AMZN $SPY  told everyone that any put before the end of the year under 1500, is gone worthless, and for 2019 as well.", "time": 1546050063.0, "sentiment": "Bullish"}, {"id": 149235964, "text": "$AMZN Totally a professional @sttrade", "time": 1546050060.0, "sentiment": ""}, {"id": 149235817, "text": "@Roth_Trader @sonicmerlin Yesterday my $AMZN puts were doing great. Had to deal with car problems. Came back and got f&#39;ed. I feel you man.", "time": 1546050012.0, "sentiment": ""}, {"id": 149235737, "text": "$AMZN k third touch at 1500 wall is built. Now crack", "time": 1546049979.0, "sentiment": "Bearish"}, {"id": 149235736, "text": "$AMZN sold my 1530s on Wednesday close for $5. Thought it was such a good trade, now I&#39;m not so sure", "time": 1546049979.0, "sentiment": "Bullish"}, {"id": 149235655, "text": "$AMZN It\u2019s Time to Pounce on Amazon Stock https://www.smarteranalyst.com/analyst-insights/technology-stocks/time-pounce-amazon-amzn-stock", "time": 1546049947.0, "sentiment": ""}, {"id": 149235630, "text": "$AMZN could really breakout. $1520 eod is my prediction.", "time": 1546049935.0, "sentiment": "Bullish"}, {"id": 149235605, "text": "$AMZN green friday?!?! what the fuck?!?!", "time": 1546049927.0, "sentiment": "Bearish"}, {"id": 149235593, "text": "$AMZN Dammit! I knew it was going to1500. Closed to my calls to soon", "time": 1546049923.0, "sentiment": ""}, {"id": 149235536, "text": "$AMZN shorts covering should give a nice push.", "time": 1546049902.0, "sentiment": "Bullish"}, {"id": 149235473, "text": "$AMZN Even now time not lost. Buy buy buy", "time": 1546049886.0, "sentiment": "Bullish"}, {"id": 149235448, "text": "$AMZN can\u2019t keep this giant down\n\ud83d\ude00", "time": 1546049880.0, "sentiment": "Bullish"}, {"id": 149235415, "text": "$AMZN Right through those 1500 sellers", "time": 1546049872.0, "sentiment": ""}, {"id": 149235413, "text": "$AMZN target hit. out on my calls. 2min oversold. will be ready to reload.", "time": 1546049871.0, "sentiment": ""}, {"id": 149235391, "text": "$AMZN WAIT!!! We have a GREEN FRIDAY!!!!! \ud83e\udd20\ud83c\udf7a\ud83d\udc4d\ud83c\udf89\ud83d\udd2b", "time": 1546049865.0, "sentiment": "Bullish"}, {"id": 149235288, "text": "$AMZN $1500! Only 500 to go", "time": 1546049839.0, "sentiment": ""}, {"id": 149235272, "text": "$AMZN will it crack 1500 or get rejected?", "time": 1546049836.0, "sentiment": ""}, {"id": 149235245, "text": "$AMZN there it is  $1,500", "time": 1546049829.0, "sentiment": ""}, {"id": 149235205, "text": "$AMZN Intraday Algos short squeeze above $1500 level. Let&#39;s go. lol", "time": 1546049818.0, "sentiment": "Bullish"}, {"id": 149235169, "text": "12 Tech Trends To Watch Over The Next 12 Months https://benzinga.com/z/12904658 $AAPL $AMZN $FB $SPOT $GOOGL $FIT $NFLX $TSLA $GM $GOOG $XLK", "time": 1546049807.0, "sentiment": ""}, {"id": 149235148, "text": "$AMZN calling 1504", "time": 1546049796.0, "sentiment": "Bullish"}, {"id": 149235002, "text": "$AMZN green friday", "time": 1546049749.0, "sentiment": "Bullish"}, {"id": 149234891, "text": "$AMZN 50pt day.", "time": 1546049710.0, "sentiment": ""}, {"id": 149234879, "text": "$AMZN lets just get crazy", "time": 1546049706.0, "sentiment": ""}, {"id": 149234776, "text": "$AMZN \ud83d\ude02\ud83c\udf4c", "time": 1546049669.0, "sentiment": "Bullish"}, {"id": 149234756, "text": "$AMZN $AMD $FB $TSLA $NVDA $BABA $AAPL $CMG $INTC $MSFT $MU $NFLX $BA $CAT $HD $TWTR $UPS $FDX $X $DRYS $TOPS $IDXG $HMNY $QQQ $HTGM $UVXY", "time": 1546049662.0, "sentiment": ""}, {"id": 149234747, "text": "$SPY $AAPL $AMZN it is the devil who makes us fear. But we are stronger! The world is moving toward Peace!\u262e\ufe0f Happy 2019 everyone!!", "time": 1546049656.0, "sentiment": ""}, {"id": 149234666, "text": "$SPY $SPX $QQQ $IWM $TQQQ $AAPL $DHI $AMZN $FB $MSFT $UVXY $VXX 250.11 and then 251.31 $DHI 35C strong hold right now", "time": 1546049624.0, "sentiment": ""}, {"id": 149234661, "text": "$AAPL $AMZN $FB $GOOGL $NFLX $MSFT I am certain that stocks will go down. The only thing this price action doing is making it difficult make", "time": 1546049622.0, "sentiment": "Bearish"}, {"id": 149234616, "text": "$AMZN you look like joe pesi in that hole at the end of casino", "time": 1546049603.0, "sentiment": ""}, {"id": 149234612, "text": "$AMZN wow, big mouthed shorts nowhere to be found, strange", "time": 1546049601.0, "sentiment": ""}, {"id": 149234517, "text": "$AMZN might be up 6 percent", "time": 1546049572.0, "sentiment": "Bullish"}, {"id": 149234489, "text": "$AMZN Thank you.", "time": 1546049562.0, "sentiment": ""}, {"id": 149234476, "text": "$AMZN easy money", "time": 1546049557.0, "sentiment": "Bullish"}, {"id": 149234473, "text": "$AMZN ask $1,498", "time": 1546049554.0, "sentiment": "Bullish"}, {"id": 149234451, "text": "$AMZN Can we close above 1500 please?", "time": 1546049546.0, "sentiment": "Bullish"}, {"id": 149234367, "text": "$AMZN ", "time": 1546049513.0, "sentiment": "Bearish"}, {"id": 149234355, "text": "$AMZN where are the \ud83d\udc3b \ud83d\udc3b?\n\ud83d\ude00", "time": 1546049507.0, "sentiment": ""}, {"id": 149234315, "text": "$AMZN", "time": 1546049491.0, "sentiment": "Bullish"}, {"id": 149234179, "text": "$AMZN 1500 coming!!!", "time": 1546049438.0, "sentiment": "Bullish"}, {"id": 149234141, "text": "$AMZN Buckle up", "time": 1546049423.0, "sentiment": "Bullish"}, {"id": 149234057, "text": "$AMZN Shorts got destroyed today! Guess what? Its not over yet!\ud83d\ude02\ud83d\ude02\ud83d\ude02\ud83d\ude02", "time": 1546049394.0, "sentiment": "Bullish"}]