[{"id": 149508888, "text": "$amzn $googl $aapl As soon as this news hit markets lost steam.  Credibility problems ??? https://www.cnbc.com/2019/01/02/trump-says-stocks-will-rise-once-trade-battle-settled-calls-last-months-market-decline-a-glitch.html?__source=iosappshare%7Ccom.stocktwits.StockTwits.STShareExtension", "time": 1546484957.0, "sentiment": ""}, {"id": 149508711, "text": "$AMZN watching the battle line on $ES_F for a successful defense or a break of the support", "time": 1546484870.0, "sentiment": ""}, {"id": 149508546, "text": "$AMZN hope this holds. Typical dump possible.", "time": 1546484798.0, "sentiment": ""}, {"id": 149508517, "text": "$AMZN sold my calls and bought puts. Will sell those and load up at 1450.", "time": 1546484784.0, "sentiment": ""}, {"id": 149508427, "text": "$AMZN Whole Foods acquisition was completed in June 2017 https://www.reddit.com/r/wallstreetbets/comments/9zjkcy/i_went_through_every_q1q3_quarterly_report_for/?st=JQFM2FN9&amp;sh=6a700e88 costs since then were reduced greatly while revenue ramped", "time": 1546484739.0, "sentiment": "Bullish"}, {"id": 149508317, "text": "$AMZN Powaaah Oouwaahh", "time": 1546484688.0, "sentiment": "Bullish"}, {"id": 149508135, "text": "$FB $SPY $QQQ $DIA $DJIA $AMZN $AAPL", "time": 1546484604.0, "sentiment": ""}, {"id": 149508041, "text": "$AMZN $SPY thank u guys!", "time": 1546484563.0, "sentiment": "Bullish"}, {"id": 149507924, "text": "$AMZN hourly \ud83e\udd4c up", "time": 1546484512.0, "sentiment": "Bullish"}, {"id": 149507919, "text": "Real Estate is absolutely struggling. Wow. Will it slip over? $IYR  $REK $REZ $LOW $SPY $AAPL $AMZN $GOOG $F $HD", "time": 1546484511.0, "sentiment": ""}, {"id": 149507648, "text": "The Piotroski-F score of $AMZN is 8.00, indicating great health for $AMZN. https://www.chartmill.com/analyze.php?utm_source=stocktwits&amp;utm_medium=FA&amp;utm_content=PROFITABILITY&amp;utm_campaign=social_tracking#/AMZN?r=fa&amp;key=7e23e545-7a86-47d1-a0b4-6048c3164d97", "time": 1546484388.0, "sentiment": ""}, {"id": 149507344, "text": "@OptionTraderZ nice $SPY $AMZN  just wait for next news turd to drop lol", "time": 1546484214.0, "sentiment": ""}, {"id": 149507245, "text": "$AAPL $SPY $AMZN  \nBridgewater&#39;s Jensen forecasts &#39;near-recession-level growth&#39; in 2019 https://www.reuters.com/article/us-funds-bridgewater/bridgewaters-jensen-forecasts-near-recession-level-growth-in-2019-idUSKCN1OJ2W5", "time": 1546484164.0, "sentiment": ""}, {"id": 149507210, "text": "$AMZN Follow The Trend...Up Over 35% Today Since December 29th 2017 (One Year Return).", "time": 1546484150.0, "sentiment": ""}, {"id": 149507158, "text": "$AMZN Big money on the side line starts to get nervous as VIX keeps dropping\n and\n it is about to jump in at any moment.", "time": 1546484123.0, "sentiment": "Bullish"}, {"id": 149507143, "text": "$AMZN $SPY $STUDY outside day 101\nhttps://www.bigtrends.com/education/outside-day-technical-analysis-chart-pattern/", "time": 1546484117.0, "sentiment": "Bullish"}, {"id": 149507061, "text": "$SPY $AMZN barely any sell off ..  so eod or tomrrow pre-market should see way more sell off into the support area . I\u2019m bearish..", "time": 1546484068.0, "sentiment": "Bearish"}, {"id": 149507037, "text": "$AMZN bears still wanting 800 lol.", "time": 1546484055.0, "sentiment": "Bullish"}, {"id": 149507030, "text": "$AMZN overbought. Zero algo\u2019s on the downside? W RSI screaming to 70? Gimmie a break.. something stinks, and it\u2019s not a \u201cglitch\u201d", "time": 1546484051.0, "sentiment": "Bearish"}, {"id": 149506940, "text": "$AMZN top at 1553 i bought puts. \ud83d\ude01\ud83d\ude01\ud83d\ude01", "time": 1546484003.0, "sentiment": ""}, {"id": 149506720, "text": "$AMZN Potential Growth is CRAZY ! buy now and hold on to it", "time": 1546483893.0, "sentiment": "Bullish"}, {"id": 149506718, "text": "$SPY $amd $aapl $amzn $mu   Maybe, but BLOCKING YOU starts NOW !!!!!", "time": 1546483891.0, "sentiment": ""}, {"id": 149506653, "text": "$AMZN 10 point yo-yo last hour and a half", "time": 1546483855.0, "sentiment": ""}, {"id": 149506600, "text": "$amzn from that clip of him talking to the press D&#39;s unlikely to agree to any funding, and neg news could come", "time": 1546483828.0, "sentiment": ""}, {"id": 149506525, "text": "$amzn nice bounce today but agree would take profits", "time": 1546483782.0, "sentiment": ""}, {"id": 149506520, "text": "$SPY Mrkt has held up nicely &amp; there hasn&#39;t been any real Buying yet today in $AAPL $AMZN $BABA $TSLA $NFLX $ALK $JPM", "time": 1546483780.0, "sentiment": "Bullish"}, {"id": 149506518, "text": "$AMZN Trump is going to pump stock market ...", "time": 1546483779.0, "sentiment": "Bullish"}, {"id": 149506431, "text": "$AMZN I\u2019m getting to the bears. GOOOOOOOOOOOD", "time": 1546483734.0, "sentiment": "Bullish"}, {"id": 149506412, "text": "$AMZN I love Amazon. I&#39;m invested. I do see a drop to 1450 possible though before next leg up. We see 1750 soon though! Stay long and strong", "time": 1546483726.0, "sentiment": ""}, {"id": 149506356, "text": "$SPY $AMZN  market will always be here! Don\u2019t be a idiot or be fomo thinking u will miss out.", "time": 1546483701.0, "sentiment": "Bearish"}, {"id": 149506333, "text": "$AMZN if it breaks $1553 that would fly", "time": 1546483692.0, "sentiment": ""}, {"id": 149506267, "text": "$AMZN Power Hour gonna be epic.....", "time": 1546483653.0, "sentiment": "Bullish"}, {"id": 149506186, "text": "$AMZN in puts 2 weeks out here for a swing", "time": 1546483612.0, "sentiment": ""}, {"id": 149506179, "text": "$AMZN nice \ud83d\udcc8", "time": 1546483608.0, "sentiment": "Bullish"}, {"id": 149506171, "text": "$AMZN Do you think the P/E Ratio drops by 50% after earnings? thoughts?", "time": 1546483605.0, "sentiment": "Bullish"}, {"id": 149506167, "text": "$AMZN if it closes above 1550 today a gap up will become likely tomorrow", "time": 1546483604.0, "sentiment": ""}, {"id": 149506107, "text": "$QQQ $AAPL $AMZN $BABA CNBC is exerting extra effort as usual to drive fear and negative sentiment.", "time": 1546483565.0, "sentiment": "Bullish"}, {"id": 149505939, "text": "$AMZN a couple more days and the masses will start to chase it on the way up!", "time": 1546483485.0, "sentiment": "Bullish"}, {"id": 149505835, "text": "$AMZN 1500 puts 858..exp jan4  5 contracts filled.. that&#39;s my lotto put \ud83d\ude01\ud83d\ude01", "time": 1546483429.0, "sentiment": ""}, {"id": 149505651, "text": "$AMZN $7000 in 2029", "time": 1546483334.0, "sentiment": "Bullish"}, {"id": 149505617, "text": "$AMZN  2:36p  (Stock to Crude correlation) https://www.marketwatch.com/investing/future/clg9?link=MW_latest_news\nWTI oil futures settle at 2-week high", "time": 1546483311.0, "sentiment": ""}, {"id": 149505372, "text": "$AMZN the only post needed", "time": 1546483174.0, "sentiment": ""}, {"id": 149505324, "text": "$AMZN Yea Amzn wave of the future &amp; Bezos is a genius!", "time": 1546483150.0, "sentiment": ""}, {"id": 149505295, "text": "$AMZN $SPY $BAC $FAZ $XBI $AAPL $UAA If only it was that simple lol\ud83d\udca5 Like &amp; Subscribe for trading alerts \ud83d\udca5", "time": 1546483133.0, "sentiment": ""}, {"id": 149505261, "text": "$SPY Bears can&#39;t make any money until they become Bulls, remember that $AMZN $AAPL $NFLX $TSLA $FB $CRW $BABA", "time": 1546483119.0, "sentiment": "Bullish"}, {"id": 149505222, "text": "$AMZN One day it will be $10 000 and people will wish they bought here", "time": 1546483099.0, "sentiment": ""}, {"id": 149505139, "text": "$AMZN it does this almost everyday. Then it either skyrockets or bombs complete gamble \ud83e\udd26\u200d\u2642\ufe0f", "time": 1546483054.0, "sentiment": ""}, {"id": 149505107, "text": "$AMZN the previous two rallies last about 5-6 days before a massive sell off.. what will happen this time???", "time": 1546483043.0, "sentiment": ""}, {"id": 149505066, "text": "$AMZN (Why  Nasdaq rallied) US crude rises 2.5%, settling at $46.54, as Saudi oil exports are seen falling https://cnb.cx/2VqEeXZ", "time": 1546483025.0, "sentiment": ""}, {"id": 149505017, "text": "$AMZN better buy puts?", "time": 1546482998.0, "sentiment": "Bearish"}, {"id": 149504892, "text": "$AMZN Trump sticks to his demand for a border wall after suggesting he could work with Democrats https://cnb.cx/2CKCGkx   CNBC", "time": 1546482943.0, "sentiment": ""}, {"id": 149504785, "text": "Year In Retail: Struggling Dept Stores, Smartwatch Success, Predictions https://benzinga.com/z/12910198 $AMZN $JCP $SHLDQ $FOSL $PIR $NKE $DKS $AAPL", "time": 1546482884.0, "sentiment": ""}, {"id": 149504779, "text": "$AMZN can\u2019t break HOD", "time": 1546482880.0, "sentiment": ""}, {"id": 149504734, "text": "$AMZN Sorry Bears.. https://www.cnbc.com/2019/01/02/trump-says-stocks-will-rise-once-trade-battle-settled-calls-last-months-market-decline-a-glitch.html", "time": 1546482858.0, "sentiment": "Bullish"}, {"id": 149504554, "text": "President says he brought oil down from 84 to 42 with some phone calls!! #MAGA  $AMZN $TSLA $SPY", "time": 1546482775.0, "sentiment": ""}, {"id": 149504530, "text": "$AMZN $SPY are u not entertained\ud83c\udf4a", "time": 1546482763.0, "sentiment": "Bullish"}, {"id": 149504456, "text": "$AMZN Damn it&#39;s not even power hour yet...", "time": 1546482725.0, "sentiment": "Bullish"}, {"id": 149504358, "text": "$AMZN nobody ever asked us not to, no more charging \u2708\ufe0f. \ud83e\udd2a \ud83c\udf4a he is funny", "time": 1546482677.0, "sentiment": "Bullish"}, {"id": 149504007, "text": "I thought $AMZN would be hitting 1600 as $SPY approached 260. By the look of things, it may be 1700.  SPY 260 I&#39;m sell everything", "time": 1546482493.0, "sentiment": ""}, {"id": 149504004, "text": "$AMZN 6 mos, 1 yr, and 2 yr MACD show potential for some good upside. 5 yr MACD still wants to slit wrists.", "time": 1546482492.0, "sentiment": ""}, {"id": 149503959, "text": "$FB $TWTR $SNAP $GOOG $GOOGL $AMZN $AAPL win friends and become an influencer\n\nhttps://marketbrothersmedia.com/how-to-win-friends-and-become-an-influencer/", "time": 1546482475.0, "sentiment": "Bullish"}, {"id": 149503953, "text": "$AMZN 1600 here we come market is solid", "time": 1546482474.0, "sentiment": ""}, {"id": 149503925, "text": "$AMZN \ud83d\udcaa", "time": 1546482461.0, "sentiment": ""}, {"id": 149503922, "text": "$AMZN here comes the pop", "time": 1546482460.0, "sentiment": "Bullish"}, {"id": 149503894, "text": "$AMZN Next target 1600", "time": 1546482452.0, "sentiment": "Bullish"}, {"id": 149503886, "text": "$AMZN hahahahahhahaah stock market be like &quot;JK JK JK JK&quot;", "time": 1546482447.0, "sentiment": ""}, {"id": 149503497, "text": "$AMZN Dipped attracted more buyers now looking to attack HOD with more volume leading into Power Hour, f****** boss moves", "time": 1546482243.0, "sentiment": ""}, {"id": 149503441, "text": "$AMZN Good defense bulls", "time": 1546482212.0, "sentiment": ""}, {"id": 149503426, "text": "@GoodNewsBull ... yeahhh, I agree!  There is no way Pres. Donald J.Trump is senile.  Back on topic = $SPY $NFLX $FB $AMZN $AAPL.", "time": 1546482205.0, "sentiment": ""}, {"id": 149503414, "text": "$AMZN Closing above 1570", "time": 1546482200.0, "sentiment": ""}, {"id": 149503392, "text": "$AMZN we need that Leonardo decaprio meme of him on wolf of Wall Street all pumped on that stock high lol", "time": 1546482191.0, "sentiment": ""}, {"id": 149503172, "text": "$AMZN That dipped got bought wow lets see if she holds", "time": 1546482077.0, "sentiment": ""}, {"id": 149503024, "text": "$MU $AAPL $amd $RAD $ba $NVDA $MGM $FB $AMZN $T $everything are up", "time": 1546481997.0, "sentiment": "Bullish"}, {"id": 149503022, "text": "$AMZN come on!", "time": 1546481995.0, "sentiment": "Bullish"}, {"id": 149503003, "text": "$AMZN Embrace Yourself for the Power Hooooour $AAPL $GOOG $GOOGL $BRK.B $BRK.A $NFLX $FB $SQ $TSLA", "time": 1546481985.0, "sentiment": "Bullish"}, {"id": 149502961, "text": "$SPY There&#39;s no way Trump isn&#39;t senile. Oh Well, Lets get that 2:30 Buy Program $AAPL $AMZN $FB $NFLX", "time": 1546481957.0, "sentiment": "Bullish"}, {"id": 149502848, "text": "$AMZN I approve.", "time": 1546481897.0, "sentiment": "Bullish"}, {"id": 149502790, "text": "this is Amazon&#39;s world we&#39;re just living in it dot gov $AMZN", "time": 1546481873.0, "sentiment": "Bullish"}, {"id": 149502783, "text": "$AMZN another rally after 2:30pm", "time": 1546481872.0, "sentiment": "Bullish"}, {"id": 149502704, "text": "$AMZN the clown is talking and everything is dropping... can\u2019t wait for stability in markets", "time": 1546481842.0, "sentiment": ""}, {"id": 149502584, "text": "$AMZN 1560 today?", "time": 1546481777.0, "sentiment": ""}, {"id": 149502463, "text": "$AMZN Yea Trump-Pelosi Meeting angst, But Dec Stock glitch corrected (Per Trump)", "time": 1546481717.0, "sentiment": ""}, {"id": 149502325, "text": "$SPY Bears need to use Trump to help them out but in the end that wont work at these prices but my God he&#39;s terrible $AAPL $AMZN $JNJ $JPM", "time": 1546481645.0, "sentiment": "Bullish"}, {"id": 149502303, "text": "$AMZN indices dropping fast.  Time to take profits", "time": 1546481633.0, "sentiment": "Bearish"}, {"id": 149502253, "text": "$AMZN my calls are going up before the price.. you know what that means", "time": 1546481609.0, "sentiment": ""}, {"id": 149502082, "text": "$AMZN Orange Man at it again!", "time": 1546481526.0, "sentiment": "Bearish"}, {"id": 149502023, "text": "$AMZN volume  is good... 5.3 M ...", "time": 1546481500.0, "sentiment": ""}, {"id": 149501863, "text": "$AMZN jeez, if i knew there was going to be an interview with trump id have bought puts...", "time": 1546481418.0, "sentiment": ""}, {"id": 149501761, "text": "$RAD if $AMZN never guaranteed 2000+ brick n mortar stores by 2020/21 i wouldn&#39;t be so amped about BO. But, with that said, we have reason.", "time": 1546481372.0, "sentiment": ""}, {"id": 149501745, "text": "$AMZN Locked in gains at $1551 from a buy at $1394.  Bought some $1500 puts for Friday.  Let&#39;s make money both ways!", "time": 1546481363.0, "sentiment": ""}, {"id": 149501721, "text": "$AMZN Trump and Pelosi meeting &amp; Amazon Power Hour!!  Today!!", "time": 1546481353.0, "sentiment": ""}, {"id": 149501534, "text": "$AMZN I expected to run up, consolidate resistance, make higher low and then attempt higher high, I wonder if I\u2019m gettn tht w/1 outside day", "time": 1546481255.0, "sentiment": "Bullish"}, {"id": 149501445, "text": "Top Buy Flow Money: $TLT $AMZN $HYG $ITE $FB $GOVT $SHY - 1:58 PM EST via https://goo.gl/FDTCt1", "time": 1546481214.0, "sentiment": ""}, {"id": 149501428, "text": "$AMZN 2nd place\n$MSFT 1st place\n\n$AAPL $GOOG $GOOGL", "time": 1546481207.0, "sentiment": ""}, {"id": 149501390, "text": "$AMZN 15-Feb-19 1550 Calls (tied to stock)  traded 147 for a total premium of $1,452,801. http://tinyurl.com/ycpca2hj", "time": 1546481187.0, "sentiment": ""}, {"id": 149501374, "text": "$AMZN outside day case study today 2019 $STUDY", "time": 1546481179.0, "sentiment": "Bullish"}, {"id": 149501313, "text": "$AMZN BLOCKS ON [Jan 02, 2019] FOR AMZN", "time": 1546481148.0, "sentiment": ""}, {"id": 149501299, "text": "$AMZN outside day case study 101 $STUDY", "time": 1546481142.0, "sentiment": "Bullish"}, {"id": 149501298, "text": "$AMZN $AMD $SPY $FB $TSLA", "time": 1546481142.0, "sentiment": ""}, {"id": 149501218, "text": "$AMZN The Q 4deep TA guys.We know we run resistance at 1610, &amp;then look 4 higher low-BUT what if today\u2019s candle is both higher low&amp;high?\ud83e\uddd0", "time": 1546481114.0, "sentiment": "Bullish"}, {"id": 149501111, "text": "Five Below and Other Retail Stock Resolutions for 2019 $FIVE $AMZN $XRT http://bit.ly/2CMlSK5 \nhttp://bit.ly/FIVE700", "time": 1546481056.0, "sentiment": ""}, {"id": 149500961, "text": "@Sir_Joe ... yeahhh ... here is a prediction:  &quot;$AMZN generally will close green everyday until ER, then will spike in either direction!&quot;", "time": 1546480989.0, "sentiment": ""}, {"id": 149500947, "text": "$AMZN next stop $1581", "time": 1546480981.0, "sentiment": "Bullish"}, {"id": 149500940, "text": "$AMZN Trump digs in on wall before meeting with congressional leaders https://thehill.com/homenews/administration/423520-trump-digs-in-on-wall-before-meeting-with-congressional-leaders#.XC0K1OBLszM.twitter", "time": 1546480977.0, "sentiment": ""}, {"id": 149500806, "text": "$AMZN overvalued", "time": 1546480911.0, "sentiment": ""}, {"id": 149500767, "text": "$AMZN 60 Minutes to Trump Pelosi meeting! &amp; Dec stock glitch is corrected (TRump)", "time": 1546480897.0, "sentiment": ""}, {"id": 149500751, "text": "$AMZN I was bullish but now see a possible dip incoming. May lock some gains.", "time": 1546480888.0, "sentiment": ""}, {"id": 149500660, "text": "$AMZN I love trump statements. Easiest time to tell what the algos will do and you can just ride the wave", "time": 1546480853.0, "sentiment": ""}, {"id": 149500628, "text": "$AMZN Let&#39;s close at $1555. Squeeze, squeeze, squeeze.", "time": 1546480838.0, "sentiment": "Bullish"}, {"id": 149500610, "text": "$AMZN can we talk again about 2,000$-targets?", "time": 1546480831.0, "sentiment": ""}, {"id": 149500593, "text": "@Jaybarinvest ... yeah, I agree!  Banana Dude here at $AMZN is a positive qualities poster bro.", "time": 1546480827.0, "sentiment": ""}, {"id": 149500341, "text": "Tech Giants\\&#39; 2019 Outlook: Apple, Netflix, Amazon, and Facebook $AMZN https://marketrealist.com/2019/01/2018-was-the-worst-year-for-stocks-since-the-financial-crisis", "time": 1546480733.0, "sentiment": ""}, {"id": 149500339, "text": "FREE on the FLY Technical Analysis Live Stream 2019 $SPY $AMZN $FB $AMD $TSLA come join the fun bring a symbol! https://www.youtube.com/watch?v=Hm1EMOqix_U", "time": 1546480733.0, "sentiment": ""}, {"id": 149500228, "text": "$SPY lock gains skynet coming soon, it\u2019s like a clock $fb $amzn", "time": 1546480685.0, "sentiment": "Bearish"}, {"id": 149499737, "text": "$AMZN The Banana dude thats always commenting, I like him, He&#39;s smart, brave, and honest. Thanks bro", "time": 1546480471.0, "sentiment": ""}, {"id": 149499675, "text": "$AMZN this is but a small preview of what is coming this month after they reveal how epic this holiday season was for them. Echo was MEGA", "time": 1546480444.0, "sentiment": "Bullish"}, {"id": 149499566, "text": "$AMZN \ud83d\udc3b\ud83e\udd25", "time": 1546480387.0, "sentiment": "Bullish"}, {"id": 149499564, "text": "$AMZN $1600 close today ..\nGet in it\u2019s not too late", "time": 1546480385.0, "sentiment": "Bullish"}, {"id": 149499497, "text": "$AMZN 2pm sell off or we ending on a high note?", "time": 1546480355.0, "sentiment": ""}, {"id": 149499486, "text": "$AMZN \ud83d\ude02\ud83d\ude02\ud83d\ude02\ud83c\udf4c\ud83c\udf4c\ud83c\udf4c", "time": 1546480350.0, "sentiment": "Bullish"}, {"id": 149499468, "text": "$SPY $QQQ $AMZN $AAPL  and all on no volume", "time": 1546480342.0, "sentiment": ""}, {"id": 149499411, "text": "$AMZN Why Wall Street might be right that the next move from the Fed will be an interest-rate cut https://on.mktw.net/2VpMY0A", "time": 1546480316.0, "sentiment": ""}, {"id": 149499396, "text": "$SPY $QQQ $AMZN $AAPL  algo float all day since 9:30am straight up cant make this up folks, comical", "time": 1546480311.0, "sentiment": ""}, {"id": 149499218, "text": "$AMZN Jesus what happened", "time": 1546480215.0, "sentiment": "Bullish"}, {"id": 149499209, "text": "$AMZN On steroids! Whoaaa!\ud83d\ude80\ud83d\ude80\ud83d\ude80", "time": 1546480213.0, "sentiment": "Bullish"}, {"id": 149499174, "text": "$AMZN Broke a lot of resistance points. Next hourly fib is 1598.", "time": 1546480198.0, "sentiment": ""}, {"id": 149499122, "text": "$AMZN buying weeklies this morning was the best decision I ever made", "time": 1546480177.0, "sentiment": ""}, {"id": 149499115, "text": "$AMZN", "time": 1546480172.0, "sentiment": "Bullish"}, {"id": 149499086, "text": "$SPY downtrend should start anytime now $amd $aapl $amzn $mu", "time": 1546480155.0, "sentiment": "Bearish"}, {"id": 149499024, "text": "$AMZN Looking to sell on Friday, not holding anything during weekends until Im comfortable with the market direction", "time": 1546480136.0, "sentiment": ""}, {"id": 149498924, "text": "$AMZN $SPY $VIX $TSLA as I had suspected I\u2019m seeing first indications of a COMPLETE TREND REVERSAL aim AMZN", "time": 1546480093.0, "sentiment": "Bullish"}, {"id": 149498905, "text": "$AMZN killer day \ud83e\udd42\ud83c\udf86", "time": 1546480082.0, "sentiment": "Bullish"}, {"id": 149498607, "text": "$AMZN don\u2019t beat yourself on this we\u2019ve all have done the same thing \ud83e\udd20\ud83c\udf7a\ud83d\udc4d", "time": 1546479953.0, "sentiment": ""}, {"id": 149498576, "text": "$AMZN coming into our $1550 target here.", "time": 1546479936.0, "sentiment": ""}, {"id": 149498568, "text": "$amzn going to dump soon with govt still shut until deal reached.", "time": 1546479931.0, "sentiment": ""}, {"id": 149498434, "text": "$AMZN nothing will knock this down till  next week when trade news comes out", "time": 1546479872.0, "sentiment": ""}, {"id": 149498431, "text": "$AMZN Men only shop at Amazon. \ud83e\udd14\ud83d\ude00\ud83d\ude00\ud83c\udde8\ud83c\uddf3\ud83c\udde8\ud83c\uddf3\ud83c\uddfa\ud83c\uddf8\ud83c\uddfa\ud83c\uddf8\ud83d\udcb5\ud83d\udcb5. Hate parking, traveling and traffic", "time": 1546479871.0, "sentiment": "Bullish"}, {"id": 149498407, "text": "$AMZN dec was just a \u201cglitch\u201d buying alot more now. Thanks for clearing up that glitch.", "time": 1546479859.0, "sentiment": "Bullish"}, {"id": 149498288, "text": "$AMZN sold1500 call for 28.00 this earlier lmao fuck fuck fuck", "time": 1546479805.0, "sentiment": "Bullish"}, {"id": 149498272, "text": "$AMZN $SQ $NVDA\nDecember had stock mkt glitch", "time": 1546479800.0, "sentiment": "Bullish"}, {"id": 149498241, "text": "$AMZN", "time": 1546479786.0, "sentiment": "Bullish"}, {"id": 149498136, "text": "Fortnite streamer Tyler Blevins, aka Ninja, has earned $10M in 2018 with 70% of the revenue coming from Twitch &amp; YouTube. (CNN) $GOOGL $AMZN", "time": 1546479736.0, "sentiment": ""}, {"id": 149498014, "text": "(Updated Dec 31) $NFLX $AAPL $AMZN $DIS $CBS $T $FB \u201cBatten Down the Hatches for 2019 - A Media Storm Is Coming\u201d https://www.thewrap.com/batten-down-the-hatches-for-2019-a-media-storm-is-coming/\u202c", "time": 1546479678.0, "sentiment": ""}, {"id": 149498010, "text": "$SPY $SPX $SPXL $NDAQ $DJIW $AAPL $AMZN $FB do you remember this post? http://stocktwits.com/Economist4401/message/149347306", "time": 1546479677.0, "sentiment": "Bullish"}, {"id": 149498005, "text": "$AMZN Market is rolling over and this is starting to drift back down? What just happened?", "time": 1546479671.0, "sentiment": ""}, {"id": 149497983, "text": "$AMZN sold all my positions looking to add back soon", "time": 1546479660.0, "sentiment": "Bearish"}, {"id": 149497982, "text": "$AMZN leading the Energy sector up today lol", "time": 1546479660.0, "sentiment": ""}, {"id": 149497660, "text": "$AMZN I dont mean to brag but, I have 6 followers.", "time": 1546479526.0, "sentiment": ""}, {"id": 149497637, "text": "$AMZN people are cashing out as futures are strained. I&#39;m going to reload when it cools off some", "time": 1546479515.0, "sentiment": ""}, {"id": 149497529, "text": "$AMZN ding ding ding ding", "time": 1546479455.0, "sentiment": "Bullish"}]