[{"id": 150920940, "text": "$SPY $NFLX $AMZN today the money will be back in tech", "time": 1547751748.0, "sentiment": "Bullish"}, {"id": 150920883, "text": "$AMZN Watch them revise upwards even in these less than perfect conditions", "time": 1547751670.0, "sentiment": "Bullish"}, {"id": 150920855, "text": "$AMZN red day then a Netflix Miss", "time": 1547751627.0, "sentiment": ""}, {"id": 150920691, "text": "$AMZN Expecting a blowout earnings like never before", "time": 1547751364.0, "sentiment": "Bullish"}, {"id": 150920491, "text": "$AMZN just think when the govt shutdown is over, deal with China, and ER comes out. This stock could get Crazy.", "time": 1547750981.0, "sentiment": "Bullish"}, {"id": 150920191, "text": "$AMZN 3 buys today.", "time": 1547750437.0, "sentiment": ""}, {"id": 150920136, "text": "$AMZN", "time": 1547750341.0, "sentiment": "Bullish"}, {"id": 150920029, "text": "$AMZN Little doubt a stellar Q4 but concerned abt the very real possibility of downward guidance for Q1 due to shutdown.", "time": 1547750157.0, "sentiment": "Bullish"}, {"id": 150919993, "text": "$AAPL $AMZN still overpriced IMO", "time": 1547750072.0, "sentiment": ""}, {"id": 150919981, "text": "$SPY They need to end the shutdown!!! 800k ppl that don\u2019t get paid and don\u2019t spend money $AAPL $AMZN $GOOGL $NFLX $FB", "time": 1547750050.0, "sentiment": "Bullish"}, {"id": 150919787, "text": "$SPY you can get your $AMZN and your $MSFT and trash it", "time": 1547749564.0, "sentiment": ""}, {"id": 150919744, "text": "$AMZN still", "time": 1547749492.0, "sentiment": "Bullish"}, {"id": 150919617, "text": "$AMZN Interesting to see what will happen at open", "time": 1547749246.0, "sentiment": ""}, {"id": 150919272, "text": "$AMZN is rated a Buy since December 26, 2018 and is 38% above its median level. http://bit.ly/2FxMpgD", "time": 1547748368.0, "sentiment": ""}, {"id": 150919057, "text": "@Mackinac What does this have to do with $AMZN?", "time": 1547747755.0, "sentiment": ""}, {"id": 150918869, "text": "$SPY \ud83c\udf0b\ud83d\udc40 $MU $AAPL $INTC $AMD $INTC $QQQ  $IWM $XLE $AMZN Today breakdown $SPY Rising Wedge\ud83d\udc4e\ud83d\udca1", "time": 1547747086.0, "sentiment": "Bearish"}, {"id": 150918823, "text": "$AMZN Michelle Obama&#39;s &#39;Becoming&#39; now has the longest No. 1 best-seller streak on Amazon since &#39;Fifty Shades of Grey&#39;", "time": 1547746929.0, "sentiment": ""}, {"id": 150918724, "text": "$AMZN The Phoenix, Arizona, facility where a dead newborn baby was found in a trash can in a women&#39;s restroom on Wednesday.ABC15", "time": 1547746600.0, "sentiment": ""}, {"id": 150918476, "text": "#Walgreens #Microsoft tech alliance gets a big \u201ceh\u201d from $WBA stock holders. $CI $MSFT $JPM $AMZN $BRK.A http://bit.ly/2AMOn8Q", "time": 1547745799.0, "sentiment": ""}, {"id": 150918259, "text": "$AMZN huge bear trap I cant wait.", "time": 1547744902.0, "sentiment": "Bullish"}, {"id": 150918234, "text": "$AMZN Mackenzie Bezos will go down in history as the best value investor ever.", "time": 1547744756.0, "sentiment": ""}, {"id": 150918165, "text": "$AMZN i added 3 puts yesterday at 1700 lets go down today.", "time": 1547744482.0, "sentiment": "Bearish"}, {"id": 150918112, "text": "$AMZN ", "time": 1547744264.0, "sentiment": "Bearish"}, {"id": 150918095, "text": "$AMZN it\u2019s looking like puts will be a good strategy today", "time": 1547744190.0, "sentiment": "Bearish"}, {"id": 150917818, "text": "$AMZN Brushing aside all Doom &amp; Gloom China- US meet informally at Davos, Switzerland 22nd to 25th to discuss trade and  formally Jan 30-31", "time": 1547742918.0, "sentiment": ""}, {"id": 150917729, "text": "$AMZN  Davos trade negotiations on track &amp; there could be more exchanges between China-US in Switzerland (22nd-25th) https://sc.mp/e8wvc", "time": 1547742472.0, "sentiment": ""}, {"id": 150917715, "text": "$SPY For US Pres. Somalis,Afghans put your foot in bordless US and live here!8 more billion potential US ppl \ud83d\ude0e $AAPL $AMZN $FB $GOOGL $NFLX", "time": 1547742382.0, "sentiment": "Bullish"}, {"id": 150917620, "text": "$AMZN China, US to hold trade talks in Washington on January 30-31 South China News 01-17-19 https://sc.mp/13ayo via @SCMPNews", "time": 1547741807.0, "sentiment": ""}, {"id": 150917346, "text": "In the last month $AMZN has a been trading in the 1307.00 - 1705.00 range, which is quite wide. https://www.chartmill.com/analyze.php?utm_source=stocktwits&amp;utm_medium=TA&amp;utm_content=TA&amp;utm_campaign=social_tracking#/AMZN?key=7e23e545-7a86-47d1-a0b4-6048c3164d97", "time": 1547740367.0, "sentiment": ""}, {"id": 150917319, "text": "$SPY Revenge against\u201dEVIL\u201d/capitalist banks.Venezuelahere we come!Maybe time to take the millions and quit the market $AAPL $AMZN $FB $GOOGL", "time": 1547740196.0, "sentiment": "Bullish"}, {"id": 150916919, "text": "$AMZN To all the Bears Enjoy Shorting Thursday! We will however have 4 days of China-US trade talks in Davos Switzerland next wk (Tues-Fri!)", "time": 1547738198.0, "sentiment": ""}, {"id": 150916869, "text": "$AMZN Fed Now Dovish!", "time": 1547737921.0, "sentiment": ""}, {"id": 150916867, "text": "$AMZN  Netfl;ix tonite and next week Four day China US Davos Trade talks 22nd-25th! China visits US on 30-31st for further trade talks", "time": 1547737910.0, "sentiment": ""}, {"id": 150916859, "text": "$AMZN amzn at this price now I\u2019m overseas", "time": 1547737881.0, "sentiment": ""}, {"id": 150916855, "text": "$AMZN Auto tarriffs, Huwei, Shrinking China GDP, UK May no confidence vote- Nasdaq tanked", "time": 1547737843.0, "sentiment": ""}, {"id": 150916455, "text": "$NFLX $AMZN The Mountains are getting old and skinny for sure.", "time": 1547736216.0, "sentiment": ""}, {"id": 150916229, "text": "$AMZN Are there any bull cases tomorrow for $AMZN ?", "time": 1547735087.0, "sentiment": ""}, {"id": 150916221, "text": "$SPY $AAPL $AMZN $TSLA $NFLX $FB $BABA $GOOGL $QQQ I\u2019m pretty healthy looking after that dump in December", "time": 1547735023.0, "sentiment": ""}, {"id": 150915925, "text": "$AMZN Trump &#39;inclined&#39; to impose new U.S. auto tariffs: senator https://reut.rs/2MgOC0r", "time": 1547733756.0, "sentiment": ""}, {"id": 150915890, "text": "$AMZN If I sell existing stock for $2K loss tomorrow and buy puts for same, will I inoccur wash sale on above loss?", "time": 1547733662.0, "sentiment": ""}, {"id": 150915871, "text": "$AMZN Stocks get a bit of a further knock on the day https://www.forexlive.com/news/!/stocks-get-a-bit-of-a-further-knock-on-the-day-20190117", "time": 1547733565.0, "sentiment": ""}, {"id": 150915809, "text": "$AMZN I&#39;m waiting for the stock split and subsequent crash before taking a long position!\ud83d\ude0a", "time": 1547733341.0, "sentiment": ""}, {"id": 150915786, "text": "$AMZN $NFLX $AAPL $GOOG $FB $QQQ $SPY $DJIA The stocks to keep close eye on tomorrow are the FAANGs.  Shud run all day esp AMZN &amp; NFLX w/ ER", "time": 1547733246.0, "sentiment": "Bullish"}, {"id": 150915696, "text": "$SPY $SPX $QQQ $NFLX $AMZN The bears are getting old and skinny for sure.", "time": 1547732964.0, "sentiment": ""}, {"id": 150915579, "text": "So true $SPY $AAPL $AMZN $TSLA $NFLX $FB $BABA $GOOGL $QQQ \ud83e\udd10", "time": 1547732574.0, "sentiment": ""}, {"id": 150915576, "text": "$AMZN FUT is red but will turn green in the morning!", "time": 1547732557.0, "sentiment": "Bullish"}, {"id": 150915374, "text": "$NQ_F $QQQ $AMZN  sellers weak can&#39;t press lower, possible sell failure then back up, some red is good for better prices on amzn calls \ud83d\udc4c", "time": 1547731922.0, "sentiment": "Bullish"}, {"id": 150915136, "text": "$AMZN The FireTV stick has changed my life. Amazon owes me nothing.", "time": 1547731192.0, "sentiment": ""}, {"id": 150915007, "text": "@webs5170 @AmandaRae \n\nThe of the $SPY is $AMZN \n\nDo u know what three white soldiers on a weekly time frame is?", "time": 1547730828.0, "sentiment": "Bullish"}, {"id": 150914684, "text": "@TraderEquities $AMZN The headline reads &quot;China and Hong Kong stocks climb&quot; not slide, CLIMB as in UP...", "time": 1547730095.0, "sentiment": ""}, {"id": 150914476, "text": "$AMZN was this a foolish buy! please let me know!", "time": 1547729616.0, "sentiment": "Bullish"}, {"id": 150914352, "text": "$AMZN $SPY $TSLA \n\nTo every BEAR that thinks we can\u2019t just go straight up,&amp; retest,&amp; bad futures\n\nAll u need from futures is Nas&gt;DOW=risk on", "time": 1547729324.0, "sentiment": "Bullish"}, {"id": 150913468, "text": "$AMZN $SPY $TSLA \n\nI told u all at 10am that they would blk me\n\nThe reason they can\u2019t handle seeing they\u2019re own posts is EMBARRASSMENT", "time": 1547727662.0, "sentiment": "Bullish"}, {"id": 150913174, "text": "$NFLX i&#39;m wondering if netflix will suffer from the same thing as amazon for raising their prime cost. i cancelled my $AMZN subscription.", "time": 1547727239.0, "sentiment": ""}, {"id": 150912928, "text": "$AMZN $SPY @PEEGATE \n\nKeep looking, he\u2019s the one in the middle&gt;&gt;", "time": 1547726845.0, "sentiment": "Bullish"}, {"id": 150912915, "text": "$AMZN once a nerd always a nerd.  Wait until the second divorce settlement.", "time": 1547726829.0, "sentiment": ""}, {"id": 150912606, "text": "$AMZN Is ER date Jan 30 or Feb 7\uff1f", "time": 1547726348.0, "sentiment": ""}, {"id": 150912498, "text": "$AMZN $SPY $TSLA \n\nBut wants u to think u are on his fake chart\n\nIn reality, you are also here \ud83e\udd21\ud83e\udd21\ud83e\udd21&gt;&gt;", "time": 1547726156.0, "sentiment": "Bullish"}, {"id": 150912429, "text": "$AMZN $SPY $TSLA \n\nThe daily crash caller TheNamelessKing\n\nYou are here&gt;&gt;&gt;\n\nYou are actually still there\ud83d\ude02\ud83d\ude02\ud83d\ude02", "time": 1547726061.0, "sentiment": "Bullish"}, {"id": 150912247, "text": "$DJIA $SPY $AMZN $FB \n&#39;24500 Next&#39; With FED Pause Rumored on Jan. 30th and Earnings on AMZN Jan. 31st...&#39;25200&#39; Another 1000 Points. $STUDY", "time": 1547725798.0, "sentiment": ""}, {"id": 150911910, "text": "$SPY whole night bears have fun on speculation, when day starts, they hide \ud83d\ude09\ud83e\udd13\ud83d\udcb0\ud83e\udd11\ud83d\ude08\ud83d\ude1c\ud83d\ude0e $AAPL $AMZN $NVDA $FB $BABA $QQQ", "time": 1547725324.0, "sentiment": "Bullish"}, {"id": 150911695, "text": "$DJIA $SPY $AMZN $AAPL \nStay The Course... &#39;24500 Next&#39;", "time": 1547725015.0, "sentiment": ""}, {"id": 150911414, "text": "$AMZN US crude oil output hits record high \nhttps://www.fxstreet.com/news/us-crude-oil-output-hits-record-high-201901170405", "time": 1547724566.0, "sentiment": ""}, {"id": 150911197, "text": "$AMZN https://www.marketwatch.com/investing/index/shcomp?countrycode=cn  China Stock Futures solid Green (Nikkei Flat/Green)", "time": 1547724268.0, "sentiment": ""}, {"id": 150911167, "text": "$AMZN $NFLX $SPY \n\nYou are finally here\ud83e\udd21\ud83e\udd21\ud83e\udd21\n\n\ud83d\ude02\ud83c\udf4c", "time": 1547724216.0, "sentiment": "Bullish"}, {"id": 150911136, "text": "$AMZN $SPY \n\nYou are also here \ud83e\udd21\ud83e\udd21", "time": 1547724166.0, "sentiment": "Bullish"}, {"id": 150911101, "text": "$AMZN $SPY $QQQ $NFLX \n\nYou are here\ud83e\udd21\n\n         *****READ WHOLE THREAD****", "time": 1547724128.0, "sentiment": "Bullish"}, {"id": 150911061, "text": "@Vicepre yes, this happens too. I\u2019m more bearish than bullish after recent move up. We added $AMZN Prime as NFLX barely has anything new. \ud83d\ude43", "time": 1547724064.0, "sentiment": "Bearish"}, {"id": 150910919, "text": "$AMZN China cuts borrowing costs while keeping rates on hold SCN https://sc.mp/plomd via @SCMPNews", "time": 1547723886.0, "sentiment": ""}, {"id": 150910825, "text": "$AMZN Trump \u2018inclined\u2019 to impose tariffs on US auto imports, senator says South China News https://sc.mp/mxv7n via @SCMPNews", "time": 1547723765.0, "sentiment": ""}, {"id": 150910604, "text": "$AMZN holding on to puts till friday...entered trade for a reason and will stick to it", "time": 1547723481.0, "sentiment": ""}, {"id": 150910500, "text": "$AMZN any theories on why so hard to get through 1700?", "time": 1547723388.0, "sentiment": ""}, {"id": 150910192, "text": "$AMZN $SPY $NFLX\n\nYou are here\ud83e\udd21\n\n\ud83e\udd2b", "time": 1547723094.0, "sentiment": "Bullish"}, {"id": 150910043, "text": "$AMZN China Stocks Futures shrugging off Doom &amp; Gloom lierature in Thur Asia !! (China, HK Solid Green Nikkei flat ) https://www.marketwatch.com/investing/index/shcomp?countrycode=cn", "time": 1547722902.0, "sentiment": ""}, {"id": 150909885, "text": "$AMZN Sold some JPM and Some APPLE to buy a good load of AMZN. 2019 Should be a good year. Specially if health insurance is in the cards!", "time": 1547722672.0, "sentiment": "Bullish"}, {"id": 150909877, "text": "$AMZN BEZOS BLESS ME", "time": 1547722665.0, "sentiment": "Bullish"}, {"id": 150909772, "text": "$NQ_F $QQQ $SPY $AMZN $NFLX  think this goes up 200 points into and after nflx er tomorrow, this is the bottom", "time": 1547722519.0, "sentiment": "Bullish"}, {"id": 150909578, "text": "Besides having an excellent technical rating, $AMZN also presents a decent setup pattern. https://www.chartmill.com/analyze.php?utm_source=stocktwits&amp;utm_medium=TA&amp;utm_content=SETUP&amp;utm_campaign=social_tracking#/AMZN?key=7e23e545-7a86-47d1-a0b4-6048c3164d97", "time": 1547722247.0, "sentiment": ""}, {"id": 150909574, "text": "$AMZN SOMEONE GET PRESIDENT XI ON THE LINE AND TELL HIM HE NEEDS TO BUY SHITLOAD OF BEAAAANS NOOOOOOOOOOOW!!!!!!!!!!", "time": 1547722241.0, "sentiment": "Bullish"}, {"id": 150909419, "text": "$AMZN https://www.marketwatch.com/investing/index/shcomp?countrycode=cn Shangahi Composite Futures solid Green In Thur Asia!!!!! Ditto Hang Seng!!!", "time": 1547722092.0, "sentiment": ""}, {"id": 150908673, "text": "$SPY $SPX $FB $APPL $AMZN $NFLX $GOOGL  # 1,2, &amp; 3 done. Now at #4. I 100% believe step #5 will be done. Global slowdown/recession step 6...", "time": 1547721236.0, "sentiment": "Bearish"}, {"id": 150908520, "text": "$NFLX $amzn reported surprised beat back in 10/18 stocked jumped 13% they also announced price hike the same day ....not the day before", "time": 1547721072.0, "sentiment": ""}, {"id": 150908379, "text": "$AMZN https://www.marketwatch.com/investing/index/shcomp?countrycode=cn  Hang Seng &amp; Shanghai futures now green in Thur Asia!", "time": 1547720930.0, "sentiment": ""}, {"id": 150908325, "text": "$AMZN Nasdaq just Flat Red in Thur Asia  (Shanghai composite &amp; Nasdaq both going north slowly!)", "time": 1547720869.0, "sentiment": ""}, {"id": 150908285, "text": "$AMZN  yes......Yes I do believe you have it right this time. Nice", "time": 1547720821.0, "sentiment": ""}, {"id": 150908184, "text": "$AMZN China just broke the opening downtrend. Its all good in daHood", "time": 1547720730.0, "sentiment": "Bullish"}, {"id": 150908157, "text": "$AMZN Asia markets (Flat) China concerns GDP linger CNBC https://cnb.cx/2W1fR3o", "time": 1547720703.0, "sentiment": ""}, {"id": 150908123, "text": "$ES_F $NQ_F $AMZN $NFLX $AAPL $SPY $QQQ  this get some sleep bears \ud83d\udca4\ud83d\ude34 stop sweating, bulls want cheap calls but this prob open gap green", "time": 1547720667.0, "sentiment": "Bullish"}, {"id": 150908094, "text": "Thurs \ud83d\udc401 $AMZN $AAPL $FB $AMD $GOOGL $GS $BAC $EA $MSFT $BABA $MU $INTC $BA $CRM $ADBE $CMG $AXP $DPZ $CGC $CRON $MNST $ADMP $CGIX $LIFE", "time": 1547720634.0, "sentiment": ""}, {"id": 150907771, "text": "$AMZN Can extend here toward 1965 #Elliottwave The 12/3 high will provide tough resistance though at 1778", "time": 1547720270.0, "sentiment": ""}, {"id": 150907433, "text": "$AMZN $DJIA $AAPL $NFLX futures low. Might be some good buys tomorrow", "time": 1547719832.0, "sentiment": ""}, {"id": 150906997, "text": "$AMZN I&#39;ve noticed when the NASDAQ futures outpace the DOW futures...\u2026 It usually translates into a roaring day! TIN FOIL HAT TIME BOYZ", "time": 1547719330.0, "sentiment": "Bullish"}, {"id": 150906921, "text": "$AMZN Huawei (Phone co) criminal investigation; &amp; 2019 contracting China GDP are two issues driving Thur Asia Equities B4 Netflix posts ER", "time": 1547719245.0, "sentiment": ""}, {"id": 150906882, "text": "$pcg $nflx $amzn Some moves and trades from the room today. other pro&#39;s in here making many of their own calls too. https://stocktwits.com/r/trading4living/", "time": 1547719208.0, "sentiment": ""}, {"id": 150906640, "text": "$AMZN  Eight out of 12 Chinese provinces say they have slashed GDP targets for 2019. South China News 01-17 https://sc.mp/8y4ls", "time": 1547718936.0, "sentiment": ""}, {"id": 150906483, "text": "$AMZN China, Hong Kong stocks slide on Huawei probe &amp;  lower 2019 China GDP targets Thur South China News 01-17 https://sc.mp/8y4ls", "time": 1547718763.0, "sentiment": ""}, {"id": 150905675, "text": "We will see $NFLX  \nAs we saw $NVDA $FB $AAPL $GOOGL $AMZN  \nFun time begins! $SPY $QQQ  \nLove #TeddyBear", "time": 1547717941.0, "sentiment": "Bearish"}, {"id": 150905634, "text": "$AMZN How Amazon is beating Google in the smart assistant wars  \n \nhttps://finance.yahoo.com/news/how-amazon-alexa-is-winning-the-smart-assistant-race-193904486.html \n$GOOGL $GOOG", "time": 1547717892.0, "sentiment": "Bullish"}, {"id": 150904783, "text": "@BodaciousTaTa all those were stagnant tday, $SQ $MSFT even $AMZN ended ugly. Futures look ugly, towm could be a good day to pick up some.", "time": 1547717086.0, "sentiment": ""}, {"id": 150904747, "text": "In terms of negatives for $AMZN, there is 1 bearish indicator as of 01-16 https://dividendbot.com?s=AMZN", "time": 1547717045.0, "sentiment": ""}, {"id": 150904514, "text": "$AMZN painful 20 pt only short day trade :) not the usual 50-60 pts", "time": 1547716827.0, "sentiment": ""}, {"id": 150904481, "text": "$AMZN *BIG QUESTION TWITS!* AMZN up or down this Friday morning?? I say up minimum 50 points Friday morning! Who is with me??", "time": 1547716794.0, "sentiment": "Bullish"}, {"id": 150904442, "text": "$AMZN 1/ I&#39;m Long&amp;Bull. Unfortunately I am sure we have strong headwinds coming. The US faces perhaps it&#39;s most challanging geopolitical ...", "time": 1547716757.0, "sentiment": "Bullish"}, {"id": 150904347, "text": "$AMZN one last healthy pulled back before earnings run up??", "time": 1547716671.0, "sentiment": "Bearish"}, {"id": 150903962, "text": "$AMZN (Equities Futures red) U.S. lawmakers introduce bipartisan bills targeting China&#39;s Huawei and ZTE https://reut.rs/2suNFbZ", "time": 1547716315.0, "sentiment": ""}, {"id": 150903797, "text": "$AMZN https://www.marketwatch.com/investing/index/shcomp?countrycode=cn   Asia Stock futures flat red", "time": 1547716145.0, "sentiment": ""}, {"id": 150903684, "text": "Others did in the past.  If  sit by and wait then others will take the growth market, ask $NFLX $AMZN &amp; $TSLA competitors what happened by", "time": 1547716046.0, "sentiment": "Bullish"}, {"id": 150903491, "text": "$AMZN Why Futures Red? China? Huawei?", "time": 1547715854.0, "sentiment": ""}, {"id": 150903459, "text": "$AMZN  Netflix report earnings on 01/17 after close. report will be for the fiscal Quarter ending Dec 2018. Nasdaq https://www.nasdaq.com/earnings/report/nflx", "time": 1547715823.0, "sentiment": ""}, {"id": 150903370, "text": "$AMZN $NFLX - Netflix Q4 2018 Earnings Preview EPS Estimate is $0.24  Consensus Revenue Estimate is $4.21B . https://seekingalpha.com/news/3423624-netflix-q4-2018-earnings-preview?source=tweet", "time": 1547715741.0, "sentiment": ""}, {"id": 150903216, "text": "$AMZN how low can we see $amzn if $nflx tanks looking on some puts on amazon", "time": 1547715591.0, "sentiment": ""}, {"id": 150903136, "text": "Other stocks that done it in the not so distant past is $NFLX $TSLA $AMZN but the list is very long, so $ACB is not alone in seeing how", "time": 1547715511.0, "sentiment": "Bullish"}, {"id": 150903121, "text": "$AMZN - Only 56.4% &gt; $1683.78 one week later. Neither good or bad. More info: https://cb.stockenja.com/st/AMZN", "time": 1547715504.0, "sentiment": ""}, {"id": 150902932, "text": "$AMZN 1750 fri if $nflx crushes ER", "time": 1547715320.0, "sentiment": ""}, {"id": 150902931, "text": "Market Review\nhttps://youtu.be/rvw1HgBqVeU\n$AVGO $AMZN $ATVI $BA $NVDA $BIDU $BABA $GILD $AMGN $FIVE", "time": 1547715320.0, "sentiment": ""}, {"id": 150902885, "text": "$AMZN Feds launch criminal probe into Huawei over alleged trade theft (Stolen T-Mobile technology) https://on.mktw.net/2McZXOY  MW", "time": 1547715273.0, "sentiment": ""}, {"id": 150902611, "text": "$AMZN Trade war sees China\u2019s provinces slash forecasts. 8 provinces set lower 2019 GDP growth targets. S China News  https://sc.mp/vaz8j", "time": 1547714978.0, "sentiment": ""}, {"id": 150902304, "text": "$AMZN Beijing redoubles efforts to quell fears about state of its economy Thur South China News 01-17 https://sc.mp/7f7jn via @SCMPNews", "time": 1547714688.0, "sentiment": ""}, {"id": 150902198, "text": "$AMZN Wont move until Netflix earnings. After that either 50 points up or 50 points down", "time": 1547714573.0, "sentiment": ""}, {"id": 150902126, "text": "$AMZN If we hit $1800 this Friday PIZZA ON ME BOYS. If we are sub-1750 I&#39;ll post the carnage that is my portfolio :OOOO", "time": 1547714513.0, "sentiment": "Bullish"}, {"id": 150901813, "text": "$AMZN can see $1585-1610 this week.", "time": 1547714227.0, "sentiment": "Bearish"}, {"id": 150901674, "text": "$NVDA $AAPL $AMD $MU $AMZN $FB $NFLX $TSLA  $MSFT $PYPL \nspy printed red candle 4hr chart, nflx er important, 2500!?\nhttps://youtu.be/TKGFlUJfr90", "time": 1547714113.0, "sentiment": ""}, {"id": 150901572, "text": "To Jack Bogle, one of the OG HODLer: thanks and rest well. $FB $AMZN $AAPL $NFLX $GOOGL $VOO", "time": 1547714033.0, "sentiment": ""}, {"id": 150901550, "text": "$AMZN Always On Time! &#39;1800.00&#39;\nFollow @Shortseller", "time": 1547714015.0, "sentiment": ""}, {"id": 150901478, "text": "$AMZN wheres pineapple \ud83c\udf4d or was it banana \ud83c\udf4c", "time": 1547713946.0, "sentiment": ""}, {"id": 150901124, "text": "$AMZN Neg impact to Amazon??", "time": 1547713630.0, "sentiment": ""}, {"id": 150901035, "text": "$AMZN Beijing beefs up stimulus https://cnb.cx/2DejVWJ  CNBC", "time": 1547713546.0, "sentiment": ""}, {"id": 150900161, "text": "@Tzrstar7 If the product they currently hold is legit. I see no reason why this is not another $AMZN stock.", "time": 1547712799.0, "sentiment": ""}, {"id": 150900028, "text": "$AMZN jobless clainmns at 8:30. Its @garza day tomorrow\n\n https://www.investing.com/news/stock-market-news/day-ahead-top-3-things-to-watch-1749164 \n\n To download the Investing App \n http://bit.ly/InvApp", "time": 1547712695.0, "sentiment": "Bullish"}, {"id": 150899926, "text": "$DJIA $SPY $AMZN $AAPL days \nlater we said, &#39;Melt Up To 24500 Next&#39;", "time": 1547712614.0, "sentiment": ""}, {"id": 150899810, "text": "\ud83c\udfaf $FB:  Into and After Earnings January 30 #sent\n\u2714 $NFLX $AMZN $GOOGL $AAPL already covered", "time": 1547712513.0, "sentiment": ""}, {"id": 150899744, "text": "$AMZN Everybody kbows the bottom is in now. \n\nhttps://www.marketwatch.com/story/head-of-worlds-largest-asset-manager-says-stock-market-has-hit-a-bottom-but-this-would-make-it-surge-2019-01-16", "time": 1547712446.0, "sentiment": "Bullish"}, {"id": 150898834, "text": "$AMZN rejecting so far MA200, didn&#39;t like today&#39;s candle", "time": 1547711712.0, "sentiment": ""}, {"id": 150898348, "text": "$AMZN $AAPL $GOOG $GOOGL $BRK.B $BRK.A $ADBE $FB $NFLX $TWTR $SQ $NVDA $MSFT $ADBE $BA $TSLA $SHOP \nJust Out: Amazon Back Up Service", "time": 1547711265.0, "sentiment": "Bullish"}, {"id": 150897975, "text": "$AMZN news out! AWS Backup service! Very nice!  Heading to $1800 tomorrow", "time": 1547710953.0, "sentiment": "Bullish"}, {"id": 150897894, "text": "[VIDEO] 9 Reasons NOT To Short This Rally $SPX $SPY $QQQ $AAPL $NFLX $FB $AMZN $GOOGL $XLF $USO - click link &gt;&gt; https://www.thetradinganalyst.com/bear-market-crash-trading-options-strategies-for-beginners/", "time": 1547710892.0, "sentiment": ""}, {"id": 150897877, "text": "$AMZN i hope your right,what\u2019s gonna be the catalyst??", "time": 1547710877.0, "sentiment": ""}, {"id": 150897688, "text": "[VIDEO] Analysis + Strategy Session... Find The Next Breakout $AMZN $EBAY $JD $TWTR $V $JD $EBAY - click link &gt;&gt; https://www.thetradinganalyst.com/option-trading-strategy-for-beginners-ebay-v-amzn-twtr-by-t/", "time": 1547710726.0, "sentiment": ""}, {"id": 150897574, "text": "$AMZN  i thought the fuse was partially lit???", "time": 1547710640.0, "sentiment": "Bullish"}, {"id": 150897537, "text": "Dow up 141 as investors await word on Trade Progress/ Gov Shutdown. $TSLA $AMZN up. Cannabis stocks rise $CRON Live https://www.periscope.tv/NaviAvatar", "time": 1547710613.0, "sentiment": ""}, {"id": 150897009, "text": "$AMZN I think this will bounce back from 1665 area tomorrow at open. Possibly lower.", "time": 1547710236.0, "sentiment": "Bullish"}, {"id": 150896758, "text": "$AMZN its just closing the gap so we can fly tomorrow", "time": 1547710030.0, "sentiment": "Bullish"}, {"id": 150896300, "text": "$AMZN freight train", "time": 1547709693.0, "sentiment": "Bullish"}, {"id": 150896226, "text": "$AMZN the secret is always buy low sell high unless you\u2019re shorting it.  Hold core positions and swing trade chunks and never sell at a loss", "time": 1547709635.0, "sentiment": "Bullish"}, {"id": 150896205, "text": "$MDB bullies with SSPL.  $AMZN provides DocumentDB, mongodb compatible.\nhttps://aws.amazon.com/blogs/aws/new-amazon-documentdb-with-mongodb-co", "time": 1547709624.0, "sentiment": ""}, {"id": 150896150, "text": "$AMZN anzn to beAt er again\n\nhttps://www.zacks.com/stock/news/347488/why-amazon-amzn-is-poised-to-beat-earnings-estimates-again", "time": 1547709581.0, "sentiment": "Bullish"}, {"id": 150896038, "text": "$AMZN SOMEBODY TELL AMZN THAT ITS GOING THE WRONG WAY!!!!!", "time": 1547709487.0, "sentiment": "Bullish"}, {"id": 150895660, "text": "$AMZN And Now &#39;1800.00&#39; \n&#39;Stay The Course&#39;", "time": 1547709200.0, "sentiment": ""}, {"id": 150894972, "text": "Calculating total gain from my $SPY position held overnight as part of today\u2019s gains but not the case. Down about $300 today -&gt; $AMZN", "time": 1547708694.0, "sentiment": ""}, {"id": 150894775, "text": "$AMZN trying to get used to AMZN being flat as fuck! Where\u2019s the volatility???", "time": 1547708544.0, "sentiment": ""}]