[{"id": 152057184, "text": "$AMZN $SPY $AAPL \n\nCook was big...\n\nBut Powell is bigger", "time": 1548828063.0, "sentiment": "Bullish"}, {"id": 152057082, "text": "Bulls right now $AAPL $AMD  $MSFT $FB $AMZN", "time": 1548828015.0, "sentiment": "Bullish"}, {"id": 152056799, "text": "$AAPL $AMZN \n\nThe biggest idiot of all time Stocktwits history has moved from AMAZON BOARD to five u his superior advice on Apple now\ud83d\ude02\ud83d\ude02\ud83d\ude02", "time": 1548827870.0, "sentiment": ""}, {"id": 152056474, "text": "@stringsoflife strings my friend. Strings.  $AMD is not $AMZN, but they look good together w/ similar PE arguments", "time": 1548827708.0, "sentiment": ""}, {"id": 152056382, "text": "$AMZN \n\nI have seen every post since amazon has been 375\n\nTHIS IS THE BIGGEST \ud83e\udd21 IN THE HISTORY OF ALL of stocktwits", "time": 1548827664.0, "sentiment": ""}, {"id": 152056249, "text": "@Banana3 $AMZN good for him", "time": 1548827599.0, "sentiment": "Bullish"}, {"id": 152056243, "text": "$AMZN \n\nNot one post anyone is allowed to make on this board without attaching this guy&gt;&gt;\n\nTelling ppl they are A-holes\n\nWRONG SINCE 375$", "time": 1548827595.0, "sentiment": "Bullish"}, {"id": 152056232, "text": "$AMZN $AAPL don\u2019t read", "time": 1548827590.0, "sentiment": ""}, {"id": 152056105, "text": "$AMZN $AAPL\n\n*****EVERYONE STOP\nposting***\n\n***STOP TRADING***\n\nOnce and for all. Have 1 of these \ud83e\udd21show u they own anything of value", "time": 1548827525.0, "sentiment": "Bullish"}, {"id": 152056095, "text": "$AMZN up $20 AH, calls 15 Feb 19", "time": 1548827522.0, "sentiment": "Bullish"}, {"id": 152056086, "text": "$AMZN", "time": 1548827519.0, "sentiment": ""}, {"id": 152055835, "text": "$AMZN 1700", "time": 1548827401.0, "sentiment": "Bullish"}, {"id": 152055754, "text": "On Seeking Alpha $AMZN up $20.13 post market:-)", "time": 1548827366.0, "sentiment": "Bullish"}, {"id": 152055628, "text": "$AMZN AMZN @ present looks up Post market $20.13, looking nice\ud83d\ude09", "time": 1548827308.0, "sentiment": "Bullish"}, {"id": 152055620, "text": "$AMZN is $AAPL the news amazon was waiting for to reach highs?", "time": 1548827306.0, "sentiment": ""}, {"id": 152055569, "text": "$AMZN \nIf Apple was down on earnings this would be down 4% already instead its barely up", "time": 1548827280.0, "sentiment": ""}, {"id": 152055215, "text": "My only regret is I shifted around cash too late and didn&#39;t get to buy any sub 1600 $AMZN! I have a feeling it won&#39;t be there again B4 ER \ud83d\ude2b", "time": 1548827101.0, "sentiment": ""}, {"id": 152055176, "text": "$AMZN please short ah ha...cant wait for news on healthcare too", "time": 1548827085.0, "sentiment": "Bullish"}, {"id": 152054750, "text": "$AMZN how can I see my fidelity account after hours would like to see how much I\u2019m up", "time": 1548826881.0, "sentiment": ""}, {"id": 152054587, "text": "@GreenlikeDraymond $AMZN", "time": 1548826807.0, "sentiment": "Bullish"}, {"id": 152054505, "text": "$AMZN", "time": 1548826766.0, "sentiment": ""}, {"id": 152054175, "text": "$AMZN bears ran for cover?", "time": 1548826628.0, "sentiment": "Bullish"}, {"id": 152053043, "text": "$AMZN if $fb up tomorrow amzn up 100 dolars  wednesday", "time": 1548826188.0, "sentiment": ""}, {"id": 152053010, "text": "$AMZN Clean AH curl w/ AAPL. $NVDA $NFLX $FB etc.", "time": 1548826173.0, "sentiment": ""}, {"id": 152052991, "text": "$AMZN \n\nI STOOK MY NECK OUT WHEN FEW WOULD at the lows..\n\nI told the Fear Mongers on DECEMBER 28 any PUT under 1500 is ZERO 4EVER", "time": 1548826163.0, "sentiment": "Bullish"}, {"id": 152052969, "text": "$AAPL $AMZN Dumb Bears made me buy Puts with their stupid dumping", "time": 1548826151.0, "sentiment": "Bullish"}, {"id": 152052966, "text": "$AMZN im so happy", "time": 1548826150.0, "sentiment": "Bullish"}, {"id": 152052891, "text": "$AMZN 10 green days ahead", "time": 1548826112.0, "sentiment": "Bullish"}, {"id": 152052754, "text": "$AAPL Conf call is turning the screws for Shorts tomorrow in Tech + $AMD helping as well. Wow $AMZN $SPY $NFLX $QQQ $BB $GOOG", "time": 1548826058.0, "sentiment": "Bullish"}, {"id": 152052416, "text": "$AMZN And so it begins", "time": 1548825928.0, "sentiment": "Bullish"}, {"id": 152052141, "text": "$AAPL love to see a short squeeze in a mega cap.  Next on deck is $amzn thursday.", "time": 1548825812.0, "sentiment": "Bullish"}, {"id": 152051835, "text": "$AMZN which was todays high", "time": 1548825706.0, "sentiment": "Bullish"}, {"id": 152051665, "text": "$AMZN going to ride AAPL till Friday!", "time": 1548825642.0, "sentiment": "Bullish"}, {"id": 152051636, "text": "$AMZN should test the 1632 level tomorrow", "time": 1548825634.0, "sentiment": "Bullish"}, {"id": 152051552, "text": "$AMZN will go up $60-80 tomorrow.", "time": 1548825601.0, "sentiment": "Bullish"}, {"id": 152051502, "text": "$AMZN I think $AAPL and $AMD is bringing this up", "time": 1548825580.0, "sentiment": "Bullish"}, {"id": 152051110, "text": "$AMZN realisticall, how high tomorrow?", "time": 1548825465.0, "sentiment": ""}, {"id": 152051086, "text": "$AAPL TGT HIT!!!!! SEE U ON $AMZN out off THE Box!!!!!", "time": 1548825457.0, "sentiment": "Bullish"}, {"id": 152050822, "text": "$AMZN why is this down again?apple?", "time": 1548825373.0, "sentiment": "Bullish"}, {"id": 152050815, "text": "$AAPL $AMZN Amazon has fire TV which got 150/400 of TV reviews in 7 days on their website.  Apple needs a REAL Apple TV. iPhone as remote", "time": 1548825372.0, "sentiment": ""}, {"id": 152050523, "text": "$AMZN why is it falling now, wtf", "time": 1548825274.0, "sentiment": ""}, {"id": 152050337, "text": "$AMZN wow look at AAPL", "time": 1548825208.0, "sentiment": ""}, {"id": 152050201, "text": "$AMZN low $2000\u2019s in next 39 days", "time": 1548825154.0, "sentiment": "Bullish"}, {"id": 152050167, "text": "$AMZN nice bounce off the 50", "time": 1548825143.0, "sentiment": ""}, {"id": 152050162, "text": "$EBAY Ebay needs its own hardware to differentiate themselves like $AMZN I love Ebay&#39;s app same as Amazon, but Amazon has better growth", "time": 1548825143.0, "sentiment": ""}, {"id": 152050034, "text": "$AAPL $AMZN $AAL $NIO $MSFT $SQ Dovish Fed tomorrow and some positive trade news and we fly to new all time high!! \ud83d\ude80", "time": 1548825104.0, "sentiment": "Bullish"}, {"id": 152049712, "text": "$AMZN if we\u2019re at 1630 at the open I\u2019m selling my calls", "time": 1548824992.0, "sentiment": "Bullish"}, {"id": 152049446, "text": "@MMASTOCKS \u2764\ufe0fmy $EBAY, $SYK, and $AMZN!  Even $TSLA~~~~~patience for this year\ud83d\ude18", "time": 1548824901.0, "sentiment": "Bullish"}, {"id": 152049371, "text": "$AMZN after Apple we\u2019ll start early", "time": 1548824874.0, "sentiment": ""}, {"id": 152049224, "text": "$AMZN crappy iphone sales good for amazon&quot;", "time": 1548824820.0, "sentiment": "Bullish"}, {"id": 152049108, "text": "$AMZN glad I didn\u2019t sell my calls", "time": 1548824776.0, "sentiment": "Bullish"}, {"id": 152049069, "text": "$AMZN this is why I\u2019m selling after ER. The key is the double exclamation marks.", "time": 1548824762.0, "sentiment": ""}, {"id": 152048798, "text": "$AMZN Woot! Woot!", "time": 1548824667.0, "sentiment": "Bullish"}, {"id": 152048752, "text": "$AMZN funny, isn\u2019t it, how quickly the market mood changes- do not time!! Stryker-KLA-Apple\u2014nice earnings pop! Bring on Amazon \ud83e\udd20\u2705", "time": 1548824647.0, "sentiment": "Bullish"}, {"id": 152048647, "text": "$AMZN $1700 before mkt close on Thursday and after ER $1850 by Friday!!", "time": 1548824614.0, "sentiment": "Bullish"}, {"id": 152048624, "text": "@Roth_Trader yes, $AAPL and $AMD are only up because $FB and $AMZN earnings haven&#39;t come out yet. makes total sense", "time": 1548824608.0, "sentiment": ""}, {"id": 152048564, "text": "$AMZN guess that Burberry coat I bought yesterday was free! Thank you bears!", "time": 1548824585.0, "sentiment": "Bullish"}, {"id": 152048500, "text": "$AMZN Selling my calls post ER, unless China trade gets resolved (which isn\u2019t happening). Everyone will be too exuberant after shorts sell.", "time": 1548824562.0, "sentiment": ""}, {"id": 152048438, "text": "$AAPL $AMD\nDon&#39;t be bulltarded.  \n\n$FB and $AMZN ERs are holding this up.", "time": 1548824540.0, "sentiment": "Bearish"}, {"id": 152048140, "text": "$AMZN love taking money from the noob noobs. Shout out to @Stizy for being a fool", "time": 1548824435.0, "sentiment": ""}, {"id": 152048121, "text": "No position in $AAPL but I&#39;m relieved this former innovator didn&#39;t drag down the $DJIA $NDX market like last time! $AMZN is going to smoke!", "time": 1548824429.0, "sentiment": "Bullish"}, {"id": 152048088, "text": "$AMZN there goes the put value.. but happy to take that loss as calls will gain. All I need is big movement either way!", "time": 1548824414.0, "sentiment": ""}, {"id": 152048084, "text": "$AMZN China  Trade Delegation In Washington DC now (Two days Jan 30-31st)", "time": 1548824413.0, "sentiment": ""}, {"id": 152047900, "text": "$AMZN we all love Amazon &amp; Whole Foods", "time": 1548824347.0, "sentiment": "Bullish"}, {"id": 152047752, "text": "$AMZN added for ER run $1800.00", "time": 1548824302.0, "sentiment": "Bullish"}, {"id": 152047705, "text": "$AMZN \n\nI actually like this guys GIF\n\nHe\u2019s just not gonna like his PUTS tomrw\ud83c\udf4c\ud83c\udf4c\ud83c\udf4c", "time": 1548824289.0, "sentiment": "Bullish"}, {"id": 152047690, "text": "$AMZN Chinese vice premier arrives in Washington for economic, trade consultations - Xinhua | http://www.xinhuanet.com/english/2019-01/29/c_137783737.htm#0-twi-1-18468-7250227817ecdff034dc9540e6c76667", "time": 1548824286.0, "sentiment": ""}, {"id": 152047676, "text": "$AMZN long and strong", "time": 1548824277.0, "sentiment": "Bullish"}, {"id": 152047653, "text": "$AMZN told you guys earlier, buy the fear. US consumer is strong Despite macro weakness.", "time": 1548824270.0, "sentiment": "Bullish"}, {"id": 152047267, "text": "$AMZN China invests $163.2 billion in infrastructure to stave off economic slowdown and effect of trade war https://sc.mp/8v2q5 via", "time": 1548824159.0, "sentiment": ""}, {"id": 152047203, "text": "$AMZN \ud83e\udd2b\ud83c\udf4c\ud83c\udf4c\ud83c\udf4c", "time": 1548824141.0, "sentiment": "Bullish"}, {"id": 152047109, "text": "$AMZN Today\u2019s move down was ridiculous. Hey Bulls I hope you all added to your positions. I did!", "time": 1548824115.0, "sentiment": ""}, {"id": 152047040, "text": "$AMZN more buying after hours, damn I missed it", "time": 1548824096.0, "sentiment": "Bullish"}, {"id": 152047002, "text": "$AMZN what a nice setup for ER. I love it. I need to go buy a Ferrari tomorrow.", "time": 1548824083.0, "sentiment": "Bullish"}, {"id": 152047000, "text": "$AMZN earnings- hope you covered! \u2705", "time": 1548824082.0, "sentiment": "Bullish"}, {"id": 152046736, "text": "$AMZN Fed &amp; Facebook On Wed China-US starts trade talks too!!!", "time": 1548823991.0, "sentiment": ""}, {"id": 152046500, "text": "$AMZN man that was a rough day to be 40 shares in, glad I held.", "time": 1548823933.0, "sentiment": "Bullish"}, {"id": 152046479, "text": "$AMZN $AAPL up on weak guidance. Maybe those changing diapers because of $AMZN ER can put away Depends. Should have bought calls as I said.", "time": 1548823927.0, "sentiment": ""}, {"id": 152046396, "text": "$AMZN it&#39;s going green after hours, amazon cant let apple have a +3% day and not be green!!", "time": 1548823902.0, "sentiment": "Bullish"}, {"id": 152046394, "text": "$AMZN (Zero Perecent chance Fed Rate Hike -CME 30- Day Fed Futures FOMC prediction method) CME FedWatch Tool  https://www.cmegroup.com/trading/interest-rates/countdown-to-fomc.html#.XFDKnxhneUw.twitter", "time": 1548823901.0, "sentiment": ""}, {"id": 152046343, "text": "$AMZN i enjoy watching short covering after hours lololol \ud83c\udf7f\ud83c\udf7f\ud83c\udf7f", "time": 1548823886.0, "sentiment": ""}, {"id": 152046322, "text": "$AMZN Don\u2019t worry Bears, you can stay at my house, you don\u2019t have to pay rent or bills, just cook and clean, and take my dog out for a walk", "time": 1548823878.0, "sentiment": "Bullish"}, {"id": 152046276, "text": "@Tradeworx I rather have that on Friday, after $MSFT and $AMZN report", "time": 1548823866.0, "sentiment": "Bullish"}, {"id": 152046271, "text": "$AMZN Bears have to know this has a $100+ move now coming", "time": 1548823865.0, "sentiment": "Bullish"}, {"id": 152045869, "text": "$AMZN Facebook earnings:Facebook Inc. is expected to report its most profitable quarter in history. https://on.mktw.net/2B2j9uw", "time": 1548823759.0, "sentiment": ""}, {"id": 152045704, "text": "$AMZN \ud83d\ude80 \ud83d\ude80 rocket $2000.00 by Friday", "time": 1548823713.0, "sentiment": "Bullish"}, {"id": 152045657, "text": "$AMZN Wed looks  good!. Algos will be partying north on the Futures Wed Asia;  Dovish Fed ( Zero Percent Rate hike) &amp; FB ER looks real good!", "time": 1548823701.0, "sentiment": ""}, {"id": 152045633, "text": "$AMZN after today tomorrow will be an EPIC SHORT SQUEEZE, so many people PILED in short under resistance!! SORRY SHORTS", "time": 1548823694.0, "sentiment": "Bullish"}, {"id": 152045390, "text": "$AMZN Rocket is in fuel mode whole day today", "time": 1548823617.0, "sentiment": "Bullish"}, {"id": 152045135, "text": "$AMZN Apple (AAPL) Tops Q1 EPS by 1c http://www.streetinsider.com/Earnings/Apple+%28AAPL%29+Tops+Q1+EPS+by+1c/15053201.html via @Street_Insider", "time": 1548823542.0, "sentiment": ""}, {"id": 152045018, "text": "$AMZN can we expect this to cover its losses tomorrow", "time": 1548823512.0, "sentiment": ""}, {"id": 152044778, "text": "$AMZN biggest thing is APPLE DIDNT MISS, id argue that was huge weight holding down stock today! amazon going to have awesome ER next", "time": 1548823445.0, "sentiment": "Bullish"}, {"id": 152044736, "text": "$AMZN AAPL not great--but better than their guidance.", "time": 1548823434.0, "sentiment": ""}, {"id": 152044626, "text": "$AMZN  AAPl just needed to be inline &amp; EBAY doing well + AMDsays the Sellers &amp; Shorts today are for a bad day tomorrow &amp; into ER, Now $BABA", "time": 1548823401.0, "sentiment": "Bullish"}, {"id": 152044397, "text": "$SPY $AMZN $GOOGL Both are in perpetual business. Meaning we keep buying and keep searching. It never ends unlike buying a phone", "time": 1548823339.0, "sentiment": "Bullish"}, {"id": 152044370, "text": "$AMZN aapl beats by a penny, one cent....they used to beat by dollars not one cent on lower expectations...did enough but thats all", "time": 1548823333.0, "sentiment": ""}, {"id": 152044366, "text": "$AMZN $AAPL \n\n\ud83c\udf4c \ud83c\udf4e \n\nSo Apple made the numbers after they announced selling their products on amazon\ud83e\udd14", "time": 1548823332.0, "sentiment": "Bullish"}, {"id": 152044349, "text": "$AMZN WE have a Zero Rate Hike Dovish Fed Wed and FB is expected to Beat Earnings!", "time": 1548823329.0, "sentiment": ""}, {"id": 152044312, "text": "$AMZN I expect a up day tmrw when the shorts get scared what if amzn beats.. slowly covering all day tmrw.", "time": 1548823321.0, "sentiment": ""}, {"id": 152044268, "text": "$AMZN a special Apple message to shorts", "time": 1548823312.0, "sentiment": ""}, {"id": 152044192, "text": "$AMZN Yessir!!! $AAPL beat. Will $TSLA affect amazon too,?", "time": 1548823296.0, "sentiment": "Bullish"}, {"id": 152044069, "text": "$AMZN  Yes Thanks be to God!", "time": 1548823266.0, "sentiment": ""}, {"id": 152043851, "text": "$AMZN thank God APPL beat. Look out tomorrow boys.", "time": 1548823214.0, "sentiment": "Bullish"}, {"id": 152043828, "text": "$APPL $AMZN next and we are in a new trend!", "time": 1548823210.0, "sentiment": "Bullish"}, {"id": 152043733, "text": "$AMZN we&#39;re next!  ;) $AAPL is a Family brand and so as $AMZN . We order anything from it every othr day. Lol", "time": 1548823185.0, "sentiment": "Bullish"}, {"id": 152043674, "text": "$AMZN omg fed is going to be hyper dovish tomorrow too, holy crap EARNINGS RUN IS ON BOYS", "time": 1548823168.0, "sentiment": "Bullish"}, {"id": 152043670, "text": "$AMZN $AAPL", "time": 1548823167.0, "sentiment": ""}, {"id": 152043650, "text": "$AAPL I have a feeling WS going to keep it here till $AMZN reports, cuz that&#39;s going to lift the whole market.", "time": 1548823162.0, "sentiment": "Bullish"}, {"id": 152043530, "text": "$AMZN AMZN up tomorrow 70+ points. Yes. My 1600 buy is paying off", "time": 1548823127.0, "sentiment": ""}, {"id": 152043409, "text": "$AMZN Congrats Longs! FAANGS!", "time": 1548823096.0, "sentiment": ""}, {"id": 152043408, "text": "$AMZN lets go green afterhours!!", "time": 1548823096.0, "sentiment": "Bullish"}, {"id": 152043350, "text": "$AMZN Apple jumps after earnings and revenue beat CNBC https://cnb.cx/2UsHOjo", "time": 1548823082.0, "sentiment": ""}, {"id": 152043331, "text": "$AMZN", "time": 1548823078.0, "sentiment": ""}, {"id": 152043285, "text": "$AMZN it\u2019s about time we get 100 points \ud83e\udd1e", "time": 1548823065.0, "sentiment": ""}, {"id": 152043121, "text": "$AMZN man what about my puts tomorrow?", "time": 1548823023.0, "sentiment": "Bullish"}, {"id": 152043055, "text": "$AMZN keep in mind Amazon is likely to become the biggest reseller for iphones in the future now that they sell their products", "time": 1548823001.0, "sentiment": "Bullish"}, {"id": 152042912, "text": "$AMZN up with that $AAPL beat \ud83d\ude00", "time": 1548822963.0, "sentiment": ""}, {"id": 152042819, "text": "$AMZN I want to see a 100+ point day tomorrow !", "time": 1548822938.0, "sentiment": "Bullish"}, {"id": 152042805, "text": "$AMZN shorts were not expecting that.  Apple did well and Amazon will rip tomorrow.", "time": 1548822936.0, "sentiment": "Bullish"}, {"id": 152042791, "text": "$AAPL forward pe  $aapl 12, $amzn 60, $fb 20", "time": 1548822931.0, "sentiment": ""}, {"id": 152042782, "text": "$AAPL Results updated ($FB $AMZN $NFLX $GOOGL $INTC $SMH $CRUS $SWKS $NXPI $OLED): http://www.everytimeicash.com/wolf/2019/1/29/apple-aapl-earnings", "time": 1548822928.0, "sentiment": ""}, {"id": 152042702, "text": "$AMZN thank you Apple wearables", "time": 1548822908.0, "sentiment": ""}, {"id": 152042672, "text": "$AMZN at least there is hope to stop this slide down tmw!!!", "time": 1548822902.0, "sentiment": "Bullish"}, {"id": 152042654, "text": "$AMZN $AAPL need good guidance for 19", "time": 1548822899.0, "sentiment": ""}, {"id": 152042623, "text": "$AMZN pretty good apple ER. Looks like fear was overplayed", "time": 1548822892.0, "sentiment": "Bullish"}, {"id": 152042604, "text": "$AMZN $2000 Friday", "time": 1548822887.0, "sentiment": "Bullish"}, {"id": 152042513, "text": "$AMZN So EBAY &amp; AAPL beat &amp; we have a hoist of Shorts &amp; Put holders about to get squeezed tomorrow", "time": 1548822864.0, "sentiment": "Bullish"}, {"id": 152042507, "text": "$AMZN yEA!!!!!!!!!!!!!!!!!!!!!!!!!!!!!!!!!!!!!!!!!!!!!!!!!!!!!!!!!!!!!!!!!", "time": 1548822863.0, "sentiment": ""}, {"id": 152042506, "text": "$AMZN RAISED GUIDANCE ON Q1 NEXT LETSSSSS GOOOO", "time": 1548822863.0, "sentiment": "Bullish"}, {"id": 152042461, "text": "$AMZN $AAPL - Apple beats by $0.01, beats on revenue https://seekingalpha.com/news/3427212-apple-beats-0_01-beats-revenue?source=tweet", "time": 1548822852.0, "sentiment": ""}, {"id": 152042412, "text": "$AMZN $AAPL So far so good...\nLet\u2019s see if this is good enough to rally tomorrow", "time": 1548822840.0, "sentiment": ""}, {"id": 152042285, "text": "$AAPL ($NFLX $FB $AMZN $GOOGL $INTC $SMH)  sees Q2 gross margins 37-38% versus 38.1% ests and 38.3% last year  ", "time": 1548822808.0, "sentiment": ""}, {"id": 152042244, "text": "$AMZN  Q1: 01-29-19EPS of $4.18 beat by $0.01Revenue of $84.30B (-4.5%) beat by $330.00M   aPPLE yeA", "time": 1548822797.0, "sentiment": ""}, {"id": 152042098, "text": "$AMZN pissed I didn&#39;t buy calls. Apple scared me lol", "time": 1548822757.0, "sentiment": ""}, {"id": 152042011, "text": "$AMZN WOOT WOOT", "time": 1548822738.0, "sentiment": "Bullish"}, {"id": 152041927, "text": "$AAPL ($NVDA $INTC $SMH $QQQ $FB $AMZN $NFLX)  sees Q2 revs $55-59 bln vs $58.97 bln S&amp;P Capital IQ Consensus Estimate", "time": 1548822722.0, "sentiment": ""}, {"id": 152041768, "text": "$AMZN movin&#39;", "time": 1548822687.0, "sentiment": ""}, {"id": 152041726, "text": "$AMZN aPPLE UP 3%", "time": 1548822675.0, "sentiment": ""}, {"id": 152041679, "text": "Wow $EBAY - I didn&#39;t think many used anymore b/c $AMZN &amp; $WMT sell 3rd party stuff &amp; Kijiji/Craigslist popular for local stuff w/ no fees.", "time": 1548822664.0, "sentiment": ""}, {"id": 152041618, "text": "$AMZN oK aPPLE LOOKS gOOD https://www.marketwatch.com/investing/stock/aapl", "time": 1548822649.0, "sentiment": ""}, {"id": 152041353, "text": "$AMZN AMD jumps after meeting earnings expectations but revenue misses https://cnb.cx/2WtfcYY", "time": 1548822583.0, "sentiment": ""}, {"id": 152040823, "text": "Top Gun Options Full Throttle Welcome Aboard Brief, New $VXXB $VIX $AAPL on tap $AMZN $FB Bull Put Spread https://youtu.be/1jVVIp3sb7s", "time": 1548822453.0, "sentiment": "Bearish"}, {"id": 152040662, "text": "$AMZN EBay is like Amazon lite - good indicator the retail sales.  AWS growth is where the $$$\u2019s at and Amazon is undisputed king", "time": 1548822410.0, "sentiment": "Bullish"}, {"id": 152040326, "text": "$AMZN  https://www.marketwatch.com/investing/stock/amd\nBREAKING AMD revenue, outlook miss but stock&#39;s up 4% after hours", "time": 1548822333.0, "sentiment": ""}, {"id": 152040189, "text": "$AMZN", "time": 1548822297.0, "sentiment": "Bullish"}, {"id": 152040056, "text": "$AMZN EBAY beat so,.... :o)", "time": 1548822257.0, "sentiment": "Bullish"}, {"id": 152040052, "text": "$AMZN well eBay \ud83d\udc4d\ud83c\udffb", "time": 1548822256.0, "sentiment": "Bullish"}, {"id": 152040021, "text": "$AAPL $EBAY $AMZN ebay beats on both", "time": 1548822249.0, "sentiment": "Bullish"}, {"id": 152039213, "text": "@techniquant Volume light just hanging around the 50 SMA. Fall back to 1350 looks awfully tantalizing.  Seems $AMZN ER always life or death.", "time": 1548822035.0, "sentiment": "Bearish"}, {"id": 152039084, "text": "$AMZN Lol, EBAY done good\ud83d\ude09", "time": 1548822003.0, "sentiment": "Bullish"}]