[{"id": 152125395, "text": "$AMZN if $BABA is way up I bet AMZN has another 10% increase from here by close Friday", "time": 1548888452.0, "sentiment": ""}, {"id": 152125173, "text": "$SPY politics is very important!! $AAPL $AMZN $FB $NFLX $GOOGL $NVDA $BA", "time": 1548888396.0, "sentiment": "Bullish"}, {"id": 152125132, "text": "Never seen weakness ahead of $amzn earnings - could be a big move higher over next 2 days $spy $QQQ", "time": 1548888382.0, "sentiment": ""}, {"id": 152125124, "text": "$AMZN I&#39;ve always loved humpdays for the reason that Amazon is always up", "time": 1548888379.0, "sentiment": ""}, {"id": 152125086, "text": "$AMZN planning to sell before fed decision if this rallies upwards until then.  If it is at 1660 defnly selling at 1:45ish ET", "time": 1548888372.0, "sentiment": ""}, {"id": 152124945, "text": "$AMZN nice chart", "time": 1548888340.0, "sentiment": ""}, {"id": 152124925, "text": "$AMZN the Dow just hit a high for the month of Jan", "time": 1548888334.0, "sentiment": ""}, {"id": 152124865, "text": "$AMZN HOD", "time": 1548888318.0, "sentiment": ""}, {"id": 152124586, "text": "$AMZN Expecting to hit above $1660 today, should be touching $1700 tomorrow before ER. Get in now.", "time": 1548888227.0, "sentiment": "Bullish"}, {"id": 152124348, "text": "$AMZN block buster er?", "time": 1548888154.0, "sentiment": "Bullish"}, {"id": 152124334, "text": "$AMZN some realistic ideas about ER &amp; futuro of this Stock? I\u2019m in since October and thinking to go out in March.", "time": 1548888145.0, "sentiment": "Bullish"}, {"id": 152124277, "text": "$AMZN Interesting how bears are analyzing charts and being scientific and bulls are like &quot;omg best company throw all your money at it&quot;", "time": 1548888126.0, "sentiment": ""}, {"id": 152124084, "text": "$AMZN is that what Jeff said in his email to you?", "time": 1548888061.0, "sentiment": ""}, {"id": 152124043, "text": "$AMZN waiting for fed, i think worries will hold it back.. probably ramp hard in power hour into microsoft and FB expected results.", "time": 1548888046.0, "sentiment": "Bullish"}, {"id": 152123897, "text": "@TheTRex Actually I think $AMZN bag holders are in a way worst situation with 100 P/E before earning than $AAPL&#39;s with 19 P/E", "time": 1548888002.0, "sentiment": ""}, {"id": 152123797, "text": "$AMZN is notorious for not caring about beating consensus. Jeff would want to guide down to setup the rest of his year.", "time": 1548887974.0, "sentiment": "Bearish"}, {"id": 152123752, "text": "$PYX huge buy just came in, time to squeeze those shorts out. Short squeeze coming soon, my positions $AMZN $CGC $ACB $CLF $AMD $AAPL $TSLA", "time": 1548887959.0, "sentiment": "Bullish"}, {"id": 152123676, "text": "$AMZN $AAPL with your what ifs attitude, you\u2019ll never get anywhere in life brother, gotta take chances in life \ud83e\udd1e", "time": 1548887930.0, "sentiment": ""}, {"id": 152123629, "text": "$MSFT $SPY $AMZN I suggest you check earnings from non-cloud players! You are DEAD WRONG!", "time": 1548887917.0, "sentiment": ""}, {"id": 152123425, "text": "$AMZN one little thing goes wrong and this hits 1300. Upside maybe is 1750... that\u2019s if it\u2019s a blowout report. Just not enough upside left.", "time": 1548887859.0, "sentiment": "Bearish"}, {"id": 152123227, "text": "$AMZN Reacting higher from near term support target area in blue #Elliottwave 1st confirmation for more gains once back above  1683.50", "time": 1548887808.0, "sentiment": ""}, {"id": 152123139, "text": "$AMZN now if Amazon would only raise it&#39;s prime rates. My call would make bank", "time": 1548887781.0, "sentiment": ""}, {"id": 152123127, "text": "$AMZN this is up because $AAPL had a mediocre earnings? What is fed raises, what if $AMZN Misses, what if Trade doesn\u2019t go as planned?", "time": 1548887776.0, "sentiment": "Bearish"}, {"id": 152123100, "text": "$amzn pre-earnings run is something to be excited about here $SPY", "time": 1548887770.0, "sentiment": ""}, {"id": 152122961, "text": "$AMZN but it\u2019s a bloated pig with nothing good going on", "time": 1548887728.0, "sentiment": ""}, {"id": 152122793, "text": "Powell staying patient is really going to send stocks ripping higher into the end of the session. Its is euphoric out there $spy $QQQ $amzn", "time": 1548887678.0, "sentiment": "Bullish"}, {"id": 152122788, "text": "$MSFT $SPY $AMZN \u201cCloud\u201d is the last bastion of growth for this aging bull market", "time": 1548887677.0, "sentiment": "Bearish"}, {"id": 152122762, "text": "$AMZN $SPY once again, perfect bounce at support as predicted.", "time": 1548887668.0, "sentiment": ""}, {"id": 152122714, "text": "$AMZN this will go straight up for a few more days", "time": 1548887656.0, "sentiment": ""}, {"id": 152122649, "text": "$AMZN Highs", "time": 1548887634.0, "sentiment": ""}, {"id": 152122588, "text": "$AMZN Magnet to $1,666 as always.", "time": 1548887612.0, "sentiment": "Bullish"}, {"id": 152122467, "text": "$AMZN Here we go!  Next leg up!!", "time": 1548887576.0, "sentiment": ""}, {"id": 152122416, "text": "$AMZN here we go next leg up", "time": 1548887564.0, "sentiment": "Bullish"}, {"id": 152122339, "text": "$AMZN rolling up its sleeves. It&#39;ll be hard to stop if it breaks 1650 today.", "time": 1548887538.0, "sentiment": "Bullish"}, {"id": 152122308, "text": "$VIPS the next China $amzn is here...", "time": 1548887530.0, "sentiment": "Bullish"}, {"id": 152122181, "text": "$AMZN so... how did you lose money in the market?  um... I short Amazon... WTH!  who would short Amazon!  lol", "time": 1548887492.0, "sentiment": "Bullish"}, {"id": 152122097, "text": "$AMZN they keep throwing up road blocks", "time": 1548887467.0, "sentiment": "Bullish"}, {"id": 152121787, "text": "$AMZN $SPY $AAPL \n\n***READ THIS WHILE THREAD***\n\nNobody on stocktwits is doing what I\u2019m doing not asking for a DIME!!!\n\nI never will!!", "time": 1548887368.0, "sentiment": "Bullish"}, {"id": 152121767, "text": "$AMZN $APPL $TSLA $RMD is the deal of the day!", "time": 1548887364.0, "sentiment": ""}, {"id": 152121766, "text": "$AMZN amazing anyone would short the best company in history, when they could be shorting some dying company like sears LOL", "time": 1548887364.0, "sentiment": "Bullish"}, {"id": 152121365, "text": "$AMZN Opening short put spreads...", "time": 1548887242.0, "sentiment": "Bullish"}, {"id": 152121151, "text": "If the $DJIA rises 300+ watch $SQ or $AMZN - one of them will catch fire!", "time": 1548887180.0, "sentiment": "Bullish"}, {"id": 152121031, "text": "$AMZN Fed\u2019s Dual Mandate  (Good Overview) Statement today @ 2:00 PM ET \nhttps://www.fxstreet.com/analysis/feds-dual-mandate-201901301456", "time": 1548887146.0, "sentiment": ""}, {"id": 152120839, "text": "$AMZN here comes the push to 1700", "time": 1548887088.0, "sentiment": "Bullish"}, {"id": 152120786, "text": "$AMZN $SPY \n\nMy followers &amp; some new readers know that I\u2019m doing something on STOCKTWITS nobody has done\n\nI bought 115k investment...(cont)", "time": 1548887073.0, "sentiment": "Bullish"}, {"id": 152120691, "text": "In terms of positives for $AMZN, there are 3 bullish indicators as of 01-30 https://dividendbot.com?s=AMZN", "time": 1548887040.0, "sentiment": ""}, {"id": 152120411, "text": "Tech stocks to watch: $SQ recovering nicely, $AAPL ok off ER, $AMZN finally correcting, $FB flattish ahead of ER, $TSLA jittery ahead of ER.", "time": 1548886942.0, "sentiment": "Bullish"}, {"id": 152120379, "text": "$AMZN the consensus EPS forecast for the Qtr is $5.49. The reported EPS for the same Qtr last year was $2.16. The &quot;whisper number&quot; is 5.76", "time": 1548886930.0, "sentiment": ""}, {"id": 152120255, "text": "$AMZN bull flag forming....", "time": 1548886893.0, "sentiment": ""}, {"id": 152119877, "text": "So, ya, way the heck Overpriced for any long or short term! Probably good idea to also mention Book Value of $AMZN ~80 &amp; $GOOG/$GOOGL ~244.", "time": 1548886772.0, "sentiment": ""}, {"id": 152119861, "text": "$fb $AMZN $GOOG $SNAP big news pre earnings for Facebook\n\nhttps://marketbrothersmedia.com/in-shocking-move-facebook-is-data-raping-people-again/", "time": 1548886768.0, "sentiment": "Bearish"}, {"id": 152119843, "text": "$AMZN \n\nRevisit this&gt;", "time": 1548886763.0, "sentiment": "Bullish"}, {"id": 152119718, "text": "$AMZN   Has to beat or will revisit the recent low.", "time": 1548886721.0, "sentiment": "Bearish"}, {"id": 152119199, "text": "7 Biggest Price Target Changes For Wednesday https://benzinga.com/z/13064775 $AAPL $AMZN $EBAY $LNT $ILMN $SCPH", "time": 1548886554.0, "sentiment": ""}, {"id": 152119183, "text": "Basis for my $126 indication for $FB (Went &amp; will again) proven. Others LONG TERM INVESTMENT proper prices? $GOOG = 673.  $AMZN = 852.", "time": 1548886549.0, "sentiment": ""}, {"id": 152119117, "text": "This market IS ABSOLUTELY WITHOUT A DOUBT ZERO CHANCE of getting taken down. COME TO PAPA!!!!!!!!!!!!!!!!!! $spy $qqq $amzn $nvda $aapl", "time": 1548886531.0, "sentiment": "Bullish"}, {"id": 152118944, "text": "$AMZN \n\nLISTEN TO THIS GUY NOW!", "time": 1548886472.0, "sentiment": "Bullish"}, {"id": 152118830, "text": "$AMZN ER going up", "time": 1548886426.0, "sentiment": "Bullish"}, {"id": 152118758, "text": "$AMZN Mkt not open 1 hr yet. Take some valium and calm down. Go out for brunch and enjoy life. Stop obsessing.", "time": 1548886404.0, "sentiment": ""}, {"id": 152118720, "text": "$AMZN amazon already racking up kingdom hearts 3, RE2 reviews and selling so many consoles", "time": 1548886395.0, "sentiment": ""}, {"id": 152118624, "text": "$AMZN i will tell u y this minor dip. In general many were hoping it would tank based on appl &amp; they can buy cheap. Thy got screwed &amp; trying", "time": 1548886370.0, "sentiment": ""}, {"id": 152118516, "text": "$AMZN $BABA Baba did better than expected and trading up today. Good sign for AMZN. Results in 30 hours!", "time": 1548886342.0, "sentiment": ""}, {"id": 152118402, "text": "$AMZN letting go of my calls a little early, that burn is just insane", "time": 1548886311.0, "sentiment": ""}, {"id": 152118112, "text": "$AMZN PRICE Target about $2100", "time": 1548886233.0, "sentiment": "Bullish"}, {"id": 152118049, "text": "$AMZN \n\nThey are crying in their puts", "time": 1548886216.0, "sentiment": "Bullish"}, {"id": 152117996, "text": "$MSFT and $AMZN actually out performed that since their IPOs.. just goes to show the power of investing and compound interest.", "time": 1548886200.0, "sentiment": ""}, {"id": 152117931, "text": "$AMZN (Loose the rate hikes Powell!!) Pending home sales tumble to lowest in nearly five years in December https://on.mktw.net/2SjhQBa", "time": 1548886183.0, "sentiment": ""}, {"id": 152117792, "text": "$AMZN ", "time": 1548886144.0, "sentiment": "Bearish"}, {"id": 152117603, "text": "Markets are flat, \u201cdata colonization\u201d,Juul\u2019s entry, $IBN\u2019s earnings .. http://www.adrsofindia.com/blog/2019/01/30/Morning-News.html $MO $AMZN $WMT $FB $INFY $WIT $CTSH $TTM $RDY", "time": 1548886088.0, "sentiment": ""}, {"id": 152117388, "text": "$AMZN heavy resistance as shorts fight for their lives- looks like 1st level of resistance s and p 2660.54", "time": 1548886036.0, "sentiment": ""}, {"id": 152117117, "text": "$AMZN reminder that earnings is out on Thursday after close and the outlook so far is very promising", "time": 1548885966.0, "sentiment": "Bullish"}, {"id": 152117035, "text": "$AMZN housing major miss, this could cause some volatility, nice!", "time": 1548885947.0, "sentiment": "Bullish"}, {"id": 152116976, "text": "$AMZN \ud83d\udca5 \ud83d\ude80 \ud83d\ude80 \ud83d\ude80 get your safety belt on for the ride! The door has closed", "time": 1548885933.0, "sentiment": "Bullish"}, {"id": 152116924, "text": "$AMZN time to get on bus", "time": 1548885921.0, "sentiment": ""}, {"id": 152116816, "text": "$AMZN (Loose the Fed Rate Hike Hikes Powell!!) Pending Home Sales (Dec) -2.2% vs 0.5% Expected http://www.streetinsider.com/Economic+Data/Pending+Home+Sales+%28Dec%29+-2.2%25+vs+0.5%25+Expected/15056343.html via @Street_Insider", "time": 1548885891.0, "sentiment": ""}, {"id": 152116671, "text": "$AMZN FOMO Trade to kick in as we get closer and closer to earnings. Keep on climbing!", "time": 1548885850.0, "sentiment": ""}, {"id": 152116570, "text": "$AMZN VWAP", "time": 1548885825.0, "sentiment": ""}, {"id": 152116548, "text": "$AMZN hm, housing bad news", "time": 1548885820.0, "sentiment": ""}, {"id": 152116491, "text": "$NDX $AMZN $AAPL $SQ \nNASDAQ &#39;7500&#39;.", "time": 1548885808.0, "sentiment": ""}, {"id": 152116172, "text": "$amzn I said I\u2019m selling *after* the earnings pop. I\u2019m in with call spreads. I\u2019m not a bear, but \u201cto the moon\u201d hype is crazily over the top.", "time": 1548885725.0, "sentiment": ""}, {"id": 152115950, "text": "$AMZN $Aapl\nEverything going red or what?", "time": 1548885666.0, "sentiment": ""}, {"id": 152115948, "text": "$AMZN 2k", "time": 1548885666.0, "sentiment": "Bullish"}, {"id": 152115849, "text": "$AMZN &#39;Bad news is over&#39; \u2014 here&#39;s what every major analyst says about Apple&#39;s earnings https://cnb.cx/2WuVkVl", "time": 1548885638.0, "sentiment": ""}, {"id": 152115826, "text": "$FB I have decided to no longer watch the CNBC clowns. $aapl, $spy, $tsla, $MSFT , $nvda, $baba, $qqq, $BTC.X , $gpro, $AMZN", "time": 1548885634.0, "sentiment": ""}, {"id": 152115588, "text": "$GTT added 2k more shares, hold for big gain. I am done for today. $SPY $BABA $AMZN $AAPL $FB $AMD $GOOG WL", "time": 1548885575.0, "sentiment": "Bullish"}, {"id": 152115561, "text": "$AMZN MCD and BA tell a big positive story on the economy. It&#39;s not as bleak as the pundits were saying.", "time": 1548885569.0, "sentiment": ""}, {"id": 152115544, "text": "$AMZN couldnt break 1642", "time": 1548885564.0, "sentiment": ""}, {"id": 152115492, "text": "$AMZN wow premium burn are killing these calls lmao", "time": 1548885548.0, "sentiment": ""}, {"id": 152115457, "text": "$AMZN Anyone who is selling AMZN at this price is an idiot by default.", "time": 1548885540.0, "sentiment": "Bullish"}, {"id": 152115432, "text": "A LOT going on these two days. Fed notes, China talks and $AMZN ER.", "time": 1548885534.0, "sentiment": "Bullish"}, {"id": 152115311, "text": "@I_Contrarian $amzn and I love it when bears dont notice that earnings are out tomorrow and will be the most profitable quarter in history", "time": 1548885504.0, "sentiment": "Bullish"}, {"id": 152115157, "text": "$AMZN January Private Sector Employment Tops Expectations (ADP) http://www.streetinsider.com/ETFs/January+Private+Sector+Employment+Tops+Expectations/15055662.html via @Street_Insider", "time": 1548885458.0, "sentiment": ""}, {"id": 152115130, "text": "$AMZN scaling back Amazon Channels b/c everyone is aggregating video content ie. $AAPL $ROKU $FB Will focus on popular content ie. HBO", "time": 1548885450.0, "sentiment": ""}, {"id": 152115092, "text": "$AMZN lol this stock", "time": 1548885443.0, "sentiment": ""}, {"id": 152114362, "text": "$AMZN what sector is holding the spy down?", "time": 1548885254.0, "sentiment": ""}, {"id": 152114349, "text": "$amzn I love StockTwits because you can always tell when too many people pile on to one side of a trade", "time": 1548885252.0, "sentiment": ""}, {"id": 152113974, "text": "$AMZN sold half for big profit", "time": 1548885146.0, "sentiment": ""}, {"id": 152113937, "text": "$AMZN i wonder if i should rebuy calls already... hm", "time": 1548885134.0, "sentiment": ""}, {"id": 152113663, "text": "$AMZN One parabolic move just today please", "time": 1548885060.0, "sentiment": "Bullish"}, {"id": 152113589, "text": "@I_Contrarian $amzn almost 400 points off it&#39;s high&#39;s ... I think we are ok.", "time": 1548885040.0, "sentiment": "Bullish"}, {"id": 152113470, "text": "$AMZN stock is up about 6% in January through Tuesday\u2019s close at around $1,594 per share, compared with 5.5% for the S&amp;P 500.", "time": 1548885012.0, "sentiment": ""}, {"id": 152113416, "text": "$AMZN Amzn pps was held very tightly by MMs for a week and today they couldn&#39;t stop it.", "time": 1548884997.0, "sentiment": ""}, {"id": 152113245, "text": "$AMZN please crack that 1640 wall", "time": 1548884951.0, "sentiment": "Bullish"}, {"id": 152113171, "text": "$AMZN Rocket ship posts are always a sign of irrational exuberance. Sell the spike after ER.", "time": 1548884930.0, "sentiment": ""}, {"id": 152113138, "text": "$AMZN This stock is quite volatile as of late. Earnings could move it bigly in either direction.", "time": 1548884922.0, "sentiment": ""}, {"id": 152113116, "text": "$AMZN Bears should be very careful!!!", "time": 1548884916.0, "sentiment": "Bullish"}, {"id": 152113064, "text": "$AMZN come on baby! Break 1642!!!", "time": 1548884904.0, "sentiment": "Bullish"}, {"id": 152112978, "text": "$AMZN beast moding", "time": 1548884884.0, "sentiment": "Bullish"}, {"id": 152112926, "text": "$AMZN touched 1642, hope it holds here", "time": 1548884871.0, "sentiment": "Bullish"}, {"id": 152112686, "text": "$AMZN daily gap to fill 1667", "time": 1548884815.0, "sentiment": ""}, {"id": 152112640, "text": "$AMZN \n\nSomeone tell conery the banana is destroying his life\n\nHe blocked me\n\nTalks trash and hides when he gets it back, WEAK SHORT HANDS", "time": 1548884804.0, "sentiment": "Bullish"}, {"id": 152112503, "text": "$AMZN beat or meet??", "time": 1548884765.0, "sentiment": "Bullish"}, {"id": 152112304, "text": "$AMZN way too much exuberance. Can\u2019t wait for positive earnings so I can sell my calls. Will head south after spike unless trade resolves.", "time": 1548884712.0, "sentiment": ""}, {"id": 152112120, "text": "$AMZN $AAPL \n\nDoes this look good?", "time": 1548884664.0, "sentiment": "Bullish"}, {"id": 152112034, "text": "$AMZN thanks Amzn and bears for my 25,065 this morning. Still holding core position.", "time": 1548884644.0, "sentiment": "Bullish"}, {"id": 152111764, "text": "$AMZN don\u2019t get shaken out , too much news pending between feds and China", "time": 1548884571.0, "sentiment": ""}, {"id": 152111709, "text": "$AMZN 1642 key resistance, can we break that today?", "time": 1548884558.0, "sentiment": ""}, {"id": 152111697, "text": "$AMZN y ur selling ?", "time": 1548884553.0, "sentiment": "Bullish"}, {"id": 152111641, "text": "$AMZN Dow jumps 285 points at open ahead of Fed decision; Boeing&#39;s stock bolsters blue chips https://on.mktw.net/2BdHH3R", "time": 1548884537.0, "sentiment": ""}, {"id": 152111516, "text": "$AMZN day traders exit at 1700 but I am for 1800+ not greedy but I know the value. \ud83e\udd14\ud83e\udd14\ud83e\udd14\ud83e\udd14\ud83e\udd14", "time": 1548884505.0, "sentiment": "Bullish"}, {"id": 152111512, "text": "$AMZN $1720 little over a week ago!\nLet\u2019s get back to that level.", "time": 1548884504.0, "sentiment": ""}, {"id": 152111505, "text": "$AMZN $SPY\n\nDon\u2019t forget these kind of things\n\n#neverforget", "time": 1548884502.0, "sentiment": "Bullish"}, {"id": 152111430, "text": "$AMZN We all love Amazon that American brand an innovator", "time": 1548884481.0, "sentiment": "Bullish"}, {"id": 152111411, "text": "$AMZN Fed to stress patience and that means no interest-rate move until at least June https://on.mktw.net/2sFIdTv", "time": 1548884476.0, "sentiment": ""}, {"id": 152111377, "text": "$AMZN Plenty more gains to be had here", "time": 1548884468.0, "sentiment": ""}, {"id": 152111235, "text": "$AMZN gap and go baby!", "time": 1548884431.0, "sentiment": "Bullish"}, {"id": 152111101, "text": "$AMZN Daily 9ema.", "time": 1548884391.0, "sentiment": ""}, {"id": 152111069, "text": "$VALE the secret to gains is killing Brazilians $AMZN $NVDA $TSLA $AMD as the body count rises so does the stock #brazilianlivesmattertoo \ud83d\udc40", "time": 1548884382.0, "sentiment": "Bearish"}, {"id": 152110972, "text": "$AMZN Holy Cow!! From Zero to Hero", "time": 1548884355.0, "sentiment": "Bullish"}, {"id": 152110963, "text": "$AMZN still expecting this to soar through all time high after earnings.", "time": 1548884352.0, "sentiment": "Bullish"}, {"id": 152110953, "text": "$AMZN Now it is up 3% and 17%  to go. Big party tomorrow evening.\ud83e\udd23\ud83e\udd23\ud83e\udd23\ud83e\udd23", "time": 1548884349.0, "sentiment": "Bullish"}, {"id": 152110933, "text": "The Daily Shot https://biiwii.com/2019/01/30/the-daily-shot-brief-january-29th-2019/ $SPY $DIA $QQQ $MSFT $GOOGL $FB $AMZN $FXI $EZU $ACWX", "time": 1548884344.0, "sentiment": ""}, {"id": 152110903, "text": "$AMZN \ud83e\udd2e\ud83e\udd2e\ud83e\udd2e\ud83e\udd2e", "time": 1548884337.0, "sentiment": "Bullish"}, {"id": 152110881, "text": "$AMZN Implied move on ER is 120 pts from these levels.", "time": 1548884332.0, "sentiment": ""}, {"id": 152110699, "text": "Closing my $AMZN position of 50 shares that was opened Jan 29 for a 0.6% gain.", "time": 1548884282.0, "sentiment": ""}, {"id": 152110662, "text": "@kstrader123 \n\nI\u2019m like an \ud83d\udc18 \n\nI never forget $AMZN", "time": 1548884272.0, "sentiment": "Bullish"}, {"id": 152110623, "text": "$AMZN Oh happy day! Let&#39;s keep this going", "time": 1548884260.0, "sentiment": ""}, {"id": 152110566, "text": "$AMZN like I said 1800 upside but not much if ur not betting big", "time": 1548884246.0, "sentiment": ""}, {"id": 152110544, "text": "$AMZN Run Baby Run!!! \nSo oversold on China fears.", "time": 1548884240.0, "sentiment": ""}, {"id": 152110393, "text": "$AMZN this goes to 1800 looking good right now if ur long", "time": 1548884200.0, "sentiment": "Bullish"}, {"id": 152110351, "text": "$AMZN pop", "time": 1548884190.0, "sentiment": ""}, {"id": 152110272, "text": "$AMZN Up w/ SPY.", "time": 1548884168.0, "sentiment": ""}, {"id": 152110263, "text": "$AMZN $AAPL \n\nSo what changed in Apple in a month\n\nI remember an announcement that APPLE 4 THE FIRST TIME...\n\nSelling products on AMZN\ud83d\ude18\ud83c\udf4e\ud83c\udf4c", "time": 1548884163.0, "sentiment": "Bullish"}, {"id": 152110193, "text": "$AMZN $2000 Friday", "time": 1548884142.0, "sentiment": "Bullish"}, {"id": 152110111, "text": "$AMZN easy 100+ day", "time": 1548884113.0, "sentiment": "Bullish"}, {"id": 152110038, "text": "$AMZN let\u2019s see 1650+ today please", "time": 1548884093.0, "sentiment": "Bullish"}, {"id": 152109668, "text": "$AMZN tomorrow 5:00 pm, when I will go on vacation for the rest of the year. \ud83e\udd23\ud83e\udd23\ud83e\udd23\ud83e\udd23\ud83e\udd23 Thanks for big discount just 2 days before earnings.", "time": 1548883971.0, "sentiment": "Bullish"}, {"id": 152109659, "text": "$AMZN let her fly today!!!", "time": 1548883965.0, "sentiment": "Bullish"}, {"id": 152109252, "text": "$AMZN cautiously bullish on the day. The bearish H&amp;S signal below the 100MA was concerning, but a lot of ER reports suggest fear overplayed", "time": 1548883824.0, "sentiment": "Bullish"}, {"id": 152108962, "text": "ServiceNow Is a &#39;Disruptive Share Gainer&#39; $NOW $MSFT $TSLA $V $FB $AMZN $IBM $RHT $GOOGL https://www.thestreet.com/investing/servicenow-is-a-disruptive-share-gainer--14850077?tstmem=[userid_]&amp;utm_source=alert&amp;utm_medium=email&amp;utm_campaign=TSC&amp;utm_term=ServiceNow+Is+a+%27Disruptive+Share+Gainer%27", "time": 1548883734.0, "sentiment": ""}]