[{"id": 24583963, "text": "GL folks. I am leaving for the summer. More than a month. $GOOGL/$GOOG $IBM $AMZN $C $FB $AAPL $GE $GILD $MU $LNKD $F $BAC", "time": 1405134780.0, "sentiment": ""}, {"id": 24583727, "text": "If you are holding $AMZN, you are most likely in big trouble. I am leaving for the summer. More than a month. GL.", "time": 1405134442.0, "sentiment": ""}, {"id": 24583654, "text": "Bk. My guess is that anyone who bought $AMZN to hold beyond today is going to get screwed badly next week. Going to be some pain handed out.", "time": 1405134366.0, "sentiment": ""}, {"id": 24583307, "text": "$AMZN Extant, CBS\u2019 Highly Anticipated Summer Blockbuster, Arrives this Weekend on Prime Instant Video .. http://stks.co/s0WNy", "time": 1405134014.0, "sentiment": ""}, {"id": 24583306, "text": "&quot;@Project_Pat: $AMZN hasn&#39;t made a $NFLX move....heating up&quot; &lt;--sure did. impressive bulls...surprised it took this long tho", "time": 1405134013.0, "sentiment": "Bullish"}, {"id": 24583170, "text": "stock pickers market. $AMZN $WAG nice candle. still sitting in 100% cash", "time": 1405133841.0, "sentiment": ""}, {"id": 24582830, "text": "BREAKING: Lebron James is going back to Cleveland :) $MTG $C $BAC $TSLA $GS $GPRO $NFLX $AMZN $vz", "time": 1405133460.0, "sentiment": ""}, {"id": 24582826, "text": "$VIPS $AMZN has PEG 7.5 and VIPS so so low.  .45, read SA report, it said PEG .43", "time": 1405133458.0, "sentiment": ""}, {"id": 24582760, "text": "$AMZN Please SHORT More and Buy PUTS too ! :-)", "time": 1405133382.0, "sentiment": "Bullish"}, {"id": 24582700, "text": "&quot;@howardlindzon: &quot;@MarketSmith: Inside Google\u2019s Big Plan to Race Amazon to Your Door: http://stks.co/r0WfT $GOOG $GOOGL $AMZN&quot;&quot;", "time": 1405133324.0, "sentiment": ""}, {"id": 24582658, "text": "$AMZN keeping some for swing. maybe gap up on monday?", "time": 1405133284.0, "sentiment": ""}, {"id": 24582573, "text": "$AMZN holding some calls. Nice closing action", "time": 1405133190.0, "sentiment": ""}, {"id": 24582456, "text": "$AMZN Utter stupidity for a Friday weekly opex squeeze ..... Buying here is recipe for pain", "time": 1405133080.0, "sentiment": ""}, {"id": 24582255, "text": "BREAKING: Lebron James is going back to Cleveland :) $mtg $c $bac $tsla $gs $gpro $NFLX $AMZN", "time": 1405132870.0, "sentiment": ""}, {"id": 24581778, "text": "The average rating for $AMZN is: buy - 31 people included in consensus", "time": 1405132393.0, "sentiment": ""}, {"id": 24581522, "text": "&quot;@MarketSmith: Inside Google\u2019s Big Plan to Race Amazon to Your Door: http://stks.co/a0kRe $GOOG $GOOGL $AMZN&quot;", "time": 1405132123.0, "sentiment": ""}, {"id": 24581241, "text": "&quot;@BidnessEtc: SEC\u2019s Overwhelming Response For Alibaba Raises Concern Among Investors http://stks.co/e0kSQ $AMZN $EBAY $WB&quot;", "time": 1405131773.0, "sentiment": ""}, {"id": 24581183, "text": "Does the $CYNK saga prove a stock market bubble? http://stks.co/h0oOA $FB $LNKD $TSLA $YELP $TWTR $AMZN", "time": 1405131714.0, "sentiment": "Bearish"}, {"id": 24581152, "text": "I am done for today. $SPX $SPY $QQQ $YM_F $DJIA $COMPQ $RUT $AMZN $GOOGL/$GOOG Unless something really catches my attention.", "time": 1405131661.0, "sentiment": ""}, {"id": 24580997, "text": "Okay, I&#39;ve had enough $AMZN fun.", "time": 1405131473.0, "sentiment": ""}, {"id": 24580919, "text": "Shift your $AMZN pin number. Lets go below 340.", "time": 1405131363.0, "sentiment": ""}, {"id": 24580834, "text": "Don&#39;t fight it $AMZN MMs. Let it go below 340. Lets say 337.", "time": 1405131273.0, "sentiment": ""}, {"id": 24580793, "text": "looks like 345 is the most probable pin for $AMZN", "time": 1405131234.0, "sentiment": ""}, {"id": 24580769, "text": "Inside Google\u2019s Big Plan to Race Amazon to Your Door: http://stks.co/i0oA9 $GOOG $GOOGL $AMZN", "time": 1405131207.0, "sentiment": ""}, {"id": 24580392, "text": "$AMZN $5.72 a piece for the large chicken/large position, $GLUU +7.84%, $WPCS +15.22% &amp; $DGLY +16.08%. Have a great weekend traders.", "time": 1405130767.0, "sentiment": ""}, {"id": 24580148, "text": "$nflx $amzn  nflx rolled hard  $amzn next", "time": 1405130487.0, "sentiment": ""}, {"id": 24580111, "text": "1hour left. ;) who is ready for a tight squeezing hug. $AMZN Got to love timid buyers.", "time": 1405130449.0, "sentiment": ""}, {"id": 24580035, "text": "$AMZN Short interest is misleading on AMZN. A lot of people keep buying puts, not actually shorting it. Real sentiment is still too bearish.", "time": 1405130365.0, "sentiment": ""}, {"id": 24579992, "text": "Don&#39;t fight it MMs. Just let it go down to 337, or somewhere close. $AMZN", "time": 1405130303.0, "sentiment": ""}, {"id": 24579982, "text": "Still an $AMZN bear, but this opportunity to capitalize on a long large position was too good to pass. Hold same view #CancelTheDroneProgram", "time": 1405130294.0, "sentiment": ""}, {"id": 24579843, "text": "Some topping &amp; others already starting a pullback $SPX $SPY $QQQ $YM_F $DJIA $COMPQ $GOOGL/$GOOG $AMZN $C $IBM $AAPL $GE $FB", "time": 1405130142.0, "sentiment": ""}, {"id": 24579588, "text": "$AMZN wait till 4:00. 350", "time": 1405129815.0, "sentiment": ""}, {"id": 24579386, "text": "Hey, what happened to $AMZN. Did the buy order run out?  If so, attack time. Hemm, never made it to 347.5 Sigh, sigh MMs.", "time": 1405129551.0, "sentiment": ""}, {"id": 24579182, "text": "Remember $AMZN just has to &quot;contribute&quot; to a few politicians&#39; &quot;PACs&quot; to reverse  the ruling on drone deliveries", "time": 1405129301.0, "sentiment": ""}, {"id": 24579077, "text": "What Lawsuit? Amazon Shares Flying High on Talk of Drones, Sales http://stks.co/d0kJ3 $AMZN", "time": 1405129181.0, "sentiment": ""}, {"id": 24578622, "text": "What happened MMs. I thought U might actually take it to 347.5 for a moment there.$AMZN", "time": 1405128614.0, "sentiment": ""}, {"id": 24578537, "text": "$AMZN IHAVE 18.75\nDO I HEAR 20", "time": 1405128502.0, "sentiment": ""}, {"id": 24578494, "text": "$AAPL yeah, I would be happy with an $amzn like move here..... :)", "time": 1405128464.0, "sentiment": ""}, {"id": 24578450, "text": "$AMZN man I so missed this, unbelievable.", "time": 1405128419.0, "sentiment": ""}, {"id": 24578421, "text": "$AMZN THERE SHE GOES", "time": 1405128393.0, "sentiment": ""}, {"id": 24578414, "text": "$AMZN : Very close to $348 resistance. Lets see if it break,I will take the loss", "time": 1405128390.0, "sentiment": ""}, {"id": 24578336, "text": "@aaplgreen\u00a0I&#39;m still short via 2015 puts. They are very sickly and can&#39;t be sold at the moment.  $AMZN", "time": 1405128297.0, "sentiment": ""}, {"id": 24578201, "text": "If it does not move up again, I&#39;m gonna have to hit it again. $AMZN", "time": 1405128099.0, "sentiment": ""}, {"id": 24578160, "text": "$AMZN will be the first company tht will introduce drones commercially for carrier purposes, focus on innovation is disruptive for stock", "time": 1405128051.0, "sentiment": "Bullish"}, {"id": 24578132, "text": "Psyche of the consumer. It&#39;s an app world now where $PCLN $EXPD $AMZN $EBAY rules and $GOOG is becoming irrelevant everyday.", "time": 1405128013.0, "sentiment": ""}, {"id": 24578112, "text": "@howardlindzon Mmm Ecosystem. Yummy! $AMZN", "time": 1405127995.0, "sentiment": "Bullish"}, {"id": 24578046, "text": "$AMZN can&#39;t remember who was short...dartwioler maybe?", "time": 1405127902.0, "sentiment": ""}, {"id": 24577933, "text": "Lets go MMs. I dare U to push $AMZN to 347.5.", "time": 1405127762.0, "sentiment": ""}, {"id": 24577774, "text": "$AMZN Hey shorts, your biscuits are burning.", "time": 1405127621.0, "sentiment": "Bullish"}, {"id": 24577735, "text": "$AMZN it just broke the 221 MA", "time": 1405127585.0, "sentiment": ""}, {"id": 24577723, "text": "@SkepticalBull You usually can&#39;t use logic when it comes to $AMZN this is their Friday Hamptons money :)", "time": 1405127578.0, "sentiment": ""}, {"id": 24577701, "text": "The market is cheering $AMZN not for drones but for their strategy of eating and competing with the ecosystem ...hmmm entrepreneurs NOTE", "time": 1405127549.0, "sentiment": ""}, {"id": 24577684, "text": "$AMZN WOW, this stock just wants to give over &amp; over again. What R U MMs doing?  Thx. Make your job easier. Let it go below $340.", "time": 1405127531.0, "sentiment": ""}, {"id": 24577647, "text": "$AMZN why that spike today?", "time": 1405127485.0, "sentiment": ""}, {"id": 24577632, "text": "$AMZN a close on the high would not be good.\nsell in the after mkt.", "time": 1405127464.0, "sentiment": ""}, {"id": 24577629, "text": "$AMZN the greed, do u really think it&#39;s going to continue to go up? It may go up a little more today but that&#39;s it. Why would it?", "time": 1405127458.0, "sentiment": ""}, {"id": 24577481, "text": "@sraman that was so helpful not, u know very little how the stock market works $amzn", "time": 1405127274.0, "sentiment": ""}, {"id": 24577436, "text": "&quot;@flowers5sun: $AMZN anyone buying puts?&quot; Please do :-)", "time": 1405127221.0, "sentiment": "Bullish"}, {"id": 24577379, "text": "$AMZN anyone buying puts?", "time": 1405127152.0, "sentiment": ""}, {"id": 24577363, "text": "Better close out those calls before everybody else does. Friday peak usually comes around this time of day. $AMZN", "time": 1405127142.0, "sentiment": ""}, {"id": 24577345, "text": "All the past $AMZN holders are in so much profit that they have no problem selling either. On top of that the stock is massively Over Priced", "time": 1405127127.0, "sentiment": ""}, {"id": 24577305, "text": "Are people really buying because of the drones? AGAIN. Nobody learned their lesson in this one?. $AMZN", "time": 1405127083.0, "sentiment": "Bearish"}, {"id": 24577285, "text": "Buyers on $AMZN are timid. Bail easy.", "time": 1405127063.0, "sentiment": ""}, {"id": 24577192, "text": "$AMZN looks like the old cup and handle break out on low volume.\nvolume will come monday", "time": 1405126969.0, "sentiment": ""}, {"id": 24577171, "text": "$AMZN Drones make flashy headlines. But company is dominating enterprise cloud biz with AWS. Oppenheimer note this am reits $455 tgt $SPY", "time": 1405126950.0, "sentiment": "Bullish"}, {"id": 24577166, "text": "$AMZN I love the smell of burning shorts in the afternoon... it smells like money to me.", "time": 1405126945.0, "sentiment": "Bullish"}, {"id": 24577135, "text": "$amzn looks real good on all timeframes", "time": 1405126909.0, "sentiment": ""}, {"id": 24577087, "text": "BAM! $AMZN &amp; TY", "time": 1405126838.0, "sentiment": ""}, {"id": 24577046, "text": "Once a investment firm or fund decides to buy, it&#39;s done somewhat blindly. IMO $AMZN", "time": 1405126800.0, "sentiment": ""}, {"id": 24577029, "text": "$AMZN 350 Puts for next week expiration @ 8.20 MACD is headed lower with an over-bought MFI on 3 separate time frames .. #ADimeADozen", "time": 1405126772.0, "sentiment": ""}, {"id": 24577013, "text": "lateral blind buying occurring. $AMZN  :)", "time": 1405126746.0, "sentiment": ""}, {"id": 24576971, "text": "best. quote. ever. RT @jwar1045: $AMZN the best non for profit publically traded company ever assembled", "time": 1405126706.0, "sentiment": ""}, {"id": 24576962, "text": "$AMZN chicken is off my hands", "time": 1405126693.0, "sentiment": ""}, {"id": 24576928, "text": "$AMZN - Is Sweet", "time": 1405126648.0, "sentiment": "Bullish"}, {"id": 24576908, "text": "@jarym @TimmyTheTrader @smtrader @cheri1 @S_Evans $AMZN MA (200) $347.56", "time": 1405126615.0, "sentiment": ""}, {"id": 24576896, "text": "$AMZN Looks like $348 is in the crosshairs.", "time": 1405126589.0, "sentiment": ""}, {"id": 24576891, "text": "$AMZN see u Monday!", "time": 1405126581.0, "sentiment": "Bullish"}, {"id": 24576882, "text": "$AMZN 3/3 http://stks.co/t0WV2", "time": 1405126574.0, "sentiment": "Bullish"}, {"id": 24576873, "text": "$AMZN 3/3", "time": 1405126565.0, "sentiment": "Bullish"}, {"id": 24576867, "text": "$AMZN shorting as it gets to the 200sma", "time": 1405126561.0, "sentiment": ""}, {"id": 24576861, "text": "$AMZN 2/3 http://stks.co/c0kPz", "time": 1405126555.0, "sentiment": "Bullish"}, {"id": 24576855, "text": "$AMZN 1/3 http://stks.co/c0kPy", "time": 1405126544.0, "sentiment": "Bullish"}, {"id": 24576846, "text": "$AMZN 200d MA is right above.", "time": 1405126533.0, "sentiment": ""}, {"id": 24576845, "text": "$AMZN out again on re-load", "time": 1405126533.0, "sentiment": "Bullish"}, {"id": 24576804, "text": "&quot;@amruth1: $AMZN squeeze about to fire on 1m. good day trade pop and opp.&quot; $2500 profit since this post.", "time": 1405126462.0, "sentiment": ""}, {"id": 24576795, "text": "$AMZN I am out $345.35", "time": 1405126444.0, "sentiment": ""}, {"id": 24576760, "text": "@stanlee87 smart to short a stock that&#39;s consolidated for &gt;3 months and is attempting to recapture the 200d MA. More BEARs to squeeze $AMZN", "time": 1405126392.0, "sentiment": "Bullish"}, {"id": 24576728, "text": "@TimmyTheTrader @smtrader @cheri1 @S_Evans $AMZN  http://stks.co/s0WMH", "time": 1405126356.0, "sentiment": ""}, {"id": 24576697, "text": "$AMZN Another amazing $amzn friday, I swear if you hit an AMZN friday it&#39;s pay the Note on your house time,, truly amazing when it happens,", "time": 1405126315.0, "sentiment": ""}, {"id": 24576576, "text": "$AMZN It&#39;s about the 34.4% SSS growth, not the drone.", "time": 1405126167.0, "sentiment": ""}, {"id": 24576554, "text": "$AMZN Yup, runs after I sell", "time": 1405126140.0, "sentiment": ""}, {"id": 24576486, "text": "$AMZN Many will watch this move and in disbelief and never participate and it will go even higher", "time": 1405126053.0, "sentiment": "Bullish"}, {"id": 24576484, "text": "@cheri1 @jlc @darotweiler $347 seemed so impossible &lt; 24hours ago. 200d MA about to be tagged for 1st time since MARCH $AMZN. Big day", "time": 1405126049.0, "sentiment": ""}, {"id": 24576467, "text": "Someone/group is making it easy for me. $AMZN", "time": 1405126020.0, "sentiment": ""}, {"id": 24576441, "text": "$AMZN -Drones--PR stunt-imo", "time": 1405125993.0, "sentiment": ""}, {"id": 24576437, "text": "Shorted &amp; covered, &amp; more rounds to come. $AMZN.", "time": 1405125990.0, "sentiment": ""}, {"id": 24576375, "text": "$AMZN this why they call her a monster ?", "time": 1405125916.0, "sentiment": ""}, {"id": 24576372, "text": "If $AMZN fails again at 200 day (right here) it should head back to $320 in coming days.", "time": 1405125913.0, "sentiment": "Bearish"}, {"id": 24576353, "text": "@cheri1 @smtrader @S_Evans $AMZN !!! Well done", "time": 1405125887.0, "sentiment": ""}, {"id": 24576230, "text": "$AMZN $346 coming", "time": 1405125739.0, "sentiment": "Bullish"}, {"id": 24576189, "text": "@smtrader @cheri1 @S_Evans $AMZN Inverse Head &amp; Shoulders Breakout", "time": 1405125689.0, "sentiment": ""}, {"id": 24576132, "text": "$AMZN lol", "time": 1405125622.0, "sentiment": ""}, {"id": 24576131, "text": "$AMZN Best trade of my short career today....bought 30 contracts at 335 calls yesterday for $22....sold for $950....going golfing!", "time": 1405125622.0, "sentiment": ""}, {"id": 24575870, "text": "$amzn will ROLL hard this afternoon  don&#39;t get cught in the hype", "time": 1405125301.0, "sentiment": ""}, {"id": 24575859, "text": "$AMZN why is this up nearly 5%?  Besides the obvious reasons of more demand then supply", "time": 1405125285.0, "sentiment": ""}, {"id": 24575781, "text": "$AMZN Moves #FAA To Test Drones Outside Labs http://stks.co/g0oTM $AMZN", "time": 1405125184.0, "sentiment": ""}, {"id": 24575674, "text": "Last time $GOOGL made some Great $$ move on a friday, i was in Diapers - watch $590, could keep going \u2014 better value than $AMZN makes sense", "time": 1405125068.0, "sentiment": "Bullish"}, {"id": 24575573, "text": "$UAL start of the next run!  ...... $hpj what is up?   $amzn  Missed that train", "time": 1405124954.0, "sentiment": ""}, {"id": 24575571, "text": "$AMZN Squeeze, squeeze, and squeeze...", "time": 1405124952.0, "sentiment": ""}, {"id": 24575437, "text": "$AMZN squeeze about to fire on 1m. good day trade pop and opp.", "time": 1405124804.0, "sentiment": ""}, {"id": 24575277, "text": "When $AMZN rose today, it couldn&#39;t pull up $AAPL $TWTR $GTAT with it. When it crashes Monday, however, it&#39;ll pull them down with it.", "time": 1405124679.0, "sentiment": "Bearish"}, {"id": 24575221, "text": "$AMZN : Monday will be a great day for bear.", "time": 1405124611.0, "sentiment": ""}, {"id": 24575219, "text": "Love U $AMZN, but when stock $ is more than a $100 above it&#39;s best future projected growth price, then the choice is obvious.", "time": 1405124608.0, "sentiment": ""}, {"id": 24575149, "text": "My buy price targets: $AAPL = $79 , $TWTR = $16 , $GTAT = $12.50 , $GOGO = $12 , $AMZN = $280 , $YELP = $45", "time": 1405124534.0, "sentiment": "Bearish"}, {"id": 24575075, "text": "Oh ya, I just killed it! Not done yet. ;) $AMZN", "time": 1405124458.0, "sentiment": ""}, {"id": 24575057, "text": "The move to 338 on $AMZN July 3rd short market session was front loading. People always cheat on July 3rd very few eyeballs", "time": 1405124433.0, "sentiment": ""}, {"id": 24574991, "text": "$AMZN : This action confirms a drop in ER. I am going to buy a lot of Puts on ER.", "time": 1405124358.0, "sentiment": ""}, {"id": 24574977, "text": "$AMZN check out last week posts said 340 BO coming huge move up. $DDD 54-55 $FB 63 told you to get long . There is 317-320 I promised $ REGN", "time": 1405124340.0, "sentiment": ""}, {"id": 24574852, "text": "$AMZN is back.", "time": 1405124201.0, "sentiment": "Bullish"}, {"id": 24574747, "text": "$AMZN is exceptionally great stock and company, it will most likely beat its all time highs", "time": 1405124078.0, "sentiment": "Bullish"}, {"id": 24574641, "text": "$AMZN is causing quite a stir. What are people looking for specifically?", "time": 1405123974.0, "sentiment": ""}, {"id": 24574606, "text": "$AMZN : Stop the nonsense.", "time": 1405123933.0, "sentiment": ""}, {"id": 24574535, "text": "ok out of half $AMZN at 344, will hold the other half until im stopped or in the 370s", "time": 1405123832.0, "sentiment": ""}, {"id": 24574522, "text": "$AMZN $350 EOD", "time": 1405123820.0, "sentiment": ""}, {"id": 24574475, "text": "$FB $LNKD $TWTR Social media will make a comeback for good. These are the new $AMZN $PCLN just coming out of infancy stage.", "time": 1405123746.0, "sentiment": "Bullish"}, {"id": 24574462, "text": "@theobear667 Instead $AMZN is owned by insane volatility, very bipolar stock, the law of tiny profit rules it.", "time": 1405123734.0, "sentiment": ""}, {"id": 24574386, "text": "&quot;@InvestingJungle: $AMZN 200ma here we come&quot; 345 printed, exited today&#39;s 345&#39;s at 1.1 from .32 and now watch it hit my 348 target", "time": 1405123634.0, "sentiment": ""}, {"id": 24574332, "text": "handful of stocks make 4a green $NDX.misleading &#39;strength.&#39; $GOOG $GOOGL $AMZN $MSFT $FB $EBAY etc http://stks.co/a0kPi", "time": 1405123546.0, "sentiment": ""}, {"id": 24574227, "text": "$AMZN contemplating giving up the chicken", "time": 1405123397.0, "sentiment": ""}, {"id": 24574155, "text": "@BidnessEtc: SEC\u2019s Overwhelming Response For Alibaba Raises Concern Among Investors http://stks.co/e0kQH $AMZN $EBAY $WB", "time": 1405123285.0, "sentiment": ""}, {"id": 24574151, "text": "$AMZN no supply on daily time frame until 359.77 so bulls are good to go, shorts don&#39;t even bother yet.", "time": 1405123273.0, "sentiment": ""}, {"id": 24574120, "text": "$AMZN updated chart - answer was yes... http://stks.co/d0kHW", "time": 1405123225.0, "sentiment": ""}, {"id": 24574119, "text": "&quot;@smtrader: increasing act at 345C on $AMZN, poss pin is now at 345&quot;", "time": 1405123225.0, "sentiment": ""}, {"id": 24574086, "text": "increasing act at 345C on $AMZN, poss pin is now at 345", "time": 1405123185.0, "sentiment": ""}, {"id": 24574034, "text": "&quot;@vik_canadian: $AMZN : No solid news for 5% spike Still....BS&quot; The Stock disagrees with you :-)", "time": 1405123113.0, "sentiment": "Bullish"}, {"id": 24573982, "text": "$AMZN squeeze", "time": 1405123037.0, "sentiment": "Bullish"}, {"id": 24573918, "text": "Ok, no more posts.. Time for plan and action. C U. $AMZN.", "time": 1405122941.0, "sentiment": ""}, {"id": 24573879, "text": "$AMZN 200ma here we come", "time": 1405122883.0, "sentiment": ""}, {"id": 24573777, "text": "&quot;@InvestingJungle: $AMZN max pain for shorts been posted all morning, this is an old game plan, capiche?&quot;", "time": 1405122758.0, "sentiment": ""}, {"id": 24573775, "text": "Looking at the volumes earlier in the day.  Some entity definitely got sold on $AMZN prospect &amp; bought, but much lower now, and declining.", "time": 1405122757.0, "sentiment": ""}, {"id": 24573755, "text": "$AMZN July $360 calls up 600% today.  Nice!!", "time": 1405122735.0, "sentiment": ""}, {"id": 24573747, "text": "$AMZN : No solid news for 5% spike Still....BS", "time": 1405122729.0, "sentiment": ""}, {"id": 24573743, "text": "$AMZN yep", "time": 1405122725.0, "sentiment": ""}, {"id": 24573728, "text": "$AMZN Room to 348 on the hod break, the April high", "time": 1405122700.0, "sentiment": ""}, {"id": 24573684, "text": "$AMZN moving nicely", "time": 1405122649.0, "sentiment": ""}, {"id": 24573590, "text": "I know about $AMZN data service &amp; center. Expert on data &amp; services. Great stuff they have, but the news was BS. Ha. Buy at your own risk.", "time": 1405122521.0, "sentiment": ""}, {"id": 24573474, "text": "$AMZN imminent leader of tech, really", "time": 1405122394.0, "sentiment": ""}, {"id": 24573460, "text": "$AMZN +16.16 (4.93%) still strong", "time": 1405122374.0, "sentiment": "Bullish"}, {"id": 24573447, "text": "$AMZN The Trend Line Breakouts guys and IBD folllowers will start buying now :-)", "time": 1405122356.0, "sentiment": "Bullish"}]