[{"id": 28503670, "text": "&quot;@LinvestResearch: $DDD $CREE $AMZN $CMG Long...&quot;", "time": 1414530999.0, "sentiment": ""}, {"id": 28503594, "text": "$twtr $fb $AMZN $ibm $YHOO Just know when you play earnings .Your gambling .Always gambling, Even if rev is good, stocks find a way 2 tank", "time": 1414530953.0, "sentiment": ""}, {"id": 28503532, "text": "$AMZN I admire the courage of you knife catchers, but to me the chart still looks horrendous. No position. GL.", "time": 1414530912.0, "sentiment": "Bearish"}, {"id": 28503437, "text": "$AMZN sold puts bought calls;)", "time": 1414530849.0, "sentiment": "Bullish"}, {"id": 28503421, "text": "&quot;@lcc007: $AMZN one last look at AMZN - monthly chart @VIPS1000 @strattonite @TFCAB  http://stks.co/p0wxP&quot; // HOLDING THE LINE SO FAR", "time": 1414530843.0, "sentiment": "Bullish"}, {"id": 28503340, "text": "Good call by longs playing the Ponzi bounce. Same folks who said buy at 300, 330, and 360. $AMZN", "time": 1414530793.0, "sentiment": "Bearish"}, {"id": 28503102, "text": "$AMZN http://stks.co/g1DxR, Inc. (NASDAQ:AMZN) Eyes Ohio To House New Data Center  http://stks.co/f1E2Z", "time": 1414530647.0, "sentiment": ""}, {"id": 28503096, "text": "$AMZN And here we go through 295 lol 300 end of day .. 500$ soon", "time": 1414530644.0, "sentiment": "Bullish"}, {"id": 28502934, "text": "$AMZN on post-earnings gap-fill run?", "time": 1414530558.0, "sentiment": "Bullish"}, {"id": 28502273, "text": "$AMZN HOD :D Nice!", "time": 1414530189.0, "sentiment": ""}, {"id": 28502222, "text": "$AMZN 290 calls as posted Friday are now paying", "time": 1414530164.0, "sentiment": ""}, {"id": 28502218, "text": "@PickInsights @Project_Pat Like I said long $AMZN and long $BABA", "time": 1414530162.0, "sentiment": "Bullish"}, {"id": 28502184, "text": "$AMZN Heads up for 295", "time": 1414530140.0, "sentiment": "Bullish"}, {"id": 28502092, "text": "$AMZN flagging on the 5&#39;, lets see if it holds above 293.83", "time": 1414530092.0, "sentiment": ""}, {"id": 28502062, "text": "$AMZN Up up up and beyond ?", "time": 1414530078.0, "sentiment": ""}, {"id": 28502006, "text": "@lumberjax $DDD $CREE $AMZN $CMG Long...", "time": 1414530044.0, "sentiment": ""}, {"id": 28501466, "text": "$AMZN We might see over 300 today steady as she goes.. Algos are in complete buy mode", "time": 1414529727.0, "sentiment": "Bullish"}, {"id": 28501018, "text": "$BABA to move past $100+ this morning. Glad I rotated out of $AMZN for this one a month ago. At least $BABA makes money!!!!!", "time": 1414529452.0, "sentiment": "Bullish"}, {"id": 28500840, "text": "$AMZN strong today so far, key level to watch for break put upside / Reversal.", "time": 1414529338.0, "sentiment": ""}, {"id": 28500695, "text": "$SFTBY $AMZN $GOOG http://stks.co/j1Dy2", "time": 1414529240.0, "sentiment": "Bullish"}, {"id": 28500678, "text": "$AMZN Go Amazon it&#39;s your Birthday.", "time": 1414529226.0, "sentiment": ""}, {"id": 28500557, "text": "&quot;@borden100: $AMZN in weeky lottos 380 c&#39;s .65&quot; Sold my calls here .85", "time": 1414529146.0, "sentiment": ""}, {"id": 28500293, "text": "$AMZN As you all can see there are no more down says for amzn.. So just buy as we move over 300$ by end of week.. 500 years end", "time": 1414528968.0, "sentiment": "Bullish"}, {"id": 28499818, "text": "$AMZN targets http://stks.co/s0wUS", "time": 1414528603.0, "sentiment": ""}, {"id": 28499423, "text": "$AMZN Doug Kass explains why AMZN dropping to $200 is a probable scenario:  http://stks.co/s0wUI", "time": 1414528293.0, "sentiment": "Bearish"}, {"id": 28497856, "text": "$AMZN Amazon Debuts First Original Live-Action Kids Series Gortimer Gibbon\u2019s Life on Normal Street on .. http://stks.co/c1Ak8", "time": 1414526677.0, "sentiment": ""}, {"id": 28497830, "text": "$AMZN Amazon Debuts First Original Live-Action Kids Series Gortimer Gibbon&#39;s Life on Normal Street on Friday, http://stks.co/c1Ak5", "time": 1414526645.0, "sentiment": ""}, {"id": 28497562, "text": "just like with $AMZN stay away form noise\u2026 set reasonable target... buy .. bank coin $TWTR", "time": 1414526296.0, "sentiment": ""}, {"id": 28497235, "text": "$TWTR ALOT more Sell downgrades than I thought we&#39;d see.  $AMZN is awful, and they got buy reiterated....both are awful investments", "time": 1414525815.0, "sentiment": "Bearish"}, {"id": 28496736, "text": "Economic miss after economic miss... $AMZN $NFLX $P $YELP $TWTR - new economy smoked. Energy $XLE decimated and yet $SPY magic?? Pay no mind", "time": 1414525086.0, "sentiment": ""}, {"id": 28496498, "text": "@Vegastrader Accord to 1 of those anlysts, if I like getting an $AMZN box delivrd to my house, then I shud want to buy A at any price.  LOL.", "time": 1414524729.0, "sentiment": ""}, {"id": 28496374, "text": "$AMZN cmon up here to 300 so I can apply my boot to your face and push u back into the dirt, love prime/hate the stock ya I&#39;m bipolar", "time": 1414524551.0, "sentiment": "Bearish"}, {"id": 28495559, "text": "both $NFLX &amp; $AMZN who had nasty quarters had strong bounces on open recently. so yes $TWTR could do the same...", "time": 1414523112.0, "sentiment": ""}, {"id": 28494632, "text": "$TWTR $SPY $AAPL $AMZN $FB $AMZN $GILD $FSLR Getting ready before the FOMC meeting, Levels to watch. http://stks.co/p0wsO", "time": 1414520975.0, "sentiment": "Bullish"}, {"id": 28494368, "text": "$BABA About to get $amzn $nflx $p $twtr money in babbaaa", "time": 1414520363.0, "sentiment": ""}, {"id": 28493306, "text": "$AMZN Governor Quinn, Senator Durbin and Amazon Announce Plans to Create 1,000 Full-Time Jobs in Illinois http://stks.co/r0whq", "time": 1414515733.0, "sentiment": ""}, {"id": 28493291, "text": "$AMZN Governor Quinn, Senator Durbin and Amazon Announce Plans to Create 1,000 Full-Time Jobs in Illin.. http://stks.co/r0whp", "time": 1414515674.0, "sentiment": ""}, {"id": 28493090, "text": "$AMZN Amazon employees Strike: http://stks.co/a1AUc. Now bad earnings, fail Fire Phone... This inflated stock is going to deflate.", "time": 1414513877.0, "sentiment": "Bearish"}, {"id": 28491930, "text": "$AMZN Staff on strike?", "time": 1414500937.0, "sentiment": ""}, {"id": 28491834, "text": "&quot;@lcc007: $AMZN one last look at AMZN - monthly chart @VIPS1000 @strattonite @TFCAB  http://stks.co/q0wKb&quot; // watch this chart.", "time": 1414500123.0, "sentiment": "Bullish"}, {"id": 28491177, "text": "$AMZN Wall Street Week Ahead: Investors Await FOMC Meeting. http://stks.co/c1AeZ", "time": 1414496312.0, "sentiment": "Bullish"}, {"id": 28490761, "text": "@DMactwit Two completely different markets, and $BABA is much more diversified than $AMZN", "time": 1414493998.0, "sentiment": "Bullish"}, {"id": 28490622, "text": "&quot;@thanat: $AMZN which will become true first between $AAPL@$200 vs $AMZN@ $100?&quot; I bet on $AMZN 100", "time": 1414493352.0, "sentiment": ""}, {"id": 28490592, "text": "$AMZN which will become true first between $AAPL@$200 vs $AMZN@ $100?", "time": 1414493241.0, "sentiment": ""}, {"id": 28490486, "text": "$AMZN inventory writedown only ~ 3 month after the launch of Fire phone - http://stks.co/b1Aco", "time": 1414492595.0, "sentiment": ""}, {"id": 28490305, "text": "$AMZN to $100 in the cards? http://stks.co/s0wMk", "time": 1414491762.0, "sentiment": ""}, {"id": 28489688, "text": "$AMZN Christmas saves amaZon", "time": 1414489245.0, "sentiment": ""}, {"id": 28489644, "text": "$AMZN Bullish, bet it falls through the reverse triangle, intuition", "time": 1414489115.0, "sentiment": ""}, {"id": 28489534, "text": "@DMactwit What an insult to $baba to compare to to $amzn", "time": 1414488736.0, "sentiment": "Bullish"}, {"id": 28489491, "text": "@DMactwit Different business models. $BABA turns a bigger profit for far less money than $AMZN plus has all of Asia under its belt.", "time": 1414488578.0, "sentiment": ""}, {"id": 28489261, "text": "http://stks.co/i1Dih Trades called today on $GILD, $SLB, $AMZN, $GIMO along including losers so we ALL can learn from my mistakes.", "time": 1414487883.0, "sentiment": ""}, {"id": 28488590, "text": "@ChalanTA $NFLX and $AMZN took real tough beatings. More to come I believe.", "time": 1414485723.0, "sentiment": ""}, {"id": 28488426, "text": "$SPY $NFLX $AMZN $TWTR all dissappointing...what could go wrong? Even if Fed soothes it wont last more than a day..then back to red - imo", "time": 1414485099.0, "sentiment": "Bearish"}, {"id": 28488080, "text": "$AMZN Nice buy in if holds.  http://stks.co/d1AYn", "time": 1414483933.0, "sentiment": ""}, {"id": 28487277, "text": "$TWTR this will either bounce like $GOOGL and $NFLX or it will hold steady for a little bit like $AMZN I bet the former", "time": 1414481291.0, "sentiment": "Bullish"}, {"id": 28487109, "text": "$BABA has only 25% penetration in China yet has solid foothold doing everything $EBAY $AMZN and Paypal does", "time": 1414480808.0, "sentiment": ""}, {"id": 28487104, "text": "$AMZN $YAHOO Since we are coming to grips with the end of QE P/E ratios and valuation are getting back in focus especially during this E/S", "time": 1414480801.0, "sentiment": ""}, {"id": 28486588, "text": "$AMZN The Amazon stock tanked following the latest earnings report. Our Q3 2014 review. http://stks.co/i1Dhf", "time": 1414479553.0, "sentiment": ""}, {"id": 28486340, "text": "$AMZN | $DECK | $BMRN | $TWTR | $BWLD &gt; Congrats to my TradeWinds followers on the 5/5 E/R plays.  http://stks.co/d1AYB", "time": 1414478964.0, "sentiment": ""}, {"id": 28485918, "text": "Congratulations VIDEO :) $AAPL $AMZN $BIDU $CAT $TWTR $FB $HAL $GOOGL $TSLA $DJIA $NFLX $SBUX $SPX $COMPQ http://stks.co/f1Ds7", "time": 1414477965.0, "sentiment": ""}, {"id": 28485772, "text": "@SwingVector What r your thoughts on $AMZN ?", "time": 1414477685.0, "sentiment": ""}, {"id": 28485518, "text": "$AMZN  Introduces Fire TV Stick http://stks.co/d1AXy", "time": 1414477044.0, "sentiment": ""}, {"id": 28485293, "text": "If the trend continues like with $NFLX $AMZN, $TWTR Should be up $4/5 bucks by end of week", "time": 1414476527.0, "sentiment": ""}, {"id": 28483974, "text": "$QQQ http://stks.co/a1AR0 Only thing differentiating $AMZN Amazon warehouses from north korean slave camps is a few extra vending machines", "time": 1414473524.0, "sentiment": "Bearish"}, {"id": 28483234, "text": "$AMZN oops that was meant for TWTR lol", "time": 1414472067.0, "sentiment": ""}, {"id": 28483227, "text": "$AMZN surprised this isn&#39;t down more AH", "time": 1414472040.0, "sentiment": ""}, {"id": 28482837, "text": "@cybercash28 nothing wrong with starting with FA just realize that some traders/investors buy growth (like with $AMZN or $CMG)", "time": 1414471276.0, "sentiment": ""}, {"id": 28482444, "text": "One by one, the momo stocks have been hit; $NFLX, $YELP, $AMZN, and now $TWTR.", "time": 1414470568.0, "sentiment": ""}, {"id": 28481655, "text": "$AMZN and $ TWTR nailed on sell and buy side. Started new blog, everyone does so why no moi 8^)  http://stks.co/i1Dfz", "time": 1414469485.0, "sentiment": ""}, {"id": 28481193, "text": "$TWTR $AMZN $YELP It is all about $BABA because profits does matter.", "time": 1414468922.0, "sentiment": ""}, {"id": 28481168, "text": "Quarantine the Internet!\n$NFLX $GOOG $AMZN $TWTR \n#earnings #growth", "time": 1414468890.0, "sentiment": ""}, {"id": 28480752, "text": "@vpkds1 $AMZN imagine buyin this at 360 back in july because analyst said so only to have them drop pt while keeping outperform rating, ouch", "time": 1414468347.0, "sentiment": ""}, {"id": 28480571, "text": "$TWTR likely to play $NFLX or $AMZN  per earning release panic putting in the bottom.", "time": 1414468076.0, "sentiment": ""}, {"id": 28480516, "text": "$AMZN This POS is going to $200, maybe not this week, the MoFo&#39;s still need to unload this T&#39;rd to more Suckers!!! But this is INEVITABLE!!!", "time": 1414467989.0, "sentiment": ""}, {"id": 28480446, "text": "$AMZN Annal-yiests Do Not Get Paid to Place SELL Ratings on Stocks, NO MATTER WHAT!!!", "time": 1414467921.0, "sentiment": ""}, {"id": 28480420, "text": "$AMZN That Annal-yiest is RETARDED!!!", "time": 1414467888.0, "sentiment": ""}, {"id": 28480174, "text": "&quot;@DocStoc: $AMZN This analyst has no fundamental grasp between the dichotomy of a great company vs a great stock.&quot;  I was just amazed...", "time": 1414467651.0, "sentiment": "Bearish"}, {"id": 28480047, "text": "$AMZN LT value in doubt - will it ever be profitable? For traders only now.", "time": 1414467514.0, "sentiment": ""}, {"id": 28479605, "text": "$TWTR joins $YELP $P $AMZN $NFLX $GOOG in predictable ER declines 10%-20%. Who is next?", "time": 1414467062.0, "sentiment": ""}, {"id": 28479411, "text": "$AMZN $TWTR $YELP $P - sensing a theme? how bout all the retail misses? there yet? no, ok then just keep buying per the clock $SPY $QQQ", "time": 1414466883.0, "sentiment": ""}, {"id": 28479374, "text": "$amzn..is that george costanza on cnbc?", "time": 1414466856.0, "sentiment": ""}, {"id": 28477391, "text": "no one wants to pay for potential anymore . they people have spoken $AMZN $TWTR", "time": 1414465685.0, "sentiment": ""}, {"id": 28476977, "text": "Strike in Germany could cripple $AMZN in its second biggest market outside the US http://stks.co/p0wjR", "time": 1414465523.0, "sentiment": ""}, {"id": 28476611, "text": "Opened new Long positions on $TSLA, $AMZN, and $ILMN today.", "time": 1414465307.0, "sentiment": "Bullish"}, {"id": 28475822, "text": "&quot;@BeckyHiu: Long $AMZN Nov 295/300 CS.trading that outside BB stretch and notion that it is OS and having some RS today.&quot; @a_jackson at 1250", "time": 1414464813.0, "sentiment": ""}, {"id": 28475763, "text": "$AMZN http://stks.co/p0wj7 (AMZN) Acquires Rooftop Media http://stks.co/p0wj8", "time": 1414464764.0, "sentiment": ""}, {"id": 28475537, "text": "Are Tech IPOs a good investment? http://stks.co/j1Djb $TWTR $FB $AMZN $LNKD $EBAY $GOOG", "time": 1414464586.0, "sentiment": ""}, {"id": 28475534, "text": "Now that $AMZN has given up the ghost...$baba is the e-tailer to trade", "time": 1414464583.0, "sentiment": ""}, {"id": 28475377, "text": "Bought $AMZN PUT AMAZON COM INC $280 EXP 10/31/14. Still owning $TSLA put into earnings.", "time": 1414464457.0, "sentiment": ""}, {"id": 28475186, "text": "&quot;@a_jackson: 79% stocktwits bears in $AMZN with price at key support.  if it can&#39;t bounce now... http://stks.co/r0wYI&quot; Got long this am", "time": 1414464309.0, "sentiment": ""}, {"id": 28475158, "text": "79% stocktwits bears in $amzn with price at key support.  if it can&#39;t bounce now... http://stks.co/s0wFY", "time": 1414464288.0, "sentiment": ""}, {"id": 28474734, "text": "@Hattrick55 wouldnt place too much weight on Estimize prediction for $twtr they predicted same for $amzn", "time": 1414463913.0, "sentiment": ""}, {"id": 28473161, "text": "Don&#39;t miss our tech roundup! We dig into Yahoo and Apple&#39;s earnings. $YHOO $AAPL $AMZN $MSFT $NFLX $FB http://stks.co/a1AMP", "time": 1414462429.0, "sentiment": ""}, {"id": 28472872, "text": "$AMZN $190 Cloud? http://stks.co/c1AWy", "time": 1414462158.0, "sentiment": "Bearish"}, {"id": 28472275, "text": "$AMZN Has the market lost patience with Amazon? http://stks.co/s0wEm", "time": 1414461554.0, "sentiment": ""}, {"id": 28472270, "text": "$GILD, $AMZN, $SLB, $GIMO call made prior the move along with losers. Learning should never stop. http://stks.co/t0wPp", "time": 1414461544.0, "sentiment": ""}, {"id": 28472262, "text": "$AMZN AMZN Oct 31 2014 285.00 Put", "time": 1414461530.0, "sentiment": "Bearish"}, {"id": 28472039, "text": "$BABA earning report on 04/11/2014 before market..$BIDU $FB $WB $AMZN $TWTR", "time": 1414461250.0, "sentiment": ""}, {"id": 28471555, "text": "&quot;@BubbleStocks: Why not buy an E-commerce company w/ real earnings, solid fundamentals &amp; faster growth?  Sell $AMZN Buy $BABA&quot; grt idea", "time": 1414460737.0, "sentiment": ""}, {"id": 28471529, "text": "Why not buy an E-commerce company w/ real earnings, solid fundamentals &amp; faster growth?  Sell $AMZN Buy $BABA", "time": 1414460707.0, "sentiment": ""}, {"id": 28471436, "text": "$AMZN l2p fair - treating employees right - germany smack down on X-MAS business", "time": 1414460614.0, "sentiment": "Bearish"}, {"id": 28470977, "text": "$AMZN at its lowest point this whole year\u2026", "time": 1414460141.0, "sentiment": ""}, {"id": 28470933, "text": "$AMZN wants to pop, but bond and vix are still too high for it to do so", "time": 1414460096.0, "sentiment": ""}, {"id": 28470841, "text": "Mixed Signals On Popular Stocks $AMZN $CHK $WMT $ATV $BRK.B  http://stks.co/j1Di9", "time": 1414460002.0, "sentiment": ""}, {"id": 28470786, "text": "$AMZN If it goes down. It&#39;s because of a market sell off. Nothing to do with him.", "time": 1414459945.0, "sentiment": ""}, {"id": 28470574, "text": "$AMZN Come on 290, better take it out, weak action", "time": 1414459699.0, "sentiment": ""}, {"id": 28470364, "text": "&quot;@tradewithjoe: $AAPL Stocks on watch in 100K challenge today - $IWM $SPY $AMZN $NFLX $TSLA $FB $TWTR $AAPL $BAC $TLT (could trade any.)&quot;", "time": 1414459482.0, "sentiment": ""}, {"id": 28470292, "text": "$ROKU Will be a tough place to IPO with $GOOG chromecast, $AMZN, $TIVO and Smart TV&#39;s as competition.", "time": 1414459383.0, "sentiment": ""}, {"id": 28470254, "text": "&quot;@Mrbull55: $AMZN $320 target initiated&quot; heading there by xmas", "time": 1414459335.0, "sentiment": ""}, {"id": 28470247, "text": "For every successful tech IPO, one can find a couple of failed ones) http://stks.co/q0wBY $TWTR $FB $AMZN $LNKD $GOOG $YHOO", "time": 1414459333.0, "sentiment": ""}, {"id": 28470234, "text": "$AMZN idk why anyone would want to buy stock of a company that never made profits", "time": 1414459314.0, "sentiment": "Bearish"}, {"id": 28470222, "text": "$AMZN everybody who wanted out are out already? Where are the shorts today?", "time": 1414459305.0, "sentiment": ""}, {"id": 28470211, "text": "$AMZN Think about it there really are no scenarios where this goes down anymore until next earnings, maybe, and that&#39;s in 4 month..BUY", "time": 1414459296.0, "sentiment": "Bullish"}, {"id": 28470121, "text": "$AMZN $320 target initiated", "time": 1414459199.0, "sentiment": "Bullish"}, {"id": 28470009, "text": "$AMZN this is mm manipulation, not retail, shorts will now get squeezed.", "time": 1414459075.0, "sentiment": "Bullish"}, {"id": 28469977, "text": "$AMZN And there it is that was the last time you get to see it under 290... 325 end of week ..500$ target end of year", "time": 1414459030.0, "sentiment": "Bullish"}, {"id": 28469905, "text": "$AMZN Told ya.", "time": 1414458939.0, "sentiment": ""}, {"id": 28469880, "text": "$AMZN here comes the rip boys and girls", "time": 1414458908.0, "sentiment": "Bullish"}, {"id": 28469860, "text": "$AMZN giving +2.00 finally.", "time": 1414458895.0, "sentiment": ""}, {"id": 28469673, "text": "@tsidhu Yes, $AMZN 285/280 cps mentioned in Sat. musings, bounce off oversold, very low RSI + Williams", "time": 1414458710.0, "sentiment": ""}, {"id": 28469651, "text": "$AMZN momentum is picking up...slowly but surely", "time": 1414458690.0, "sentiment": "Bullish"}, {"id": 28469462, "text": "$AMZN Look at $NFLX daily chart as a template for AMZN short entry trades!", "time": 1414458507.0, "sentiment": "Bearish"}, {"id": 28469327, "text": "$AMZN strange day. probably &quot;dead cat bounce&quot; before the slow drop continues", "time": 1414458348.0, "sentiment": ""}, {"id": 28469241, "text": "@RottenAl $AMZN exploding operating expenses courtesy of WSJ.  L/t bearish.  http://stks.co/g1Dgb", "time": 1414458247.0, "sentiment": "Bearish"}, {"id": 28469220, "text": "$AMZN Hillarious!!! AAPL is down and this POS is going up! Just goes to show how Dumb the retail investors are!!!!!", "time": 1414458227.0, "sentiment": ""}, {"id": 28469208, "text": "@Project_Pat Weird to be bullish $BABA, SHORT $AMZN", "time": 1414458204.0, "sentiment": ""}, {"id": 28469097, "text": "Pairs i&#39;m looking at: $BABA long / $AMZN short ; $SAVE $AAL $DAL long / $IWM short. $XLU long $IWM short. no positions yet. calc beta&#39;s", "time": 1414458092.0, "sentiment": ""}, {"id": 28469019, "text": "$AMZN Be calm ... Funds are dumping this T&#39;rd! So if MM have to step in and Buy, it follows that they will raise price to unload to morons!!", "time": 1414458021.0, "sentiment": ""}, {"id": 28468950, "text": "$AMZN Adding to Jan puts here.", "time": 1414457945.0, "sentiment": ""}, {"id": 28468949, "text": "$AMZN Sooooo, why are my calls red today?", "time": 1414457945.0, "sentiment": ""}, {"id": 28468825, "text": "@attaincapital Wow @ $AMZN gains!", "time": 1414457818.0, "sentiment": ""}, {"id": 28468735, "text": "Welcome to the stock market, where people pay top dollar for companies nearing insolvency. $AMZN", "time": 1414457721.0, "sentiment": "Bearish"}, {"id": 28468713, "text": "What if you had invested $1,000 in $TWTR and these (other) IPO\u2019s http://stks.co/f1DlG $AMZN $EBAY   $YHOO $GOOG  $LNKD $FB", "time": 1414457704.0, "sentiment": ""}, {"id": 28468668, "text": "$amzn.. I had so many bashers on Friday when I said there was too much negative sentiment in AMZN..It does work", "time": 1414457660.0, "sentiment": ""}, {"id": 28468608, "text": "Ponzi love today!! you longs will NEVER learn. Short from 350 and enjoying your idiocy.  $AMZN", "time": 1414457603.0, "sentiment": "Bearish"}, {"id": 28468605, "text": "$AMZN BAM !", "time": 1414457603.0, "sentiment": ""}, {"id": 28468584, "text": "Wow, nice volume too. :) $AMZN timeframes http://stks.co/r0wWU", "time": 1414457587.0, "sentiment": ""}, {"id": 28468552, "text": "Yeehaw $AMZN HOD", "time": 1414457550.0, "sentiment": ""}, {"id": 28468522, "text": "$AMZN strong in this tap...hmmm", "time": 1414457516.0, "sentiment": ""}, {"id": 28468466, "text": "Long $AMZN Nov 295/300 CS ...trading that outside BB stretch and notion that it is OS and having some RS today.", "time": 1414457457.0, "sentiment": ""}, {"id": 28468447, "text": "$AMZN this is gonna be a slow and painful climb up", "time": 1414457436.0, "sentiment": ""}, {"id": 28468424, "text": "$BABA Afternoon Trade Updates - http://stks.co/h1DiD $GOOGL $TSLA $BABA $AMZN +500 less than 3k capital @ risk.", "time": 1414457419.0, "sentiment": ""}, {"id": 28467997, "text": "$AMZN and here comes another test for HOD watch", "time": 1414456965.0, "sentiment": ""}, {"id": 28467715, "text": "NEW POST: Electric Sliding Down http://stks.co/c1AV5 $AMZN $NFLX $QQQ $SPY $TSLA", "time": 1414456703.0, "sentiment": ""}, {"id": 28467536, "text": "$AMZN Suprised it is holding up all day today.", "time": 1414456509.0, "sentiment": ""}, {"id": 28467340, "text": "$AMZN I like how the shorts all just shut up all of a sudden lol", "time": 1414456310.0, "sentiment": ""}, {"id": 28467117, "text": "Here is how I traded $TSLA, $GOOGL, $BABA, $AMZN today http://stks.co/r0wW2", "time": 1414456046.0, "sentiment": ""}, {"id": 28466965, "text": "Most heavily analyst rated stocks in the last 72 hours: $W $AMZN $FNFG $P $SIR $FLS http://stks.co/s0wDB", "time": 1414455945.0, "sentiment": ""}, {"id": 28466910, "text": "Idea: $AMZN long into BF. Maybe.", "time": 1414455876.0, "sentiment": ""}]