[{"id": 40030026, "text": "$GPRO Almost like $AMZN w/APRIL ER....crashed AH and rebounded 100 points", "time": 1437535407.0, "sentiment": ""}, {"id": 40029654, "text": "@TheComplainer just trying to make a dolla bro. :) $gpro $AAPL $gild $amzn $FB $ua $SBUX", "time": 1437535223.0, "sentiment": ""}, {"id": 40029430, "text": "$GPRO bbbbbbooooommmmmmmm $aapl $fb $gild $AMZN", "time": 1437535126.0, "sentiment": ""}, {"id": 40028680, "text": "$GPRO could be an $AMZN reversal soon..", "time": 1437534802.0, "sentiment": ""}, {"id": 40028639, "text": "$AMZN LOL... and someone just bought 10k shares... back over 488 :D", "time": 1437534788.0, "sentiment": ""}, {"id": 40028095, "text": "$AMZN Someone just dumped 7000 shares and dropped the price to $485", "time": 1437534555.0, "sentiment": ""}, {"id": 40026792, "text": "$amzn $500 coming", "time": 1437533992.0, "sentiment": "Bullish"}, {"id": 40026506, "text": "H-ll a slow internet connection $AMZN", "time": 1437533856.0, "sentiment": ""}, {"id": 40025901, "text": "$WUBA bad company-good stock like $AMZN http://stks.co/i2ohQ", "time": 1437533521.0, "sentiment": "Bullish"}, {"id": 40025715, "text": "$amzn haaa  ripping", "time": 1437533420.0, "sentiment": ""}, {"id": 40025682, "text": "$AMZN", "time": 1437533404.0, "sentiment": ""}, {"id": 40024150, "text": "@j42 agree, $AMZN and $AAPL probably did not see the potential as $nflx did, but there will not be barriers to entry to these unlike others", "time": 1437532478.0, "sentiment": "Bearish"}, {"id": 40022341, "text": "bought $AMZN $500 EXP 07/31/15 calls on earnings; $ABMD has been in beast mode just bought a call on breakout $75 EXP 08/21/15", "time": 1437531345.0, "sentiment": ""}, {"id": 40021523, "text": "9 Best Analyst Rated Stocks in Last 7 Days: $GOOG $GOOGL $AMZN $SYF $NFLX $CELG $FB $UNH $INTC View all ratings here: http://stks.co/r2XR6", "time": 1437530762.0, "sentiment": ""}, {"id": 40021266, "text": "$FIT 55+ or 60 is even possible before ER, if others like $AMZN, $FB, $AAPL are presumably good on ER", "time": 1437530569.0, "sentiment": "Bullish"}, {"id": 40021004, "text": "Really thing the $AMZN comparison to Jet.com will be similar to the $GOOG comparisons to Cuil a few years back.", "time": 1437530365.0, "sentiment": ""}, {"id": 40020856, "text": "$LOCK would the FTC put a tweet out on $TSLA $GOOG $AMZN of course not", "time": 1437530273.0, "sentiment": ""}, {"id": 40020845, "text": "My comment on a tale of two markets is now available on Seeking Alpha: http://stks.co/f2oRV $AAPL $AMZN $GOOG $NFLX $IBB $ANAC $XLE $XLF", "time": 1437530267.0, "sentiment": ""}, {"id": 40019842, "text": "@ItalianInvestor @MissCate if your stomach can absorb that 10% move up or down after ER no problem. Long term $AMZN is a beast!", "time": 1437529486.0, "sentiment": ""}, {"id": 40019831, "text": "$AMZN green. That&#39;s what you call a STRONG BEAST", "time": 1437529477.0, "sentiment": "Bullish"}, {"id": 40019614, "text": "Published $AMZN estimate on Estimize: +0.03 EPS and -90.48M Revs compared to Wall Street&#39;s consensus. http://stks.co/a2Fx1", "time": 1437529323.0, "sentiment": ""}, {"id": 40018675, "text": "$AMZN Goldman raised target to 570. 550+ easily after earnings.", "time": 1437528646.0, "sentiment": "Bullish"}, {"id": 40018194, "text": "$AMZN 525 C", "time": 1437528324.0, "sentiment": "Bullish"}, {"id": 40017738, "text": "$AMZN I know it&#39;s risky to buy this late before earnings but I&#39;m definitely tempted!", "time": 1437527986.0, "sentiment": "Bullish"}, {"id": 40017438, "text": "US companies reporting earnings this week: $AAPL, $CMG, $MSFT, $YHOO, $BA, $KO, $AMZN, $MCD, $SBUX", "time": 1437527780.0, "sentiment": ""}, {"id": 40017223, "text": "$AMZN Total market is flat today.", "time": 1437527649.0, "sentiment": "Bullish"}, {"id": 40017081, "text": "$AMZN Interested to see what MSFT Azure numbers look like today.  A possible tell for AWS.", "time": 1437527575.0, "sentiment": ""}, {"id": 40016935, "text": "$AMZN out flat", "time": 1437527484.0, "sentiment": ""}, {"id": 40016796, "text": "http://stks.co/t2Xd5 PT raised by Goldman Sachs to $570.00. buy rating. http://stks.co/t2Xd6 $AMZN", "time": 1437527394.0, "sentiment": ""}, {"id": 40016673, "text": "$AMZN she wants to go greeeeeen!", "time": 1437527342.0, "sentiment": "Bullish"}, {"id": 40016542, "text": "$AMZN Earnings on Thursday, upgrades coming in, short term long is obvious.", "time": 1437527274.0, "sentiment": "Bullish"}, {"id": 40016284, "text": "$AMZN Amazing, too, Amazon&#39;s Prime Day outdid Black Friday w/ non-Prime and  Prime shoppers alike shopping then, the BUSIEST day year $NEON", "time": 1437527086.0, "sentiment": "Bullish"}, {"id": 40016274, "text": "$AMZN &quot;Get Long and Get Loud&quot; - which is what this video is about... http://stks.co/r2XP8", "time": 1437527079.0, "sentiment": ""}, {"id": 40016230, "text": "http://stks.co/q2XMe buy rating reiterated at Mizuho. http://stks.co/r2XP7 $AMZN", "time": 1437527054.0, "sentiment": ""}, {"id": 40016010, "text": "$NEON I wonder if we get &#39;Prime Day&#39; #s from Amazon soon. E-readers blowout  sales?? Anyway, $AMZN ER is Thursday, suspense wanes shortly", "time": 1437526908.0, "sentiment": "Bullish"}, {"id": 40014105, "text": "&quot;@Trader_Mood: $AMZN Re-Shorted, 1st short covered 485.52, play the range&quot; Stop covered 486.85  blattt!", "time": 1437525427.0, "sentiment": "Bearish"}, {"id": 40013739, "text": "$SPY $AMZN $TSLA $FB $NFLX market looks so foolish, every small dip gets bought out, fundamentals dont matter, hey but PIGS get Slaughtered!", "time": 1437525126.0, "sentiment": "Bearish"}, {"id": 40013481, "text": "Stocks reporting in the next week where @Estimize EPS consensus is well above Wall Street $AMZN", "time": 1437524927.0, "sentiment": ""}, {"id": 40013090, "text": "$AMZN Small pullback nothing more to see", "time": 1437524610.0, "sentiment": "Bullish"}, {"id": 40012790, "text": "Short some $AMZN into earnings @ $485.34 - bumping it&#39;s head on that 3 year trendline and monster run already", "time": 1437524372.0, "sentiment": "Bearish"}, {"id": 40012753, "text": "$AMZN Re-Shorted, 1st short covered 485.52, play the range", "time": 1437524343.0, "sentiment": "Bearish"}, {"id": 40012632, "text": "$AMZN long 486.62", "time": 1437524250.0, "sentiment": "Bullish"}, {"id": 40011963, "text": "http://stks.co/b2FkR neutral rating reiterated at B. Riley. $428.00 PT. http://stks.co/a2FuK $AMZN", "time": 1437523677.0, "sentiment": ""}, {"id": 40011780, "text": "@Afortyyearold @ridethewave1966 @sierrashawn @fpac Hope you are holding long $aapl $fb $gpro $amzn $googl $sbux $ua all going higher :)GL", "time": 1437523539.0, "sentiment": ""}, {"id": 40011594, "text": "$GPRO The valuation is not as crazy as $NFLX or $AMZN momo&#39;s...who knows for ER but you know the CEO is going to raise guidance...duh", "time": 1437523392.0, "sentiment": ""}, {"id": 40011451, "text": "@TrendHunter $NFLX $AMZN $FB $GOOGL $AAPL new leaders", "time": 1437523270.0, "sentiment": ""}, {"id": 40010779, "text": "$AMZN Technical Trade Card -&gt; http://stks.co/e2Fzy", "time": 1437522787.0, "sentiment": ""}, {"id": 40010511, "text": "Checked the jet.com site, $AMZN killer? LOL i think not, looks so 1999", "time": 1437522584.0, "sentiment": ""}, {"id": 40010424, "text": "$NFLX do you buy based on nearest $$$ value or take in consideration the cents value as well when making decison to buy or not?$AAPL $amzn", "time": 1437522515.0, "sentiment": ""}, {"id": 40010377, "text": "$AMZN $FB $NFLX Volume is the tell. Algo&#39;s &amp; folks who missed the party buying here. Little worry as a short w/o a further move w/ volume.", "time": 1437522485.0, "sentiment": "Bearish"}, {"id": 40010090, "text": "@amartinez314   I&#39;ve got $AMZN &amp; $FIT &amp; $GPRO &amp; $PYPL &amp; $HZNP.", "time": 1437522268.0, "sentiment": "Bullish"}, {"id": 40009473, "text": "$AMZN Shorted some @ 486.40, gotta make $$$ or can&#39;t sleep tonight :D", "time": 1437521783.0, "sentiment": "Bearish"}, {"id": 40008968, "text": "$TSLA,$NFLX, $AMZN, $CRM, $PCLN or $FB: could a accounting scandal hit any of these highflyers?", "time": 1437521445.0, "sentiment": ""}, {"id": 40008935, "text": "I am selling $GPRO after ER.  Do you recommend $AMZN at this moment?", "time": 1437521429.0, "sentiment": ""}, {"id": 40008883, "text": "Prime Day Could Improve Amazon Guidance Come Earnings Report, Mizuho Predicts $AMZN http://stks.co/q2XK4", "time": 1437521401.0, "sentiment": ""}, {"id": 40008801, "text": "My consistent WL: $AMBA $GPRO $SLTD $SBUX $DIS $BA  $AMZN $GILD $JUNO $VDSI $AAPL $GOOGL $DAL $KR $NKE $MA $COST $CMG $NFLX   $CYBR $FEYE", "time": 1437521344.0, "sentiment": "Bullish"}, {"id": 40008394, "text": "$amzn sorry forgot the chart", "time": 1437521073.0, "sentiment": ""}, {"id": 40008129, "text": "$amzn added on the line ..the line that projects an awesome day after $aapl ER yubba dubba do", "time": 1437520902.0, "sentiment": ""}, {"id": 40008034, "text": "Now the cream is rising to the top! See? Patience pays today! $GPRO $AAPL $AMZN", "time": 1437520832.0, "sentiment": "Bullish"}, {"id": 40007861, "text": "$AMZN | #optionsedge | EARNINGS GAMBLE http://stks.co/d2Fqy", "time": 1437520713.0, "sentiment": ""}, {"id": 40007253, "text": "$FB $NFLX $AMZN $GOOGL and $TWTR (if they can turn around the story!) Are the GROWTH names of NOW!  So knowing that, be smart and make money", "time": 1437520331.0, "sentiment": "Bullish"}, {"id": 40006563, "text": "Many stocks are acting very good and backing and filling is totally normal after huge run $LABU $IBB $XON $AMBA $AAPL $OPHT $FIT $FB $AMZN", "time": 1437519889.0, "sentiment": ""}, {"id": 40006527, "text": "$amzn $383.62 ER play!!", "time": 1437519867.0, "sentiment": "Bullish"}, {"id": 40006300, "text": "NEW POST: Why Your ETF Portfolio Hasn&#39;t Taken Off This Year - via @nasdaq http://stks.co/f2oMl $SPY $IVE $IVW $GOOG $FB $AMZN $NFLX $VYM", "time": 1437519719.0, "sentiment": ""}, {"id": 40005669, "text": "$MNST $UA $CMG $NFLX $AMZN $AAPL $GOOGL $PCLN $BIIB $REGN $GILD $CELG get with it goons!!!", "time": 1437519278.0, "sentiment": "Bullish"}, {"id": 40005534, "text": "Apple aims to beat out their competitors this Back to school season. $AAPL $TGT $JCP $AMZN http://stks.co/a2FsV", "time": 1437519175.0, "sentiment": ""}, {"id": 40004816, "text": "$AMZN JET!", "time": 1437518665.0, "sentiment": ""}, {"id": 40003732, "text": "$AMZN Amazon&#39;s Explosive Earnings and Colossal Risk http://stks.co/i2oaF\n \nmy take via @YahooFinance", "time": 1437517975.0, "sentiment": "Bullish"}, {"id": 40002309, "text": "$ANF selling on fears of $AMZN ?  Lets see what the Europe close does.  All shorts covering at 21.15?  Nice round number.", "time": 1437517053.0, "sentiment": ""}, {"id": 40001667, "text": "$AMZN Call prices are holding although the stock dropped about $2. Everyone&#39;s in a sit and wait mode.", "time": 1437516666.0, "sentiment": ""}, {"id": 40001453, "text": "$AMZN Nevermind-premiums off the chart", "time": 1437516529.0, "sentiment": ""}, {"id": 40001394, "text": "$AMZN Long 482", "time": 1437516494.0, "sentiment": ""}, {"id": 40000729, "text": "$FIT $AAPL $PYPL $AMZN $LMT $GPRO My sea&#39;s of red today means lots of green in the coming days", "time": 1437516095.0, "sentiment": ""}, {"id": 40000544, "text": "Last 4 qrtrs of $AMZN&#39;s price movement on the earnings announcement. Reporting on Thursday. http://stks.co/d2FoG", "time": 1437516008.0, "sentiment": ""}, {"id": 40000398, "text": "The sky ain&#39;t fallin&#39; yall! Even NSDQ is down today... Hold yer horses! $AAPL $AMZN $GPRO", "time": 1437515922.0, "sentiment": ""}, {"id": 39999463, "text": "strange Jet.com interview: the $Cost model but worse AND the $amzn model but worse. so some pieces of this and that... nothing original", "time": 1437515389.0, "sentiment": ""}, {"id": 39998340, "text": "@tytrader Go look at the financials of a real growth stock like $AMBA $TSLA $AMZN $NFLX.", "time": 1437514693.0, "sentiment": ""}, {"id": 39997737, "text": "My latest going over a tale of two markets:\nhttp://stks.co/q2XFW $ANAC $IBB $AAPL $AMZN $GOOG $NFLX $XLE $GLD $GSG", "time": 1437514339.0, "sentiment": ""}, {"id": 39997718, "text": "are we living in  $IBB $FB $GOOG $AAPL $NFLX $AMZN Bubble way over 11% of US GDP among massive DEBT!", "time": 1437514330.0, "sentiment": ""}, {"id": 39997391, "text": "Here you go. Don&#39;t complain. Both $FB and $AMZN are providing you opportunities to buy them before they explode. Good luck!", "time": 1437514151.0, "sentiment": ""}, {"id": 39997115, "text": "@MktOutperform are we living in the $IBB $FB $GOOG $AAPL $NFLX $AMZN Bubble way over 11% of US GDP among massive DEBT!", "time": 1437513995.0, "sentiment": ""}, {"id": 39997018, "text": "waiting for NASDAQ index to pull back sharply next few days. $GOOG $NFLX $AAPL $FB $AMZN may all give back gains big time in my opinion", "time": 1437513942.0, "sentiment": "Bearish"}, {"id": 39996711, "text": "$SPY The effect of &quot;beats&quot;(not really) of $AAPL, $GOOG, $FB, $AMZN should scare the hell out of you.  Overall market health es no bueno", "time": 1437513776.0, "sentiment": ""}, {"id": 39996653, "text": "$AMZN BTFD!", "time": 1437513743.0, "sentiment": ""}, {"id": 39996586, "text": "$FB Checkout chart of $AMZN blast off---pause---blast off", "time": 1437513710.0, "sentiment": ""}, {"id": 39995614, "text": "$AMZN down but put premiums not gaining much. Priming this one for upcoming ER!", "time": 1437513116.0, "sentiment": ""}, {"id": 39995515, "text": "$ASPS is running strong on earnings!   $AAPL $IBM $AXP $GM $BA $KO $AMZN $MSFT $YHOO $CMG $GPRO $ISRG $QCOM $MCD $SBUX $CAT $CELG $FB $NFLX", "time": 1437513053.0, "sentiment": "Bullish"}, {"id": 39995390, "text": "$AMZN Stopped out", "time": 1437512987.0, "sentiment": ""}, {"id": 39994931, "text": "$AAPL $TSLA $AMZN $GPRO ALL in red but $FB, FML shorted the wrong beast!:D", "time": 1437512717.0, "sentiment": "Bullish"}, {"id": 39994051, "text": "$AMZN In at a nice dip... We shall see what happens tonight", "time": 1437512291.0, "sentiment": ""}, {"id": 39993636, "text": "@venkysrinivasan Hi Venky!! Whats your take on $amzn +-$50 either way!! I am more inclined towards $300!!", "time": 1437512071.0, "sentiment": "Bullish"}, {"id": 39992850, "text": "$AMZN strong mother f*cking buy", "time": 1437511663.0, "sentiment": "Bullish"}, {"id": 39992254, "text": "$AMZN buy the dip guys!!", "time": 1437511361.0, "sentiment": "Bullish"}, {"id": 39991602, "text": "$AMZN when some analysts up the Price targets pre ER we should expect price to go up after ER", "time": 1437510995.0, "sentiment": ""}, {"id": 39991293, "text": "Retail company Jet; the next Amazon? http://stks.co/r2XFj $AMZN", "time": 1437510770.0, "sentiment": ""}, {"id": 39991099, "text": "$FB 110-120 if it can do $AMZN pre-ER move", "time": 1437510626.0, "sentiment": ""}, {"id": 39990830, "text": "$AMZN: how much of tomorrow&#39;s blowout earnings report has already been baked into the share price? will it be a sell the good news scenario?", "time": 1437510409.0, "sentiment": ""}, {"id": 39990751, "text": "$AMZN: implied volatility for tomorrow&#39;s earnings release? Anyone know? +10% to -10% perhaps? a $50 point move in either direction", "time": 1437510344.0, "sentiment": ""}, {"id": 39990221, "text": "$RAX $MSFT $AMZN A deal from AWS could be a huge boost to Rackspace. http://stks.co/q2XCj", "time": 1437509913.0, "sentiment": "Bullish"}, {"id": 39989193, "text": "$AAPL Market Recap - \n$SPY $QQQ $FB $AAPL $AMZN $IBM $VMW $TSLA $SHAK $NFLX $GOOGL $GOOG $WPX $USO $GLD $MS $GS -\nhttp://stks.co/e2FsT&quot;", "time": 1437508801.0, "sentiment": ""}, {"id": 39986793, "text": "Today&#39;s $HOT #Whisper $GDX $DUST $MS $AMZN http://stks.co/c2Ffb", "time": 1437505751.0, "sentiment": ""}, {"id": 39986509, "text": "$AMZN one of the least shorted stocks in its industry, only $QVCA has smaller short float. http://stks.co/a2Fk6", "time": 1437505216.0, "sentiment": ""}, {"id": 39985707, "text": "@Traimech you playing options on $AMZN or Stock ?", "time": 1437503655.0, "sentiment": ""}, {"id": 39985304, "text": "Will be cashing out my $AAPL calls and moving to $AMZN to continue the pre ER run ups. Continue the fun!", "time": 1437502869.0, "sentiment": ""}, {"id": 39984716, "text": "I give free tech analysis every tues and thurs AM on $AAPL $AMZN $FB $GOOGL $NFLX $TSLA. Also free option trades on each. Sign up is free.", "time": 1437501394.0, "sentiment": ""}, {"id": 39984693, "text": "Good morning. The free tech analysis is complete for $AAPL $AMZN $FB $GOOGL $NFLX $TSLA - http://stks.co/r2XBB", "time": 1437501330.0, "sentiment": ""}, {"id": 39984678, "text": "We provide free tech analysis every Tues and Thurs AM for $AAPL $AMZN $FB $GOOGL $NFLX $TSLA. Also give free option trades. Sign up is free.", "time": 1437501267.0, "sentiment": ""}, {"id": 39984151, "text": "How a lot of these recent breakouts react to earnings will go a long way toward telling us about this rally $AMZN $ILMN $FB $CELG", "time": 1437499125.0, "sentiment": ""}, {"id": 39983680, "text": "Going to be a massive day for me. $VZ $AAPL $MSFT $YHOO earnings. Still LONG $GOOG $TSLA $JNJ $FB $AMZN. Closed $AAPL &amp; Will SHORT $IBM", "time": 1437496795.0, "sentiment": ""}, {"id": 39983449, "text": "$DDD and $SSYS P/B 0.68 ... &quot;From overvalued to undervalued, a 3D printing history&quot; my new book on $AMZN !", "time": 1437495457.0, "sentiment": ""}, {"id": 39982981, "text": "$MS Bullish $IBM Bearish. It&#39;s been a while since I was a bear on these equities. Perhaps shall wait for $MSFT $AMZN $YHOO", "time": 1437492459.0, "sentiment": "Bullish"}, {"id": 39982975, "text": "&quot;@TalkMarkets: Deja Vu: The Return Of The 4-Horseman Of Tech $AMZN $AAPL $GOOG $FB  http://stks.co/c2Fc4&quot;", "time": 1437492404.0, "sentiment": ""}, {"id": 39982632, "text": "&quot;@chuckster: Good Lord, it looks like $HLX destroyed revs. Who cares about profits and beats any more though! $TSLA $NFLX $AMZN&quot; .What?", "time": 1437489932.0, "sentiment": ""}, {"id": 39981755, "text": "Deja Vu: The Return Of The 4-Horseman Of Tech $AMZN $AAPL $GOOG $FB  http://stks.co/h2oT3", "time": 1437484147.0, "sentiment": ""}, {"id": 39981456, "text": "@pumpkinPie India is right next to China. More like $AMZN needs to lookout for $BABA in the US market.", "time": 1437482020.0, "sentiment": ""}, {"id": 39981319, "text": "$TSLA $300 coming soon. Watch. $aapl $fb $gild $amzn $nflx $googl $amba", "time": 1437480968.0, "sentiment": ""}, {"id": 39981187, "text": "July 2000 - cover of Business week .. &#39;Will Amazon make it &#39; $amzn ... I say maybe ?  http://stks.co/d2Fdf", "time": 1437480252.0, "sentiment": ""}, {"id": 39980955, "text": "Growth stocks to grab in the next selloff $FB $AMZN $NFLX $GOOG $GOOGL $AMBA $PYPL $BIIB $CELG $GILD $REGN http://stks.co/e2FlS", "time": 1437479326.0, "sentiment": "Bullish"}, {"id": 39980802, "text": "http://stks.co/r2X79 outperform rating reiterated at Sanford C. Bernstein. $600.00 PT. http://stks.co/s2Wse $AMZN", "time": 1437478623.0, "sentiment": ""}, {"id": 39980591, "text": "$GPRO could see crazy moves on earnings $AAPL $MSFT $YHOO $AMZN $CMG $MCD $CAT http://stks.co/r2X75", "time": 1437477602.0, "sentiment": "Bullish"}, {"id": 39980528, "text": "@robbieconley @Zubair84 hey you damn right. Been BTMFD need a bigger wallet $aapl $fb $gild $biib $gpro $amzn $gild $googl $tsla $fb $smba", "time": 1437477373.0, "sentiment": ""}, {"id": 39980392, "text": "Cramer: Growth stocks to grab in the next selloff $FB $AMZN $NFLX $GOOG $GOOGL $AMBA $PYPL $BIIB $CELG $GILD $REGN http://stks.co/t2XKe", "time": 1437476904.0, "sentiment": ""}, {"id": 39979571, "text": "$AMZN http://stks.co/p2X2G", "time": 1437473887.0, "sentiment": ""}, {"id": 39979489, "text": "$CMG $AMZN http://stks.co/f2o8A", "time": 1437473652.0, "sentiment": ""}, {"id": 39979088, "text": "$AMZN technical analysis video and levels to watch. http://stks.co/i2oMG", "time": 1437472662.0, "sentiment": ""}, {"id": 39978484, "text": "$gpro going to $63. Watch. $aapl $amzn $fb", "time": 1437471113.0, "sentiment": ""}, {"id": 39978404, "text": "&quot;@Allintowin: $TSLA the blowout apple ER could help $TSLA pass its all time high&quot; Yup. All my $AAPL and $AMZN will go into $TSLA this week.", "time": 1437470952.0, "sentiment": ""}, {"id": 39978214, "text": "$FB Need somd upgrades...to get over wall...just like $AMZN and $NFLX", "time": 1437470452.0, "sentiment": ""}, {"id": 39978041, "text": "Dear $FB $AMZN $APPL, thanks for the new $TSLA in the one-off factory custom color(lotus aubergine). Only factory purple $TSLA in the world?", "time": 1437470031.0, "sentiment": ""}, {"id": 39977901, "text": "$AMZN expecting a 12%+ move Thursday or 545+.", "time": 1437469725.0, "sentiment": "Bullish"}, {"id": 39977198, "text": "$AMZN any meat left on this bone?  any one looking at weeklies? 510? not cheap by any stretch.", "time": 1437468068.0, "sentiment": "Bullish"}, {"id": 39976329, "text": "@Dawnr48 $FB While I heard the same thing on calls $AMZN...volume trumps max pain nonsense", "time": 1437466262.0, "sentiment": ""}, {"id": 39976318, "text": "Technical Analysis $SPY $AAPL $NFLX $FB $AMZN $SINA $BIDU Earnings  http://stks.co/e2FjO", "time": 1437466231.0, "sentiment": ""}, {"id": 39975715, "text": "$AMZN Whoever is trying to purchase calls now that&#39;s too OTM beware! I&#39;d go 1-2 strike prices away from underlying price. Kind of late, sry.", "time": 1437464999.0, "sentiment": "Bullish"}, {"id": 39975482, "text": "Looking forward to putting all my $AAPL and $AMZN money into $TSLA later this week, PRE-ER. Going from one party to another.", "time": 1437464449.0, "sentiment": ""}, {"id": 39974954, "text": "Monday links: promiscuous trading, gold&#39;s tough time and web page bloat. http://stks.co/d2Fb5 $MTUM $GLD $GDX $EBAY $PYPL $UA $AMZN $ADBE", "time": 1437463491.0, "sentiment": ""}, {"id": 39974661, "text": "$TSLA $AMZN $GOOGL Wich one will reach their first? Tesla 400$, amazon 600$  or google 800$", "time": 1437462947.0, "sentiment": ""}, {"id": 39974354, "text": "$GPRO $AMZN $AAPL $GOOGL WS pumping the MoMo&#39;s that retail loves, squeezing all they can out of this mkt before rate hikes. Sheep beware..", "time": 1437462284.0, "sentiment": ""}, {"id": 39974208, "text": "Okay. It almost my hit my final level today. $AMZN", "time": 1437461905.0, "sentiment": ""}, {"id": 39974017, "text": "Tomorrow via @YahooFinance \n\n&quot;Amazon&#39;s Explosive Earnings Pose Unprecedented Risk&quot;\n\n$AMZN", "time": 1437461499.0, "sentiment": ""}, {"id": 39973806, "text": "$AMZN Technical Trade Card -&gt; http://stks.co/t2XHX", "time": 1437461041.0, "sentiment": ""}, {"id": 39973653, "text": "$AAPL Market Recap - \n$SPY $QQQ $FB $AAPL $AMZN $IBM $VMW $TSLA $SHAK $NFLX $GOOGL $GOOG $WPX $USO $GLD $MS $GS -\nhttp://stks.co/f2o5C", "time": 1437460716.0, "sentiment": ""}, {"id": 39973581, "text": "$AMZN No doubt in my mind that Amazon is going to beat expectations. I work in the government sector and AWS has been winning contracts", "time": 1437460564.0, "sentiment": "Bullish"}, {"id": 39973178, "text": "$AMZN stock picking is not so hard, it&#39;s know when to sell that drives me nuts! Sold way to early on Nflx, Goog, tesla and Cmg.", "time": 1437459655.0, "sentiment": "Bullish"}, {"id": 39973169, "text": "Brian Bolan of Zacks Equity Research thinks $AMZN is a BUY:http://stks.co/j2o5i", "time": 1437459633.0, "sentiment": ""}, {"id": 39972738, "text": "@Vvermont selling half my position &amp; moving it to $AMZN", "time": 1437458926.0, "sentiment": ""}, {"id": 39972717, "text": "$BABA if $AMZN misses,  how would $BABA move? Thoughts? No position as of today on both.", "time": 1437458882.0, "sentiment": ""}, {"id": 39972712, "text": "&quot;@headbutt888: $SPY say what you want, but this chart is pretty awesome imho  http://stks.co/c2FWX $QQQ $AAPL $GOOG $AMZN $FB&quot; Cramer top?", "time": 1437458867.0, "sentiment": ""}, {"id": 39972314, "text": "&quot;@JAG85 &quot;@Sakata @JAG85 @monarrezjr http://stks.co/a2FbX&quot; you sir get a \u263a$APPL $NFLX $AMZN", "time": 1437458186.0, "sentiment": ""}, {"id": 39972204, "text": "@Zubair84 I hope like hell you have been long $amba $aapl $gpro $fb $amzn and $gild on the recent dips. I am getting paid stupidly. BTMFDs $", "time": 1437457977.0, "sentiment": ""}]