[{"id": 41032989, "text": "$AMZN Technical Analysis Video 8/8/2015 http://stks.co/t2fMU", "time": 1439191111.0, "sentiment": ""}, {"id": 41032328, "text": "Interactive Chart -&gt;  http://stks.co/c2N0x     $AMZN Revenue is Increasing.", "time": 1439188807.0, "sentiment": "Bullish"}, {"id": 41032221, "text": "@MohammedSaad Learning to risk $2 stops to capture a $FIT for $20 or $AMZN for $80 . That is my method. Small risk entry zone w big winners", "time": 1439188428.0, "sentiment": ""}, {"id": 41032082, "text": "nice writeup joe &quot;@jfahmy: BLOG POST: More Negatives than Positives, but\u2026 http://stks.co/r2f7Q $SPY $QQQ $FB $NFLX $AAPL $AMZN $GOOGL&quot;", "time": 1439187894.0, "sentiment": ""}, {"id": 41031431, "text": "&quot;@jfahmy: BLOG POST: More Negatives than Positives, but\u2026 http://stks.co/a2Mxq $SPY $QQQ $FB $NFLX $AAPL $AMZN $GOOGL&quot;", "time": 1439185238.0, "sentiment": ""}, {"id": 41031376, "text": "&quot;@jfahmy: BLOG POST: More Negatives than Positives, but\u2026 http://stks.co/i2wL2 $SPY $QQQ $FB $NFLX $AAPL $AMZN $GOOGL&quot;", "time": 1439185039.0, "sentiment": ""}, {"id": 41031361, "text": "BLOG POST: More Negatives than Positives, but\u2026 http://stks.co/j2w8y $SPY $QQQ $FB $NFLX $AAPL $AMZN $GOOGL", "time": 1439184957.0, "sentiment": ""}, {"id": 41030373, "text": "Valuations For Internet Stocks Disrupted By Second Quarter 2015 Earnings $LNKD $SFLY $Z $AMZN $EBAY $GOOG $NFLX $YELP http://stks.co/i2wKV", "time": 1439181224.0, "sentiment": ""}, {"id": 41030371, "text": "Valuations For Internet Stocks Disrupted By Second Quarter 2015 Earnings $LNKD $SFLY $Z $AMZN $EBAY $GOOG $NFLX $YELP http://stks.co/d2MwI", "time": 1439181223.0, "sentiment": ""}, {"id": 41030219, "text": "&quot;@olares: $BABA will mimic $AMZN! I&#39;m long here!&quot;--&gt;&gt; never", "time": 1439180599.0, "sentiment": ""}, {"id": 41030208, "text": "$BABA will mimic $AMZN! I&#39;m long here!", "time": 1439180537.0, "sentiment": "Bullish"}, {"id": 41030204, "text": "@moneypennystocks_XXX $googl $amzn still holding up great and still pretty bullish, but if $aapl does go to low 100s it will likely...", "time": 1439180522.0, "sentiment": ""}, {"id": 41030051, "text": "$amzn $googl may be working a gap fill, holding up so far but any more pressure its likely to fill $aapl $qqq will likely drag these down", "time": 1439179743.0, "sentiment": ""}, {"id": 41030005, "text": "The Week Ahead: Data Streams Keep Flowing $AMZN http://stks.co/i2wKJ", "time": 1439179504.0, "sentiment": ""}, {"id": 41029763, "text": "Latest: Valuations for Internet Stocks Disrupted by 2nd Quarter 2015 Earnings. http://stks.co/i2wJy $NFLX $LNKD $SFLY $AMZN $GOOG $FB", "time": 1439178168.0, "sentiment": ""}, {"id": 41029752, "text": "My latest: Valuations for Internet Stocks Disrupted by Second Quarter 2015 Earnings. http://stks.co/p2f04 $NFLX $LNKD $SFLY $AMZN $GOOG", "time": 1439178095.0, "sentiment": ""}, {"id": 41029240, "text": "Report: Amazon Fire Phone 2 Expected in 2016 - PC Mag $AMZN http://stks.co/p2ezp", "time": 1439175332.0, "sentiment": ""}, {"id": 41028840, "text": "$AMZN AMZN . I would buy put on AMZN if trade below 527 and target 508. to hedge my AMZN put I would buy $NFLX call", "time": 1439173345.0, "sentiment": "Bearish"}, {"id": 41028776, "text": "&quot;@CaballoBlanco: @SunriseTrader thank you for all the positive words. Been just watching. No trading. /  same hear even a great $amzn ended", "time": 1439172962.0, "sentiment": ""}, {"id": 41028750, "text": "$AMZN is a short this week - 3rd test of support broke Friday", "time": 1439172797.0, "sentiment": ""}, {"id": 41028430, "text": "$AMZN Open Interest for 8/14 expiry::", "time": 1439171347.0, "sentiment": ""}, {"id": 41027424, "text": "@j_arthur_squiers Birinyi Says You Can Toss Out the Old Tools ie PE ratios $amzn $nflx $aapl $googl $tsla $fb http://stks.co/d2Muz", "time": 1439166550.0, "sentiment": ""}, {"id": 41027114, "text": "@JaredTyndall AMZN 10/24/14 - $287.06. Now $522. If u r using this article to compare $SUNE &amp; $AMZN, u need to study up basics of finance.", "time": 1439165252.0, "sentiment": "Bearish"}, {"id": 41026800, "text": "@JaredTyndall $AMZN was always profitable, they spent for growth which is paying off now. They didn&#39;t do secondary after secondary to grow.", "time": 1439163679.0, "sentiment": "Bearish"}, {"id": 41025683, "text": "Business Adventures: Twelve Classic Tales from the World of Wall Street http://stks.co/c2Mxe ($AMZN, $F, $XRX, $GE)", "time": 1439158379.0, "sentiment": ""}, {"id": 41025424, "text": "Tesla Loses More Than $4,000 On Every Car Sold $TSLA Also $F $GM $AMZN $FCAU http://stks.co/d2MuC", "time": 1439157172.0, "sentiment": ""}, {"id": 41024531, "text": "Its not that $AMZN doesnt bounce/pop, but every bounce is followed by a even more vicious drop or fade back down Thats why short on strength", "time": 1439152711.0, "sentiment": "Bearish"}, {"id": 41023738, "text": "$AMZN got killed calling a short on $AMZN sorry to any followers, once burned I am out of $AMZN trades for now, no clear path to profits", "time": 1439145855.0, "sentiment": ""}, {"id": 41023698, "text": "Stocks...In The Crosshairs  A Review of Our Watch List  http://stks.co/g2voz  $STUDY  $AAPL $AMZN $AMGN $WFM $XOM $AMBA $GPRO $GRMN et al", "time": 1439145366.0, "sentiment": ""}, {"id": 41023006, "text": "$AMZN Hi any ideas why apple don&#39;t offer video streaming such as nflx or just an app called TV???? Thanks", "time": 1439132225.0, "sentiment": "Bullish"}, {"id": 41021471, "text": "$AMZN Technical Analysis Video 8/8/2015 http://stks.co/h2wP2", "time": 1439115620.0, "sentiment": ""}, {"id": 41021420, "text": "$GOOGL this $BBRY  &quot; BlackBerry &#39;Venice&#39; slider renders show off 18MP camera, Hub for Android and more!&quot; $SSNLF $MSFT $AMZN $SNE", "time": 1439115265.0, "sentiment": "Bullish"}, {"id": 41020888, "text": "$AMZN when a c-level employee offloads a bulk load of options, what does it tell you?! Time to exit and party!", "time": 1439111701.0, "sentiment": "Bearish"}, {"id": 41020825, "text": "$AMZN: looking to cover my short at $510 and go long", "time": 1439111290.0, "sentiment": ""}, {"id": 41020659, "text": "$AMZN: \nBloomberg: Will Amazon Robots Destroy American Retail?\nhttp://stks.co/a2MrC", "time": 1439110276.0, "sentiment": ""}, {"id": 41020482, "text": "Whenever a co. like $amzn reports blowout fantastic earnings+stock runs up AH to crazy levels, it becomes a SHORTING opportunity of lifetyme", "time": 1439109045.0, "sentiment": "Bearish"}, {"id": 41020277, "text": "$AMZN Continuation of the bearish trend As long as under 530$ ..Until we see high volumes....New strategy", "time": 1439107787.0, "sentiment": "Bearish"}, {"id": 41018520, "text": "All eyes on Retail Sales report next week $COST $FRED $LB $SMRT $RAD $CATO $ZUMZ $BKE $WMT $AMZN $M $JWN $KSS $JCP", "time": 1439097317.0, "sentiment": ""}, {"id": 41018401, "text": "$AAPL $DIS $AQXP $DIA $NFLX $AMZN  \nWhen you&#39;re at the gym &amp; start seeing support/resistance, gap ups &amp; trend lines...", "time": 1439096661.0, "sentiment": "Bullish"}, {"id": 41017952, "text": "$AMZN  how do i put a stop  loss on long options  call or put I buy?", "time": 1439094482.0, "sentiment": ""}, {"id": 41017768, "text": "OFF THE CHARTS - Will China E-Tailers Sail Past Market Drama In Q2? http://stks.co/j2w0Q $SPY $QQQ - bullish catalyst, $AMZN anyone?", "time": 1439093431.0, "sentiment": ""}, {"id": 41017153, "text": "$AMZN 21 EMA could act as a support..", "time": 1439090397.0, "sentiment": ""}, {"id": 41016718, "text": "@bobmccandles036 $AMZN not much better with its 200sma @ 381 and micro earnings. $NFLX insiders remain short for the most part.", "time": 1439087907.0, "sentiment": ""}, {"id": 41016502, "text": "$BBRY Search or Google it ( Major Carphone Warehouse data breach could affect up to 2.4 million ) $GOOGL $SSNLF $AMZN $MSFT $SNE", "time": 1439086694.0, "sentiment": ""}, {"id": 41016308, "text": "&quot;@SeanDonTrade: $AAPL $nflx $twtr $fb $amzn $sune Hey Stocktwits, you allow trolls to rule your site.&quot; You mean like ppl who spam 6 tickers?", "time": 1439085590.0, "sentiment": ""}, {"id": 41016199, "text": "$AAPL $nflx $twtr $fb $amzn $sune Hey Stocktwits, you are ridiculous on the weekends when you allow trolls to rule your site.", "time": 1439085091.0, "sentiment": ""}, {"id": 41016182, "text": "$aapl $nflx $twtr $fb $googl $amzn $sune Hey Stocktwits, you are ridiculous on the weekends when you allow trolls to run your site.", "time": 1439084997.0, "sentiment": ""}, {"id": 41015663, "text": "$AMZN bulls, dont let this stocks relentless dive from $590 to $520s (and still diving) leave u in the poorhouse &amp; empty ur acct. PUTs/short", "time": 1439082517.0, "sentiment": "Bearish"}, {"id": 41015472, "text": "@ThomasJefferson @inursha $NFLX is early stage $AMZN. Key is growth now and wipe out competitors. Prices will go up later.", "time": 1439081933.0, "sentiment": ""}, {"id": 41014783, "text": "@KevinMcAllister im sorry that twit was for $AMZN", "time": 1439078691.0, "sentiment": ""}, {"id": 41014405, "text": "Book Of The Day \u2013 Saturday, August 08, 2015:  http://stks.co/r2ewY ( $AMZN )", "time": 1439076765.0, "sentiment": ""}, {"id": 41014358, "text": "@ThomasJefferson @joedoe007 Eventually $AMZN and others will be real competitors and then you turn bearish, but now is not the time.", "time": 1439076590.0, "sentiment": ""}, {"id": 41014260, "text": "$AMZN stock collapse from $590 to $520 was a much needed lesson for all bulls. Thats what we deserve for trusting fake, aftr-ER useless pops", "time": 1439076108.0, "sentiment": "Bearish"}, {"id": 41014219, "text": "$AMZN don&#39;t try to predict markets just go with the flow or you will drown in sorow", "time": 1439075940.0, "sentiment": "Bullish"}, {"id": 41014217, "text": "$AMZN look for a test of that $520/$521 level. If it holds it should test $535 level in 2 days time and retreat. Swing trading at its finest", "time": 1439075938.0, "sentiment": "Bullish"}, {"id": 41013476, "text": "$AAPL i think $spy holds 2025 and ends the year at 2165. Nasdaq holds 4950 and by year end is 5275. $gild $fb $googl $dis $amzn $tsla $nflx", "time": 1439072410.0, "sentiment": ""}, {"id": 41013326, "text": "#Amazon&#39;s new competitor, #Jet, finds themselves in trouble 2 weeks after launch. http://stks.co/s2edd $AMZN", "time": 1439071645.0, "sentiment": ""}, {"id": 41013042, "text": "Updated market stats page: http://stks.co/q2ess $SPY $PSA $NFLX $AMZN $GMCR", "time": 1439070153.0, "sentiment": ""}, {"id": 41012440, "text": "Next Mon thru Fri, I wanna short or buy PUTS n $AMZN evry single day, whether its for $100 profit or $1000 profit/trade, dosnt matter. SHORT", "time": 1439066463.0, "sentiment": "Bearish"}, {"id": 41012428, "text": "$AMZN easiest short evr. How foolish I was to buy into aftr-ER fake runup I now realize.I lost there but evr since I turned BEAR, its all $$", "time": 1439066384.0, "sentiment": "Bearish"}, {"id": 41012183, "text": "$AMZN -10$ 480 august put vol added +3000 contracts,,institutionals dumping their stocks and we caught it in options flow $$$&quot;", "time": 1439065189.0, "sentiment": "Bearish"}, {"id": 41011413, "text": "@ZacksResearch: Which other blue chip stocks can have an impressive run like Disney? $DIS $AMZN $AAPL $CBS $TWX $NKE http://stks.co/q2ern", "time": 1439059270.0, "sentiment": ""}, {"id": 41009398, "text": "@marketterminator Then what you&#39;re doing is GAMBLING that Flix will be the next $AMZN. Don&#39;t gamble...invest in what u know, not what u dont", "time": 1439035967.0, "sentiment": ""}, {"id": 41009293, "text": "$AMZN ,$BIDU, $GOOGL, $TSLA just sent musing &quot;Conviction for Fill Timing&quot; re. credit spread trading ideas. Email on request to followers.", "time": 1439035474.0, "sentiment": ""}, {"id": 41009192, "text": "@marketterminator I disagree.  $NFLX $AMZN &amp; $GOOG are all overbought. They will spiral like $TWTR soon, so sell now. My money&#39;s in $AAPL.", "time": 1439034746.0, "sentiment": ""}, {"id": 41008463, "text": "&quot;@Terry67: $AMZN talk about overvalued&quot;--&gt;&gt; no such thing", "time": 1439030312.0, "sentiment": ""}, {"id": 41008380, "text": "$AMZN talk about overvalued", "time": 1439029906.0, "sentiment": ""}, {"id": 41007457, "text": "Am thinkin of buyn $8K worth of PUT OPTIONs in $AMZN on Mon on any strength. I love d fade play aftr every fake pop.No wonder Bezos sold too", "time": 1439026076.0, "sentiment": "Bearish"}, {"id": 41007390, "text": "$AMZN ridiculously overvalued!", "time": 1439025824.0, "sentiment": ""}, {"id": 41007104, "text": "$nflx $tsla $scty $fb $amzn $gild $aapl $spy all aboard!! Start loadin up the boat on these dips again boys n girls!! Spy $300 incoming $$$", "time": 1439024836.0, "sentiment": "Bullish"}, {"id": 41006481, "text": "Still not late to short $AMZN maybe, this is one titanic sinking slowly and steadily, taking all bull accounts down to the gutter with it", "time": 1439022918.0, "sentiment": "Bearish"}, {"id": 41005868, "text": "$AAPL now that Dennis Gartman came out tonight and said he is bearish on the market we are good to go. :) $fb $gild $tsla $gpro $ua $amzn", "time": 1439020882.0, "sentiment": ""}, {"id": 41005725, "text": "$FIT I made so many f&amp;ck ups this year it&#39;s amazing I&#39;m still ahead.  $SBUX $SKX $UA $GPRO $FB $AMZN thanks for having my back!", "time": 1439020444.0, "sentiment": ""}, {"id": 41004872, "text": "@DrVankman Thanks! Let me put it this way: which will stand longer, US gov/debt ($TLT) or $AMZN? I&#39;ll play that pair until one goes to zero.", "time": 1439018360.0, "sentiment": ""}, {"id": 41004728, "text": "August 7, 2015 Relative Strength Scans http://stks.co/d2Mhh $TLT $UUP $QQQ $FDN $IHI $NFLX $BOFI $RCL $TTWO $AMZN $FB $PBYI $CHK", "time": 1439017925.0, "sentiment": ""}, {"id": 41004153, "text": "$LNG This stock has always confused me.Saying it&#39;s like the $AMZN of the energy market. would be harsh on $AMZN. Never will have a position*", "time": 1439016407.0, "sentiment": ""}, {"id": 41003321, "text": "Buy PUTS on this junk baby. $amzn. Even ceo bezos is selling and unloading. gift from heaven for ALL SHORTS I believe", "time": 1439014545.0, "sentiment": "Bearish"}, {"id": 41002710, "text": "$AMZN Timber  .pps 465 EOM", "time": 1439013226.0, "sentiment": "Bearish"}, {"id": 41002359, "text": "$GOOG $AAPL$FB $FB $AMZN $TWTR next week market 300? Yes or no , 7 days red already we need ot", "time": 1439012452.0, "sentiment": "Bullish"}, {"id": 41001990, "text": "$AMZN $496 PNF PT http://stks.co/j2vqT]", "time": 1439011630.0, "sentiment": ""}, {"id": 41000659, "text": "@AncientEvil @awschmitz @God_Father2815 People always complain there is nothing to watch on $NFLX. But there is even less on $AMZN Prime HBO", "time": 1439008974.0, "sentiment": ""}, {"id": 41000439, "text": "&quot;@ruth49 $GOOG $PCLN $AMZN $NFLX nxt qtr is best qtr for priceline. Buy good names on weakness.&quot; None of these are weak here. Wait.", "time": 1439008570.0, "sentiment": ""}, {"id": 41000330, "text": "@Travis2264 @goprules @Harrislee1013 that $AMZN can be considered a rival when video is not their primary focus shows $NFLX isn&#39;t invincible", "time": 1439008422.0, "sentiment": ""}, {"id": 40998909, "text": "$AXP rips late, tech names fade | August 7th, 2015 | http://stks.co/d2MeT\n\n$NFLX $PCLN $AMZN @WallStJesus", "time": 1439006498.0, "sentiment": ""}, {"id": 40998134, "text": "$AAPL or $AMZN will never dare to compete seriously with $NFLX in the streaming business. They have only glory but no guts to take on nflx", "time": 1439005523.0, "sentiment": "Bearish"}, {"id": 40996684, "text": "http://stks.co/p2ee8 director just disposed of 3,290 shares  http://stks.co/s2eTR $AMZN", "time": 1439003973.0, "sentiment": ""}, {"id": 40996173, "text": "Short $AMZN every single day is what gives me happiness. I need a reliable gapper &amp; crapper. $590 gapper check. now crapper phase.", "time": 1439003557.0, "sentiment": "Bearish"}, {"id": 40995723, "text": "$AMZN looking forward to next Monday. Likely pull back to 10 MA, 1%+ up.", "time": 1439003259.0, "sentiment": ""}, {"id": 40995126, "text": "Does anyone know what EV/EBITDA means? $AAPL $BA $GILD $NFLX $AMZN haha, lol.", "time": 1439002923.0, "sentiment": ""}, {"id": 40994894, "text": "$AMZN $googl long next week", "time": 1439002795.0, "sentiment": ""}, {"id": 40994343, "text": "And I mean LITERALLY as soon as I buy it and every stock I buy. I got some iron hand ha ha.. Bought $amzn for $525 this morning.", "time": 1439002403.0, "sentiment": ""}, {"id": 40994174, "text": "$AMZN what is the matter with me! No matter how many days I monitor the stock, it drops as soon as I buy it!", "time": 1439002293.0, "sentiment": ""}, {"id": 40993261, "text": "$AMZN wouldn&#39;t be surprised to see this open above 528 monday.", "time": 1439001614.0, "sentiment": ""}, {"id": 40993089, "text": "$AMZN $524.60 previous support, now resistance. Money gap below.", "time": 1439001499.0, "sentiment": ""}, {"id": 40992209, "text": "$SPY $AMZN $AAPL $FB - wall st. took advantage of the confusion today. Sold off...now they BTFD", "time": 1439000925.0, "sentiment": ""}, {"id": 40992100, "text": "$AMZN would like to see a close above 225", "time": 1439000851.0, "sentiment": ""}, {"id": 40991979, "text": "I think $AMZN has got to have an entry point around here somewhere, but I suspect it&#39;s north of where we are at the moment. No position.", "time": 1439000787.0, "sentiment": ""}, {"id": 40991813, "text": "$AMZN loving this tight range...getting ready for a nice reversal here", "time": 1439000667.0, "sentiment": ""}, {"id": 40991220, "text": "$AMZN move u slow poke", "time": 1439000296.0, "sentiment": ""}, {"id": 40990733, "text": "$AMZN 515 would work out spectacularly for me...she has some distance and some support to get through first, however", "time": 1438999960.0, "sentiment": "Bearish"}, {"id": 40989088, "text": "Days like this were stocks are discounted are perfect for a quick swing; $BLUE $SCTY $NFLX $BIIB $EA $AMZN $SKX", "time": 1438998880.0, "sentiment": ""}, {"id": 40986554, "text": "I Short $AMZN BUT only on strength or the fake intraday run ups. then wait for the fade &amp; dive down. can do it daily for incredible gains", "time": 1438997086.0, "sentiment": "Bearish"}, {"id": 40986240, "text": "OK, now I&#39;m OK with re-entering $AMZN Aug 21 500 puts.  Will build slowly.", "time": 1438996833.0, "sentiment": "Bearish"}, {"id": 40986111, "text": "$BIDU , $TSLA only stocks I feel confident playing w/ cps wk.#2. Dips being bought. $AMZN too wide b/a spreads on options. Will muse Sat.re.", "time": 1438996745.0, "sentiment": ""}, {"id": 40985340, "text": "$AMZN Want to get back in, haven&#39;t calculated my entry price yet. Sub 520?", "time": 1438996242.0, "sentiment": ""}, {"id": 40985339, "text": "$AMZN ton of puts open at 530 and below...would like to see what MM do last few hrs", "time": 1438996242.0, "sentiment": ""}, {"id": 40984541, "text": "$AMZN $510 Puts for next week.  Small 2 contract position.  Testing using charts a lil more. Worked well today and yesterday for DIS an MNST", "time": 1438995667.0, "sentiment": "Bearish"}, {"id": 40983035, "text": "Short $AMZN before it takes your acct 6 ft under is what my friend told me after the FAKE AFTER-ER gap up to $590. i am so thankful to him", "time": 1438994568.0, "sentiment": "Bearish"}, {"id": 40982894, "text": "$AMZN setting a nice base here for a nice snap back", "time": 1438994456.0, "sentiment": "Bullish"}, {"id": 40982274, "text": "$amzn - buying right here...maximum hold for 2 hrs...PT 524", "time": 1438994010.0, "sentiment": ""}, {"id": 40982225, "text": "$SPY got little earlier today all mid Sept $FB $JPM $MSFT $BAC $QQQ puts , thinking of $amzn as well but too afraid :)", "time": 1438993975.0, "sentiment": ""}, {"id": 40981744, "text": "$AMZN a second buy pop, me thinks, @ $520", "time": 1438993685.0, "sentiment": ""}, {"id": 40981692, "text": "$FB $AMZN $JUNO $SCTY $GILD  - top of my list to buy on this fire sale!", "time": 1438993648.0, "sentiment": ""}, {"id": 40981544, "text": "$TSLA cps....not playing $AMZN...too volatile and can&#39;t get much credit for support which may be $500.", "time": 1438993562.0, "sentiment": ""}, {"id": 40981464, "text": "These calls on stocks like $FIT XON $TNA $IWM $RUT $DJIA $AMZN $FB and others are not magic, its a method and a skill you can learn", "time": 1438993507.0, "sentiment": "Bearish"}, {"id": 40981438, "text": "$AMZN strikes correction $230/232.50, $.70 credit...keeps trying to hold $240 now but after ER went dwn.to $236 to then bounce.", "time": 1438993486.0, "sentiment": ""}, {"id": 40981255, "text": "$AMZN out cps for loss. Filled $TSLA $235/227.50 $.70 credit wk.#2.  $236 seems support. @ ER was LOD.", "time": 1438993358.0, "sentiment": ""}, {"id": 40981104, "text": "$AMZN sale has worked very well after a massive swing win on the feeds here", "time": 1438993265.0, "sentiment": ""}, {"id": 40980870, "text": "$AMZN Topping Out? . Target $500", "time": 1438993125.0, "sentiment": "Bearish"}, {"id": 40979592, "text": "$AMZN $500 end of next week?", "time": 1438992325.0, "sentiment": "Bearish"}, {"id": 40979414, "text": "$AMZN &gt;&gt;&gt;On the Re-TRACE now - should drop back to $521 Level or so .....I saw MANY PUTS OPTIONS go thru at $3 to $3.50 on the 527.50 WEEKLY", "time": 1438992233.0, "sentiment": "Bearish"}, {"id": 40978815, "text": "Amazon, Cisco Systems Among US Internet Giants Subject To New Cyber-Security Laws In EU http://stks.co/i2vrH $AMZN $CSCO $GOOGL $GOOG $FB", "time": 1438991838.0, "sentiment": ""}, {"id": 40978518, "text": "&quot;@bb06wr @Baynum not a penny of profir&quot; tell that to $AMZN from 1998-2015... $TSLA is the largest capex growth story of the 21st century.", "time": 1438991639.0, "sentiment": "Bullish"}, {"id": 40978321, "text": "$AMZN not really any big movement..", "time": 1438991508.0, "sentiment": ""}, {"id": 40977973, "text": "Short $AMZN stok until the cows come home is my trading strategy. Dont let a gap and crap stock gut you clean out bulls. not worth it", "time": 1438991275.0, "sentiment": "Bearish"}, {"id": 40976642, "text": "$XLK not looking so great $AAPl just went negative $AMZN off by 1% - 200ma just below 41.66", "time": 1438990468.0, "sentiment": "Bearish"}, {"id": 40976166, "text": "Took the L on $AMZN put, down 25%.  Will keep on watch.", "time": 1438990234.0, "sentiment": ""}, {"id": 40975852, "text": "$AMZN nice rebound...easy $900 profit buying at 520.00", "time": 1438990087.0, "sentiment": ""}, {"id": 40975527, "text": "$AMZN that was your typical AMZN drop n pop. Generally will not fall much more 10 points session unless event. 525c ~300% from LOD. Friday!", "time": 1438989886.0, "sentiment": ""}, {"id": 40975350, "text": "Watched @CNBC pro trade from Dr.J buy OTM put spread, cause darlings $AMZN &amp; $NFLX hasn&#39;t corrected, SMH 590+ to 518 isn&#39;t a correction LOL", "time": 1438989777.0, "sentiment": "Bullish"}, {"id": 40975245, "text": "Hah, $AMZN shoots up as soon as I buy puts. I still lack discipline in this name.", "time": 1438989705.0, "sentiment": ""}, {"id": 40975046, "text": "$AMZN oh no sky is falling!! I better buy", "time": 1438989587.0, "sentiment": "Bullish"}, {"id": 40974857, "text": "2|4 bearish/bullish $AMZN is completely Neutral", "time": 1438989480.0, "sentiment": ""}, {"id": 40974695, "text": "So glad Bezos SOLD $AMZN 1 million shares. smart fellow. let the dumb losers like us buy and lose. smart folks ALWAYS short or buy PUTS", "time": 1438989416.0, "sentiment": "Bearish"}, {"id": 40974292, "text": "$AMZN fake move. Gets shorted lower. Bears in control", "time": 1438989213.0, "sentiment": ""}, {"id": 40974115, "text": "Carmignac Gestion appears to have added to its $AMZN position in the most recent quarter http://stks.co/e2Mfi", "time": 1438989119.0, "sentiment": ""}, {"id": 40974071, "text": "&quot;@harmongreg: ok I&#39;m bored, time for midsummer giveaway deal. My book currently offered $58 on $AMZN &amp; Annual Premium service $618 = $676 .&quot;", "time": 1438989105.0, "sentiment": ""}, {"id": 40973844, "text": "ok I&#39;m bored, time for midsummer giveaway deal. My book currently offered $58 on $AMZN &amp; Annual Premium service $618 = $676 ......", "time": 1438988993.0, "sentiment": ""}, {"id": 40973635, "text": "$AMZN out 300% overnight on 530puts.", "time": 1438988864.0, "sentiment": "Bearish"}, {"id": 40973494, "text": "$AMZN Bull trapping. The people who buy at this price dont know what they are doing.", "time": 1438988778.0, "sentiment": "Bearish"}, {"id": 40973484, "text": "Which other blue chip stocks can have an impressive run like Disney? $DIS $AMZN $AAPL $CBS $TWX $NKE http://stks.co/e2MfM", "time": 1438988775.0, "sentiment": ""}, {"id": 40973483, "text": "$AMZN thinking about some pos 20 shares - short term 4-6 months any comments", "time": 1438988774.0, "sentiment": ""}, {"id": 40972880, "text": "$AMZN $$$GOOOOO", "time": 1438988410.0, "sentiment": "Bullish"}, {"id": 40971851, "text": "$AMZN   Let&#39;s watch for this to hold (dependent on broader markets not going too much lower).  DIS looks very good here for a +swing", "time": 1438987823.0, "sentiment": "Bullish"}, {"id": 40971685, "text": "$AMZN Do you guys think this market situation has been caused by impending rate hike?", "time": 1438987729.0, "sentiment": ""}, {"id": 40971677, "text": "$AMZN Back in 530s for next week", "time": 1438987722.0, "sentiment": ""}, {"id": 40970681, "text": "$AMZN almost 25 pt off yesterday&#39;s high now", "time": 1438987192.0, "sentiment": ""}, {"id": 40970553, "text": "$AMZN bought some 500 P for next week for a lotto.", "time": 1438987128.0, "sentiment": ""}, {"id": 40970090, "text": "$AMZN Support broke...", "time": 1438986882.0, "sentiment": "Bearish"}, {"id": 40970066, "text": "$AMZN  - inflection point.  AMZN is a buy here at $518.", "time": 1438986868.0, "sentiment": "Bullish"}]