[{"id": 44172373, "text": "$SPY Yellen Labor Hall of Honor Induction Ceremony in Washington, D.C., at 11 a.m. EDT $AMZN $AAPL", "time": 1445377843.0, "sentiment": "Bearish"}, {"id": 44171195, "text": "$AAPL $AMZN $AXP $BABA $CVX $FB $IBM $MON $XOM $MSFT $GOOG $YM_F $ES_F $NQ_F Probability Trades &amp; New Updates (See link on profile)", "time": 1445377115.0, "sentiment": ""}, {"id": 44171185, "text": "Rotation into $AAPL from $AMZN $FB $GOOGL - all of them can rest after a huge move in a choppy tape.", "time": 1445377105.0, "sentiment": ""}, {"id": 44171085, "text": "The mighty $AMZN pulling back?  What?  125% volume. $QQQ", "time": 1445377030.0, "sentiment": ""}, {"id": 44170879, "text": "$AMZN Amazon now has around 47 million paying Prime members http://stks.co/a2hOU", "time": 1445376869.0, "sentiment": "Bullish"}, {"id": 44170406, "text": "Why buy $WMT? They just told you earnings won&#39;t recover until 2019. Will spend billions, but not enough, to barely compete with $AMZN. Dead$", "time": 1445376586.0, "sentiment": ""}, {"id": 44170248, "text": "@HFTAlert  5 minutes ago - $AMZN Accumulators showing selling  prior to earnings.", "time": 1445376506.0, "sentiment": ""}, {"id": 44170163, "text": "Pre-ER selling at highs in both $GOOGL and $AMZN #profittaking ... OI said so too.", "time": 1445376448.0, "sentiment": ""}, {"id": 44170144, "text": "$AMZN beginning show its true colors before ER?", "time": 1445376435.0, "sentiment": ""}, {"id": 44169559, "text": "$AMZN now has around 47 million paying Prime members", "time": 1445376063.0, "sentiment": ""}, {"id": 44169464, "text": "$AMZN break out if it crosses 566", "time": 1445376022.0, "sentiment": "Bullish"}, {"id": 44169412, "text": "Latest News Alert: $AMZN, $TSLA, http://stks.co/a2hNb", "time": 1445376000.0, "sentiment": ""}, {"id": 44169403, "text": "Amazon PR Boss Bashes NYT Expose $AMZN http://stks.co/q31J2", "time": 1445375995.0, "sentiment": ""}, {"id": 44169335, "text": "$AAPL rotating back into this, locking profits &amp; unloading from $AMZN &amp; $GOOGL imho", "time": 1445375966.0, "sentiment": "Bullish"}, {"id": 44167855, "text": "$AMZN not going up with market? Premies weighing it down!", "time": 1445375089.0, "sentiment": ""}, {"id": 44167796, "text": "Amazon PR Boss Bashes NYT Expose - http://stks.co/d2hMs - $AMZN", "time": 1445375047.0, "sentiment": ""}, {"id": 44166977, "text": "&quot;@Girba: $PLUG New customer of PLUG POWER is AMAZON $AMZN.&quot; &lt; Link?", "time": 1445374539.0, "sentiment": "Bullish"}, {"id": 44166749, "text": "$PLUG New customer of PLUG POWER is AMAZON $AMZN.", "time": 1445374405.0, "sentiment": "Bullish"}, {"id": 44166654, "text": "&quot;@teamtucksxtro Ok Team, the $AMZN and $GOOGL earnings plays will be ready today!&quot;", "time": 1445374362.0, "sentiment": "Bullish"}, {"id": 44165867, "text": "Ok Team, the $AMZN and $GOOGL earnings plays will be ready today!", "time": 1445373899.0, "sentiment": ""}, {"id": 44165639, "text": "$PLUG wind4me : $PLUG no guesses on the new 25% over 30million customer??? That&#39;s 8 million of 32 million-----WHO? It is AMAZON . $AMZN", "time": 1445373742.0, "sentiment": ""}, {"id": 44165329, "text": "$amzn wow quite the drop on little volume", "time": 1445373513.0, "sentiment": ""}, {"id": 44165300, "text": "$FB Can go to $100 this week on a strong beat from $AMZN and $GOOGL.", "time": 1445373493.0, "sentiment": ""}, {"id": 44165207, "text": "&quot;@jackdamn Amazon to hire 100,000 U.S. workers for holidays, up 25% from last year. (WSJ) $AMZN $SPY&quot;", "time": 1445373429.0, "sentiment": "Bullish"}, {"id": 44164823, "text": "Amazon to hire 100,000 U.S. workers for holidays, up 25% from last year. (WSJ) $AMZN $SPY", "time": 1445373120.0, "sentiment": ""}, {"id": 44164695, "text": "$AMZN Prime day numbers and AWS financials hold the aces in Amazon&#39;s upcoming ER. http://stks.co/d2hM6", "time": 1445373004.0, "sentiment": ""}, {"id": 44164438, "text": "&quot; New Post -Weekly Stock Market Review: Higher We Go?&quot; http://stks.co/g3IL5 by @venkysrinivasan $SPY $IWM $IBB $AMZN $GOOG $VIX&quot;", "time": 1445372770.0, "sentiment": ""}, {"id": 44164341, "text": "@fredlogan I&#39;m not sure about that - $AMZN has a tangible biz model (goods)&amp; $FB is relying on ads &amp; most hate ads, jmho", "time": 1445372688.0, "sentiment": ""}, {"id": 44164324, "text": "$AMZN is hiring 100,000 staff for the holidays http://stks.co/p31Db", "time": 1445372671.0, "sentiment": ""}, {"id": 44164286, "text": "$AMZN They are doing great in India, a large, untapped market which will continue to grow. And AWS is ruling its market.", "time": 1445372629.0, "sentiment": ""}, {"id": 44163797, "text": "Brief Video to Help Prepare You for Today: http://stks.co/a2hLN $AMZN $IBM $QQQ $SPY", "time": 1445372150.0, "sentiment": ""}, {"id": 44163475, "text": "@seeitmarket:New Post -Weekly Stock Market Review: Higher We Go?&quot; http://stks.co/p31DF by @venkysrinivasan $SPY $IWM $IBB $AMZN $GOOG $VIX", "time": 1445371829.0, "sentiment": ""}, {"id": 44163418, "text": "@seeitmarket:New Post -Weekly Stock Market Review: Higher We Go?&quot; http://stks.co/t31am by @venkysrinivasan $SPY $IWM $IBB $AMZN $GOOG $VIX", "time": 1445371777.0, "sentiment": ""}, {"id": 44163386, "text": "New Post - &quot;Weekly Stock Market Review: Higher We Go?&quot; http://stks.co/p31D8 by @venkysrinivasan $SPY $IWM $IBB $AMZN $GOOG $VIX", "time": 1445371736.0, "sentiment": ""}, {"id": 44163233, "text": "$AMZN they are setting this one up for ER. Wow.", "time": 1445371554.0, "sentiment": ""}, {"id": 44162742, "text": "$AMZN sell the news may come into play here.", "time": 1445370930.0, "sentiment": ""}, {"id": 44162726, "text": "$AMZN continue to seek higher price and testing the resistance.", "time": 1445370917.0, "sentiment": ""}, {"id": 44162619, "text": "@StrongBull Nice run and great selection there. Hang onto the $AMZN through the week at the very least.", "time": 1445370790.0, "sentiment": ""}, {"id": 44162609, "text": "$AMZN Focus will be on Amazon Marketplace and AWS numbers in the upcoming ER #Amigobulls http://stks.co/r31PV", "time": 1445370779.0, "sentiment": ""}, {"id": 44162475, "text": "$AMZN anyone think they drop the hammer on Thursday and report positive #&#39;s? I know it&#39;s a stretch, but impossible? #aManCanDream", "time": 1445370584.0, "sentiment": "Bullish"}, {"id": 44162463, "text": "$AMZN hiring 100,000 people for holiday season, up 25% from 2014 (80,000 people).  Hmmmmmm....", "time": 1445370573.0, "sentiment": "Bullish"}, {"id": 44162456, "text": "&quot;In my mind $AMZN could really hurt $NFLX over time.&quot; @racernic on #PreMarket.  Listen live! http://stks.co/t31a1", "time": 1445370565.0, "sentiment": ""}, {"id": 44162335, "text": "$AMZN Technical Analysis Video 10/19/2015 http://stks.co/g3IJv", "time": 1445370426.0, "sentiment": ""}, {"id": 44162082, "text": "$AMZN green now. they hires 100K workers.. means rosy business..I will continue to be its customer forever...seriously!!", "time": 1445370152.0, "sentiment": ""}, {"id": 44161800, "text": "$SPY Things get interesting here. Nasdaq rebuffed at 200 Day (4921) yest. SPX has 25 points to get there. A lot depends on Thurs $AMZN $GOOG", "time": 1445369782.0, "sentiment": ""}, {"id": 44161797, "text": "$AMZN", "time": 1445369779.0, "sentiment": "Bullish"}, {"id": 44161765, "text": "Amazon focused on user experience and won retail $AMZN $WMT", "time": 1445369721.0, "sentiment": ""}, {"id": 44161421, "text": "@bcockrell no doubt they are smart, but the beast in the distance ($AMZN) is too big, even for them. can live off rural for a while though", "time": 1445369311.0, "sentiment": ""}, {"id": 44161320, "text": "$AMZN $REGN $GILD $FB $BIB SEXY GAINS IN LAST 2 WEEKS.. PLANNING TO SELL SOME TODAY AND KEEP CASH ;) GL!", "time": 1445369157.0, "sentiment": "Bullish"}, {"id": 44161084, "text": "A.M. Movers $UTX $TRV $VZ $LMT $YUM $HOG $IBM $TMH $RF $UAL $AAPL $FLEX $AET $RMBS $SNDK $SAP $AMZN $CME $CYH $SONC http://stks.co/a2hJq", "time": 1445368822.0, "sentiment": ""}, {"id": 44160973, "text": "$AMZN SideBySide 15day 60min, 9mth daily, 3yr weekly, 5yr monthly each with 10, 50, 200 sma", "time": 1445368655.0, "sentiment": ""}, {"id": 44160704, "text": "$WMT $amzn business model only works till online sales tax loopholes are open. States are in the process of making Amazon charge sales tax", "time": 1445368285.0, "sentiment": ""}, {"id": 44160665, "text": "@GreenCandles @RDT_555 very likely, $AMZN  or $AAPL  would eat a $BOX or two", "time": 1445368232.0, "sentiment": "Bullish"}, {"id": 44160515, "text": "Price patterns are so sexy... Chart porn is here! $AAPL $AMZN $FB $GOOGL $NFLX $TSLA - http://stks.co/e2haf", "time": 1445367970.0, "sentiment": ""}, {"id": 44159907, "text": "$WMT $AMZN online selling is going to get killed once the online sales tax laws get implemented. You know it&#39;s coming.", "time": 1445366834.0, "sentiment": ""}, {"id": 44159856, "text": "Amazon pushing out UPS, FedEx with new logistics facilities, BI says $AMZN $FDX $UPS #stocks", "time": 1445366739.0, "sentiment": ""}, {"id": 44159818, "text": "$SPY $QQQ $IBB catalysts to all time high. $AMZN $GOOGL $BIIB announce good ERs! Cramer bot BIIB last week. AMZN hires 100K employees!", "time": 1445366670.0, "sentiment": ""}, {"id": 44159811, "text": "Amazon to hire 100,000 U.S. workers to handle holiday orders\n$amzn", "time": 1445366651.0, "sentiment": ""}, {"id": 44159755, "text": "$AMZN right back to the highs reached at last quarter&#39;s earnings announcement...2 days ahead of next earnings.", "time": 1445366531.0, "sentiment": ""}, {"id": 44159676, "text": "$AMZN love Amazon", "time": 1445366308.0, "sentiment": "Bullish"}, {"id": 44159633, "text": "$WMT $AMZN how long do you think Online shipping will go on without paying Sales tax? The only reason people shop amazon is lack of taxes", "time": 1445366173.0, "sentiment": ""}, {"id": 44159509, "text": "&quot;@JorelLaraKalel Amazon seeking more than 100K seasonal employees $AMZN&quot;", "time": 1445365953.0, "sentiment": ""}, {"id": 44158787, "text": "$AMZN Cloud revenue will be the number to watch out in Amazon&#39;s upcoming ER #Amazon http://stks.co/h3Ier", "time": 1445363712.0, "sentiment": "Bullish"}, {"id": 44158690, "text": "Amazon seeking more than 100K seasonal employees $AMZN", "time": 1445363198.0, "sentiment": ""}, {"id": 44157577, "text": "$AMZN Overvalued! -&gt; $480  ( Just short it in the next crisis)", "time": 1445354430.0, "sentiment": "Bearish"}, {"id": 44157052, "text": "Amazon Fires Back at Critical New York Times Article -- Tech Roundup $AMZN http://stks.co/c2hJg", "time": 1445350153.0, "sentiment": ""}, {"id": 44157051, "text": "Amazon Fights More Than 1,000 Fake Reviewers $AMZN http://stks.co/a2hFW", "time": 1445350151.0, "sentiment": ""}, {"id": 44156974, "text": "What to Expect When http://stks.co/i3Iaz (AMZN) Reports Earnings Thursday $AMZN http://stks.co/i3Ib0", "time": 1445350043.0, "sentiment": ""}, {"id": 44156827, "text": "$AMZN says it&#39;s creating more than 100,000 jobs for the holiday season http://stks.co/f3IIv", "time": 1445348741.0, "sentiment": ""}, {"id": 44156821, "text": "$AMZN Spars With The Times Over Investigative Article http://stks.co/t31UG", "time": 1445348703.0, "sentiment": ""}, {"id": 44156808, "text": "Analysts expect serious growth from $AMZN over the next 3 years: http://stks.co/a2hF1", "time": 1445348611.0, "sentiment": ""}, {"id": 44156776, "text": "@birpinar &quot;bakbo Oct. 16 at 9:57 AM $AMZN 680.target Bullish&quot;. this is a part of the learning curve", "time": 1445348393.0, "sentiment": "Bullish"}, {"id": 44156763, "text": "@birpinar it is an idea feelings. sometimes I m combining this with huge targets, i.e. $AMZN", "time": 1445348339.0, "sentiment": "Bullish"}, {"id": 44156564, "text": "&quot;bakbo Oct. 16 at 9:57 AM $AMZN 680.target Bullish&quot;", "time": 1445346620.0, "sentiment": "Bullish"}, {"id": 44156416, "text": "$CMG $BA $AMZN $MSFT $SKX $GOOGL $T $SKX earnings for this week http://stks.co/j3IR1", "time": 1445345555.0, "sentiment": ""}, {"id": 44155636, "text": "$AMZN Retail=lo/no margin. Pads/phones/gadgets&lt; $0, Web services= commodity biz. Where&#39;s the beef?", "time": 1445340967.0, "sentiment": ""}, {"id": 44155621, "text": "http://stks.co/b2hAH buy rating reiterated at Piper Jaffray. http://stks.co/a2hDo $AMZN", "time": 1445340880.0, "sentiment": ""}, {"id": 44155610, "text": "$AMZN This won&#39;t be good for business.", "time": 1445340843.0, "sentiment": ""}, {"id": 44155514, "text": "$AMZN Andreessen only partially correct: Software isn&#39;t eating the world, $AMZN eating the world. Bet against this monster at your own peril", "time": 1445340350.0, "sentiment": "Bullish"}, {"id": 44155462, "text": "Volume Drops as NASDAQ Leads Market higher http://stks.co/j3IPx $STUDY $WTW $IBM $MSFT $AMZN $FB $XLE $COMPQ $RUT $SPX $DJIA", "time": 1445340109.0, "sentiment": ""}, {"id": 44155313, "text": "$WMT excluding dead cat bounce, if you are buying here are you predicting a bottom AND the demise of $AMZN/ecommerce? Brass set.", "time": 1445339414.0, "sentiment": "Bearish"}, {"id": 44155227, "text": "$AMZN Amazon Creating Over 100,000 Seasonal Jobs", "time": 1445338953.0, "sentiment": ""}, {"id": 44155011, "text": "Wow.  This is wild.  $AMZN: http://stks.co/p314v", "time": 1445337921.0, "sentiment": ""}, {"id": 44154250, "text": "http://stks.co/s30p6 buy rating reiterated at Bank of America. $620.00 PT. http://stks.co/p314J $AMZN", "time": 1445334777.0, "sentiment": ""}, {"id": 44154247, "text": "$AMZN $FB $GOOGL. Which one will hit new high first?  AMZN almost won today!", "time": 1445334771.0, "sentiment": ""}, {"id": 44154151, "text": "&quot;@streetgainer $AMZN Eating through $WMT, lock... stock &amp; barrel!!&quot;", "time": 1445334435.0, "sentiment": ""}, {"id": 44154058, "text": "$AMZN Eating through Walmart, lock... stock &amp; barrel!!", "time": 1445334145.0, "sentiment": "Bullish"}, {"id": 44153065, "text": "$AMZN Hoping it will be a good ER. (Hopium is my drug.)", "time": 1445331245.0, "sentiment": ""}, {"id": 44152731, "text": "$SBUX I will take some of profit off table if pre run heat up as $AMZN", "time": 1445330416.0, "sentiment": ""}, {"id": 44152468, "text": "$AMZN Gave me a full refund on shipping because the order got delayed because of Fedex, that&#39;s boss :)", "time": 1445329797.0, "sentiment": ""}, {"id": 44152445, "text": "$AAPL $AMZN $AXP $BABA $CVX $FB $IBM $MON $XOM $MSFT $GOOG $YM_F $ES_F $NQ_F Probability Trades &amp; Charts 4 this week (See link on profile)", "time": 1445329755.0, "sentiment": ""}, {"id": 44152330, "text": "$AMZN I want to short this sooo bad but I don&#39;t have the balls... Probably lucky for me in this case", "time": 1445329384.0, "sentiment": ""}, {"id": 44151178, "text": "$WMT id bet ole Warren is adding at these levels. Oh Michael Myers played some tricks on this one but has the ultimate trick for $AMZN tax", "time": 1445326463.0, "sentiment": ""}, {"id": 44151060, "text": "@optionsdew when it fails short $AMZN. When it rebounds long $BIDU if it holds.", "time": 1445326174.0, "sentiment": ""}, {"id": 44150948, "text": "$FB $AMZN $GOOGL $ES_F $SPY $SPX the 3 strongest FAANG names already above 8/19 levels - market may follow leaders", "time": 1445325901.0, "sentiment": ""}, {"id": 44150250, "text": "$AMZN is spending $8B per year to build out e-commerce. $WMT will spend $1B. Point is, WMT will never catch up. They&#39;ll lose. Game over WMT.", "time": 1445324217.0, "sentiment": ""}, {"id": 44150065, "text": "Anyone buying $WMT here as a value retail play needs to reread the 10/14 PPT. $WMT has 10 million items online, compared to 300M for $AMZN.", "time": 1445323658.0, "sentiment": ""}, {"id": 44149783, "text": "$AMZN ER beat priced in", "time": 1445322884.0, "sentiment": ""}, {"id": 44149509, "text": "Forget the Everything Store\u2014Amazon\u2019s an Everything Business: http://stks.co/t31Q7 $AMZN", "time": 1445322330.0, "sentiment": ""}, {"id": 44149440, "text": "$SPY $AAPL $NFLX $DIS $AMZN Happy anniversary of October 19th 1987 Black Monday http://stks.co/g3I92", "time": 1445322149.0, "sentiment": ""}, {"id": 44148455, "text": "$AAPL, $AMZN, or $TSLA reach $1 Trillion first?? #Stocktoberfest", "time": 1445319875.0, "sentiment": ""}, {"id": 44148390, "text": "@lumberjax $AMZN close as well", "time": 1445319710.0, "sentiment": ""}, {"id": 44148344, "text": "@VIPS1000 Managing exposure on the long side bud plus $IBM ER will be a damper until $GOOGL $AMZN report later this week.", "time": 1445319591.0, "sentiment": ""}, {"id": 44148017, "text": "$AMZN still in beast mode. Heading for $580+ ahead of earnings it appears.", "time": 1445319148.0, "sentiment": ""}, {"id": 44147749, "text": "$AMZN Mentioned about this ER run up before it started, 580 R. Here and now see if its another gap up play into ER", "time": 1445318751.0, "sentiment": ""}, {"id": 44147653, "text": "$AMZN Technical Analysis Video 10/19/2015 \nhttp://stks.co/e2hRU", "time": 1445318607.0, "sentiment": ""}, {"id": 44147594, "text": "That is still an exhaustion gap. $AMZN", "time": 1445318499.0, "sentiment": ""}, {"id": 44146663, "text": "$AMZN So if you just earned .20 last quarter, shouldn&#39;t the bar be at least .20 again? I hope analysts get crashed for their stupidity.", "time": 1445316704.0, "sentiment": "Bearish"}, {"id": 44146622, "text": "http://stks.co/q3134 given $680.00 PT by Goldman Sachs. buy rating. http://stks.co/q3135 $AMZN", "time": 1445316623.0, "sentiment": ""}, {"id": 44146537, "text": "$FB getting closer to ATH then 100, doable w/OI confluence. $GOOGL talked about 700 in OI. Let&#39;s see if it pauses. $AMZN slightly extended.", "time": 1445316441.0, "sentiment": ""}, {"id": 44146181, "text": "#Buffett is a TREKKIE!..The ENTERPRISE is in the &#39;CLOUDS&#39;...... $IBM ---&gt; $AMZN $MSFT", "time": 1445315834.0, "sentiment": ""}, {"id": 44146146, "text": "$AMZN I tried to leave a not so good review last time I ordered it wouldn&#39;t let me I said &quot;better deal @ $HD&quot; lol rejected comment twice-", "time": 1445315761.0, "sentiment": "Bullish"}, {"id": 44145556, "text": "$nflx Followers Mkt Yawns but 32of50 I cover Up FromOpen! All5myMonsters $nflx +3% (sorry shorters) $aapl $amzn $baba &amp; $goog UpaBit FrmOpen", "time": 1445314883.0, "sentiment": ""}, {"id": 44144891, "text": "$AMZN Technical Analysis Video 10/19/2015 http://stks.co/r31Aw", "time": 1445313923.0, "sentiment": ""}, {"id": 44144833, "text": "NEW POST: Stock Market Recap 10/19/15 {Video} http://stks.co/c2hD0 $AMZN $BLUE $DUST $IBM $WTW", "time": 1445313848.0, "sentiment": ""}, {"id": 44144632, "text": "$TQQQ ascending triple top b/o on 10/15...$115 $116 next.. need $AMZN $GOOGL to announce good ERs (good potential) ten will b new high EOY", "time": 1445313607.0, "sentiment": ""}, {"id": 44143794, "text": "$IBM They should have never set that $20 EPS guidance.  How can you complete with non-profits like $AMZN and the rest of the tech world.", "time": 1445312490.0, "sentiment": ""}, {"id": 44143652, "text": "NEW VIDEO: Stock Market Recap for 10/19 Index flat as Big momo names moving http://stks.co/i3ISc $AAPL $PCLN $USO $ES_F $FB $AMZN $NFLX", "time": 1445312333.0, "sentiment": ""}, {"id": 44143378, "text": "$AMZN what a spectacular run! Nice beat on earnings. I knew you could do it. Now that earnings is good, it&#39;s time to pick up more shares!!!!", "time": 1445312045.0, "sentiment": ""}, {"id": 44142746, "text": "$AMZN In the battle of Amazon vs. the New York Times, who wins? You do http://stks.co/p30y7", "time": 1445311426.0, "sentiment": ""}, {"id": 44142628, "text": "Technical Analysis works!  Come learn with us at http://stks.co/f3IAD    $SPY $AAPL $GPRO $AMZN $FB gains today!", "time": 1445311323.0, "sentiment": ""}, {"id": 44142360, "text": "$AMZN where will it fall to if misses big?", "time": 1445311088.0, "sentiment": ""}, {"id": 44142271, "text": "@10yearTnotes Agree sad thing is it is becoming irrelevant. If this causes tech selloff, buy $AMZN, $FB, $GOOG, $PANW.", "time": 1445311012.0, "sentiment": "Bearish"}, {"id": 44140354, "text": "Three #stocks showing #bullish pattern: $FB, $AMZN, $GOOGL from @steadytrader http://stks.co/e2hNi", "time": 1445309545.0, "sentiment": ""}, {"id": 44139365, "text": "$SPY still a lot of overpriced bubbles like $AAPL $FB $AMZN $TSLA etc. no reason to be bullish medium-term, with SPX below Feb-Aug range", "time": 1445308593.0, "sentiment": ""}, {"id": 44139089, "text": "$AMZN $GOOGL both are strong ahead of this week ER", "time": 1445308357.0, "sentiment": ""}, {"id": 44138802, "text": "bogus online review crackdown /Amazon sues fake reviewers, latest salvo against cottage industry http://stks.co/c2hAM $AMZN", "time": 1445308113.0, "sentiment": ""}, {"id": 44138354, "text": "$AMZN easy 1k after earning with 10 shares. That i did last time. I will do it again but no dinero left.  Buy if u want bet on.", "time": 1445307711.0, "sentiment": "Bullish"}, {"id": 44138010, "text": "$AAPL $AMZN $AXP $BABA $CVX $FB $IBM $MON $XOM $MSFT $GOOG $YM_F $ES_F $NQ_F Probability Trades &amp; Charts 4 this week (See link on profile)", "time": 1445307324.0, "sentiment": ""}, {"id": 44136976, "text": "$AMZN I wouldn&#39;t be too surprised if there was some inside trading at OPRAH&#39;s last night! I wonder what Gale got for her younger,,I mnt Frnd", "time": 1445306280.0, "sentiment": ""}, {"id": 44136858, "text": "Here comes $AAPL breakout. Arrived little later than I expected. $QQQ $SPY $AMZN $GOOGL $DJIA", "time": 1445306172.0, "sentiment": ""}, {"id": 44136368, "text": "Nike headed to $200? Shares soar to all-time high $NKE $AAPL $GOOGL $AMZN $UA http://stks.co/q30xp", "time": 1445305673.0, "sentiment": ""}, {"id": 44136268, "text": "@PKA9023 yeah understandable, they definitely have to find there vision if they want to stay in the game with the likes of $AMZN or $KR, but", "time": 1445305579.0, "sentiment": ""}, {"id": 44136110, "text": "FANG Stocks: Which 2 Internet Giants Are Buys Now? $FB $AMZN $NFLX $GOOGL $GOOG http://stks.co/i3IPH", "time": 1445305416.0, "sentiment": ""}, {"id": 44135422, "text": "$AMZN on the crush", "time": 1445304741.0, "sentiment": "Bullish"}, {"id": 44135379, "text": "$AMZN she ain&#39;t pretty no more", "time": 1445304705.0, "sentiment": ""}, {"id": 44135307, "text": "Why Amazon Is Still Worth $620 Per Share Heading Into Earnings $AMZN  http://stks.co/a2h4p", "time": 1445304638.0, "sentiment": ""}, {"id": 44134839, "text": "#Amazon Shares Trade Higher On Upbeat Note By Cantor - http://stks.co/e2hLs - $AMZN", "time": 1445304185.0, "sentiment": ""}, {"id": 44134774, "text": "Interactive Chart -&gt;  http://stks.co/a2h4h     $AMZN Research and Development is Growing.", "time": 1445304118.0, "sentiment": ""}, {"id": 44134669, "text": "Piper Jaffray analyst names $AAPL as top pick for rest of 2015, replacing $AMZN. Cites anticipation of strong holiday sales, new products.", "time": 1445304005.0, "sentiment": ""}, {"id": 44134183, "text": "Amazon responds to &#39;harsh&#39; New York Times report $AMZN http://stks.co/c2h8d", "time": 1445303521.0, "sentiment": ""}, {"id": 44134024, "text": "http://stks.co/t31IU buy rating reiterated at Robert W. Baird. http://stks.co/p30v9 $AMZN", "time": 1445303374.0, "sentiment": ""}, {"id": 44134011, "text": "Fake reviews &amp; &quot;harsh&quot; New York Times don&#39;t appear to be hurting Amazon much. $AMZN up today. 1% below all-time high. Earnings on Thursday.", "time": 1445303366.0, "sentiment": ""}, {"id": 44133743, "text": "$AMZN what is anticipated move after ER this Thursday?", "time": 1445303123.0, "sentiment": "Bullish"}, {"id": 44132978, "text": "$GE $GOOGL, $NUGT and $AMZN buy limit targets adjusted upwards.", "time": 1445302434.0, "sentiment": ""}, {"id": 44132591, "text": "Amazon Gets Serious About Its Reviews With a New Lawsuit $AMZN http://stks.co/j3IFW", "time": 1445302032.0, "sentiment": ""}, {"id": 44131859, "text": "$AAPL shares should get some traction after Tim Cook talks on WSJD Live tonight http://stks.co/e2hKs $SPY $QQQ $DJIA $AMZN $GOOGL", "time": 1445301265.0, "sentiment": ""}, {"id": 44131802, "text": "&quot;@tradewithjoe: $SPY d/t watchlist - $SPY $IWM $QQQ $DIA $USO $AMZN $FB $TWTR $BABA $YHOO $GOOGL $BIDU $LNKD $IBM $IBB $AAPL $USO $GDX&quot;", "time": 1445301209.0, "sentiment": ""}, {"id": 44131620, "text": "$AMZN cranking but premiums barely moving. I pity the souls who buy before ER and hold. Have mercy on you. Will be in my prayers.", "time": 1445301045.0, "sentiment": ""}, {"id": 44131616, "text": "&quot;@ddierkin: 5 Days, 5 Earnings Reports To Watch This Week i $HAS $BIIB $YHOO $GOOG $GOOGL $PG $AMZN $MSFT $MS $IBM $KO $EBAY $GM&quot;", "time": 1445301041.0, "sentiment": ""}]