[{"id": 44309480, "text": "$AMZN why would anyone call this best of breed- hv u earnings, yet- whole lots risk brother- ck. hard assets- I just don&#39;t c it- sorry", "time": 1445561266.0, "sentiment": ""}, {"id": 44308716, "text": "$AMZN Ready to see a humongous tank.. just saying", "time": 1445560752.0, "sentiment": "Bearish"}, {"id": 44308450, "text": "$BABA no volume purely a momentum play w $AMZN i hope they&#39;re earnings are good or we&#39;re flying back down to 69.", "time": 1445560558.0, "sentiment": ""}, {"id": 44308328, "text": "Got $AMZN 600 calls &amp; $GOOGL 700 calls. Already up on both, but thinking of selling before close. Too much premium to lose if they drop.", "time": 1445560450.0, "sentiment": ""}, {"id": 44308262, "text": "Lots of #earnings after close today $AMZN $GOOG $MSFT $ETFC $SKX $JNPR $T $SYNA $COF $ATHN $SYK $BYD $FTNT $P $TRN $BJRI $EGHT $SMCI $ALTR", "time": 1445560407.0, "sentiment": ""}, {"id": 44308221, "text": "$AMZN Looking to get in around $510/515 if they miss estimates.", "time": 1445560371.0, "sentiment": ""}, {"id": 44308122, "text": "$AMZN don&#39;t like this run up before earnings", "time": 1445560304.0, "sentiment": ""}, {"id": 44308047, "text": "&quot;@ep_capital: A good amount of key $SPX earnings tonight including $AMZN $GOOG $MSFT &amp; $T\n#stocks&quot;", "time": 1445560241.0, "sentiment": ""}, {"id": 44307911, "text": "$AMZN Andreas Harlovrsen&#39;s 2.28mln sh purchase caught a min 30% or $300 mln gain so far. A good trade. http://stks.co/f3JVx", "time": 1445560156.0, "sentiment": ""}, {"id": 44307763, "text": "$GOOG $6.10 for $645 put; $8.30 for $715 call - calls more expensive than puts; same w $AMZN $10.50 for $535 put; $16.50 for $587.50 call", "time": 1445560049.0, "sentiment": ""}, {"id": 44307724, "text": "AMAzING. Everyone thought $NKE or $NFLX give COLOR to state of economy, yet, $EBAY. Phone home!  $AMZN next. CONSUMER ON &#39;auto&#39; $GM $NEON", "time": 1445560019.0, "sentiment": "Bullish"}, {"id": 44307683, "text": "So how many had yours puts become worthless this morning or sold off in loss ? $SPY be honest $AAPL $AMZN $GOOGL $UVXY", "time": 1445559989.0, "sentiment": ""}, {"id": 44307473, "text": "most anticipated #earnings $AMZN $GOOGL $AAL $MSFT $SKX $T $PG $P $JNPR $FTNT $COF $RCL $VFC http://stks.co/c2iO1", "time": 1445559841.0, "sentiment": ""}, {"id": 44307303, "text": "@JohnSn0w  Just facts, nothing there of pump. Smartphone revenue $HIMX record #s Q4. Q3 looks now like surprise # too. See $EBAY $BABA $AMZN", "time": 1445559720.0, "sentiment": "Bullish"}, {"id": 44307226, "text": "Does $WMT win if $AMZN reports a bad ER (since WMT is now fully chasing AMZN in e-commerce) or does WMT lose if AMZN reports a robust ER?", "time": 1445559662.0, "sentiment": ""}, {"id": 44307146, "text": "A good amount of key $SPX earnings tonight including $AMZN $GOOG $MSFT &amp; $T\n#stocks", "time": 1445559597.0, "sentiment": ""}, {"id": 44307120, "text": "$amzn I think Amazon will show rev inc, HUGE earnings miss, and let down on AWS revs. test $500 or lower.", "time": 1445559580.0, "sentiment": ""}, {"id": 44307106, "text": "$AMZN eps will not matter, only rev and AWS growth.", "time": 1445559572.0, "sentiment": ""}, {"id": 44306984, "text": "$AMZN Watch earnings w/ high conviction hedgie buyers: Chase Coleman, Andreas Halvorsen, Phillippe Laffont. http://stks.co/f3JVf", "time": 1445559487.0, "sentiment": ""}, {"id": 44306974, "text": "$AMZN AWS is the area they better show improvement in.", "time": 1445559476.0, "sentiment": ""}, {"id": 44306950, "text": "@Tsteven I&#39;m buying calls next tuesday if $AMZN goes under $520", "time": 1445559457.0, "sentiment": ""}, {"id": 44306860, "text": "$AMZN $GOOG shorting put spreads for both. Hoping for above 570 on AMZN and above 655 for GOOG.", "time": 1445559385.0, "sentiment": "Bullish"}, {"id": 44306806, "text": "Stocks having awesome October. Will the rally continue? A lot depends on tech results tonight. Big earnings out from $GOOGL $T $AMZN $MSFT", "time": 1445559350.0, "sentiment": ""}, {"id": 44306758, "text": "$AMZN Hope you&#39;re right JH", "time": 1445559321.0, "sentiment": ""}, {"id": 44306591, "text": "$AMZN fantastic", "time": 1445559200.0, "sentiment": ""}, {"id": 44306588, "text": "$AMZN hope this doesn&#39;t go down like $NFLX did after ER, gl longs and gamblers who buy before ER", "time": 1445559198.0, "sentiment": ""}, {"id": 44306546, "text": "$AMZN 600+ opening just watched a few HUGE orders fil at 567.30......", "time": 1445559165.0, "sentiment": "Bullish"}, {"id": 44306284, "text": "$AMZN Consensus on what AMZN opens @ tomorrow?", "time": 1445558929.0, "sentiment": ""}, {"id": 44305650, "text": "Stocks Headed Higher As Blue-Chip Earnings Paint Mixed Picture $AMZN $CAT $DOW $MCD http://stks.co/q32Jd", "time": 1445558476.0, "sentiment": ""}, {"id": 44305622, "text": "$AMZN eps will not matter, only rev and AWS growth.  This will probably go up even with horrible earnings", "time": 1445558454.0, "sentiment": "Bullish"}, {"id": 44305362, "text": "$AMZN $msft $goog my bet is Google and Microsoft are going up, Amazon bubble stock is going down !", "time": 1445558290.0, "sentiment": ""}, {"id": 44305043, "text": "Sure, VR/AR what everyone sees BILLIONS in $HIMX making when &#39;delays&#39; quit coming, but, in interim, guys, PHONES = RECORD REVs. $BA BA $AMZN", "time": 1445558055.0, "sentiment": "Bullish"}, {"id": 44305014, "text": "$AMZN $600 level can come?", "time": 1445558036.0, "sentiment": ""}, {"id": 44304186, "text": "$WBA Test that $90 tomorrow if market goes up tomorrow. Need good earnings from $MSFT $GOOGL $AMZN to rally market. Let&#39;s get it.", "time": 1445557468.0, "sentiment": "Bullish"}, {"id": 44303664, "text": "$AMZN levels to watch", "time": 1445557126.0, "sentiment": ""}, {"id": 44303130, "text": "$AAPL,$NFLX, $AMZN,$TSLA,$CRM-  only one reason  CEO would surrender stock options in the money -Taking the co private himself-$LUB", "time": 1445556781.0, "sentiment": ""}, {"id": 44302830, "text": "$AMZN anybody buying puts/calls $googl, expensive. I don&#39;t know...", "time": 1445556594.0, "sentiment": ""}, {"id": 44301617, "text": "$BABA Despite all the love affairs and $hit, IMHO there&#39;s sth flawed in the company. It&#39;s NOT the next $AAPL or $GOOG or even $AMZN FTM.", "time": 1445555854.0, "sentiment": ""}, {"id": 44301355, "text": "$SPY $SPX Nobody winning yet. $GOOG $AMZN Will make or break this rally. 2060 200DMA still overhead. The real action will be overnight 2nite", "time": 1445555681.0, "sentiment": ""}, {"id": 44301019, "text": "Six Strong Uptrending Stocks from our October 22 Scan $AMZN $NKE http://stks.co/h3JlT $$", "time": 1445555440.0, "sentiment": ""}, {"id": 44300982, "text": "$GOOGL $MSFT $AMZN Due to report earnings after the bell", "time": 1445555417.0, "sentiment": ""}, {"id": 44300914, "text": "$SPY $QQQ Nasdaq rebuffed at 200 Day again. The market rally likely all comes down to $AMZN and $GOOG earnings tonight.", "time": 1445555364.0, "sentiment": ""}, {"id": 44300796, "text": "@RLWSNOOK $SPY THE definition of insanity is, NOT believing in THE CONSUMER.... I&#39;ve never fleshed it out, but...&quot;power of&quot; :) $EBAY $AMZN", "time": 1445555291.0, "sentiment": "Bullish"}, {"id": 44300680, "text": "$AMZN $GOOGL Earning after hrs. Reminder. This should be fun. Maybe like last earnings?", "time": 1445555212.0, "sentiment": ""}, {"id": 44300290, "text": "game plan today AH. if we see $AMZN $GOOGL $MSFT good ERs the buy $TQQQ AH. also buy $FB.. see what $TXN good ER do to $MSFT today", "time": 1445554943.0, "sentiment": ""}, {"id": 44299870, "text": "STO OCT4 $AMZN 475 puts for a credit of .96 each. #optionsedge", "time": 1445554686.0, "sentiment": ""}, {"id": 44299696, "text": "$AMZN  My cousin a UPS delivery supervisor has never seen as many AMZN packages during the summer . Expect blockbuster ER .", "time": 1445554582.0, "sentiment": ""}, {"id": 44299592, "text": "$AMZN they will beat. Even ebay is trying to be like $amzn", "time": 1445554518.0, "sentiment": "Bullish"}, {"id": 44299573, "text": "$SPY $AMZN $GOOGL $MSFT $QQQ markets looking strong before some big earnings", "time": 1445554506.0, "sentiment": "Bullish"}, {"id": 44299537, "text": "$AMZN target $610 to screw the shorts", "time": 1445554472.0, "sentiment": ""}, {"id": 44299533, "text": "$AMZN it&#39;s a wrap! get rich or just get richer LOL", "time": 1445554468.0, "sentiment": "Bullish"}, {"id": 44299437, "text": "$AMZN Market is supporting the price and the whisper numbers!", "time": 1445554403.0, "sentiment": "Bullish"}, {"id": 44299309, "text": "$SPY Headed to test that 206 level after 50 SMA break. Persistent buying into $GOOGL, $AMZN, $MSFT ER today", "time": 1445554315.0, "sentiment": ""}, {"id": 44298277, "text": "Nasdaq def place to be today, Semi&#39;s holding it up well +1.6%.  Expecting Nirvanna from $AMZN too. $SPY", "time": 1445553651.0, "sentiment": ""}, {"id": 44297956, "text": "Will the busiest day of earnings season continue to boost the markets? $GOOGL $AMZN $MCD http://stks.co/e2iZK", "time": 1445553474.0, "sentiment": ""}, {"id": 44297596, "text": "$ES_F $AMZN $MSFT $GOOG $GOOGL will rip the $SPY $SPX higher AH. Shorts very nervous.", "time": 1445553245.0, "sentiment": "Bullish"}, {"id": 44297559, "text": "$UVXY what happens when both $AMZN and $GOOGL disappoint tonight ...PLUNGER", "time": 1445553225.0, "sentiment": ""}, {"id": 44297380, "text": "$AMZN update news... sold move out quick. Er not that good.  Too risky", "time": 1445553107.0, "sentiment": ""}, {"id": 44297200, "text": "$AMZN 575", "time": 1445552991.0, "sentiment": "Bullish"}, {"id": 44297129, "text": "$AMZN hod coming in any second", "time": 1445552943.0, "sentiment": ""}, {"id": 44297083, "text": "$AMZN 500 tomorrow", "time": 1445552910.0, "sentiment": ""}, {"id": 44296945, "text": "$AMZN the crash begin today ! Lol ! Bears party tomorrow ! ???", "time": 1445552817.0, "sentiment": "Bearish"}, {"id": 44296866, "text": "$AMZN I REALLY want to short this. BUT..20-30 $ puts kinda gambling. + w/ EPS estimates so ridiculously low how can they not beat?", "time": 1445552769.0, "sentiment": ""}, {"id": 44296635, "text": "$AMZN up $10.. keep it up keep it up..", "time": 1445552621.0, "sentiment": ""}, {"id": 44296599, "text": "implied moves $P +/- roughly 10%, $GOOGL +/- 6%, $ATHN +/- 7%, $MSFT +/- 4.5%, $AMZN +/- 9%, $COF +/- 4%", "time": 1445552592.0, "sentiment": ""}, {"id": 44295486, "text": "$AMZN I want to play ER but it seems like the price is already factored in", "time": 1445551928.0, "sentiment": ""}, {"id": 44295342, "text": "$AMZN the best part about ST is it helps me confirm that no1 really knows anything about anything. I love it. Makes me feel better :)", "time": 1445551841.0, "sentiment": ""}, {"id": 44294977, "text": "$AMZN Sold 630 calls, bought a 557.50/552.50 put spread for $1.55 all expiring tomorrow. Copied tastytrade.com trade&#39;s Tom Sosnoff.", "time": 1445551568.0, "sentiment": "Bearish"}, {"id": 44294230, "text": "Up-to-date 1 year Analysis on$AAPL $AMZN $AXP $BABA $CVX $FB $IBM $MON $XOM $MSFT $GOOG $YM_F $ES_F $NQ_F (See link on profile) New Video to", "time": 1445551096.0, "sentiment": ""}, {"id": 44294213, "text": "$AMZN lotto anyone?", "time": 1445551080.0, "sentiment": ""}, {"id": 44294205, "text": "$AMZN any thoughts today?", "time": 1445551076.0, "sentiment": ""}, {"id": 44294008, "text": "$SPY $ES_F $AMZN reports today. They miss &amp; watch your Bull Market Implode!", "time": 1445550946.0, "sentiment": "Bearish"}, {"id": 44293779, "text": "&quot;@Grover: $ALTR $AMZN $BYD $COF $FTNT $GOOGL $JNPR $KLAC $LOGM $MSFT $MXIM $ETSY $P $QLGC $QLIK $SKX $SWN $SYK $T&quot;", "time": 1445550792.0, "sentiment": ""}, {"id": 44293179, "text": "$AMZN calls n puts making big $ -NOT! Only those selling....can&#39;t open my eyes for the slaughter to come. Oh the pain!", "time": 1445550453.0, "sentiment": ""}, {"id": 44292303, "text": "$ALTR $AMZN $BYD $COF $FTNT $GOOGL $JNPR $KLAC $LOGM $MSFT $MXIM $P $QLGC $QLIK $SKX $SWN $SYK $T", "time": 1445549891.0, "sentiment": ""}, {"id": 44291990, "text": "$AMZN Prime Now \u2018Free\u2019 Two-Hour Delivery Hits San Francisco, San Antonio http://stks.co/i3JfO", "time": 1445549688.0, "sentiment": ""}, {"id": 44291942, "text": "&quot;@j84: $AAPL $AMZN $GOOG $NFLX $YHOO $MSFT $TWTR $AAPL $LNKD $SPY $IBM - RISK LEVEL&quot;", "time": 1445549656.0, "sentiment": ""}, {"id": 44291758, "text": "$AMZN This is odd behavior from a ticker that had no problem moving up to $570 and yet that seems to be the ceiling.I don&#39;t expect much!", "time": 1445549556.0, "sentiment": ""}, {"id": 44291662, "text": "$AAPL $AMZN $GOOG $NFLX $YHOO $MSFT $TWTR $AAPL $LNKD $SPY $IBM - RISK LEVEL", "time": 1445549504.0, "sentiment": ""}, {"id": 44291495, "text": "&quot;@GiantGrunion: $SHOP $EBAY $ETSY $AMZN all should be strong on EBAY&#39;s numbers going into holidays.  Last chance $SHOP&quot;", "time": 1445549407.0, "sentiment": ""}, {"id": 44289352, "text": "The Day Of Futures Past $CRP $EMC $GM $KO $MCD $TM $VRX $WDC $AMZN $GOOG $KLAC $LRCX $MSFT $SBUX $SNDK $YHOO $FCAU http://stks.co/g3JI8", "time": 1445548144.0, "sentiment": ""}, {"id": 44289120, "text": "Will Amazon beat earnings this evening? $AMZN http://stks.co/r32O0", "time": 1445548000.0, "sentiment": ""}, {"id": 44289011, "text": "$AMZN One day the top callers will be right...today will not be that day...", "time": 1445547933.0, "sentiment": "Bullish"}, {"id": 44288903, "text": "@JBOYLE8620 $WMT should not compete directly with $AMZN. Should focus on dominating non online retail. Now they will suffer by comparison.", "time": 1445547880.0, "sentiment": ""}, {"id": 44288847, "text": "What Do Valeant, Amazon, Netflix and Yahoo! Have in Common? $AMZN http://stks.co/e2iWJ", "time": 1445547853.0, "sentiment": ""}, {"id": 44288774, "text": "$AMZN i think it will do a $NFLX", "time": 1445547816.0, "sentiment": ""}, {"id": 44288541, "text": "$AMZN looks like $GOOG is the better choice for today.", "time": 1445547695.0, "sentiment": ""}, {"id": 44288446, "text": "$AMZN Today Amazon going much higher after earnings Expert Last week was Netflix going much higher after earnings NFLX dropped like a rock.", "time": 1445547652.0, "sentiment": ""}, {"id": 44287927, "text": "$BABA $AMZN matters, so if long, keep your fingers crossed for a beat whether you own amazon or not.", "time": 1445547354.0, "sentiment": "Bullish"}, {"id": 44287305, "text": "$SPY Key resistance here 2037-2040. Bulls may charge if they pass.  MoMo on fire for first day in 3, with $AMZN $GOOG tonight $PCLN near ATH", "time": 1445547021.0, "sentiment": ""}, {"id": 44287167, "text": "MT @Jesse_Livermore Book recommendation: &quot;DIY Financial Advisor&quot; Really enjoyed. Getting great $AMZN reviews: http://stks.co/f3JO6", "time": 1445546958.0, "sentiment": ""}, {"id": 44286917, "text": "$AMZN pulling them in before ER. Sure walk the plank-:)", "time": 1445546827.0, "sentiment": ""}, {"id": 44286221, "text": "$AMZN how van one go for portfolio of $NKE, $DIS, $CELG or $GILD, $MCD, $AMZN, $FB, $AAPL &amp; $NFLX", "time": 1445546452.0, "sentiment": ""}, {"id": 44286034, "text": "5 Stocks To Watch Tomorrow - UA, MCD, CAT, AMZN, GOOGL $CAT $MCD $UA $AMZN $GOOGL Also $BBY $NKE $SKX $WMT $YUM http://stks.co/g3JGu", "time": 1445546346.0, "sentiment": ""}, {"id": 44285005, "text": "@SwingPlay My best plays on $AMZN have been after earnings misses.", "time": 1445545716.0, "sentiment": ""}, {"id": 44284964, "text": "$PCLN calls are the best way to play $AMZN $GOOG earnings momemtum. PCLN on verge of ATH breakout. (Today USD will be a headwind.)", "time": 1445545681.0, "sentiment": ""}, {"id": 44284933, "text": "$AMZN  looking good looking good", "time": 1445545658.0, "sentiment": "Bullish"}, {"id": 44284923, "text": "A lot going on this morning, not sure how to proceed, again: $VRX $MCD $RLYP $UA $CAT $EBAY $PRGO $AXP $LVS $TXN $ASPS $AMZN", "time": 1445545651.0, "sentiment": ""}, {"id": 44284848, "text": "The Day Of Futures Past $CRP $EMC $GM $KO $MCD $TM $VRX $WDC $AMZN $GOOG $KLAC $LRCX $MSFT $SBUX $SNDK $YHOO $FCAU http://stks.co/b2i8P", "time": 1445545595.0, "sentiment": ""}, {"id": 44284699, "text": "$amzn -- either it will be $650 or $450 after the ER reports... i am not taking $100 risk...will play after Er accordingly.. how many in ER?", "time": 1445545488.0, "sentiment": ""}, {"id": 44284497, "text": "T3 Live Morning Call: All About Earnings\nhttp://stks.co/a2iCz\n$SPX $SPY $VRX $IBB $IWM $QQQ $GOOGL $AMZN $MSFT $AAPL $FB $UA", "time": 1445545349.0, "sentiment": ""}, {"id": 44284489, "text": "I am nervous ahead of earnings, but remain long $AMZN for now. It&#39;s been a good performer for me this year. http://stks.co/f3JMr", "time": 1445545344.0, "sentiment": ""}, {"id": 44284461, "text": "$AMZN I think this follow Chipotle.Might gap up some more today in anticipation but Ran up too much before earnings. Not huge upside here.", "time": 1445545312.0, "sentiment": ""}, {"id": 44284456, "text": "Jim Cramer loses big in this stock-picking test - http://stks.co/d2iDQ - its not new.$aapl $gpro $amba $csiq $tsla $race $amzn $ibb $swks", "time": 1445545308.0, "sentiment": ""}, {"id": 44283981, "text": "Top Earnings Thur 10/22 After the Bell: $ALTR $AMZN $BYD $COF $FTNT $GOOGL $JNPR $KLAC $LOGM $MSFT $MXIM $P $QLGC $QLIK $SKX $SWN $SYK $T", "time": 1445544934.0, "sentiment": ""}, {"id": 44283823, "text": "5 Stocks to Watch Today - $UA, $MCD, $CAT, $AMZN, $GOOGL\nhttp://stks.co/a2iCc", "time": 1445544803.0, "sentiment": ""}, {"id": 44283647, "text": "What to Watch Thursday: Releases Quarterly Results\nhttp://stks.co/t32Vq\n$MCD $MMM $LLY $UNP $DOW $CAT $LUV $UAL $UA $GOOGL $MSFT $AMZN $T", "time": 1445544654.0, "sentiment": ""}, {"id": 44283606, "text": "@volfixer Careful until Europe closes at 11:30 Eastern.Tonight is $GOOG and $AMZN earnings, big macro market movers. I won&#39;t be short at 4PM", "time": 1445544613.0, "sentiment": ""}, {"id": 44283338, "text": "$LLY One of the best CEOs. Right after $AMZN Bezos", "time": 1445544377.0, "sentiment": "Bullish"}, {"id": 44283116, "text": "Trader&#39;s Notebook: Amazon&#39;s Higher Timeframe Trend Is Bullish $AMZN http://stks.co/a2iCE", "time": 1445544133.0, "sentiment": ""}, {"id": 44282965, "text": "$AMZN prepping for a higher valuation that could make some heads spin.", "time": 1445543977.0, "sentiment": ""}, {"id": 44282711, "text": "$GOOGL and $AMZN both slightly higher.  Both report tonight.  Should see plenty of intra-day volatility in both.", "time": 1445543771.0, "sentiment": ""}, {"id": 44281857, "text": "Action-Packed Thursday: China Pumps, ECB Decides and Amazon Reports $AMZN http://stks.co/b2i6o", "time": 1445543028.0, "sentiment": ""}, {"id": 44281723, "text": "$BABA it will run w/ $AMZN today", "time": 1445542901.0, "sentiment": ""}, {"id": 44281542, "text": "$AMZN a beat may already be priced in - look at how high this is before er - may do a $NFLX", "time": 1445542698.0, "sentiment": ""}, {"id": 44281258, "text": "See a Calendar Of Upcoming #Earnings http://stks.co/h3Jdf $HTLD $EGHT $AMZN $T $ATHN $BAS $COF $CYN $ETFC $JNPR $MSFT $VRSN $SKX $P", "time": 1445542404.0, "sentiment": ""}, {"id": 44281212, "text": "@Magellan lol. Ok so you just sit and watch $aapl and have no positions. Is that right?  GL bro. You just watch $fb $googl $amzn and $gild?", "time": 1445542375.0, "sentiment": ""}, {"id": 44281188, "text": "$SPY $AMZN $MSFT $MCDThemes for this qtr\u2019s earnings:\nMisses, Job cuts, Buybacks", "time": 1445542354.0, "sentiment": ""}, {"id": 44281128, "text": "$AAPL $AMZN $AXP $BABA $CVX $FB $IBM $MON $XOM $MSFT $GOOG $YM_F $ES_F $NQ_F New youtube video from OwensAsseFund, See link on profile.", "time": 1445542298.0, "sentiment": ""}, {"id": 44279825, "text": "Alphabet Launches Shopping Insights In Line With E-Commerce Plans - http://stks.co/s31rR - $GOOG $GOOGL $AMZN", "time": 1445540646.0, "sentiment": ""}, {"id": 44279467, "text": "$BABA $Amzn will give us a lift today", "time": 1445539984.0, "sentiment": "Bullish"}, {"id": 44279359, "text": "$AMZN 3 Billion in revs and growing for Amazon Prime", "time": 1445539762.0, "sentiment": ""}, {"id": 44279308, "text": "$AMZN Any dips will be bought ahead of the holiday season...hiring 100k people=guidance will not disappoint...", "time": 1445539658.0, "sentiment": ""}, {"id": 44279135, "text": "Amazon.com $AMZN earnings up after the close today. From this view that slope is gettin&#39; just a tad steep, eh?", "time": 1445539439.0, "sentiment": ""}, {"id": 44279104, "text": "What to Expect from Amazon\u2019s Third Quarter Earnings $AMZN http://stks.co/p323D", "time": 1445539394.0, "sentiment": ""}, {"id": 44278982, "text": "$AMZN Its after the bell tonight? I thought it was pre market this am..", "time": 1445539136.0, "sentiment": ""}, {"id": 44278660, "text": "So far, a 100% hit rate on earnings plays. The streak is on the line tonight $AMZN $GOOGL", "time": 1445538581.0, "sentiment": ""}, {"id": 44278643, "text": "The Rally In Consumer Stocks Rolls On $XLE $XLP $XLY Also $DIS $AMZN $SPY http://stks.co/s31qI", "time": 1445538550.0, "sentiment": ""}, {"id": 44278177, "text": "Good morning Team. The Chart Porn is ready! $AAPL $AMZN $FB $GOOGL $NFLX $TSLA - http://stks.co/c2iCm", "time": 1445537630.0, "sentiment": ""}, {"id": 44277490, "text": "10 Stocks You Should Be Watching Today $AMZN $AXP $CAT $MCD $MSFT $P $EBAY $GOOGL $MMM $T #premarket http://stks.co/q326P", "time": 1445535323.0, "sentiment": ""}, {"id": 44277377, "text": "ONLY name u need to know? $EBAY. KILLER EARNINGS, STRONG AS EVER, REVs and EPS, INCREASE. $AMZN . CONSUMER is 2/3 of ECONOMY $SPY $QQQ $VXX", "time": 1445534863.0, "sentiment": "Bullish"}, {"id": 44276752, "text": "&quot;@BeckyHiu &quot;@SJosephBurns: The 10 Troubles in Bull Town http://stks.co/d2i7Q  $SPY $IWM $DIA $QQQ $AMZN $FB $NFLX $Goog $GOOGL&quot;&quot;", "time": 1445530335.0, "sentiment": ""}, {"id": 44276293, "text": "$AMZN We went from $280 to $560 on biggest negative cash flow, same earnings as 2013 and forward p/e of 250+ April puts here", "time": 1445525656.0, "sentiment": "Bearish"}, {"id": 44276263, "text": "$AMZN looking for measely.13 loss tomorrow..bested the last 4 Q&#39;s will 5 do the same? LONG", "time": 1445525234.0, "sentiment": ""}, {"id": 44276234, "text": "Watchlist $AVXLD $ERII $ZIXI // Earning Report In Positions: $SBUX $EGHT $AMZN.", "time": 1445524765.0, "sentiment": "Bullish"}, {"id": 44276037, "text": "$AMZN hmm will be watching this one carefully. I say bullish, but there&#39;s too many Bulls here. Perhaps contrarian trade? 50/50 really", "time": 1445523224.0, "sentiment": ""}, {"id": 44275891, "text": "Why http://stks.co/r32EB (AMZN) Stock Will Deliver During Upcoming Holiday Season $AMZN http://stks.co/t32O7", "time": 1445522708.0, "sentiment": ""}, {"id": 44275834, "text": "Notable earnings after Thursday\u2019s close\n$ACTG $ALGN $ALTR $AMZN $ATHN $BAS $BCR $BJRI $BYD $CHE $COF $CYN $CYT $DV $EGHT $ETFC $FET $FII", "time": 1445522314.0, "sentiment": ""}, {"id": 44275816, "text": "$AMZN don&#39;t be surprised if they fall after earnings.", "time": 1445522113.0, "sentiment": ""}, {"id": 44275734, "text": "Seasonal charts of companies reporting earnings today $MMM $GOOG $AMZN $T $CAT $DOW $LLY $MCD $MSFT $PHM $R $LUV: http://stks.co/d2i5v", "time": 1445521181.0, "sentiment": ""}, {"id": 44275529, "text": "Exciting growth expectations for http://stks.co/d2i5h - $AMZN - http://stks.co/d2i5i", "time": 1445518977.0, "sentiment": ""}, {"id": 44275371, "text": "@dknow1 i hear ya, i made ton last ER on $GOOG and $AMZN, but i have a hard time believing they can pull that off again.  i&#39;ll wait til Fri.", "time": 1445517427.0, "sentiment": ""}, {"id": 44275094, "text": "Energy Leads S&amp;P 500 Lower; Volume Jumps http://stks.co/g3J7S $STUDY $XLE $SPX $MSFT $AMZN $GOOGL $VRX $IWM $BAC $GS $JPM $XLB $XLV $FED", "time": 1445515729.0, "sentiment": ""}, {"id": 44274548, "text": "$AMZN Any ideas on the q3 financials tomorrow?", "time": 1445513441.0, "sentiment": "Bullish"}, {"id": 44273839, "text": "@delta_neutral1 @trash_treasure @optionalarmchat Really?! $AMZN over $GOOGL? That&#39;s insane", "time": 1445510596.0, "sentiment": ""}, {"id": 44273709, "text": "$AMZN everyone is bullish", "time": 1445510143.0, "sentiment": "Bearish"}, {"id": 44273660, "text": "$AMZN AWS will raise to 600 on Friday", "time": 1445509959.0, "sentiment": ""}, {"id": 44273647, "text": "&quot;@delta_neutral1: $ES_F $AMZN $MSFT $GOOG $KO represent 6% of $SPY, if they beat big we will rip right through 2040 by Friday ++&quot;", "time": 1445509921.0, "sentiment": ""}, {"id": 44273493, "text": "@GOTURSAC $AMZN isn&#39;t as easy of a target as $VRX. VRX is actually in the business of death/suffering. Amazon hasn&#39;t let anyone die so far.", "time": 1445509357.0, "sentiment": ""}, {"id": 44273416, "text": "@SwingPlay Pick up some $AMZN before ER?", "time": 1445509093.0, "sentiment": ""}]