[{"id": 45581642, "text": "$spy $amzn $m $wmt", "time": 1447829143.0, "sentiment": ""}, {"id": 45581602, "text": "@TraceyRyniec biggest shorts $RH $GPRO $GME $LULU w RSI under 30...$TJX and $LB $AMZN (tmrw) have best fundis but rich. curious about $BOOT", "time": 1447829037.0, "sentiment": ""}, {"id": 45581591, "text": "NEW POST:  The One Chart That Shows Why Amazon Is Killing Traditional Retail http://stks.co/t3CXG via @YahooFinance  $spy $amzn $m $wmt", "time": 1447829006.0, "sentiment": ""}, {"id": 45579522, "text": "Sit Portfolio 11/17/15: tech/infras., defense/aerospace and  commerce/foreign banks $PAM $GGAL $AMZN $ICE $NOC $RTN http://stks.co/c2rpz", "time": 1447825265.0, "sentiment": ""}, {"id": 45579451, "text": "$AMZN AMZN put sale . I am okay with AMZN pulling back some more. Don&#39;t mind owning at $585. \nI do not think the recent", "time": 1447825154.0, "sentiment": "Bullish"}, {"id": 45579230, "text": "$AMZN, $AAPL, $FB, $GOOGL, $NFLX, $BIDU, $LNKD. MAX LIST. Funds have to own them. $study", "time": 1447824802.0, "sentiment": ""}, {"id": 45578669, "text": "@BigJayCutler I think $AMZN is overpriced. But, yeah, $AMZN will probably do even better than AAPL and BABA tomorrow.", "time": 1447824048.0, "sentiment": "Bullish"}, {"id": 45578101, "text": "$AMZN will this thing f/s already. Been in for over a year christ!", "time": 1447823314.0, "sentiment": ""}, {"id": 45577735, "text": "Retailer Colruyt may experience disruptive changes in its domestic market http://stks.co/f3TUa $AMZN $TGT $WFM $WMT $KR $SVU $TFM $SHLD", "time": 1447822889.0, "sentiment": ""}, {"id": 45577557, "text": "@JMFD would you say it includes $AMZN", "time": 1447822674.0, "sentiment": "Bullish"}, {"id": 45577335, "text": "how do we add $HD to FANG? $FB $AMZN $NFLX $GOOGL", "time": 1447822434.0, "sentiment": ""}, {"id": 45575374, "text": "Xulu, Inc. appears to have added to its $AMZN position in the most recent quarter http://stks.co/f3TTF", "time": 1447820512.0, "sentiment": ""}, {"id": 45574917, "text": "$NFLX $FB $AMZN", "time": 1447820131.0, "sentiment": "Bearish"}, {"id": 45574846, "text": "$AMZN I&#39;m still waiting for it.", "time": 1447820070.0, "sentiment": ""}, {"id": 45574766, "text": "Consumer Discretionary $XLY - 40% of it are 2 stocks: $HD and $AMZN.  Equal weigth cons. discret. has dropped to 2009 levels.Not good. $SPY", "time": 1447819994.0, "sentiment": ""}, {"id": 45573838, "text": "$AMZN $700 #waitforit", "time": 1447819346.0, "sentiment": "Bullish"}, {"id": 45573761, "text": "$AMZN tmw be prepared for a same lousy trading day", "time": 1447819295.0, "sentiment": "Bullish"}, {"id": 45573640, "text": "$EBAY $BABA $GOOG $AMZN", "time": 1447819222.0, "sentiment": ""}, {"id": 45573337, "text": "$AMZN very good call you was right on!", "time": 1447818999.0, "sentiment": ""}, {"id": 45573050, "text": "$AMZN as a black man, I&#39;m already prone to heart disease. This market isn&#39;t helping.", "time": 1447818785.0, "sentiment": ""}, {"id": 45572716, "text": "$AMZN obvious manipulation by MMs can&#39;t wait for the fed to start putting more resources to investigate high frequency trading", "time": 1447818552.0, "sentiment": ""}, {"id": 45572436, "text": "$AMZN wtf is going on with this stock", "time": 1447818334.0, "sentiment": ""}, {"id": 45572075, "text": "Day trading Ideas: $VRX $IBB $ATHN $AMZN $ARG $GNC - 14 Trades 9 wins 3 losses, 2 even - overall: $23,330", "time": 1447818042.0, "sentiment": ""}, {"id": 45571996, "text": "$AMZN Hate to say it, but yesterday was a bull trap...", "time": 1447817972.0, "sentiment": ""}, {"id": 45571912, "text": "$AMZN can&#39;t go over 645 very sad", "time": 1447817911.0, "sentiment": "Bullish"}, {"id": 45571640, "text": "$AMZN we were hoping 660 today and is not gonna close even 650 ?", "time": 1447817711.0, "sentiment": "Bullish"}, {"id": 45570755, "text": "$SPY $QQQ  $DIA no panic, just selling. $AMZN puts looks attractive", "time": 1447817027.0, "sentiment": ""}, {"id": 45570368, "text": "$AMZN Lost 50% on my CALLS today...wow...good luck BULLS...", "time": 1447816742.0, "sentiment": ""}, {"id": 45570299, "text": "I like the long @Walmart, short @Amazon pair trade for mean reversion. $WMT $AMZN", "time": 1447816697.0, "sentiment": ""}, {"id": 45569325, "text": "$AMZN Maybe the FED can buy this stock and push it up...", "time": 1447815912.0, "sentiment": ""}, {"id": 45568815, "text": "$AMZN less go, last hour rocket!", "time": 1447815506.0, "sentiment": "Bullish"}, {"id": 45568412, "text": "$AMZN Killing piggish Call buyers from yesterday...I will look to re-enter Friday for holiday run....", "time": 1447815201.0, "sentiment": ""}, {"id": 45568138, "text": "$AMZN what a move! Pure market manipulation", "time": 1447815009.0, "sentiment": ""}, {"id": 45567923, "text": "$AAPL $GOOG $AMZN all at LOD", "time": 1447814872.0, "sentiment": ""}, {"id": 45567683, "text": "@Kraki $AMZN Nobody is going to downgrade this ahead of Black Friday and the holiday season...this may re-test  yesterdays move at best", "time": 1447814697.0, "sentiment": ""}, {"id": 45566481, "text": "$WMT Stock Pops 5%!\n$AMZN\nhttp://stks.co/q3C7Z", "time": 1447813895.0, "sentiment": "Bullish"}, {"id": 45566427, "text": "$AMZN BULLS are screwed...", "time": 1447813847.0, "sentiment": ""}, {"id": 45566408, "text": "$AMZN Think this is bad? Wait until the close. Watch for a downgrade of Amazon based on price and weak sales. Sell", "time": 1447813835.0, "sentiment": "Bearish"}, {"id": 45566141, "text": "$AMZN amzn  Police discover bomb vehicle as a rescue vehicle at soccer stadium  Hannover", "time": 1447813632.0, "sentiment": "Bearish"}, {"id": 45566015, "text": "$AMZN Smart money is out taking profit, retailers are keeping it, should fall further.", "time": 1447813518.0, "sentiment": "Bearish"}, {"id": 45565664, "text": "$AMZN obvious short, target $585", "time": 1447813212.0, "sentiment": "Bearish"}, {"id": 45565629, "text": "$AMZN $aapl $FB Buy and hold FOREVER.", "time": 1447813171.0, "sentiment": ""}, {"id": 45565230, "text": "$AMZN", "time": 1447812823.0, "sentiment": ""}, {"id": 45564534, "text": "NEW POST: Retail ETFs Need Black Friday Boost  - via @NASDAQ http://stks.co/q3C6w $XRT $SPY $XLY $AMZN $M $WMT $TGT", "time": 1447812158.0, "sentiment": ""}, {"id": 45564457, "text": "$AMZN Stadium hosting Germany-Netherlands soccer game evacuated, reports say", "time": 1447812082.0, "sentiment": ""}, {"id": 45564087, "text": "Holiday Hope For Retail ETFs With This Trade Strategy $XRT $XLY $AMZN $DIS $HD $NKE $UA $LOW http://stks.co/s3BoZ", "time": 1447811728.0, "sentiment": ""}, {"id": 45563919, "text": "Russian Internet Outlook Hiked At This Wall Street Bank: Time To Buy Yandex? $YNDX $PYPL $AMZN $JD $NFLX  http://stks.co/h3TYS", "time": 1447811585.0, "sentiment": ""}, {"id": 45563000, "text": "$AMZN no I was here when they attacked on 9 11...market is spooked again..I was on the tower just 2 years before..", "time": 1447810870.0, "sentiment": ""}, {"id": 45562964, "text": "$AMZN looks like stock is not strong enough to get over 650, am I wrong?", "time": 1447810839.0, "sentiment": "Bullish"}, {"id": 45562825, "text": "$AMZN just protect profits is all i say...", "time": 1447810739.0, "sentiment": "Bearish"}, {"id": 45562823, "text": "$AMZN very insensitive of you. Is that your wish? I hope you burn in hell.", "time": 1447810737.0, "sentiment": ""}, {"id": 45562734, "text": "$AMZN another attack....lots of background chatter....", "time": 1447810671.0, "sentiment": "Bearish"}, {"id": 45562691, "text": "$NFLX  $amzn get a life. You are losing big time on your short. Get a job.", "time": 1447810635.0, "sentiment": ""}, {"id": 45562665, "text": "$ETSY deserves real investors. They are going to outshine $AMZN handmade with their mobile presence.", "time": 1447810616.0, "sentiment": "Bullish"}, {"id": 45562486, "text": "$NFLX $amzn spooked by what?", "time": 1447810480.0, "sentiment": ""}, {"id": 45562435, "text": "$NFLX $amzn Market spooked and will sell of..out of both nflx and  amzn   now short", "time": 1447810437.0, "sentiment": "Bearish"}, {"id": 45561977, "text": "$AMZN Let&#39;s get a nice rally to close...", "time": 1447810068.0, "sentiment": "Bullish"}, {"id": 45561521, "text": "FANG is a 1 legged dog right now $FB $AMZN  $NFLX $GOOGL", "time": 1447809702.0, "sentiment": ""}, {"id": 45560885, "text": "$AMZN Crack that 650 you BEAST!!!", "time": 1447809099.0, "sentiment": "Bullish"}, {"id": 45560806, "text": "$AMZN,$BIDU,$NFLX,$TSLA,$WYNN best credit spread plays. Mon.easy $ filling on momentum up. Sideways+ sm.profit taking dips for max.profit", "time": 1447809043.0, "sentiment": ""}, {"id": 45560797, "text": "$AMZN http://stks.co/b2rXe", "time": 1447809032.0, "sentiment": "Bullish"}, {"id": 45559458, "text": "$AMZN  $WMT  $M  $XRT Excellent Article", "time": 1447807903.0, "sentiment": ""}, {"id": 45559385, "text": "$AMZN  $WMT  $M  $XRT", "time": 1447807848.0, "sentiment": ""}, {"id": 45559206, "text": "NEW POST:  The One Chart That Shows Why Amazon Is Killing Traditional Retail  http://stks.co/d2rZq via @YahooFinance $AMZN $WMT $M $XRT", "time": 1447807695.0, "sentiment": ""}, {"id": 45559004, "text": "$AMZN Nasdaq took a big dump as well...don&#39;t think we can BULL run without the broader markets...", "time": 1447807514.0, "sentiment": ""}, {"id": 45558936, "text": "$AMZN same movement as yesterday, but on a smaller scale. I expect a bounce on the up side. I wouldn&#39;t short here except for a quick trade.", "time": 1447807461.0, "sentiment": "Bullish"}, {"id": 45558918, "text": "$AMZN  $vrx &#39;Bullish&#39;, I think this word does not mean what you think it means...", "time": 1447807445.0, "sentiment": ""}, {"id": 45558803, "text": "$AMZN in some calls. Current underlying 645.56. Should go up with spy", "time": 1447807354.0, "sentiment": "Bullish"}, {"id": 45558500, "text": "$AMZN hey bulls and bears can we move the playground at $655 we all have to gain", "time": 1447807112.0, "sentiment": "Bullish"}, {"id": 45558392, "text": "Something to note: $AMZN and $AAPL never broke above their open. $GOOGL now trading below it&#39;s open. These are the leaders... not leading.", "time": 1447807022.0, "sentiment": ""}, {"id": 45558068, "text": "Lots of new investing research &amp; trading ideas posted - http://stks.co/j3TSM $SPY $IWM $CL_F $XLE $UNG $TSLA $AMZN", "time": 1447806746.0, "sentiment": ""}, {"id": 45557991, "text": "$AMZN bullish in  $vrx also", "time": 1447806690.0, "sentiment": "Bullish"}, {"id": 45557755, "text": "$AMZN This is scary...downside is swift, upside is weak...", "time": 1447806496.0, "sentiment": ""}, {"id": 45557457, "text": "$AMZN is a widow maker. Go up already. Such a flirt smh", "time": 1447806259.0, "sentiment": "Bullish"}, {"id": 45557409, "text": "$AMZN Selling it again?!?!", "time": 1447806223.0, "sentiment": ""}, {"id": 45557127, "text": "$AMZN Hope you set your stop losses.", "time": 1447806006.0, "sentiment": "Bearish"}, {"id": 45557118, "text": "strong $WMT weak $AMZN ...thats as far as im gonna get into this conversation", "time": 1447805999.0, "sentiment": ""}, {"id": 45557104, "text": "&quot;The first billion is the hardest.&quot; - T. Boone Pickens. $AMZN $WMT", "time": 1447805979.0, "sentiment": ""}, {"id": 45556953, "text": "$NFLX $SPY $AMZN tough few trading days...My accounts really hurting here.", "time": 1447805869.0, "sentiment": "Bearish"}, {"id": 45556860, "text": "$AMZN  could be a power move coming", "time": 1447805794.0, "sentiment": "Bullish"}, {"id": 45556721, "text": "$AMZN Need that BULLISH push past 650...let&#39;s go...", "time": 1447805695.0, "sentiment": "Bullish"}, {"id": 45556212, "text": "Retail ETFs $XRT are looking ugly out there. Big divergence from mkt cap weighted $XLY, which it dominated by $AMZN", "time": 1447805361.0, "sentiment": ""}, {"id": 45556155, "text": "Why Apple, Amazon &amp; Facebook can go higher: Expert $AAPL $AMZN $FB http://stks.co/p3C4M", "time": 1447805312.0, "sentiment": "Bullish"}, {"id": 45556131, "text": "$NFLX unstoppable, like $AMZN, now a NWO gem that helps brainwash the peeps", "time": 1447805293.0, "sentiment": ""}, {"id": 45556036, "text": "$AMZN  $XRT cough cough $SHOP", "time": 1447805235.0, "sentiment": ""}, {"id": 45555870, "text": "$AMZN I feel an upside explosion brewing...", "time": 1447805125.0, "sentiment": "Bullish"}, {"id": 45555762, "text": "$AMZN I&#39;m feeling the pump here guys", "time": 1447805045.0, "sentiment": "Bullish"}, {"id": 45555660, "text": "Another new high for e-commerce as a % of total retail sales.  Consumers like to buy from their phone.  $AMZN $XRT", "time": 1447804981.0, "sentiment": ""}, {"id": 45555646, "text": "$AMZN Everything slows...except online shopping!!!", "time": 1447804972.0, "sentiment": "Bullish"}, {"id": 45555450, "text": "$AMZN imo S&amp;P if it stays above 2055 very bullish!", "time": 1447804833.0, "sentiment": "Bullish"}, {"id": 45554963, "text": "$AMZN today will close at 660", "time": 1447804463.0, "sentiment": "Bullish"}, {"id": 45554951, "text": "$AMZN green.. seee not to worry the game changers!!!", "time": 1447804455.0, "sentiment": ""}, {"id": 45554922, "text": "$AMZN $700", "time": 1447804431.0, "sentiment": "Bullish"}, {"id": 45554853, "text": "$AMZN Now we look at HOD break... 653.25...", "time": 1447804368.0, "sentiment": "Bullish"}, {"id": 45554833, "text": "$AMZN  like the Amazon river this is huge huge", "time": 1447804350.0, "sentiment": "Bullish"}, {"id": 45554684, "text": "@Fake_Buffett understood I&#39;m long $AMZN at 900PE for growth.  Only concern is macro environment might get tough for the growth thesis", "time": 1447804223.0, "sentiment": ""}, {"id": 45554560, "text": "$AMZN One of the only growth opportunities in an environment where everyone is trimming numbers...BUY BUY BUY", "time": 1447804111.0, "sentiment": "Bullish"}, {"id": 45554217, "text": "$AMZN don&#39;t worry about the king. he&#39;s resting and will ride his horse to new high..", "time": 1447803860.0, "sentiment": ""}, {"id": 45554155, "text": "$AMZN Amazon never consolidates \nAmazon is consolidation free\nLike a bird unlimited grow", "time": 1447803805.0, "sentiment": "Bullish"}, {"id": 45554152, "text": "Growth Beating The Pants Off Of Value In 2015 $SPX $NYA Also $AMZN $NFLX $FB $GOOGL http://stks.co/i3TXw", "time": 1447803802.0, "sentiment": ""}, {"id": 45554111, "text": "$WMT 485B revenue a year trading at 160B market cap. P/S of 0.30. Almost half mkt cap of $FB $AMZN which each trade at 300B+", "time": 1447803765.0, "sentiment": ""}, {"id": 45554078, "text": "Yesterday&#39;s insider transactions: http://stks.co/q3C3J $NFLX $GOOG $CRM $AMZN $PYPL $SMJ $CCE $RAI $TOL $FXCM $HLF $SCTY $CY $SHAK $GE $C", "time": 1447803744.0, "sentiment": ""}, {"id": 45554048, "text": "$AMZN One more push BULLS...geez!!!!", "time": 1447803722.0, "sentiment": "Bullish"}, {"id": 45554032, "text": "$AMZN filled cps 642.50/640 $0.85 credit and filed ccs 655/657.50 $0.74 credit", "time": 1447803706.0, "sentiment": ""}, {"id": 45553860, "text": "$AMZN one hour delivery policy with Amazon prime on yahoo news", "time": 1447803561.0, "sentiment": "Bullish"}, {"id": 45553832, "text": "$AMZN told you don&#39;t worry it will continue going up target $800", "time": 1447803544.0, "sentiment": "Bullish"}, {"id": 45553819, "text": "$AMZN  Consolidating after huge move from lo to hi Mon. Up now imo. Filled another cps $.90 credit for 640/637.50", "time": 1447803534.0, "sentiment": ""}, {"id": 45553642, "text": "@Kraki It doesn&#39;t matter where retail is... $AMZN has a PE of 8,000 or 900 depending on what earnings you compare. It is really a joke.", "time": 1447803403.0, "sentiment": ""}, {"id": 45553540, "text": "$AMZN Come on you BEAST...go GREEN!!!", "time": 1447803329.0, "sentiment": "Bullish"}, {"id": 45553534, "text": "$AMZN Some people can&#39;t see the future obviously. Having a few nice local BM shops is nice. However, shopping for the most is moving online.", "time": 1447803322.0, "sentiment": "Bullish"}, {"id": 45553254, "text": "$AMZN Why can&#39;t this stock move up today? Because there is big time negative news coming. Comps are too tough. Retail is in the tank. Sell", "time": 1447803134.0, "sentiment": "Bearish"}, {"id": 45553236, "text": "$AMZN Nasdaq is flying HIGH...and this thing is getting hammered...", "time": 1447803125.0, "sentiment": ""}, {"id": 45553088, "text": "$AMZN no worries here this is a solid investment my target in Amazon in $800", "time": 1447803013.0, "sentiment": "Bullish"}, {"id": 45552986, "text": "$AMZN should see a rise during power hour.", "time": 1447802923.0, "sentiment": ""}, {"id": 45552738, "text": "$AMZN when does the report come out today?", "time": 1447802748.0, "sentiment": ""}, {"id": 45552358, "text": "$AMZN People are tired of shopping online. It&#39;s totally boring. Small local shops will do better, online retailers will get crushed. Sell", "time": 1447802455.0, "sentiment": "Bearish"}, {"id": 45552353, "text": "$AMZN will close green today. I guarantee it.", "time": 1447802452.0, "sentiment": "Bullish"}, {"id": 45552312, "text": "$AMZN good job. You&#39;re going to lose your job.", "time": 1447802416.0, "sentiment": ""}, {"id": 45552173, "text": "$AMZN Everyone is afraid to spend this holiday. That&#39;s already showing up in  retail sales numbers. Inventory is way too high. Sell or lose", "time": 1447802315.0, "sentiment": "Bearish"}, {"id": 45552079, "text": "$AMZN I&#39;ve been buying almost everything from amzn...don&#39;t like shopping..works great", "time": 1447802239.0, "sentiment": ""}, {"id": 45551954, "text": "$AMZN Key level right now. Double at the 642 should see a rise afterward. Breaks and it&#39;s onward to 640.  We&#39;ll see.....", "time": 1447802172.0, "sentiment": ""}, {"id": 45551855, "text": "$AMZN Well...if BULLS don&#39;t make a stand at 640, my calls are going to get killed...", "time": 1447802090.0, "sentiment": ""}, {"id": 45551841, "text": "$AMZN The warm weather on the East Coast is killing retail. No one is shopping. It&#39;s too hot. Expect a crash in Amazon now", "time": 1447802078.0, "sentiment": "Bearish"}, {"id": 45551826, "text": "$AMZN love seeing the ultra negative comments. Amzn setting up for another leg higher.", "time": 1447802069.0, "sentiment": "Bullish"}, {"id": 45551753, "text": "$AMZN ok Kraki..what neg. Research?", "time": 1447802015.0, "sentiment": ""}, {"id": 45551735, "text": "Today&#39;s markets: $PCLN 1262 $GOOGL 751 $AMZN 642 vs. $X 9.50 $FCX 8.60 $AA 8.40", "time": 1447802002.0, "sentiment": ""}, {"id": 45551724, "text": "$AMZN Forget free shipping. Most retailers are giving the merchandise away. Shelves are full, no one is buying anything. It&#39;s pure panic", "time": 1447801990.0, "sentiment": "Bearish"}, {"id": 45551546, "text": "$AMZN Get out now. It&#39;s going to get a lot worse when the negative research comes out. The shorts are going to make a killing today. Sell", "time": 1447801862.0, "sentiment": "Bearish"}, {"id": 45551478, "text": "Should be noted: $AMZN weak all day", "time": 1447801813.0, "sentiment": ""}, {"id": 45551453, "text": "$AMZN One hour delivery? Oh yeah! That&#39;s something no one needs. What a joke. This holiday is a retail bust. Amazon is a retailer. Get it?", "time": 1447801794.0, "sentiment": "Bearish"}, {"id": 45551250, "text": "$AMZN Tough to see where BULLS will make a stand today...shouldn&#39;t have bought CALLS this morning...", "time": 1447801636.0, "sentiment": ""}, {"id": 45551207, "text": "2 Out Of Favor E-Commerce Stocks This Analyst Is Buying $AMZN $BABA $EBAY $SFLY $FB $GOOGL http://stks.co/e2rfd", "time": 1447801602.0, "sentiment": ""}, {"id": 45551111, "text": "$AMZN $TSLA http://stks.co/b2rUJ", "time": 1447801527.0, "sentiment": "Bearish"}, {"id": 45550719, "text": "$AMZN don&#39;t worry it will come back up in a minute", "time": 1447801236.0, "sentiment": "Bullish"}, {"id": 45550633, "text": "$AMZN really odd to see this company lagging behind. Might pickup a few calls if spy keeps heading up", "time": 1447801196.0, "sentiment": "Bullish"}, {"id": 45550282, "text": "$AMZN:  why the horrific relative strength today?", "time": 1447800966.0, "sentiment": ""}, {"id": 45550072, "text": "$AMZN I don&#39;t like this in the RED while Nasdaq is shooting straight up...", "time": 1447800814.0, "sentiment": ""}, {"id": 45549928, "text": "$AMZN big deal if closes 655", "time": 1447800709.0, "sentiment": "Bullish"}, {"id": 45549827, "text": "$WMT When I told people I had a 640k position in $WMT they said I should be dumping and buying $AMZN... yeah right.", "time": 1447800653.0, "sentiment": "Bullish"}, {"id": 45549821, "text": "$FB $AMZN really not participating today. only $NFLX $GOOGL looks like .. $SPY $QQQ", "time": 1447800649.0, "sentiment": ""}, {"id": 45549509, "text": "$AMZN shorts better run!!!", "time": 1447800444.0, "sentiment": "Bullish"}, {"id": 45549302, "text": "$AMZN imo.....over 650...by eod...maybe higher!", "time": 1447800299.0, "sentiment": "Bullish"}, {"id": 45549204, "text": "NEW POST: Don&#39;t Count Out a Hillbilly Thanksgiving, Just Yet http://stks.co/g3T52 $AMZN $DKS $JWN $URBN $WMT", "time": 1447800223.0, "sentiment": ""}, {"id": 45549202, "text": "$AAPL $NFLX $AMZN $GOOGL If you follow. My trade from this morning $NKE....", "time": 1447800222.0, "sentiment": "Bullish"}, {"id": 45548527, "text": "$AMZN $660 today", "time": 1447799722.0, "sentiment": "Bullish"}, {"id": 45547427, "text": "$AMZN Is me just me or does the whole market look fked up this morning.", "time": 1447799001.0, "sentiment": ""}, {"id": 45547357, "text": "$AMZN amazon heck of a P/L day on Monday!", "time": 1447798953.0, "sentiment": ""}, {"id": 45547301, "text": "$AMZN 640p approaching 100% on scalps from LOD. Moving down faster most MOMOs.", "time": 1447798904.0, "sentiment": ""}, {"id": 45547231, "text": "$AMZN http://stks.co/c2rfJ{&quot;allowChartStacking&quot;:true} 1 yr Amazon tick data 11-14-&gt;$330.00/share &amp; 11-15-&gt;$643.75/share", "time": 1447798865.0, "sentiment": ""}, {"id": 45547157, "text": "$AMZN Slow morning", "time": 1447798814.0, "sentiment": ""}]