[{"id": 46021619, "text": "$WMT $TGT $M $AMZN /\u00a0 NRF will release results of Thksgiving Wkend Survey 1:30pm EST / media call CEO Matthew @ 2pm http://stks.co/p3FUq", "time": 1448844958.0, "sentiment": ""}, {"id": 46021307, "text": "$WMT$TGT $BBY $M $AMZN Retail setup to bounce next week. 2015 Holiday Shopping: Up-To-The Minute Data From ADI http://stks.co/e2uuQ\n\n\u00a0", "time": 1448843078.0, "sentiment": ""}, {"id": 46021182, "text": "Retail could bounce next week.\u00a0 $WMT$TGT $BBY $M $AMZN 2015 Holiday Shopping: Up-To-The Minute Data From ADI http://stks.co/f3Whz\n\n\u00a0", "time": 1448842553.0, "sentiment": ""}, {"id": 46020572, "text": "$SPY Look at that MACD!!                    ANG-NOSH Index ($AMZN $NFLX $GOOG $NKE $ORLY $SBUX $HD)", "time": 1448839290.0, "sentiment": ""}, {"id": 46020097, "text": "Interactive Chart -&gt;  http://stks.co/a2uic     $AMZN Research and Development is Increasing.", "time": 1448836546.0, "sentiment": ""}, {"id": 46020042, "text": "Rooster360 11/27/15: Top 10 buys (15+% avg), sells (41+% avg): $AMZN $BYD $NKE $EGHT $VRSN $SUNE $X $CNX $SWN $SCTY http://stks.co/e2utc", "time": 1448836208.0, "sentiment": ""}, {"id": 46019952, "text": "$AMZN Holiday sales, a DOOZY!!!.. according to Adobe tracking... http://stks.co/t3FnP", "time": 1448835702.0, "sentiment": "Bullish"}, {"id": 46019937, "text": "$FB $AMZN $NFLX $GOOGL F.A.N.G... http://stks.co/i3Wz6", "time": 1448835599.0, "sentiment": "Bullish"}, {"id": 46019796, "text": "$AMZN Should buy the US Post Service. For it is because of $AMZN that this (deep in losses) Postal Service is still around!", "time": 1448834520.0, "sentiment": "Bullish"}, {"id": 46019368, "text": "Trend Following Stock Market Weekend Review - 11/29/15 $AMZN $FB $PANW http://stks.co/d2ulT", "time": 1448830942.0, "sentiment": ""}, {"id": 46019225, "text": "Interactive Chart -&gt;  http://stks.co/t3Fmi     $AMZN Cash from Operations is Increasing.", "time": 1448829169.0, "sentiment": ""}, {"id": 46018942, "text": "Victor Anthony Loves Social Stocks After Twitter Polls $AMZN $BBY $EBAY $SOCL $TWTR $FB $LKND  http://stks.co/g3WSr via @benzinga", "time": 1448825550.0, "sentiment": ""}, {"id": 46017267, "text": "Pirates Can Now Rip 4K Content From Netflix and Amazon | TorrentFreak http://stks.co/a2ug7 $NFLX l  $AMZN", "time": 1448798340.0, "sentiment": ""}, {"id": 46016510, "text": "$AMZN More news on the On Demand partnership and online sales figures should lead to breakout...or it&#39;s going to fail from here", "time": 1448791706.0, "sentiment": ""}, {"id": 46015632, "text": "Interactive Chart -&gt;  http://stks.co/p3FQW     $AMZN Revenue is Expanding.", "time": 1448786146.0, "sentiment": ""}, {"id": 46015310, "text": "I can see $AMZN Amazon Game Studios http://stks.co/t3Fje in addition to $TCEHY $TTWO $EA acquiring $GLUU @glumobile", "time": 1448783490.0, "sentiment": ""}, {"id": 46015302, "text": "$AMZN", "time": 1448783458.0, "sentiment": ""}, {"id": 46015261, "text": "$GLD $UNG $QQQ $AAPL $XBI $AMZN", "time": 1448783262.0, "sentiment": ""}, {"id": 46015117, "text": "I finally found Mortal Kombat X X-Box 360 - a gracious fellow selling on Amazon for a generous price of $2,400. Yes, that&#39;s 2K. Lolz. $AMZN", "time": 1448782340.0, "sentiment": ""}, {"id": 46014868, "text": "Top Trading Links For The Week Ahead http://stks.co/e2uq0 feat. @MichaelBatnick @KimbleCharting @OphirGottlieb $SPY $AMZN $TWTR $STUDY", "time": 1448780603.0, "sentiment": ""}, {"id": 46014168, "text": "$FIT $EA $AMZN $FB $AMBA $AAPL $V", "time": 1448775418.0, "sentiment": ""}, {"id": 46014137, "text": "the best trading reads on the web -&gt;&gt;&gt; http://stks.co/j3WmS  $SPY $QQQ $TWTR $ASHR $FXI $AMZN $BABA", "time": 1448775146.0, "sentiment": ""}, {"id": 46014124, "text": "$SPY  $QQQ  $XLY  $AMZN", "time": 1448774986.0, "sentiment": ""}, {"id": 46014026, "text": "Also $AMZN vs $WMT 2015 stats included. You decide.\u00a0", "time": 1448774283.0, "sentiment": ""}, {"id": 46013978, "text": "TV, mobile and the living room ... Why Facebook, apple, Netflix , Google , Amazon keep running $aapl $amzn  http://stks.co/e2upR", "time": 1448773999.0, "sentiment": ""}, {"id": 46013974, "text": "$AMZN PE 964 vs $WMT PE13 WMT generated 8x&#39;s more net profit in 2014 than AMZN generated during the last 20 years http://stks.co/b2uhV", "time": 1448773981.0, "sentiment": ""}, {"id": 46013591, "text": "Take a look at the CEO and management team at $AMZN: http://stks.co/g3WPT", "time": 1448770978.0, "sentiment": ""}, {"id": 46013484, "text": "$FIT $EA $AMZN $FB $AMBA $AAPL $V http://stks.co/t3FiY", "time": 1448770360.0, "sentiment": ""}, {"id": 46013460, "text": "$STUDY $NFLX $AMZN $CTRP", "time": 1448770165.0, "sentiment": ""}, {"id": 46013451, "text": "$STUDY Relative Strength Ranks (Internal) of my Universe of stocks $NFLX $AMZN $CTRP", "time": 1448770103.0, "sentiment": ""}, {"id": 46013218, "text": "$FB $AMZN $NFLX $GOOG #FANG", "time": 1448768832.0, "sentiment": ""}, {"id": 46013021, "text": "@impulsechaser the trend is your friend until it isn&#39;t $NFLX $AMZN", "time": 1448767665.0, "sentiment": "Bearish"}, {"id": 46012821, "text": "My post last in regards to $amzn, &quot;I&#39;ve never seen anything like this&quot;. Back of her truck was filled with AMZN boxes.", "time": 1448766070.0, "sentiment": ""}, {"id": 46012633, "text": "$AMZN seasonality via stock charts http://stks.co/d2uhk", "time": 1448764982.0, "sentiment": ""}, {"id": 46012564, "text": "$NDX $AMZN $FB $MSFT $NFLX $GOOGL", "time": 1448764646.0, "sentiment": ""}, {"id": 46012549, "text": "$AMZN Is $580 top for now?", "time": 1448764578.0, "sentiment": ""}, {"id": 46012455, "text": "$AMZN,$BIDU,$NFLX,$TSLA musing &quot;Closing Your Eyes and Trusting?&quot; sent. Email me@sueyoungrltr@aol.com if wanted. Analylsis for creditspreads.", "time": 1448764053.0, "sentiment": ""}, {"id": 46011896, "text": "$QQQ $NFLX $AMZN", "time": 1448760900.0, "sentiment": ""}, {"id": 46011802, "text": "@cybercash28 $BIDU $LNKD $TSLA these could pull off a $AMZN $NFLX if things start running higher after Feds decide on the interest rates.", "time": 1448760482.0, "sentiment": ""}, {"id": 46011698, "text": "Sold off the whole day. $AMZN", "time": 1448760088.0, "sentiment": ""}, {"id": 46011630, "text": "&#39;Bottom line: Bulls need new highs with broadening participation.&#39; $QQQ $NDX $AMZN $FB $MSFT $NFLX $GOOGL", "time": 1448759847.0, "sentiment": ""}, {"id": 46011574, "text": "$AAPL TV &gt; $AMZN FireTV Stick &gt; $GOOG Chromecast. $NFLX works w/ all. Only 4 HDMI ports on TV, DVD player got the boot.", "time": 1448759623.0, "sentiment": ""}, {"id": 46011483, "text": "Rooster360 11/27/15: Top 10 buys (15+% avg), sells (41+% avg): $AMZN $BYD $NKE $EGHT $VRSN $SUNE $X $CNX $SWN $SCTY http://stks.co/d2uh1", "time": 1448759171.0, "sentiment": ""}, {"id": 46011446, "text": "@Brunelity never have been long $AMZN or $NFLX so just lost\nopportunity cost. I like to buy low sell high not buy high sell higher", "time": 1448759002.0, "sentiment": ""}, {"id": 46011304, "text": "@Brunelity Not this year though $AMZN $NFLX", "time": 1448758360.0, "sentiment": "Bearish"}, {"id": 46011234, "text": "@garygrovefarms the only thing that will correct $NFLX and $AMZN stock price now is a month like August. Until then keep trading", "time": 1448757977.0, "sentiment": ""}, {"id": 46011191, "text": "$NFLX $AMZN both with a combined PE of about 1300 ha ha !!!!", "time": 1448757748.0, "sentiment": ""}, {"id": 46010930, "text": "This Black Friday for the first time ever $WMT offered 96% of its deals both online &amp; in stores. $TGT $BBY $M $AMZN http://stks.co/p3FO2", "time": 1448756460.0, "sentiment": ""}, {"id": 46010832, "text": "Short and sweet week of trading $tsla $amzn $nflx -- $spy $es_f\n\nEnjoy the weekend guys last trading month of the year going to be great", "time": 1448755978.0, "sentiment": ""}, {"id": 46010735, "text": "If you can ride a train for a few months and make 25% or more, more power to you. I&#39;m not trying to lose money though. Bearish $NFLX $AMZN", "time": 1448755484.0, "sentiment": ""}, {"id": 46010705, "text": "Anyone who likes $NFLX $AMZN or any other company with a P/E &gt; 500, look what happened to $GPRO", "time": 1448755314.0, "sentiment": "Bearish"}, {"id": 46010644, "text": "Now is a great time to support your favorite site simply by shopping @ $AMZN, e.g. I help Mutual Fund Observer here: http://stks.co/h3WkX", "time": 1448754915.0, "sentiment": ""}, {"id": 46010536, "text": "Do I hop on the $AMZN and $NFLX train?? No. P/E&#39;s are too high. Not going to participate in a euphoric market where valuations don&#39;t matter", "time": 1448754196.0, "sentiment": "Bearish"}, {"id": 46010516, "text": "$AMZN will there be short tem profits if I purchase Amazon stock?", "time": 1448754080.0, "sentiment": ""}, {"id": 46010332, "text": "@wayne0708 $msft $goog $amzn got some beautiful gapfills awaiting", "time": 1448752890.0, "sentiment": ""}, {"id": 46010304, "text": "$AMZN $ NFLX Which breaks out in December? I should have split $$$ on both but have 12/31 Calls on Amzn...15% of 2015 profits...so no stress", "time": 1448752693.0, "sentiment": ""}, {"id": 46010295, "text": "$AMZN Jeff just spent Thanksgiving day with Elon Musk ! $TSLA", "time": 1448752568.0, "sentiment": ""}, {"id": 46010218, "text": "RT @CMLviz: $AMZN Why Amazon is Absolutely Losing its Mind http://stks.co/j3Wk8 http://stks.co/h3WkC", "time": 1448751949.0, "sentiment": ""}, {"id": 46010187, "text": "$AMZN", "time": 1448751638.0, "sentiment": ""}, {"id": 46010176, "text": "A very cool visual. Best performing Nasdaq stocks. $QQQ, $NFLX, $AMZN", "time": 1448751533.0, "sentiment": ""}, {"id": 46010108, "text": "3 stocks we&#39;re never selling http://stks.co/i3WsD $AMZN $DIS $BRKB", "time": 1448751005.0, "sentiment": ""}, {"id": 46009880, "text": "$STUDY $AMZN $AAPL $NFLX $CTRP Year to Date %Chg Bubble Chart of my universe of Stocks", "time": 1448749735.0, "sentiment": ""}, {"id": 46009844, "text": "$STUDY $NFLX $AMZN Year to Date Percent change Bubble Chart", "time": 1448749480.0, "sentiment": ""}, {"id": 46009563, "text": "$AMZN $EBAY $WMT $AAPL $TGT $BBY $HD $ETSY $KSS $M", "time": 1448747442.0, "sentiment": ""}, {"id": 46009501, "text": "$FB $AMZN $NFLX $GOOG $CSCO $INTC $MSFT $QCOM", "time": 1448747020.0, "sentiment": ""}, {"id": 46009478, "text": "$FB  $AMZN  $NFLX  $GOOG", "time": 1448746806.0, "sentiment": ""}, {"id": 46009410, "text": "FANG Vs. CIMQ...through 2002 $FB $AMZN $NFLX $GOOG $CSCO $INTC $MSFT $QCOM\nPost: http://stks.co/g3WNG", "time": 1448746167.0, "sentiment": ""}, {"id": 46009386, "text": "Chart Of The Week (by views): FANG Vs. The 1995-2000 4-Horsemen $FB $AMZN $NFLX $GOOG \nPost: http://stks.co/j3Wjm", "time": 1448745956.0, "sentiment": ""}, {"id": 46008956, "text": "$AMZN continues to inch back and forth..  trade the boundries.", "time": 1448742231.0, "sentiment": ""}, {"id": 46008952, "text": "Jeff Bezos is now on Twitter--&gt;  http://stks.co/h3WjG $AMZN", "time": 1448742200.0, "sentiment": ""}, {"id": 46008935, "text": "Jeff Bezos is finally on Twitter: @JeffBezos: The rarest of beasts - a used rocket. Check out video: http://stks.co/c2ulp $AMZN", "time": 1448741986.0, "sentiment": ""}, {"id": 46008902, "text": "$ETSY  $AMZN No.  Chad Dickerson and his clowns are doing a great job already.  Ask the sellers.", "time": 1448741531.0, "sentiment": ""}, {"id": 46008844, "text": "$AMZN ...LOL....is now officially SpAmazon. Filling my email inbox. Yeah, we get it. Stuff is on sale.", "time": 1448740770.0, "sentiment": ""}, {"id": 46008343, "text": "Black Friday Trading: How Retail Stocks are Performing $BBY $M $TGT $WMT $AMZN $ADBE http://stks.co/h3WiS", "time": 1448732344.0, "sentiment": ""}, {"id": 46008104, "text": "$AMZN I hate everything about Amazon. People hate on Walmart but Amazon is 100x worse for the country and jobs.", "time": 1448726206.0, "sentiment": ""}, {"id": 46007526, "text": "Black Friday And Stormy Chinese Markets $BBY $M $AMZN http://stks.co/g3WLQ", "time": 1448717948.0, "sentiment": ""}, {"id": 46006673, "text": "$AMZN $700 on deck.", "time": 1448708960.0, "sentiment": "Bullish"}, {"id": 46005935, "text": "$AMZN $580 resistance", "time": 1448703378.0, "sentiment": ""}, {"id": 46005655, "text": "Morning Call For November 27, 2015  $ZAGG $ACAS $AMZN $SUNE $EROS $KBIO http://stks.co/g3WKW", "time": 1448701743.0, "sentiment": ""}, {"id": 46005489, "text": "Top Down Relative Strength Scans http://stks.co/a2uYl $QQQ $IWM $FDN $IAI $NVDA $DD $BIDU $AMZN $ATVI $GM $YELP $TDW $STX $S", "time": 1448700933.0, "sentiment": ""}, {"id": 46005422, "text": "$SPY $AMZN Super Saturday now is bigger than Black Friday.", "time": 1448700527.0, "sentiment": ""}, {"id": 46004295, "text": "Steve Cohen&#39;s top option trades through EverPoint Asset in Q3: Puts $AAPL $AMZN $CZR $GPRO; Calls $ABT $ARMK $ASGN http://stks.co/t3FcP", "time": 1448694468.0, "sentiment": ""}, {"id": 46003772, "text": "$AMZN Technical Analysis Video 11/27/2015 http://stks.co/a2uY0", "time": 1448691850.0, "sentiment": ""}, {"id": 46003691, "text": "$AMZN Sell FAST if long, open short position and go to cash. Huge drop is coming, retail things everything is fine big $$ quietly exiting", "time": 1448691506.0, "sentiment": "Bearish"}, {"id": 46003665, "text": "$AMZN $NFLX $FB $GOOGL $AAPL Market top was mid summer, euphoria over, now sideways until MASSIVE decline smart money already exited", "time": 1448691378.0, "sentiment": "Bearish"}, {"id": 46003608, "text": "@AlejandroMasari  @Venge short $NFLX, $AMZN, &amp; GOOGL; $AAPL puts; long $UVXY is what my account is made up of at the moment lol", "time": 1448691152.0, "sentiment": ""}, {"id": 46003601, "text": "$AMZN Euphoric valuations, 1999 $MSFT", "time": 1448691133.0, "sentiment": "Bearish"}, {"id": 46003581, "text": "$AMZN $AAPL $FB $NFLX $GOOGL Monster bear market coming up, 60% decline by mid 2016", "time": 1448691015.0, "sentiment": "Bearish"}, {"id": 46003483, "text": "$GNPT $GTHP $GBSN $ARNA $RLYP $CLBS $RXMD $CGC.V $OGI.V $APH.V $TOP.CNSX $VHC $NUGT $TVIX $DGAZ $TRIL $AMZN", "time": 1448690673.0, "sentiment": ""}, {"id": 46003436, "text": "@SellHiBuyLo @sidelined $amzn is not $nflx. Amzn has a massive moat and advantage over all competition. Nflx has nothing", "time": 1448690544.0, "sentiment": ""}, {"id": 46002136, "text": "Black Friday Trading: How Retail Stocks are Performing $BBY $M $TGT $WMT $AMZN $ADBE http://stks.co/f3WV7", "time": 1448685823.0, "sentiment": ""}, {"id": 46002062, "text": "$amzn shaping up for Cyber monday decision point on chart", "time": 1448685554.0, "sentiment": ""}, {"id": 46000185, "text": "Track trending assets in 1 watchlist $OLED $NBG $GAZP $WMT $AMZN http://stks.co/q3FCW http://stks.co/p3FGN", "time": 1448679587.0, "sentiment": ""}, {"id": 45999905, "text": "$amzn survived.", "time": 1448678722.0, "sentiment": ""}, {"id": 45999681, "text": "$SPY $AAPL $AMZN", "time": 1448677947.0, "sentiment": ""}, {"id": 45998796, "text": "$AMZN Not the Black Friday retailers were hoping for. Opps... http://stks.co/a2uVM", "time": 1448675817.0, "sentiment": "Bearish"}, {"id": 45998509, "text": "$AMZN $TSLA Earth\u2019s biggest rivals bid to escape the atmosphere http://stks.co/a2uVC via @FT $AAPL", "time": 1448675283.0, "sentiment": ""}, {"id": 45997389, "text": "Unlimited Cloud Storage At $AMZN On Black Friday http://stks.co/d2uYv", "time": 1448673404.0, "sentiment": ""}, {"id": 45997301, "text": "$AMZN protests drive online business", "time": 1448673298.0, "sentiment": ""}, {"id": 45997180, "text": "Perfect day to pick up puts, wouldn&#39;t be surprised if yesterday marked an ATH $AMZN", "time": 1448673124.0, "sentiment": "Bearish"}, {"id": 45996783, "text": "$AMZN sold.  Don&#39;t expect the deals to be strong enough to motivate people despite trend in online over brick and mortar sales.", "time": 1448672674.0, "sentiment": "Bearish"}, {"id": 45996758, "text": "Thanksgiving Goes Well for $AMZN, $EBAY http://stks.co/i3Wjw", "time": 1448672645.0, "sentiment": ""}, {"id": 45996755, "text": "$TGT $AMZN $BABA $JCP $WMT $M", "time": 1448672643.0, "sentiment": ""}, {"id": 45996283, "text": "Black Friday And Stormy Chinese Markets $BBY $M $AMZN http://stks.co/i3Wjo", "time": 1448672225.0, "sentiment": ""}, {"id": 45996248, "text": "@MoiMusings @Julw1961 Did well with $TSLA and $AMZN looks like it will close above, so all in all a good week. Thank you for your postings", "time": 1448672192.0, "sentiment": ""}, {"id": 45996065, "text": "$TGT $AMZN $BABA $JCP $WMT $M http://stks.co/c2ueg", "time": 1448672023.0, "sentiment": "Bullish"}, {"id": 45995966, "text": "$AMZN Poised to quadruple margins and bring PE down to a mere 250...", "time": 1448671942.0, "sentiment": ""}, {"id": 45995928, "text": "$AMZN&#39;s Black Friday deals seem mediocre this year. Haven&#39;t purchased much, any good deals STers found there?", "time": 1448671885.0, "sentiment": ""}, {"id": 45995574, "text": "$AMZN Seeing 634.60 as first retracement test. But ultimely needs to test initial b/o level around 566. Has a history of doing so.", "time": 1448671519.0, "sentiment": ""}, {"id": 45995405, "text": "$AMZN", "time": 1448671354.0, "sentiment": ""}, {"id": 45995269, "text": "Victor Anthony Loves Social Stocks After Twitter Polls $TWTR $AMZN $EBAY $TGT $BBY $MTCH http://stks.co/f3WSP", "time": 1448671218.0, "sentiment": ""}, {"id": 45995266, "text": "$AMZN stay away from it shorts are running the market", "time": 1448671216.0, "sentiment": "Bullish"}, {"id": 45995036, "text": "$AMZN it &#39;s a great company but to exoensive to go long waiting for a lower entry... Wait insensates wait waaaaaaaaiit", "time": 1448670980.0, "sentiment": "Bearish"}, {"id": 45995011, "text": "Rumors Amazon $AMZN saying online sales are falling short.", "time": 1448670959.0, "sentiment": ""}, {"id": 45994914, "text": "$BIDU.$NFLX,.$TSLA  bull puts/4 different trades posted. Will fill $AMZN Monday. May pull back @ open for better fill.", "time": 1448670862.0, "sentiment": ""}, {"id": 45994793, "text": "$AMZN above 615 = 10%. Above 647.5 = 25%. WIN", "time": 1448670742.0, "sentiment": ""}, {"id": 45994510, "text": "@JohnD Brick and Mortar stores ya, because more people are avoiding crowds and shopping online! $AMZN !!", "time": 1448670500.0, "sentiment": ""}, {"id": 45994321, "text": "$AMZN Wait til 12:30. Lets see this go to 680", "time": 1448670318.0, "sentiment": ""}, {"id": 45993860, "text": "$AMZN - Tower of Babel", "time": 1448669897.0, "sentiment": "Bearish"}, {"id": 45993801, "text": "$AMZN Headed higher into close", "time": 1448669836.0, "sentiment": ""}, {"id": 45993749, "text": "$AMZN offers cup and handle triggers on the charts,.... hmmm", "time": 1448669787.0, "sentiment": "Bullish"}, {"id": 45993684, "text": "$amzn wants to go higher", "time": 1448669729.0, "sentiment": "Bullish"}, {"id": 45993670, "text": "$AMZN sell before close, could crash by Monday morning", "time": 1448669715.0, "sentiment": "Bearish"}, {"id": 45993604, "text": "$AMZN sell the news after monday", "time": 1448669656.0, "sentiment": ""}, {"id": 45993590, "text": "$AMZN looks toppy...", "time": 1448669641.0, "sentiment": ""}, {"id": 45993547, "text": "$AMZN Dead stock today. Market closes in 45 minutes.", "time": 1448669584.0, "sentiment": ""}, {"id": 45993478, "text": "biased long $GS $GOOGL $AMZN $NFLX $TSLA $AAPL $VRX $BIIB $IBB $DIS", "time": 1448669522.0, "sentiment": "Bullish"}, {"id": 45993226, "text": "$AMZN $680+++ by EOD is the plan....", "time": 1448669242.0, "sentiment": "Bullish"}, {"id": 45993169, "text": "$AMZN CEO compensation and management tenure is certainly an interesting one: http://stks.co/c2udj", "time": 1448669183.0, "sentiment": ""}, {"id": 45993106, "text": "$QQQ $NFLX $AMZN $GOOGL $FB ya four stocks holding this market up nice keep buying !!!", "time": 1448669125.0, "sentiment": ""}, {"id": 45992998, "text": "$amzn late day ramp incoming for cyber Monday", "time": 1448669036.0, "sentiment": "Bullish"}, {"id": 45992816, "text": "$AMZN facing a Launch Mode trigger....", "time": 1448668850.0, "sentiment": "Bullish"}, {"id": 45992808, "text": "$AAPL $Fb $AMZN  $NFLX  $GOOGL  sell everything and go to cash, Calm before the storm. Music stops and only big money has a chair to sit in", "time": 1448668844.0, "sentiment": "Bearish"}, {"id": 45992805, "text": "$amzn will ramp on cyber Monday", "time": 1448668844.0, "sentiment": "Bullish"}, {"id": 45992781, "text": "Broader market may be flat this year. But check out the Nasdaq. Up 8% YTD. And $QQQ up 11%. Thanks, $NFLX $AMZN $GOOGL $FB!", "time": 1448668825.0, "sentiment": ""}, {"id": 45992723, "text": "$AMZN People are spending on better (healthier) food, travel, experiences.  Social media demonizing conspicuous consumption.", "time": 1448668783.0, "sentiment": ""}, {"id": 45992331, "text": "$AMZN RAMPPPP", "time": 1448668403.0, "sentiment": "Bullish"}, {"id": 45992328, "text": "$AMZN = $675 calls ...risky weeklies....", "time": 1448668398.0, "sentiment": ""}, {"id": 45992300, "text": "$AMZN In-store inventory clearance sales are going to hurt online sales.  No sales tax advantage anymore.  Vanishing moat.", "time": 1448668364.0, "sentiment": ""}, {"id": 45992160, "text": "$AMZN Got phone.  Got car.  Got clothes.  Got computer.  Got TV.  So does everyone else.  Whatcha gonna buy?  Retail exhaustion...", "time": 1448668217.0, "sentiment": ""}, {"id": 45992151, "text": "$AMZN Think about it. Retailers are stuck with huge inventories of everything. Their sales are terrible. They will dump which kills online", "time": 1448668209.0, "sentiment": "Bearish"}, {"id": 45992053, "text": "TODAY Markets CLOSE @ 10AM California! 1pm New York! $SPY $AAPL $GOOG $AMZN $NFLX $FB Invest or Divest timely ! ! !", "time": 1448668119.0, "sentiment": ""}, {"id": 45991834, "text": "$AMZN ...should not see 690&#39;s today but I will bet we see it Monday!!!  ;-)  $$$$", "time": 1448667924.0, "sentiment": "Bullish"}, {"id": 45991826, "text": "$AMZN here goes again to $676 and down again lol", "time": 1448667915.0, "sentiment": "Bullish"}, {"id": 45991702, "text": "$AMZN Sell Amazon now. Retail sales panic setting in. Nothing is selling in stores or online. It&#39;s a bust this year", "time": 1448667802.0, "sentiment": "Bearish"}, {"id": 45991671, "text": "$AMZN EOD drop to 672 or below", "time": 1448667769.0, "sentiment": ""}, {"id": 45991619, "text": "$AMZN ...On radar for a push to 678 area before eod activities ....", "time": 1448667723.0, "sentiment": "Bullish"}, {"id": 45991598, "text": "$AMZN Black Friday Shopping\u2014With Thinner Crowds WJS http://stks.co/c2udN", "time": 1448667706.0, "sentiment": "Bearish"}, {"id": 45991538, "text": "$AMZN manipulated", "time": 1448667649.0, "sentiment": "Bullish"}, {"id": 45991513, "text": "$AMZN Black Friday Sales Predicted to Decline; Retailers to Struggle http://stks.co/j3Wb1", "time": 1448667631.0, "sentiment": "Bearish"}]