[{"id": 48928664, "text": "$AMZN Looks like we will end up in 570s  for today,time to sell or short going lower for now", "time": 1454120228.0, "sentiment": "Bearish"}, {"id": 48928453, "text": "$AMZN took all day to break above 582.50 and in a couple min gave it all back and broke back below 582.50 ...NOT GOOD SELL SELL SELL", "time": 1454120074.0, "sentiment": "Bearish"}, {"id": 48928235, "text": "$AMZN is on their way to conquer the world.", "time": 1454119979.0, "sentiment": ""}, {"id": 48928205, "text": "$AMZN flush it", "time": 1454119960.0, "sentiment": ""}, {"id": 48928168, "text": "$AMZN  I missed to short yesterday", "time": 1454119930.0, "sentiment": "Bearish"}, {"id": 48928126, "text": "$AMZN", "time": 1454119890.0, "sentiment": "Bullish"}, {"id": 48928067, "text": "$GOOGL $AMZN $FB $800 next week? What are you smoking? I know optimism but this price range is completely delusional", "time": 1454119848.0, "sentiment": ""}, {"id": 48928034, "text": "$GOOGL $AMZN $FB", "time": 1454119825.0, "sentiment": ""}, {"id": 48927996, "text": "$googl $amzn $fb", "time": 1454119788.0, "sentiment": ""}, {"id": 48927964, "text": "$googl will be $800+ next week as long as they beat and guide to consensus..there is nowhere else to go for 2016 growth buyers but $amzn $fb", "time": 1454119755.0, "sentiment": ""}, {"id": 48927942, "text": "$AMZN Broke support 582.50 time to sell sell sell or short short short", "time": 1454119731.0, "sentiment": "Bearish"}, {"id": 48927858, "text": "http://stks.co/w91p PT cut by Citigroup Inc. to $780.00. buy rating. http://stks.co/v94y $AMZN", "time": 1454119667.0, "sentiment": ""}, {"id": 48927857, "text": "http://stks.co/g3qOv PT raised by Raymond James to $760.00. strong-buy rating. http://stks.co/f3qjk $AMZN", "time": 1454119667.0, "sentiment": ""}, {"id": 48927836, "text": "$AMZN stick saved unreal", "time": 1454119653.0, "sentiment": ""}, {"id": 48927689, "text": "$AMZN That end of week, earnings miss super flush starting to happen now", "time": 1454119541.0, "sentiment": "Bearish"}, {"id": 48927623, "text": "$AMZN $1.00 vs $1.56! I know expectations are high for this company but to miss by a third of estimates is not a good sign", "time": 1454119492.0, "sentiment": "Bearish"}, {"id": 48927615, "text": "$AMZN money fleeing to $FB. Great to ride but not sure how fast that hype will drop.", "time": 1454119485.0, "sentiment": ""}, {"id": 48927552, "text": "$AMZN Just to give you an idea on how much amazon missed. Analyst expectations was $1.56 per share but amazon reported only $1.00 per share", "time": 1454119449.0, "sentiment": "Bearish"}, {"id": 48927549, "text": "$AMZN $SPX $SPY", "time": 1454119447.0, "sentiment": ""}, {"id": 48927521, "text": "$AMZN here we go", "time": 1454119427.0, "sentiment": "Bearish"}, {"id": 48927430, "text": "$AMZN show me the 580 flush guessing they will run stops there", "time": 1454119359.0, "sentiment": ""}, {"id": 48927418, "text": "$AMZN y&#39;all bears are right about amzn. but doesn&#39;t matter. this institutional darling propping up so many 401k&#39;s. p/e 1000 and it&#39;s a buy", "time": 1454119350.0, "sentiment": ""}, {"id": 48927380, "text": "$AMZN this is just an opex scam propping this up a week ago this traded under $550", "time": 1454119326.0, "sentiment": "Bearish"}, {"id": 48927357, "text": "@Dnice638 @knowwhatyouown @machinebuilder @dilsam @NYORKA TOOK MORE PROFIT HERE $AMZN", "time": 1454119308.0, "sentiment": ""}, {"id": 48927283, "text": "$AMZN Back below 582.50 and failed made a higher high", "time": 1454119252.0, "sentiment": "Bearish"}, {"id": 48927172, "text": "@PiggyLord Who needs a dividend when you getting nice returns.. You can keep selling 1 Stock every year &amp; consider that as a dividend $AMZN", "time": 1454119166.0, "sentiment": ""}, {"id": 48927122, "text": "$AMZN not even down vs Wednesday. believe in the ponzi of the market.  look at it today.  terrible durable goods, weak gdp, rally big time!", "time": 1454119120.0, "sentiment": "Bullish"}, {"id": 48927093, "text": "$TSLA $AMZN LMAO", "time": 1454119090.0, "sentiment": ""}, {"id": 48926883, "text": "$AMZN wonderful company but extremely overvalued, and pays no dividends. I will start positioning @ 510&#39;s", "time": 1454118917.0, "sentiment": "Bearish"}, {"id": 48926776, "text": "$AMZN long, $FB long, $UA long, and $BABA short all outlined in AM notes earlier this morning. #Intraday $STUDY", "time": 1454118837.0, "sentiment": ""}, {"id": 48926742, "text": "$AMZN Expecting that end of week, earnings miss super flush", "time": 1454118810.0, "sentiment": "Bearish"}, {"id": 48926680, "text": "$SPY $QQQ with $AMZN recovers, we are not total in bear market yet since it doesn&#39;t punish non-profitable business to death, long -&gt; $GOOGL", "time": 1454118764.0, "sentiment": "Bullish"}, {"id": 48926665, "text": "$TSLA $AMZN what do these two have in common? Overvalued pigs", "time": 1454118754.0, "sentiment": ""}, {"id": 48926567, "text": "$AMZN $FDX $UPS", "time": 1454118683.0, "sentiment": ""}, {"id": 48926480, "text": "$AMZN it&#39;s not over till is under @BeckyHiu", "time": 1454118624.0, "sentiment": ""}, {"id": 48926451, "text": "$AMZN 585 line in the sand now and failed multiple times", "time": 1454118601.0, "sentiment": ""}, {"id": 48926395, "text": "$AMZN huge miss and peeps are buying above 580?", "time": 1454118565.0, "sentiment": "Bearish"}, {"id": 48926367, "text": "@OMillionaires they 170 on $AAPL too,  $FB $NFLX $AMZN $GOOGL", "time": 1454118546.0, "sentiment": ""}, {"id": 48926329, "text": "Amazon $AMZN Is Officially a Transportation &amp; Logistics Company $FDX $UPS http://stks.co/f3qj8", "time": 1454118520.0, "sentiment": ""}, {"id": 48926293, "text": "Amazon ($AMZN) Is Officially a Transportation &amp; Logistics Company http://stks.co/f3qj5", "time": 1454118489.0, "sentiment": ""}, {"id": 48926090, "text": "$AMZN finally above all those pesky intraday MAs. well, except the flat 200 which is 600", "time": 1454118359.0, "sentiment": ""}, {"id": 48926046, "text": "$AMZN rejected 585 resistance (again)", "time": 1454118333.0, "sentiment": ""}, {"id": 48925967, "text": "$AMZN such horse sht how they manipulate every level on this", "time": 1454118287.0, "sentiment": ""}, {"id": 48925956, "text": "$AMZN can&#39;t keep this Co. down....buy", "time": 1454118281.0, "sentiment": ""}, {"id": 48925919, "text": "$SPY $NFLX $FB $AMZN we got our 2% up day", "time": 1454118263.0, "sentiment": ""}, {"id": 48925761, "text": "$AMZN I liked that analyst dude recommendation : &quot;buy this dip&quot; [ $#!^ - so we can unload ]", "time": 1454118148.0, "sentiment": ""}, {"id": 48925748, "text": "$AMZN swing back to its rightful place after smashing call option premiums! 580p scalps &gt; 100% from lows. Watch MM games post ER&#39;s n make $!", "time": 1454118136.0, "sentiment": ""}, {"id": 48925740, "text": "$AMZN if oil/market dive, I think 540.", "time": 1454118127.0, "sentiment": ""}, {"id": 48925717, "text": "$AMZN getting a bump because market just hit highs is all", "time": 1454118111.0, "sentiment": ""}, {"id": 48925703, "text": "$AMZN same idiots who buy a 1,000 PE stock are the sames ones that panic sell.  $500 soon", "time": 1454118096.0, "sentiment": "Bearish"}, {"id": 48925608, "text": "$AMZN intrstg. Last nite bought @ 558. then ST-ers  thought it would tank to 540 today.  Canceled 548 buy, sold 558 @ 572 in pm.  Ouch.", "time": 1454118014.0, "sentiment": ""}, {"id": 48925577, "text": "$AMZN looking 570 today", "time": 1454117990.0, "sentiment": "Bearish"}, {"id": 48925564, "text": "$AMZN I wonder how this will fair next week if the market is down...", "time": 1454117980.0, "sentiment": ""}, {"id": 48925544, "text": "$AMZN Monday, the train is back to normal... choooo chooo.  Hahahha", "time": 1454117966.0, "sentiment": "Bullish"}, {"id": 48925527, "text": "Moronic Mimicking Minds $AMZN $FB http://stks.co/b3Die", "time": 1454117948.0, "sentiment": ""}, {"id": 48925522, "text": "$AMZN holding this over weekend is like playing with fire at the gas station", "time": 1454117945.0, "sentiment": ""}, {"id": 48925476, "text": "$AMZN looking for 580 test at this point", "time": 1454117900.0, "sentiment": ""}, {"id": 48925421, "text": "$AMZN oh, i forgot they used to be tax free for so long. haha", "time": 1454117858.0, "sentiment": ""}, {"id": 48925349, "text": "$AMZN not long or short right now but..considering a short. to some extent their model is broken w/ them charging tax on many items.", "time": 1454117797.0, "sentiment": ""}, {"id": 48925275, "text": "$AMZN will cover if it gets over 585", "time": 1454117750.0, "sentiment": ""}, {"id": 48925254, "text": "$AMZN breaks 582.50 support its over sellers will step in", "time": 1454117735.0, "sentiment": ""}, {"id": 48925222, "text": "$AMZN $114 of 52 week high. Still room to go up. Easy buy", "time": 1454117702.0, "sentiment": "Bullish"}, {"id": 48925170, "text": "$AMZN I sense a strong sell off towards the end of the day....who wants to hold over the weekend...", "time": 1454117665.0, "sentiment": ""}, {"id": 48925073, "text": "$AMZN records broken but ws kills it.", "time": 1454117599.0, "sentiment": ""}, {"id": 48924993, "text": "$AMZN short 584.26", "time": 1454117548.0, "sentiment": ""}, {"id": 48924882, "text": "$AMZN cya. No one will buy until the stocks value is more transparent", "time": 1454117460.0, "sentiment": "Bearish"}, {"id": 48924760, "text": "Do the macro tourists constantly telling us US consumer is &#39;weak&#39; &amp; slowing ever check in with likes of $AMZN $SBUX $HD $UA $ULTA $LB et al?", "time": 1454117372.0, "sentiment": ""}, {"id": 48924695, "text": "$AMZN such a shame.", "time": 1454117328.0, "sentiment": ""}, {"id": 48924681, "text": "$AMZN 582.50 breaks all momentum will be lost", "time": 1454117320.0, "sentiment": ""}, {"id": 48924602, "text": "$AMZN out cant hold for sht", "time": 1454117263.0, "sentiment": ""}, {"id": 48924582, "text": "$AMZN perhaps analysts out in force today propping up the stk to give their clients a chance to get out, hard to admit they were wrong", "time": 1454117248.0, "sentiment": ""}, {"id": 48924523, "text": "$AMZN stop 583.50", "time": 1454117208.0, "sentiment": ""}, {"id": 48924511, "text": "$AMZN At least it&#39;s Friday.  Come next week the miss will be old news and all folks will see is a 700$ stock trading one the mid 500&#39;s.", "time": 1454117198.0, "sentiment": ""}, {"id": 48924360, "text": "$AMZN sm200 below", "time": 1454117088.0, "sentiment": "Bearish"}, {"id": 48924240, "text": "$AAPL remember $AMZN ppl saying Buybacks were a waste of money. Except in a bear market when you need investment insurance huh?", "time": 1454117015.0, "sentiment": ""}, {"id": 48924205, "text": "Analysts Fight The Market On Amazon, See Long-Term Value In Prime $AMZN http://stks.co/j3qq4", "time": 1454116990.0, "sentiment": ""}, {"id": 48924167, "text": "$AMZN someone pounding this", "time": 1454116972.0, "sentiment": ""}, {"id": 48924151, "text": "$AMZN Lex luthor, buys the daily planet to prevent them from talking **** about his corporation... bezos, hey same hairstyle", "time": 1454116962.0, "sentiment": "Bearish"}, {"id": 48924108, "text": "$AMZN unreal", "time": 1454116932.0, "sentiment": ""}, {"id": 48924056, "text": "Raymond James Loves Amazon And Microsoft, Still Likes Alibaba $AMZN $BABA $MSFT http://stks.co/b3DiH", "time": 1454116903.0, "sentiment": ""}, {"id": 48924049, "text": "$AMZN sell AMZN buy BABA", "time": 1454116899.0, "sentiment": "Bullish"}, {"id": 48924046, "text": "$NFLX I read $AMZN more streaming subs than $NFLX actually.", "time": 1454116895.0, "sentiment": ""}, {"id": 48924016, "text": "@Dnice638 @knowwhatyouown @machinebuilder @dilsam @NYORKA @1 took some profits in $AMZN P", "time": 1454116879.0, "sentiment": ""}, {"id": 48924000, "text": "$PCLN if they buy $EXPE or $TRIP now is the time for both companies for industry consolidation...$AMZN, $FB, $GOOGL ...every one will look", "time": 1454116867.0, "sentiment": ""}, {"id": 48923727, "text": "$AMZN u got to be kidding me this thing throwing a tantrum again", "time": 1454116685.0, "sentiment": ""}, {"id": 48923709, "text": "$AMZN once this stock became &quot;profitable&quot; the street can&#39;t spin that crap they were before about investing in itself, the lie revealed", "time": 1454116671.0, "sentiment": "Bearish"}, {"id": 48923647, "text": "$AMZN Not all retailers are selling at a loss, amazon is using stock donations to sell at a loss to close out store retailers  $WMT", "time": 1454116636.0, "sentiment": "Bearish"}, {"id": 48923598, "text": "$AMZN this is a dog stock, Short. Bezos tries to do everything at once, haircuts coming for him.", "time": 1454116599.0, "sentiment": "Bearish"}, {"id": 48923597, "text": "$AMZN Seems like this one doesn&#39;t want to stay down.", "time": 1454116599.0, "sentiment": ""}, {"id": 48923394, "text": "Love the rebound in $AMZN, LT play.", "time": 1454116470.0, "sentiment": ""}, {"id": 48923378, "text": "http://stks.co/f3qi6 given $760.00 PT by Goldman Sachs. buy rating. http://stks.co/f3qi7 $AMZN", "time": 1454116460.0, "sentiment": ""}, {"id": 48923375, "text": "http://stks.co/g3qNV given $710.00 PT by JMP Securities. buy rating. http://stks.co/h3qrM $AMZN", "time": 1454116457.0, "sentiment": ""}, {"id": 48923371, "text": "http://stks.co/e3Dql given $725.00 PT by Macquarie. buy rating. http://stks.co/b3Di6 $AMZN", "time": 1454116456.0, "sentiment": ""}, {"id": 48923366, "text": "http://stks.co/u90y given $825.00 PT by JPMorgan Chase  &amp; Co.. buy rating. http://stks.co/y90i $AMZN", "time": 1454116453.0, "sentiment": ""}, {"id": 48923352, "text": "$AMZN 588.80 area showing some resistance", "time": 1454116446.0, "sentiment": ""}, {"id": 48923342, "text": "@PositiveVibe follow Jeff Macke his preferred buyin price on $AMZN was $545  - He has good insight and levels.", "time": 1454116443.0, "sentiment": ""}, {"id": 48923327, "text": "Dollar General Seen As Winner From Wal-Mart Store Closures $AMZN $DG $DLTR $WMT http://stks.co/x92i", "time": 1454116431.0, "sentiment": ""}, {"id": 48923311, "text": "$AMZN Amazon if probably a victim of India&#39;s and rest of Asias corruption", "time": 1454116418.0, "sentiment": "Bearish"}, {"id": 48923245, "text": "$AMZN geezus relentless selling on the pop", "time": 1454116376.0, "sentiment": ""}, {"id": 48923198, "text": "$amzn been a slow melt higher it should have some fast up&#39;s next week", "time": 1454116343.0, "sentiment": ""}, {"id": 48923197, "text": "$AMZN USD loss from India $253,984,091.97 http://stks.co/i3qrY", "time": 1454116341.0, "sentiment": ""}, {"id": 48923096, "text": "$AMZN fun while it lasted. Bots", "time": 1454116288.0, "sentiment": ""}, {"id": 48922967, "text": "$AMZN Amazon&#39;s net loss from India business widens to Rs 1,724", "time": 1454116204.0, "sentiment": "Bearish"}, {"id": 48922817, "text": "$AMZN feel bad for anyone that shorted at open..", "time": 1454116093.0, "sentiment": "Bullish"}, {"id": 48922814, "text": "Fact: Batman w/ Stubby Ears = Economic Disaster. Can&#39;t ignore history, @hero-spin $AMZN $SPX $SPY", "time": 1454116090.0, "sentiment": ""}, {"id": 48922803, "text": "$AMZN crazy. Puts here ? So confused", "time": 1454116083.0, "sentiment": ""}, {"id": 48922785, "text": "$AMZN massive accumulation this morning. No doubt about that", "time": 1454116075.0, "sentiment": ""}, {"id": 48922702, "text": "$AMZN 588.88 cmon", "time": 1454116019.0, "sentiment": "Bullish"}, {"id": 48922677, "text": "$AMZN Get out on the weak bounce, $500 next", "time": 1454116002.0, "sentiment": "Bearish"}, {"id": 48922638, "text": "$AMZN Worth $30 a share priced the same as GOOGLE PE.  And people expect it to go higher, DERP", "time": 1454115970.0, "sentiment": "Bearish"}, {"id": 48922593, "text": "$AMZN $NFLX $FB $GOOG", "time": 1454115940.0, "sentiment": ""}, {"id": 48922579, "text": "$AMZN need volume to get this up.", "time": 1454115933.0, "sentiment": ""}, {"id": 48922488, "text": "$AMZN 587x PE GTFO", "time": 1454115865.0, "sentiment": "Bearish"}, {"id": 48922476, "text": "Investors Upset by Amazon&#39;s Earnings Miss Are Missing the Big Picture $AMZN http://stks.co/y90P", "time": 1454115859.0, "sentiment": ""}, {"id": 48922439, "text": "$AMZN I am liking this action. Going up. Bears, where are you?", "time": 1454115831.0, "sentiment": ""}, {"id": 48922399, "text": "Stocks in recovery right now. $AAPL $QCOM $AMZN $EA. Strong fundamentals. They are here to stay. 10% in 3 weeks. Guaranteed.", "time": 1454115802.0, "sentiment": "Bullish"}, {"id": 48922321, "text": "$AMZN since online sales is still at a loss and they lease all the buildings, this company is running on stock donations", "time": 1454115746.0, "sentiment": ""}, {"id": 48922283, "text": "http://stks.co/d3DdW, Inc. $AMZN Plunges After Missing Q4 Revenue http://stks.co/c3Dfq", "time": 1454115719.0, "sentiment": ""}, {"id": 48922249, "text": "$AMZN Really expected a larger drop than this", "time": 1454115696.0, "sentiment": ""}, {"id": 48922214, "text": "$AMZN investors should be super happy with that last earnings", "time": 1454115673.0, "sentiment": "Bullish"}, {"id": 48922157, "text": "$AMZN down trend from $700 in-tacked.  will test $500.  Company does not make profit, don&#39;t get stock with the empty bag", "time": 1454115630.0, "sentiment": "Bearish"}, {"id": 48922138, "text": "$AMZN 600 pin today?", "time": 1454115617.0, "sentiment": "Bullish"}, {"id": 48922053, "text": "$AMZN funny how media now talking nicely about Amazon after all the bashing that amzn beat all bs today.", "time": 1454115561.0, "sentiment": ""}, {"id": 48922025, "text": "$AMZN can we get a EOD squeeze here", "time": 1454115540.0, "sentiment": "Bullish"}, {"id": 48921976, "text": "http://stks.co/v93d, Inc. $AMZN : The Only Chart That Matters http://stks.co/u90e", "time": 1454115513.0, "sentiment": ""}, {"id": 48921932, "text": "$AMZN profitability has yet to be proven and not possible with a charity business model.", "time": 1454115489.0, "sentiment": "Bearish"}, {"id": 48921879, "text": "$AMZN 590.41 Next target...", "time": 1454115450.0, "sentiment": ""}, {"id": 48921838, "text": "$AMZN squeeze over 587.29 resistance", "time": 1454115415.0, "sentiment": ""}, {"id": 48921798, "text": "@machinebuilder @knowwhatyouown @dilsam @NYORKA @Dnice638 BACK TO $AMZN P", "time": 1454115386.0, "sentiment": ""}, {"id": 48921748, "text": "$AMZN LUNCHTIME!!", "time": 1454115355.0, "sentiment": ""}, {"id": 48921747, "text": "so maybe we see 600 by tues wed next week $amzn  sell side did its job prob done it will go up on 1/2 the down vol", "time": 1454115354.0, "sentiment": ""}, {"id": 48921742, "text": "$AMZN running a charity.", "time": 1454115351.0, "sentiment": "Bearish"}, {"id": 48921739, "text": "$AMZN boomshakalaka", "time": 1454115349.0, "sentiment": "Bullish"}, {"id": 48921647, "text": "$AMZN The first of many drops.  Why do you expect profit on its stock when $amzn has no profit as a company.", "time": 1454115287.0, "sentiment": "Bearish"}, {"id": 48921606, "text": "Will $AMZN Ever Disclose Its SEC Investigation? http://stks.co/g3qMv via @harvest", "time": 1454115260.0, "sentiment": ""}, {"id": 48921588, "text": "$AMZN we can&#39;t price AMZN since no one as near diverse yet does everything so well. Solid retail and cloud services.", "time": 1454115245.0, "sentiment": "Bullish"}, {"id": 48921566, "text": "$AMZN Will Amazon Ever Disclose Its SEC Investigation? http://stks.co/h3qqq", "time": 1454115229.0, "sentiment": ""}, {"id": 48921560, "text": "$AMZN RSI finally at 50 =.=&quot;", "time": 1454115224.0, "sentiment": ""}, {"id": 48921554, "text": "$AMZN might get into puts now. Just not moving over 585 with conviction", "time": 1454115220.0, "sentiment": ""}, {"id": 48921548, "text": "A Dangerously Illiquid Market $INTC $BA $AMZN $GOOG $NFLX $FB http://stks.co/y905", "time": 1454115214.0, "sentiment": ""}, {"id": 48921485, "text": "$AMZN i am waiting for hedge funds to take profit today could sell off big into close", "time": 1454115181.0, "sentiment": ""}, {"id": 48921417, "text": "$AMZN ask ur mailman how many more packages he could take out next year. There is a reason for the 37% increase in shipping costs #capacity", "time": 1454115143.0, "sentiment": ""}, {"id": 48921403, "text": "$AMZN that&#39;s called solid fundamentals regardless WS bs and media bashing.", "time": 1454115135.0, "sentiment": ""}, {"id": 48921388, "text": "$AMZN come on hold that 585 level show me something", "time": 1454115128.0, "sentiment": ""}, {"id": 48921364, "text": "$AMZN darn 585 ugh", "time": 1454115112.0, "sentiment": ""}, {"id": 48921274, "text": "$AMZN 585 has officially turned into support. needs over 587.29", "time": 1454115051.0, "sentiment": "Bullish"}, {"id": 48921268, "text": "$AMZN cmon 589!!!!!  589 gets 600+", "time": 1454115044.0, "sentiment": "Bullish"}, {"id": 48921247, "text": "$AMZN Looks like its going back to yesterdays opening price. Coooool", "time": 1454115028.0, "sentiment": ""}, {"id": 48921239, "text": "$AMZN When its get above 585 it will be attracted to 600 like a magnet. So you got 15 points to play", "time": 1454115023.0, "sentiment": ""}, {"id": 48921179, "text": "$AMZN If you have the money, highly recommend buying this. It  can easily recover back to the higher 600s over the next month.", "time": 1454114985.0, "sentiment": "Bullish"}]