[{"id": 50189382, "text": "Pretty solid day . $amzn was pretty cool both sides ledger today along with other betas . Tired as heck . Going to just watch for next 40min", "time": 1456368906.0, "sentiment": ""}, {"id": 50189083, "text": "Why Apple and FANG Will Crush it This Year  http://stks.co/j40pv\n\n$AAPL $FB $AMZN $NFLX $GOOG $GOOGL", "time": 1456368734.0, "sentiment": "Bullish"}, {"id": 50188697, "text": "$AMZN Tomorrow this is going to 560 Plus...", "time": 1456368476.0, "sentiment": ""}, {"id": 50188271, "text": "$AMZN enters the old face Ripping Contest...shhhhh &gt;&gt;&gt;  she goes higher still....", "time": 1456368180.0, "sentiment": "Bullish"}, {"id": 50188182, "text": "$AMZN going up on decreasing volume.. oops", "time": 1456368127.0, "sentiment": ""}, {"id": 50187873, "text": "$AMZN going for $575 area next...so please do not short yet.....", "time": 1456367928.0, "sentiment": "Bullish"}, {"id": 50187776, "text": "$AMZN short 550?", "time": 1456367868.0, "sentiment": ""}, {"id": 50187716, "text": "$FB $AMZN $NFLX $GOOG $GOOGL", "time": 1456367829.0, "sentiment": ""}, {"id": 50187713, "text": "$AMZN but longs should be careful here.. day&#39;s VWAP (fairest price) still only 539", "time": 1456367828.0, "sentiment": "Bearish"}, {"id": 50187637, "text": "$AMZN 551 could be a good short entry, but 570 is better", "time": 1456367777.0, "sentiment": "Bearish"}, {"id": 50187501, "text": "@cybercash28   I guess Jake was right...  $$$$  &gt;&gt;&gt; Best not to be too short on the $AMZN TRAIN....  hmmmmm", "time": 1456367675.0, "sentiment": "Bullish"}, {"id": 50187406, "text": "@getyourbreadup Hmmmmm...what happened???   555 555 555 555 555  shhhhhhh ++++  $AMZN in play....", "time": 1456367596.0, "sentiment": "Bullish"}, {"id": 50187276, "text": "@cybercash28  I think $AMZN is a buy now....  LOL", "time": 1456367517.0, "sentiment": "Bullish"}, {"id": 50187224, "text": "$AMZN In FANG we trust", "time": 1456367485.0, "sentiment": "Bullish"}, {"id": 50186905, "text": "$GOOGL green. the leaders R taking charge.. great sign. $AMZN turning green shortly", "time": 1456367287.0, "sentiment": ""}, {"id": 50186705, "text": "$AMZN whoever caught this at the bottom..congrats...", "time": 1456367172.0, "sentiment": "Bullish"}, {"id": 50186661, "text": "$AMZN ...trippple nickels...OMG what a great day!!!!!  Boomer plays are hitting....", "time": 1456367144.0, "sentiment": "Bullish"}, {"id": 50186294, "text": "$AMZN &gt;&gt;&gt;&gt;  $550+++++...enjoy!!!!!", "time": 1456366910.0, "sentiment": "Bullish"}, {"id": 50186047, "text": "$amzn short 548", "time": 1456366745.0, "sentiment": ""}, {"id": 50185687, "text": "$AMZN ...she is facing launch Mode and the short crowd will not love it..at all!!!!  Bullish power in AMZN is back again!", "time": 1456366525.0, "sentiment": "Bullish"}, {"id": 50185339, "text": "$AMZN wooooooo $SPX", "time": 1456366298.0, "sentiment": "Bullish"}, {"id": 50185163, "text": "$AMZN hammer..", "time": 1456366185.0, "sentiment": ""}, {"id": 50185153, "text": "$AMZN In the gap, going for a fill.", "time": 1456366178.0, "sentiment": "Bullish"}, {"id": 50185145, "text": "$AMZN = Call runner...shhhhhhhh  no one to know except the savvy gamers....", "time": 1456366168.0, "sentiment": ""}, {"id": 50185122, "text": "$AMZN hod..", "time": 1456366155.0, "sentiment": ""}, {"id": 50185035, "text": "$AMZN made a pretty penny this week trading $AMZN", "time": 1456366089.0, "sentiment": ""}, {"id": 50184834, "text": "$AMZN ..under level accumulation...buy triggers may hit if it bangs 550 area....", "time": 1456365988.0, "sentiment": "Bullish"}, {"id": 50184642, "text": "$AMZN sold the MAR18 540/530 put spreads for 4.35; bought y/d for 3.25; price action looks reversalish.", "time": 1456365839.0, "sentiment": ""}, {"id": 50184628, "text": "From A(mazon) to Z(illow), Disintermediation Is Going to Crush Everyone $AMZN http://stks.co/yHSO", "time": 1456365826.0, "sentiment": ""}, {"id": 50184345, "text": "@stm Our numbers are showing that as well $AMZN http://stks.co/h40ma", "time": 1456365608.0, "sentiment": "Bearish"}, {"id": 50184338, "text": "$AMZN boom boom...another solid call out to @ClueLess8_Trading", "time": 1456365603.0, "sentiment": ""}, {"id": 50184324, "text": "$AMZN = get positioned as best you can...the Bulls love a runner!!!!  $$$$$$", "time": 1456365590.0, "sentiment": "Bullish"}, {"id": 50184081, "text": "$AMZN booM babY$", "time": 1456365392.0, "sentiment": ""}, {"id": 50184021, "text": "$AMZN 556?", "time": 1456365336.0, "sentiment": ""}, {"id": 50184015, "text": "$NFLX now +1.25% at/near HOD the lone F A N G component to advance today as we near the afternoon trading session $AMZN $FB $GOOGL", "time": 1456365328.0, "sentiment": ""}, {"id": 50183833, "text": "$AMZN should whack...545 levels very soon folks....", "time": 1456365182.0, "sentiment": "Bullish"}, {"id": 50182811, "text": "@harryzimm2013 So will we see $AMZN at $450 before $650 again? I think so, maybe $350 or less, but I suppose a PE of 450 is better than 900?", "time": 1456364421.0, "sentiment": "Bearish"}, {"id": 50182666, "text": "Would Amazon Buy Lionsgate? These Analysts Aren&#39;t Convinced $AMZN $CBS $LGF http://stks.co/a3N4O", "time": 1456364306.0, "sentiment": ""}, {"id": 50182256, "text": "Will Best Buy live up to its name? $BBY earnings tomorrow. Analysts expect decline in EPS and sales. But $BBY up 2% YTD. $AMZN down 20%.", "time": 1456363997.0, "sentiment": ""}, {"id": 50182220, "text": "$AMZN Its going down for real...", "time": 1456363970.0, "sentiment": "Bearish"}, {"id": 50182073, "text": "$AMZN ...she will be pushed to the 550 levels now??? ... please be smart here. Risky bets...", "time": 1456363871.0, "sentiment": ""}, {"id": 50181946, "text": "@NewbEV Good to hear! Today is till looking like a sell $AMZN http://stks.co/xHVP", "time": 1456363784.0, "sentiment": "Bearish"}, {"id": 50181840, "text": "@Sliver We are showing higher risk as well $AMZN http://stks.co/f40bc", "time": 1456363686.0, "sentiment": "Bearish"}, {"id": 50181779, "text": "FANGs are THE BEST shorts in the market. Without #UNICORNs after the VC bubble pops, growth rates will be MUCH lower. $FB $AMZN $NFLX $GOOGL", "time": 1456363640.0, "sentiment": "Bearish"}, {"id": 50181743, "text": "$AMZN fkn knew it. oh well not chasing the shoty now", "time": 1456363612.0, "sentiment": ""}, {"id": 50181574, "text": "$amzn at resistance again tempted to short here but greedy I want that 543-545 area for a short. decisions...", "time": 1456363506.0, "sentiment": ""}, {"id": 50181478, "text": "$AMZN Buyers in there now.", "time": 1456363441.0, "sentiment": "Bullish"}, {"id": 50181320, "text": "$FB $AMZN $GOOG $NFLX green EOD??", "time": 1456363325.0, "sentiment": "Bullish"}, {"id": 50181292, "text": "@caffy  We must respect the Power of $AMZN....they want it much higher so be careful....", "time": 1456363301.0, "sentiment": ""}, {"id": 50180977, "text": "$AMZN is being accumulated under 540..... hmmmmm", "time": 1456363082.0, "sentiment": ""}, {"id": 50180931, "text": "$AMZN gimme 570 to re-short please", "time": 1456363033.0, "sentiment": "Bearish"}, {"id": 50180892, "text": "$NFLX --Rumor--$amzn--interested in buying $lgf--if --IF- true ouch for netcrap", "time": 1456362996.0, "sentiment": ""}, {"id": 50180685, "text": "AMG just surpassed 200 % today #daytrading #options #stocks\n$AAPL $AMZN $NFLX $TSLA $CHGG $MNKD $EYES $ETSY", "time": 1456362850.0, "sentiment": ""}, {"id": 50180268, "text": "$AMZN = TRAIN????  Hmmmmm  545+++???? Bullish actions...", "time": 1456362564.0, "sentiment": ""}, {"id": 50179271, "text": "Wednesday links: naive investors, bottom fishing in energy and setting low expectations. http://stks.co/j40mU $AMLP $SPY $EMB $AMZN $YHOO", "time": 1456361889.0, "sentiment": ""}, {"id": 50179212, "text": "#FANG all r sitting@good support w/bullish scenario path on track.Detours &amp; looping around happen &amp; happen often. $FB, $AMZN, $NFLX &amp; $GOOGL", "time": 1456361852.0, "sentiment": "Bullish"}, {"id": 50179211, "text": "$AMZN long week4&#39;s and march1&#39;s", "time": 1456361851.0, "sentiment": "Bullish"}, {"id": 50179007, "text": "$AMZN ...too dangerous to short...they want to own her cheap!!!", "time": 1456361736.0, "sentiment": ""}, {"id": 50178659, "text": "$AMZN could see a hefty $545 level if all goes as planned....  shhhhh.", "time": 1456361483.0, "sentiment": ""}, {"id": 50178495, "text": "$AMZN I&#39;d like to thank the Good Lord for all the fruits he&#39;s bestowed upon me with this stock. Amen... 490&#39;s in the cross hairs! ;)", "time": 1456361385.0, "sentiment": "Bearish"}, {"id": 50178328, "text": "$AMZN ...this puppy has some mojo left in the tank and therefore is very dangerous... 535++", "time": 1456361276.0, "sentiment": ""}, {"id": 50178137, "text": "$AMZN break lows, worrisome for longs.", "time": 1456361136.0, "sentiment": ""}, {"id": 50178044, "text": "@joelyboyblue 555 555 555... It doesn&#39;t look so strong now does it???  $535 level on the threshold for the bullish power later.... $AMZN", "time": 1456361070.0, "sentiment": ""}, {"id": 50177870, "text": "$AMZN Scratched 550 target", "time": 1456360958.0, "sentiment": ""}, {"id": 50177797, "text": "Tech Stock Weakness Could Bring Market Down:  http://stks.co/e3NO7  $SPY $GOOGL $AAPL $FB $AMZN $MSFT $UVXY $QQQ $SQQQ $IWM $TLT $SVXY", "time": 1456360908.0, "sentiment": "Bearish"}, {"id": 50177743, "text": "$AMZN ...whoaaaaaaaaaaaaaaaaaaaaaaaaaaa!   $$$$$  Risky games again!", "time": 1456360873.0, "sentiment": ""}, {"id": 50177691, "text": "$AMZN Hahahaha looked so Promising for a while there!", "time": 1456360843.0, "sentiment": "Bearish"}, {"id": 50177647, "text": "$AMZN back under MA7... world of hurt now... churning MACD over more... once turn under - watch out... targ 520 FRI", "time": 1456360807.0, "sentiment": "Bearish"}, {"id": 50177646, "text": "$AMZN That&#39;s such bs short 540.50 and cover 538.50 now decides to sht the bed", "time": 1456360807.0, "sentiment": ""}, {"id": 50177278, "text": "$AMZN cut your loss and move your $$ to Apple. Much more reasoning P/E and beta", "time": 1456360556.0, "sentiment": ""}, {"id": 50177190, "text": "$AMZN the TRAIN wants to return to 555???  No wayyyyyyy... but she got legs! $$$$", "time": 1456360487.0, "sentiment": ""}, {"id": 50176907, "text": "@Bulldog01 You know who I think would be a good $TWTR acquirer?  $AMZN. Would tie in VERY well with their Twitch acquisition.", "time": 1456360279.0, "sentiment": ""}, {"id": 50176360, "text": "$AMZN laggy..yesterday it bounced 10 off the low, today no power along with $GOOG...$NFLX at least barely green", "time": 1456359941.0, "sentiment": ""}, {"id": 50176248, "text": "$AMZN short 539.05.", "time": 1456359871.0, "sentiment": ""}, {"id": 50176203, "text": "$amzn cover +1k", "time": 1456359843.0, "sentiment": ""}, {"id": 50175963, "text": "$AMZN very dangerous @ 540 level now that the SPY got healthy...hmmmm", "time": 1456359683.0, "sentiment": ""}, {"id": 50175262, "text": "@mgrigoryev $AMZN is overvalued on a P.E basis, but i&#39;d rather buy AMZN, a co. which is dominating it&#39;s market", "time": 1456359262.0, "sentiment": ""}, {"id": 50174881, "text": "@LanderAA I&#39;m not a bear just bearish on $aapl, as for $amzn, I like it, but I trade opportunities... http://stks.co/j40lH", "time": 1456359049.0, "sentiment": ""}, {"id": 50174826, "text": "http://stks.co/i40nh (AMZN) Stock is the &#39;Chart of the Day&#39; $AMZN http://stks.co/j40lG", "time": 1456359024.0, "sentiment": ""}, {"id": 50174633, "text": "$AMZN puts were awesome and now the calls are awesome too!!!  ;-)", "time": 1456358923.0, "sentiment": ""}, {"id": 50174632, "text": "@NewbEV $AMZN is also overvalued? Is it the only argument?", "time": 1456358923.0, "sentiment": ""}, {"id": 50174359, "text": "$AMZN is threatening a death cross. I remain long for now.", "time": 1456358775.0, "sentiment": ""}, {"id": 50173374, "text": "$AMZN into a massive bullish lean....", "time": 1456358188.0, "sentiment": ""}, {"id": 50173282, "text": "$AMZN $LUV\nSouthwest Airlines - Pay With Amazon\nhttp://stks.co/f40Yp", "time": 1456358123.0, "sentiment": ""}, {"id": 50173148, "text": "$amzn short 540.50", "time": 1456358050.0, "sentiment": ""}, {"id": 50173013, "text": "$amzn $nflx to the house", "time": 1456357975.0, "sentiment": ""}, {"id": 50172970, "text": "$AAPL @streetgainer Compared to the rest of the market, it looks pretty good! Why are you trading $AAPL instead of $AMZN if you are a bear?", "time": 1456357953.0, "sentiment": "Bullish"}, {"id": 50172952, "text": "$AMZN into a nasty Reversal....Yummy!!!!  Power on the ask side....", "time": 1456357943.0, "sentiment": ""}, {"id": 50172915, "text": "$AMZN lands Woody Allen&#39;s next movie? A staggering $15m bid. his last movie grossed $4m.", "time": 1456357920.0, "sentiment": ""}, {"id": 50172558, "text": "$AMZN MA50&gt;MA20&gt;MA7... fell briefly back under MA7... just needs a day for MACD to turn under &amp; watch for ramp down ... targ 520 FRI", "time": 1456357726.0, "sentiment": "Bearish"}, {"id": 50172363, "text": "$amzn if this builds over 539 can squeeze some", "time": 1456357607.0, "sentiment": ""}, {"id": 50172252, "text": "$AMZN 550 target", "time": 1456357536.0, "sentiment": ""}, {"id": 50171570, "text": "$AMZN glad i took some profits yesterday. Will buy back if it falls to low $500 area in the near term", "time": 1456357139.0, "sentiment": ""}, {"id": 50171446, "text": "$LGF Hearing vague chatter $AMZN interested, unconfirmed", "time": 1456357057.0, "sentiment": ""}, {"id": 50171441, "text": "$AMZN They dont want to waste that Buy-Back Money under these market conditions I wouldnt waste my money trying too catch a falling knife", "time": 1456357055.0, "sentiment": ""}, {"id": 50171295, "text": "$AMZN ..the choo choo is running out of cash to feed this piggy???  Hmmm...", "time": 1456356939.0, "sentiment": "Bearish"}, {"id": 50171114, "text": "$AMZN I trade Both Ways but I must say trading of off peoples Fears is the best &amp; easiest way to make quick money Just saying its True Fact", "time": 1456356804.0, "sentiment": ""}, {"id": 50170361, "text": "$AMZN Are we going to see a big exit during lunch?", "time": 1456356280.0, "sentiment": ""}, {"id": 50170217, "text": "$AMZN Fingers crossed!  please stay here or lower until Friday......", "time": 1456356183.0, "sentiment": "Bullish"}, {"id": 50170074, "text": "$AMZN ...some still want the 520 woodshed to show up????  530 level ahead???  Hmmmmmm", "time": 1456356093.0, "sentiment": "Bearish"}, {"id": 50169625, "text": "$AMZN  $532&#39;s....  B- 532&#39;s......  OMG...this is awesome!!!", "time": 1456355799.0, "sentiment": ""}, {"id": 50169165, "text": "$AMZN anything under 534 isnt good", "time": 1456355515.0, "sentiment": ""}, {"id": 50168813, "text": "Bullseye! Target Gets It Right http://stks.co/vHOz $TGT $WMT $AMZN", "time": 1456355294.0, "sentiment": ""}, {"id": 50168726, "text": "$AMZN would be nice to short at 570 hehe", "time": 1456355242.0, "sentiment": ""}, {"id": 50168217, "text": "$AMZN = $$$$$$$$$$$$$$$$$$$$$$$$$$$$$$  What an awesome day in the short pits!!!", "time": 1456354898.0, "sentiment": ""}, {"id": 50167966, "text": "@Trading4Living $amzn good trade. I wnt long dwti at 285, just sold at 191.5", "time": 1456354732.0, "sentiment": ""}, {"id": 50167455, "text": "$AMZN @ $530???  The Boyz are going Wild!!!!", "time": 1456354416.0, "sentiment": "Bearish"}, {"id": 50167276, "text": "$AMZN Will  not see $518 today....good news!!!!  $$$$$$$$$$$$$$$$$$$$", "time": 1456354319.0, "sentiment": ""}, {"id": 50166942, "text": "$AMZN out more 530 weeklies at $4.30.  Down to 20%", "time": 1456354128.0, "sentiment": "Bearish"}, {"id": 50166913, "text": "$AMZN Not selling PUTs until 510s", "time": 1456354114.0, "sentiment": ""}, {"id": 50166244, "text": "$AMZN $SPY out of long scalps +2000", "time": 1456353761.0, "sentiment": ""}, {"id": 50165352, "text": "$AMZN watch 537.73 here", "time": 1456353363.0, "sentiment": "Bullish"}, {"id": 50165216, "text": "There&#39;s no love between $AMZN and $ETSY artists. Check out the posts on the seller bulletin board.  http://stks.co/z0GbP", "time": 1456353296.0, "sentiment": ""}, {"id": 50164778, "text": "$AMZN = Woodshed crews are coming????", "time": 1456353101.0, "sentiment": ""}, {"id": 50164719, "text": "$ETSY with revenue numbers, $AMZN no threat. In MHO, and in the words of Mr. MC Hammer, &quot;...Can&#39;t touch this!&quot; ???", "time": 1456353077.0, "sentiment": "Bullish"}, {"id": 50164521, "text": "$AMZN Long 535", "time": 1456352999.0, "sentiment": ""}, {"id": 50164263, "text": "$amzn 537.73 resistance now over that squeeze long 534", "time": 1456352866.0, "sentiment": ""}, {"id": 50164222, "text": "$SPY been in this long scalp via $amzn since 9:52 never went red yet taking forever to get out", "time": 1456352842.0, "sentiment": ""}, {"id": 50164074, "text": "$AMZN bulls ???  If you are still holding tight to the Amazon&#39;s legs....congrats. Keep holding, we have more carnage ahead, I think?", "time": 1456352761.0, "sentiment": "Bearish"}, {"id": 50163961, "text": "$AMZN inside day yesterday , Bammmm.....", "time": 1456352709.0, "sentiment": ""}, {"id": 50163381, "text": "$AMZN looking for 520&#39;s...can she find them????  $$$$$$$", "time": 1456352410.0, "sentiment": "Bearish"}, {"id": 50162821, "text": "$FB $AMZN $NFLX $GOOG $GOOGL", "time": 1456352148.0, "sentiment": ""}, {"id": 50162557, "text": "$AMZN $SPY $VXX  Yes Sir", "time": 1456352017.0, "sentiment": ""}, {"id": 50162505, "text": "$AMZN = $$$$$$$$$$$$$$$$$$$$$$$  Hope all the shorts got a good dose of cash this morning!!!!  ;-)  $SPY $VXX...perfect!", "time": 1456351982.0, "sentiment": ""}, {"id": 50161938, "text": "$AMZN one of better put scalps this am; 540p ~ 100% from open DT weeklies. GL", "time": 1456351678.0, "sentiment": ""}, {"id": 50161933, "text": "$AMZN trying to avoid Hammeretime...LOL  $$$$$$$$$$$$$$", "time": 1456351674.0, "sentiment": ""}, {"id": 50161149, "text": "$AMZN @ 525 coming soon????  Millions vanishing again?? Amazon shorts unite!", "time": 1456351309.0, "sentiment": ""}, {"id": 50161092, "text": "Critical swing points failing on $GOOGL and $AMZN positions. Exiting positions", "time": 1456351279.0, "sentiment": ""}, {"id": 50160957, "text": "$AMZN The Gap has been filled at 535ish just a heads up", "time": 1456351226.0, "sentiment": ""}, {"id": 50160065, "text": "Who knew $AMZN is more responsive to oil prices than actual oil companies?", "time": 1456350799.0, "sentiment": ""}, {"id": 50160003, "text": "Time to put out some more PR to pump your trash stock, Bezos $AMZN", "time": 1456350776.0, "sentiment": "Bearish"}, {"id": 50159824, "text": "$CMG $TWTR $AAPL $NFLX $AMZN puts on fire.", "time": 1456350694.0, "sentiment": "Bearish"}, {"id": 50159482, "text": "$AMZN sweet $7 dump on that 200 MA break.", "time": 1456350530.0, "sentiment": ""}, {"id": 50159141, "text": "And just like that, $AMZN has given up 200DMA support again.", "time": 1456350361.0, "sentiment": ""}, {"id": 50159045, "text": "Buy $sqqq short $TQQQ short $ES_F buy $GC_F short $amzn $GOOGL $FB $NFLX my target ES 1800 and 1750", "time": 1456350319.0, "sentiment": "Bearish"}, {"id": 50158909, "text": "@Trading4Living $amzn missed long at 538.. too slow entering order", "time": 1456350247.0, "sentiment": ""}, {"id": 50158836, "text": "$AMZN No Buy Back Money today Why waste your money catching a falling knife if you are $AMZN better prices down below", "time": 1456350208.0, "sentiment": "Bearish"}, {"id": 50158799, "text": "$AMZN pop goes the weazel!!! (200 day ma) only took 12 minutes!", "time": 1456350189.0, "sentiment": "Bearish"}, {"id": 50158781, "text": "$AMZN gonna fall out of bed $480 by Friday", "time": 1456350180.0, "sentiment": "Bearish"}, {"id": 50158769, "text": "Spotify Ditches $AMZN , Moves To Google Cloud Platform - http://stks.co/yHLh", "time": 1456350174.0, "sentiment": ""}, {"id": 50158700, "text": "$AMZN SPY Breaks under 190 its all she wrote for AMZN", "time": 1456350138.0, "sentiment": ""}, {"id": 50158559, "text": "200 MA gone on $AMZN , Hence the flush, as expected in blog.", "time": 1456350074.0, "sentiment": ""}, {"id": 50158058, "text": "$AMZN defending 200 MA.", "time": 1456349827.0, "sentiment": ""}, {"id": 50157909, "text": "$AMZN ...its going to get very ugly as the bulls decide to exit the cliff diver....  as expected", "time": 1456349759.0, "sentiment": ""}, {"id": 50157591, "text": "$AMZN out more 530 weekly puts at 2.70.  Now down to 40%", "time": 1456349584.0, "sentiment": "Bearish"}, {"id": 50157056, "text": "Best of luck to all . Watching high beta at open for confirmation ranges $nflx $AMZN etc", "time": 1456349251.0, "sentiment": ""}, {"id": 50157004, "text": "$AMZN re-doubling home automation-hiring &gt;800 engineers for Echo/ Alexa, that alone is 4.5x the 178 $CTRL engineers. http://stks.co/j40fD", "time": 1456349220.0, "sentiment": "Bearish"}, {"id": 50156994, "text": "@retail_guru  If the bulls are willing to buy the $525 area...we are OK during this transition through a Southern exposure. The $AMZN ...", "time": 1456349216.0, "sentiment": ""}, {"id": 50156950, "text": "@xbb  basis is good on the majority of these.  I own $ua and $amzn in my roth.  Agreed though about the growth gl", "time": 1456349181.0, "sentiment": ""}, {"id": 50156475, "text": "In Play Shorts: $AMZN $CAR $FIT  $MBLY $TJX $LOW $RACE", "time": 1456348816.0, "sentiment": ""}]