[{"id": 50862530, "text": "@Roller100 @Li007 $AMZN Not end of week by the end of the month. Big inside bar on the weekly played out time is up for this one! imo 474", "time": 1457494719.0, "sentiment": ""}, {"id": 50861858, "text": "$AMZN on an up day this could easily be 575-600 again... :-)", "time": 1457494313.0, "sentiment": ""}, {"id": 50861713, "text": "$AMZN everyone is a genius when its going their way...lol", "time": 1457494238.0, "sentiment": ""}, {"id": 50861604, "text": "@sherif45 I was saying you lost on $AMZN then buy puts on $MCD and win!! Perfect time to add puts on this one!! Markets going down!", "time": 1457494166.0, "sentiment": ""}, {"id": 50861500, "text": "@BigJayCutler @Li007 Going right back to double bottom 474.71 then lower. If the $SPY starts to dump then $AMZN going a lot lower!!", "time": 1457494100.0, "sentiment": ""}, {"id": 50861473, "text": "$AMZN could be a bear trap ;-)", "time": 1457494080.0, "sentiment": ""}, {"id": 50861428, "text": "The Power of Visual Data: Apple, Twitter and FANG http://stks.co/e3Si1\n\n$AAPL $FB $TWTR $AMZN $GOOG $NFLX", "time": 1457494053.0, "sentiment": "Bullish"}, {"id": 50861426, "text": "$AMZN will see 530 EOW.", "time": 1457494051.0, "sentiment": ""}, {"id": 50861245, "text": "$AMZN nothing like watching a meltdown live... I&#39;m looking at you, bo2.", "time": 1457493927.0, "sentiment": ""}, {"id": 50861000, "text": "$AMZN lol, bull trap, so obvious, waiting for 530 entry!", "time": 1457493776.0, "sentiment": "Bearish"}, {"id": 50860977, "text": "$NFLX $GOOG $AMZN have gone red. What happened to the strength of FANG this morning?", "time": 1457493761.0, "sentiment": "Bearish"}, {"id": 50860718, "text": "$AMZN, $BA not following the norm", "time": 1457493578.0, "sentiment": ""}, {"id": 50860408, "text": "$AMZN maahhhnnnnnn.......ugggghhhhhhhh.........what is this doing????!??!?", "time": 1457493367.0, "sentiment": ""}, {"id": 50860054, "text": "@sherif45 $MCD Buy puts and you can thank me later!! small positions! Do you want to make up for the $AMZN loss?? 115 apr at 1.48", "time": 1457493141.0, "sentiment": ""}, {"id": 50859687, "text": "@sherif45 Why did you do that $AMZN going lower in the next couple of weeks!!", "time": 1457492849.0, "sentiment": ""}, {"id": 50859632, "text": "$AMZN sold my puts with a loss, seemed pretty strong in the evening. This market sux...", "time": 1457492806.0, "sentiment": ""}, {"id": 50859405, "text": "$AMZN needs more sellers but its just not getting much today through the churns....", "time": 1457492611.0, "sentiment": ""}, {"id": 50859136, "text": "$AMZN this stock is real piece of work lemme tell ya...", "time": 1457492417.0, "sentiment": ""}, {"id": 50859125, "text": "We must remember to buy alap on the dippers....  $AMZN for the long haul North!  ;-) Excellent churn...", "time": 1457492405.0, "sentiment": ""}, {"id": 50859037, "text": "$AMZN the bear is watching", "time": 1457492330.0, "sentiment": ""}, {"id": 50858644, "text": "$AMZN ha ha ha", "time": 1457492021.0, "sentiment": ""}, {"id": 50858608, "text": "@BigJayCutler  They need to move the weak off the stock before the next catalyst bites the ask....patience.  $AMZN drubber...", "time": 1457491988.0, "sentiment": ""}, {"id": 50858587, "text": "$AMZN anybody bought puts at 570?", "time": 1457491977.0, "sentiment": ""}, {"id": 50858180, "text": "$AMZN = Dead $$$ @ 565???  Not likely....  ;-)", "time": 1457491623.0, "sentiment": ""}, {"id": 50857910, "text": "$AMZN @ $564.....  ;-)  Excellent churn burner....", "time": 1457491391.0, "sentiment": ""}, {"id": 50857886, "text": "$AMZN Charts aren&#39;t perfect but definitely right now this one...550&#39;s coming soon.", "time": 1457491370.0, "sentiment": "Bearish"}, {"id": 50857884, "text": "$AMZN giving me an ulcer", "time": 1457491368.0, "sentiment": ""}, {"id": 50857832, "text": "$AMZN yeh  its definately a pm dipper allright...", "time": 1457491335.0, "sentiment": ""}, {"id": 50857805, "text": "$AMZN It will bounce off of $563", "time": 1457491311.0, "sentiment": ""}, {"id": 50857748, "text": "$AMZN man I wanna slap somebody!", "time": 1457491277.0, "sentiment": ""}, {"id": 50857564, "text": "$AMZN FFFFFFFFFF!!!!!!!", "time": 1457491146.0, "sentiment": ""}, {"id": 50857529, "text": "$AMZN where the legs?", "time": 1457491116.0, "sentiment": ""}, {"id": 50856922, "text": "$AMZN gets a PM dipper???   ;-)", "time": 1457490645.0, "sentiment": ""}, {"id": 50856505, "text": "$AMZN geez", "time": 1457490344.0, "sentiment": ""}, {"id": 50855960, "text": "$AMZN where&#39;s big mo gone?", "time": 1457489891.0, "sentiment": ""}, {"id": 50855901, "text": "$AMZN frustrating...gets wheels then drops off", "time": 1457489829.0, "sentiment": ""}, {"id": 50855845, "text": "$AMZN wtf...smh", "time": 1457489782.0, "sentiment": ""}, {"id": 50855622, "text": "$AMZN been a day of higher highs and lower lows so far.", "time": 1457489610.0, "sentiment": ""}, {"id": 50855391, "text": "$AMZN dang..is it done?", "time": 1457489437.0, "sentiment": ""}, {"id": 50855363, "text": "$AMZN  very toppy mkt w $IWM taking a good hit... mo-mo bounces can be sold, AMZN will go back to Fib 2 560 at least,, targ 545 FRI", "time": 1457489411.0, "sentiment": "Bearish"}, {"id": 50855089, "text": "@cybercash28 whats the ma 50 price for $AMZN", "time": 1457489188.0, "sentiment": ""}, {"id": 50855088, "text": "ICYMI: MIDDAY MARKET REPORT: $TSLA $BIDU $BABA $FB $AMZN $GOOGL $PCLN --CLICK THE LINK&gt;&gt; http://stks.co/a3SMH", "time": 1457489186.0, "sentiment": ""}, {"id": 50854424, "text": "3 Quality Retail Stocks That Are Amazingly Cheap $BBY $GME $BBBY Also $AMZN $W http://stks.co/b3SOg", "time": 1457488632.0, "sentiment": ""}, {"id": 50854259, "text": "$AMZN piercing.. now  need to go above ma50", "time": 1457488472.0, "sentiment": ""}, {"id": 50854031, "text": "$QQQ A Healthy Rotation Is Under Way http://stks.co/wM4t $FB $AMZN $NFLX $GOOG $GOOGL", "time": 1457488288.0, "sentiment": ""}, {"id": 50853974, "text": "A Healthy Rotation is Underway \u2013 Trading with The Fly $fb $amzn $nflx $googl http://stks.co/vM0U", "time": 1457488231.0, "sentiment": ""}, {"id": 50853731, "text": "The FANG and Momentum stocks - doing ok today most.  $SPY $AMZN $QQQ/  $MSFT +2% really helping QQQ, $FB &amp; $AAPL lag", "time": 1457488017.0, "sentiment": ""}, {"id": 50853469, "text": "I think many people are still expecting the market to rollover like in January but that just won&#39;t happen Sentiment shifted $spy $qqq $AMZN", "time": 1457487793.0, "sentiment": "Bullish"}, {"id": 50853451, "text": "@BigJayCutler I don&#39;t. But the key short entry for $amzn is once 550 is broken. What you think?", "time": 1457487778.0, "sentiment": ""}, {"id": 50853332, "text": "$AMZN anyone believe this little rally...", "time": 1457487672.0, "sentiment": "Bearish"}, {"id": 50853229, "text": "$amzn $nflx $goog All roaring back in a big way today - exactly what you want to see after a steep rise in price. Sideways consolidation", "time": 1457487583.0, "sentiment": "Bullish"}, {"id": 50853013, "text": "$AMZN hell ya!", "time": 1457487412.0, "sentiment": "Bullish"}, {"id": 50852832, "text": "$AMZN $WMT", "time": 1457487260.0, "sentiment": ""}, {"id": 50852718, "text": "$AMZN nice and high. $NFLX trying for a flag break here.", "time": 1457487163.0, "sentiment": ""}, {"id": 50852675, "text": "here is your $AMZN vs $WMT chart still looking like it wants to go much lower", "time": 1457487126.0, "sentiment": ""}, {"id": 50852636, "text": "$AMZN is facing Launch Mode as the Street enters the fray!!!!  Enjoy your LT calls....", "time": 1457487092.0, "sentiment": "Bullish"}, {"id": 50851962, "text": "@mastergains  I am sure that some will willingly pay $590++ for our beloved $AMZN and that may be soon at that!!!  ;-) Sweet deal!", "time": 1457486541.0, "sentiment": "Bullish"}, {"id": 50851700, "text": "$AMZN virtual reality could interrupt the grocery business if you can shop in a grocery store in virtual reality... amazon pantry plus wine", "time": 1457486329.0, "sentiment": ""}, {"id": 50851559, "text": "@white_shark30  Charts are tracking the 572-575 area and that may hit today no less!  $AMZN is in play for higher values.", "time": 1457486217.0, "sentiment": ""}, {"id": 50851458, "text": "Job posting indicates that now $AMZN is also getting into virtual reality. http://stks.co/c3SOs", "time": 1457486129.0, "sentiment": ""}, {"id": 50850983, "text": "$AMZN", "time": 1457485772.0, "sentiment": ""}, {"id": 50850944, "text": "@Li007  I just want to remind the masses that $AMZN will not be trading @ $620 today. We will need to get ready for it though! Congrats!", "time": 1457485742.0, "sentiment": "Bullish"}, {"id": 50850347, "text": "$AMZN ???  Jake whispers that the gloves may be coming off as the Amazon appeal gets thicker. Enjoy your new entries alap.  ;-)", "time": 1457485231.0, "sentiment": "Bullish"}, {"id": 50849977, "text": "$AMZN told ya", "time": 1457484898.0, "sentiment": ""}, {"id": 50849925, "text": "$AMZN all will be red today. This pod will be red soon and down 5 points by EOD with another 30 points down tomorrow. Mark this.", "time": 1457484867.0, "sentiment": "Bearish"}, {"id": 50849791, "text": "$AMZN ...retail gamers should wait for the $572 level before entering this loaded game. Millions to be made by few...  enjoy!!!", "time": 1457484764.0, "sentiment": "Bullish"}, {"id": 50849330, "text": "{NEW VIDEO} 3/8/16 MIDDAY MARKET REPORT, FEATURING: $TSLA $BIDU $BABA $AMZN $FB $GOOGL $PCLN -- http://stks.co/e3Sdb", "time": 1457484395.0, "sentiment": ""}, {"id": 50848992, "text": "$AMZN so funny that lunch time intern crowd ramped it up on a low volume lmao", "time": 1457484140.0, "sentiment": "Bearish"}, {"id": 50848728, "text": "@Sliver no clue. dont trade it but gotta watch it each day $AMZN", "time": 1457483939.0, "sentiment": ""}, {"id": 50848625, "text": "$AMZN &lt;STUDY The CHARTS&gt; Tactical_Precision_Trading : No Dogma !", "time": 1457483861.0, "sentiment": ""}, {"id": 50848547, "text": "$FB FANG stocks are making a nice comeback vis-a-vis yesterday. Yesterday&#39;s losers will become today&#39;s darlings... $GOOGL $AMZN $NFLX $GOOG", "time": 1457483796.0, "sentiment": ""}, {"id": 50848290, "text": "@ep_capital  OMG!!!  Just got a head&#39;s up on this Piggy aka $AMZN...some see $620 within weeks??  How can that be??? Who will push her??", "time": 1457483588.0, "sentiment": "Bullish"}, {"id": 50848120, "text": "$AMZN is a sub 570 TRAIN at the Station folks!  Enjoy the free cash above 575....", "time": 1457483463.0, "sentiment": "Bullish"}, {"id": 50847757, "text": "Solid bounce back today for #FANG #Stocks\n$FB $AMZN $NFLX $GOOGL &gt; +1%\n$NQ_F +3", "time": 1457483216.0, "sentiment": ""}, {"id": 50847519, "text": "@gapngo Our beloved $AMZN is going to explode higher this week no matter what the SPY does....  $$$$$$", "time": 1457483054.0, "sentiment": "Bullish"}, {"id": 50847372, "text": "$AMZN i made 110% on this Thur from playing a fade and flipping into pro shares when the market mo&#39; shifted. A day when the market was flat.", "time": 1457482945.0, "sentiment": ""}, {"id": 50847367, "text": "Why $FB = the Best Global Social Mobile Video Investment 4 the Future $NFLX $AMZN $MSFT $IBM $CSCO $GOOG $AAPL $INTC http://stks.co/g45sz", "time": 1457482943.0, "sentiment": ""}, {"id": 50847358, "text": "$NFLX in short these names $NFLX $AMZN $JPM $C $TSLA", "time": 1457482937.0, "sentiment": ""}, {"id": 50847274, "text": "$AMZN yep..", "time": 1457482882.0, "sentiment": ""}, {"id": 50847141, "text": "$AMZN ....Uncle Jake said earlier...best to get positioned in Amazon LT...wonder whyyy???  Hmmmmm.... Thanks Jake!", "time": 1457482786.0, "sentiment": ""}, {"id": 50847088, "text": "$AMZN taking the lead", "time": 1457482756.0, "sentiment": ""}, {"id": 50846928, "text": "@szaman No one sees $585++ for $AMZN in MAR....hmmmmm.", "time": 1457482625.0, "sentiment": "Bullish"}, {"id": 50846563, "text": "$SPY yesterdays laggards lead the bounce, $GOOGL $AMZN $FB, no rhyme or reason. Just got to deal with it. SHORTS I&#39;m all out", "time": 1457482350.0, "sentiment": ""}, {"id": 50846418, "text": "$AMZN we are on track for $575- $580...I think I already said that earlier for shorts...sorry!  $$$$$$$", "time": 1457482243.0, "sentiment": "Bullish"}, {"id": 50846386, "text": "That was $AMZN.", "time": 1457482222.0, "sentiment": ""}, {"id": 50846333, "text": "$AMZN  hod", "time": 1457482192.0, "sentiment": ""}, {"id": 50846178, "text": "$AMZN day high break out", "time": 1457482085.0, "sentiment": ""}, {"id": 50846164, "text": "@jcksprrw We have a nasty runup coming for $AMZN for cause.....", "time": 1457482071.0, "sentiment": "Bullish"}, {"id": 50846046, "text": "$FB $AMZN $NFLX $GOOG A lambs to the slaughter kind of thing. Big boys want to de-risk from momo names that have gone too far for too long.", "time": 1457481986.0, "sentiment": ""}, {"id": 50846017, "text": "$AMZN ...the fiddle is being played...hopefully the shorts are listening to the Amazon music here.... 570++", "time": 1457481964.0, "sentiment": "Bullish"}, {"id": 50845927, "text": "$AMZN", "time": 1457481895.0, "sentiment": ""}, {"id": 50845901, "text": "$AMZN under accumulation on this hiccup.... nice!!!", "time": 1457481882.0, "sentiment": "Bullish"}, {"id": 50845766, "text": "$AMZN definite shortterm buy candidate. Analysis: http://stks.co/c3SMO", "time": 1457481793.0, "sentiment": ""}, {"id": 50845414, "text": "$AMZN @ $575+ will be seen for cause...Do NOT screw this up!", "time": 1457481540.0, "sentiment": "Bullish"}, {"id": 50845326, "text": "$AMZN FANG leading the market back up?", "time": 1457481480.0, "sentiment": ""}, {"id": 50845272, "text": "$SPY  Appears that markets are being played as old leaders (that had appeared to be weak) attempting to reverse today\n\n$FB $AMZN $NFLX $GOOG", "time": 1457481441.0, "sentiment": "Bullish"}, {"id": 50845127, "text": "$AMZN .....shhhhhhh....Choo choo is coming your wayyy even if you don&#39;t want it!  ;-)", "time": 1457481351.0, "sentiment": ""}, {"id": 50845101, "text": "$AMZN Daily. Bouncing back with FANG stocks today but still below resistance trend. $550-$555 below needing to hold", "time": 1457481332.0, "sentiment": ""}, {"id": 50845067, "text": "$AMZN bull pros are just biding their time. The best game is to load low and HOLD on tight as AMZN will be a $600++ stock in 2016 again...", "time": 1457481304.0, "sentiment": ""}, {"id": 50845064, "text": "Will http://stks.co/f462Y Steal The Show From Alibaba? $JD Also $AMZN $BABA http://stks.co/g45ry", "time": 1457481302.0, "sentiment": ""}, {"id": 50844927, "text": "$fb $amzn $nflx seems some of the oil money gone back into the old momos", "time": 1457481206.0, "sentiment": ""}, {"id": 50844767, "text": "$AMZN LT gamers...  Do NOT pay more than $570.25 for this lil deceptive Piggy in coming days. Do not push the ask!!!", "time": 1457481098.0, "sentiment": ""}, {"id": 50844600, "text": "Everyone negative on #FANG stocks yesterday. Give me a break $FB $AMZN $NFLX $GOOGL $GOOG", "time": 1457480976.0, "sentiment": ""}, {"id": 50844469, "text": "$AMZN maybe we&#39;ll see some positive talk out of the fast money clowns", "time": 1457480877.0, "sentiment": ""}, {"id": 50844444, "text": "@bo2   We must allow room for the weak to exit their positions for a few hours....  $AMZN should be a heart breaker if too short. 570++", "time": 1457480860.0, "sentiment": ""}, {"id": 50844268, "text": "$AMZN although I want to see it much higher..I would say this is a big win for AMZN on a down day", "time": 1457480738.0, "sentiment": "Bullish"}, {"id": 50843859, "text": "$SPY $AMZN $NFLX $GOOG Carter Worth is on a big time losing streak. I think I am going opposite of his suggestions.", "time": 1457480463.0, "sentiment": ""}, {"id": 50843854, "text": "$AMZN needs more sellers near lows but we are at the threshold and that may not work too well if deep short. On radar for the churn.", "time": 1457480462.0, "sentiment": ""}, {"id": 50843847, "text": "$AMZN bears crawling back out", "time": 1457480453.0, "sentiment": ""}, {"id": 50843707, "text": "$AMZN bear flag", "time": 1457480356.0, "sentiment": "Bearish"}, {"id": 50843656, "text": "$AMZN -oversold", "time": 1457480317.0, "sentiment": ""}, {"id": 50843547, "text": "$AMZN - overpriced", "time": 1457480244.0, "sentiment": ""}, {"id": 50843532, "text": "$AMZN Ikew the bears would come out on this dip", "time": 1457480232.0, "sentiment": ""}, {"id": 50843402, "text": "$AMZN anyone else sensing a massive sell off before earnings next month.   Who wants to hold after what happened last time...", "time": 1457480138.0, "sentiment": "Bearish"}, {"id": 50843375, "text": "$AMZN market sucks", "time": 1457480123.0, "sentiment": ""}, {"id": 50843241, "text": "$AMZN ...excellent action!", "time": 1457480037.0, "sentiment": ""}, {"id": 50843118, "text": "$SPY 2015 S&amp;P500 = +1.4%. Ex. FANG ($FB, $AMZN, $NFLX, $GOOG) = -4.8%. 4 Stocks were up 60%+ on cap-weighted basis", "time": 1457479955.0, "sentiment": ""}, {"id": 50842479, "text": "$AMZN suggestion for retail gamers...  # 2.1, if you cannot envision the $575 area, you should sell all of your AMZN right now!  Don&#39;t wait!", "time": 1457479519.0, "sentiment": ""}, {"id": 50842387, "text": "StockTwits Trending Alert: Trading recent interest in http://stks.co/i46HL $AMZN http://stks.co/g45r8", "time": 1457479456.0, "sentiment": ""}, {"id": 50842156, "text": "http://stks.co/h46C1 outperform rating reiterated at Wells Fargo. http://stks.co/i46HF $AMZN", "time": 1457479332.0, "sentiment": ""}, {"id": 50841840, "text": "$SPY $FB $AMZN $NFLX $GOOGL Keeps retail confused. I&#39;m a pro and this market confuses me.", "time": 1457479121.0, "sentiment": ""}, {"id": 50841791, "text": "@gapngo  $AMZN...we have billions on the sidelines.... ;-) No brainer play, I agree!", "time": 1457479083.0, "sentiment": ""}, {"id": 50841782, "text": "$SPY 2nd day of abnormality, y&#39;day SPY was strong so called F A N G was weak, today they reversed. $FB $AMZN $NFLX $GOOGL", "time": 1457479078.0, "sentiment": ""}, {"id": 50841653, "text": "$AMZN ...one sweet ride this week....  ;-)", "time": 1457478988.0, "sentiment": ""}, {"id": 50841291, "text": "@Trading4Living short 1k $amzn from this morning  566.20", "time": 1457478763.0, "sentiment": ""}, {"id": 50841247, "text": "$AMZN waiting for this pig to break 555 and going back below 500.", "time": 1457478742.0, "sentiment": ""}, {"id": 50840659, "text": "http://stks.co/xLzm overweight rating reiterated at Piper Jaffray. $800.00 PT. http://stks.co/uM3T $AMZN", "time": 1457478421.0, "sentiment": ""}, {"id": 50840607, "text": "Earnings performance for $AMZN has been tough  http://stks.co/yLyv", "time": 1457478399.0, "sentiment": ""}, {"id": 50840458, "text": "$AMZN is very very near Liftoff where the millions in fuel will make our heads spin!!!! Enjoy this powerful move higher.", "time": 1457478319.0, "sentiment": "Bullish"}, {"id": 50840165, "text": "$AMZN strength is with those who want to own sub 570 stock even in these wonderful times!  Accumulation is key here. ;-)", "time": 1457478177.0, "sentiment": ""}, {"id": 50840150, "text": "Amazon Will Air Its First Live Show Tonight -- and It&#39;ll Be Shoppable $AMZN http://stks.co/yLyj", "time": 1457478168.0, "sentiment": ""}, {"id": 50840081, "text": "$AMZN just what I was thinking. Green afternoon reversal.", "time": 1457478141.0, "sentiment": ""}, {"id": 50839966, "text": "$AMZN if the market turns this could be very nice...", "time": 1457478069.0, "sentiment": ""}, {"id": 50839914, "text": "Analysts Provide Updates on Two Internet Giants: $LNKD and $AMZN http://stks.co/g45qF", "time": 1457478044.0, "sentiment": ""}, {"id": 50839571, "text": "$AMZN bounced hard as heck of $555... Amazing", "time": 1457477861.0, "sentiment": ""}, {"id": 50839406, "text": "@racernic Our beloved $AMZN is prepping for a slight Launch Pad...Launch Mode is setting up.  Hmmmmm...what will shorts do???", "time": 1457477761.0, "sentiment": ""}, {"id": 50839353, "text": "$AMZN - #Amazon goes #Orwellian in a Bid to Prevent Warehouse #Theft\nhttp://stks.co/vLw1", "time": 1457477735.0, "sentiment": ""}, {"id": 50839214, "text": "FANG green today after yest&#39;s drubbing. here are a few levels 4u $FB $AMZN $NFLX $GOOGL $GOOG http://stks.co/g45q0", "time": 1457477655.0, "sentiment": ""}, {"id": 50839021, "text": "$AMZN  visions.... the shorts will need to reassess the 590 level when she gets there...  please be very careful here. Thx Jake!", "time": 1457477549.0, "sentiment": ""}, {"id": 50838856, "text": "Is there suddenly an inverse relationship now with $IWM and $FB $AMZN $NFLX $GOOGL?", "time": 1457477473.0, "sentiment": ""}, {"id": 50838727, "text": "$AMZN ...the algo break should be realized within a few hours....  $$$$$  AMZN on her way very very slowly!  ;-)", "time": 1457477412.0, "sentiment": "Bullish"}, {"id": 50838406, "text": "$AMZN should be trading in the 570++ area very soon...please be very careful on the ascent!  Enjoy the strength!!!", "time": 1457477246.0, "sentiment": "Bullish"}, {"id": 50838209, "text": "$AMZN market not helping a bit...maybe it will turn...", "time": 1457477138.0, "sentiment": ""}, {"id": 50838088, "text": "$GOOGL and $AMZN don&#39;t care about $SPY. Let it drop :)", "time": 1457477080.0, "sentiment": ""}, {"id": 50837910, "text": "$AMZN  $570+++???  I smell TRAIN fumes....  though not pleasant it does add short fueling via coal!!! $580++??", "time": 1457476988.0, "sentiment": "Bullish"}, {"id": 50837567, "text": "$AMZN holding on to puts, not convinced about this piggy...", "time": 1457476812.0, "sentiment": "Bearish"}, {"id": 50837558, "text": "$AMZN ...we are facing Launch Mode as Jake suggests getting positioned...hmmmmmm", "time": 1457476808.0, "sentiment": ""}, {"id": 50837480, "text": "http://stks.co/uM2V just filed a paper-based report  http://stks.co/xLyu $AMZN", "time": 1457476765.0, "sentiment": ""}, {"id": 50837396, "text": "$SPY Stop trading $VIX, we have a new inverse relationship. $SPY vs FANG. $AMZN, $GOOGL, $FB", "time": 1457476718.0, "sentiment": ""}]