[{"id": 55381514, "text": "Amazon.com&#39;s overweight rating reiterated at Piper Jaffray. $800.00 PT. http://www.analystratings.net/r/650698 $AMZN", "time": 1464063986.0, "sentiment": ""}, {"id": 55380660, "text": "Daily Recap: A Day Full Of Narrow Ranges\nhttp://viralmarketnews.com/t3-live-daily-recap-a-day-full-of-narrow-ranges/\n$SPX $IBB $FB $AMZN $CRM $NVDA $JPM $C $USO $XLE $TSLA $NFLX $AAPL", "time": 1464063442.0, "sentiment": ""}, {"id": 55380084, "text": "$AMZN Amzn going to dump a bit before going up again. tmrw ill be a bad day", "time": 1464063014.0, "sentiment": "Bearish"}, {"id": 55377474, "text": "Maybe the A in FANG stocks should stand for Apple instead of Amazon? #sarcasm #orisit $FB $AAPL $AMZN $NFLX $GOOGL On that note, good night.", "time": 1464060880.0, "sentiment": ""}, {"id": 55374806, "text": "Amazon.com&#39;s buy rating reiterated at Bank of America. $840.00 PT. http://www.analystratings.net/r/650677 $AMZN", "time": 1464059191.0, "sentiment": ""}, {"id": 55374121, "text": "$AMZN BOTH $FB and $amzn had an earnings gap up and both are showing reality checks.Very overpriced", "time": 1464058897.0, "sentiment": ""}, {"id": 55373904, "text": "$AMZN Chart showing prior basing pattern time to new highs", "time": 1464058803.0, "sentiment": ""}, {"id": 55373711, "text": "$AMZN Overbalancing Down: Time and Price: Cycle hits 2morro: 2 of them: could explode down time angles", "time": 1464058711.0, "sentiment": ""}, {"id": 55373475, "text": "Amazon Will Shoot at Least 15% Higher $AMZN - http://investorplace.com/2016/05/amazon-amzn-stock-15-percent-upside/", "time": 1464058602.0, "sentiment": "Bullish"}, {"id": 55373387, "text": "$AMZN they tried to prop it up all day", "time": 1464058558.0, "sentiment": ""}, {"id": 55371310, "text": "$AMZN $fb looks like it&#39;ll snap that $116 to day low, as $amzn looks to follow its fellow fang down", "time": 1464057406.0, "sentiment": ""}, {"id": 55371276, "text": "@GrindTime there is some sense in buying $amzn at that high PE Iam not sure how people buy this POS at this ridiculous PE", "time": 1464057385.0, "sentiment": ""}, {"id": 55371067, "text": "$STMP Its platform is also integrated in key partner programs like AMZN&#39;s Marketplace. Stmp is a good play on $AMZN shipping growth", "time": 1464057267.0, "sentiment": "Bullish"}, {"id": 55370741, "text": "@Lach14 Did not know you had $AMZN.", "time": 1464057069.0, "sentiment": "Bullish"}, {"id": 55370282, "text": "$FB takes out April lows.  Caution.  MACD Sell signal 5/18, same day as $AMZN - just coincidence?  $QQQ $SPY", "time": 1464056772.0, "sentiment": ""}, {"id": 55369793, "text": "The Amazon peak was 722?  Perhaps.   Sell 1/3, profits are good.  Big run lately. $AMZN $QQQ $SPY", "time": 1464056464.0, "sentiment": ""}, {"id": 55369433, "text": "$SPY, $SPX, $DJIA, $COMPQ, $FB, $AMZN, $BAC Short SPY and LONG VIX", "time": 1464056204.0, "sentiment": ""}, {"id": 55368923, "text": "$GOOGL looking into over night German GDP numbers and if it is good buy more $GS $JPM $C $AMZN $PCLN $BIDU", "time": 1464055864.0, "sentiment": "Bullish"}, {"id": 55368519, "text": "Amazon&#39;s Local Play May Be Starting to Deliver $AMZN http://dlvr.it/LNWT5z", "time": 1464055597.0, "sentiment": ""}, {"id": 55368127, "text": "Wal-Mart Stores, Inc. $WMT vs. Amazon.com, Inc. $AMZN : The Battle Heats Up http://etfdailynews.com/2016/05/23/wal-mart-stores-inc-vs-amazon-com-inc-the-battle-heats-up/", "time": 1464055343.0, "sentiment": ""}, {"id": 55367979, "text": "$AMZN trade wk#4 only based on $695 holding by EOD Friday (435 contracts). Musing send Fri. suggested this fill  if price gaped dwn.@open.", "time": 1464055245.0, "sentiment": ""}, {"id": 55367896, "text": "Why Investors Don&#39;t Need To Fear @RealDonaldTrump $AAPL #APPLE $AMZN $FB $GOOG $GOOGL $HOG $UTX http://seekingalpha.com/article/3977017-fear-donald-trump?source=feed_f", "time": 1464055194.0, "sentiment": ""}, {"id": 55367125, "text": "Here&#39;s a list of lame comments wasting everyone&#39;s time: &quot;it&#39;s up&quot; &quot;it&#39;s down&quot; &quot;it&#39;s flat&quot; duuuh! Predictions please!!! $SPY $AMZN", "time": 1464054746.0, "sentiment": ""}, {"id": 55367120, "text": "&quot;Generation Z: Rethinking Investment Ideas on Winds of Change&quot; $AMZN $EBAY $GRPN $FB $TWTR https://www.zacks.com/stock/news/218149/generation-z-rethinking-investment-ideas-on-winds-of-change", "time": 1464054743.0, "sentiment": ""}, {"id": 55367016, "text": "$AMZN $aapl Lab Rats rotating back from AMZN to AAPL", "time": 1464054681.0, "sentiment": ""}, {"id": 55366938, "text": "$UVXY $spy $iwm $amzn Global markets deep red except Fed sponsored U.S. PONZI,.  Keep buying thoze 10000 PE stawx. What could go wrong?", "time": 1464054643.0, "sentiment": ""}, {"id": 55366508, "text": "@Darling @tunwang better indicators trading $AMZN is RSI(14),Williams%R(10)  These show uptrend now. Short term trading difficult to use MA", "time": 1464054370.0, "sentiment": ""}, {"id": 55366356, "text": "$AMZN- Kind of surprising:  MACD Sell signal 5/18/16, anniversary of $SPY highs of 2015. $QQQ Somehow appropriate.", "time": 1464054276.0, "sentiment": ""}, {"id": 55366223, "text": "Retail ETFs: Could Q1 Misery Continue? http://www.etftrends.com/2016/05/retail-etfs-could-q1-misery-continue/ $XRT $RTH $WMT $AMZN", "time": 1464054188.0, "sentiment": ""}, {"id": 55365792, "text": "$AMZN EOD 695", "time": 1464053897.0, "sentiment": ""}, {"id": 55365452, "text": "@tunwang agree $AMZN. Dips being bought indicators &quot;slanting up&quot; on price lines.", "time": 1464053663.0, "sentiment": ""}, {"id": 55365165, "text": "$AMZN EOD 702.", "time": 1464053499.0, "sentiment": ""}, {"id": 55365086, "text": "The Fab 5 for $QQQ:  $AAPL 11%, $GOOGL 9.3%, $MSFT 8.5%, $AMZN +5.5%  $FB 5%  = 39% of index.", "time": 1464053458.0, "sentiment": ""}, {"id": 55364802, "text": "$AMZN sorry Williams%R(10) ..", "time": 1464053287.0, "sentiment": ""}, {"id": 55364606, "text": "$AMZN Williams@R(10) interesting indicator to watch for pivot pts. @ -70 tried to reverse back up/consolidate price sideways.Lots of churn!", "time": 1464053164.0, "sentiment": ""}, {"id": 55364509, "text": "@Parkar I don&#39;t understand why GRPN is only 3.50 rangebound &amp; I never shop $AMZN . $EBAY is cool but my heart/wallet belong to GRPN Local!", "time": 1464053107.0, "sentiment": ""}, {"id": 55364174, "text": "Out of $AMZN  , made money for my broker. you r welcome.", "time": 1464052890.0, "sentiment": ""}, {"id": 55362908, "text": "$AMZN Piper Jaffray Weighs in on Amazon In Light of Automated Consumption Rising http://www.smarteranalyst.com/2016/05/23/256918/", "time": 1464052122.0, "sentiment": ""}, {"id": 55362635, "text": "Why $AMZN Can Gain Another 15% Before Summer&#39;s Through - http://investorplace.com/2016/05/amazon-amzn-stock-15-percent-upside/", "time": 1464051934.0, "sentiment": "Bullish"}, {"id": 55362324, "text": "Dull Market Has Some Nice Bullish Setups $BAC $BKD $EEP $ETP $FTK $LNKD $ORI $PFG $XEC $AAPL $ADBE $AMZN $QCOM http://goo.gl/6TQzlz", "time": 1464051741.0, "sentiment": ""}, {"id": 55362305, "text": "This Is the Only Company Spending More on R&amp;D Than Alphabet: http://bit.ly/230516GOOGL $AMZN", "time": 1464051721.0, "sentiment": ""}, {"id": 55362117, "text": "$AMZN there is tremendous force up on this stock.i have the feeling is going end positive", "time": 1464051611.0, "sentiment": ""}, {"id": 55360929, "text": "$AMZN When u give a co a 300 billion mkt cap and it makes little to zero money, u call it &quot;underappreciated&quot;? What r u smokin&#39;?", "time": 1464050962.0, "sentiment": ""}, {"id": 55360319, "text": "Amazon Currently Underappreciated by Investors: Piper Jaffray http://goo.gl/FL5Zga $AMZN", "time": 1464050632.0, "sentiment": ""}, {"id": 55360207, "text": "Amazon Has Gained a New Competitor Thanks to Google Home: http://bit.ly/230516AMZN $AMZN", "time": 1464050569.0, "sentiment": "Bullish"}, {"id": 55359520, "text": "90% of $AMZN net income goes to stock compensation. wow. GAAP earnings such a b*tch 4 companies tht don&#39;t make money http://www.bloomberg.com/news/articles/2016-05-03/amazon-web-giants-shift-to-reporting-real-cost-of-equity-pay", "time": 1464050208.0, "sentiment": ""}, {"id": 55359158, "text": "Moved stop in $AMZN short at break even 699.40", "time": 1464049991.0, "sentiment": "Bearish"}, {"id": 55358419, "text": "@commonking lol. doesnt $BBY price match $AMZN now?", "time": 1464049549.0, "sentiment": ""}, {"id": 55358096, "text": "$BBY green 3 days in a row $AMZN red. interesting.", "time": 1464049363.0, "sentiment": ""}, {"id": 55357572, "text": "$AMZN Price action seems waiting to fall down. Will close by 690 today", "time": 1464049068.0, "sentiment": "Bearish"}, {"id": 55357437, "text": "$FB, $googl, $amzn, $aapl, $cpxx  Something Rare Is Happening in This Market http://realmoney.thestreet.com/articles/05/23/2016/something-rare-happening-market?puc=yahoo&amp;cm_ven=YAHOO", "time": 1464048982.0, "sentiment": ""}, {"id": 55357308, "text": "$AMZN: Amazon Stock Will Shoot at Least 15% Higher This Summer - http://investorplace.com/2016/05/amazon-amzn-stock-15-percent-upside/", "time": 1464048911.0, "sentiment": "Bullish"}, {"id": 55355450, "text": "$brk.b $amzn $fb $Jnj $t $jpm $xom $msft $AAPL All interconnected to the point  any one can bring down the other...also others too but no ro", "time": 1464047921.0, "sentiment": "Bearish"}, {"id": 55355449, "text": "Short $AMZN with $2 stop", "time": 1464047916.0, "sentiment": ""}, {"id": 55355425, "text": "$XON  THIS COULD BE THE STOCK OF THE DECADE owns Oxitec  Zika solution &amp; many more divisions \nhttp://video.cnbc.com/gallery/?video=3000353181   $AAPL $AMZN  $GOOG", "time": 1464047906.0, "sentiment": "Bullish"}, {"id": 55354178, "text": "$AMZN BMO was $705+ on 2 analysts speaking to assets &quot;underappreciated&quot;. Seems bias a very slow grind up but P/E creating &quot;hesitancy&quot;", "time": 1464047289.0, "sentiment": ""}, {"id": 55353666, "text": "$AMZN is trying get above 700, fail here would be really bearish", "time": 1464047057.0, "sentiment": ""}, {"id": 55353273, "text": "$AMZN Business", "time": 1464046862.0, "sentiment": "Bullish"}, {"id": 55353191, "text": "bought 2 AC units over the weekend. after 30 minutes trying to get $HD website to cooperate gave up &amp; just bought from $AMZN @HomeDepot", "time": 1464046825.0, "sentiment": ""}, {"id": 55352917, "text": "&#39;Amazon Business&#39; Could Be Yet Another Huge Long-Term Growth Driver $AMZN http://benzinga.com/z/8018644", "time": 1464046710.0, "sentiment": ""}, {"id": 55352692, "text": "$AMZN filled wk#4 695/692.50 cps per my musing suggestion Do your own DD. $690/687.50 cps &quot;safer&quot;. I like higher credits/ok w/ risk.", "time": 1464046606.0, "sentiment": ""}, {"id": 55350158, "text": "$AMZN Amzn continues down. Will hit 695 and go to 690", "time": 1464045229.0, "sentiment": "Bearish"}, {"id": 55349305, "text": "$AMZN https://stockmarketvideo.com/stocks-to-buy-now/", "time": 1464044696.0, "sentiment": ""}, {"id": 55349146, "text": "$AMZN #Amazon to be the leader in automatic consumption \u2013 Piper Jaffray - http://goo.gl/oQjMLP", "time": 1464044593.0, "sentiment": ""}, {"id": 55348859, "text": "@daytrader19 Google and $MSFT have their own clouds....if not $AMZN, then them.  No difference to $NFLX but loss of revenue to AMZN.", "time": 1464044427.0, "sentiment": ""}, {"id": 55348451, "text": "@reez007 @Thundersforever @lumberjax @mesoawsome @mesflash @Cookie_M @Stockcat01 @PerSE @Velvetcrowbar @Surfnm $AAPL resting $AMZN has acold", "time": 1464044185.0, "sentiment": ""}, {"id": 55348254, "text": "watch out ww/ $BABA $GOOG $DD $PG $AMZN $GM $NYCB $SBUX $SE $ACHC $ISBC $WMT", "time": 1464044075.0, "sentiment": "Bullish"}, {"id": 55348153, "text": "Hedge Funds Hold Onto Last Year\u2019s Favorites $FB $AGN $AMZN $GOOG $GOOGL $AAPL $MSFT $YHOO", "time": 1464044017.0, "sentiment": ""}, {"id": 55347493, "text": "$AMZN $WMT Analysts Provide Insights on Amazon and Wal-Mart Stores \n\nhttp://www.smarteranalyst.com/2016/05/23/analysts-chime-in-on-stock-giants-amazon-com-inc-amzn-and-wal-mart-stores-inc-wmt/", "time": 1464043612.0, "sentiment": ""}, {"id": 55347136, "text": "$AMZN target 690", "time": 1464043410.0, "sentiment": ""}, {"id": 55346902, "text": "$AMZN getting closer to the $695 mark, which starts a slippery down slope.Remember there is a jumbo gap to fill, from the earnings gap", "time": 1464043259.0, "sentiment": ""}, {"id": 55346608, "text": "$AMZN new LOD coming?", "time": 1464043099.0, "sentiment": ""}, {"id": 55346546, "text": "Broker Roundup: $AMZN $WMT http://goo.gl/zPFHfK", "time": 1464043061.0, "sentiment": ""}, {"id": 55346093, "text": "$AMZN Will wait patiently for sub $600", "time": 1464042830.0, "sentiment": ""}, {"id": 55345600, "text": "$NFLX does nflx really bring enough revenue to AWS for $AMZN to allow the competitor to run on its own platform? Why not jack the price up?", "time": 1464042548.0, "sentiment": ""}, {"id": 55345032, "text": "$AMZN If mkt continues to be relatively weak we may revisit those  sub $690 levels today", "time": 1464042253.0, "sentiment": ""}, {"id": 55344512, "text": "$AMZN In 699", "time": 1464042028.0, "sentiment": ""}, {"id": 55342657, "text": "$GOOGL $AMZN $FB $MSFT getting sold today", "time": 1464041113.0, "sentiment": ""}, {"id": 55342345, "text": "$AMZN has a pe of about 300.There is nothing &quot;unappreciated&quot; in this mature co. Remember they make little to zero money", "time": 1464040969.0, "sentiment": ""}, {"id": 55341895, "text": "@Venge Depends on the health of the market, but I could see $AMZN becoming what $AAPL was over the past few years.", "time": 1464040731.0, "sentiment": ""}, {"id": 55341554, "text": "$AMZN Lab Rats over the cliff", "time": 1464040529.0, "sentiment": ""}, {"id": 55341325, "text": "$AAPL is 2.96% of $SPY, $FB $AMZN $GOOGL $MSFT slightly down (are 7.6% of SPY). Watching 4 buyers, &amp; seeing how they act at supports.", "time": 1464040406.0, "sentiment": ""}, {"id": 55341242, "text": "$AMZN has positive cash flow of almost $12billion.  Just because they cheat the taxman does not mean they do not make profit. They do.", "time": 1464040353.0, "sentiment": ""}, {"id": 55341228, "text": "I still think $AMZN has the potential to be the market&#39;s next BIG leader. $SPY $QQQ", "time": 1464040348.0, "sentiment": ""}, {"id": 55340383, "text": "Watching $AMZN 695 puts", "time": 1464039842.0, "sentiment": ""}, {"id": 55340281, "text": "Amazon seen with underappreciated opportunities in B2B, automated consumption - $AMZN,$SPLS,$ODP http://bit.ly/25hKWBT", "time": 1464039769.0, "sentiment": ""}, {"id": 55339280, "text": "Jim Cramer -- Amazon, Alcoa Are Exciting the Analysts $AMZN http://dlvr.it/LNQjpg", "time": 1464039187.0, "sentiment": ""}, {"id": 55339068, "text": "$AMZN $NFLX sitting on June puts", "time": 1464039068.0, "sentiment": ""}, {"id": 55337702, "text": "$AMZN The one guy still standing is $wmt and eventually will knock amzn back to size", "time": 1464038350.0, "sentiment": ""}, {"id": 55337603, "text": "$AMZN a disruptor that has added no value, if u think about it.Nobody in retail makes money anymore.Not $amzn, not traditional stores", "time": 1464038288.0, "sentiment": ""}, {"id": 55337447, "text": "$AMZN Bezos has built a co that makes almost no money, yet knocked the rest of retail to the floor.Can it last? Very unlikely", "time": 1464038200.0, "sentiment": ""}, {"id": 55336949, "text": "Salesforce.com&#39;s ($CRM) 9-Figure Deal with Amazon ($AMZN) - UBS http://streetinsider.com/rs/11662538", "time": 1464037952.0, "sentiment": ""}, {"id": 55336253, "text": "Amazon Leads Cloud Services by Wide Margin ($AMZN)  http://www.investopedia.com/articles/insights/052216/amazon-leads-cloud-services-wide-margin-amzn.asp?utm_source=twitter&amp;utm_medium=social&amp;utm_campaign=shareurlbuttons", "time": 1464037611.0, "sentiment": ""}, {"id": 55335864, "text": "Generation Z: Rethinking Investment Ideas on Winds of Change. $AMZN $EBAY $GRPN $FB $TWTR https://www.zacks.com/stock/news/218149/generation-z-rethinking-investment-ideas-on-winds-of-change", "time": 1464037453.0, "sentiment": ""}, {"id": 55334589, "text": "$AMZN = $$$$$$$$$$$$$$$$$$$$$$$$$$$$$$$$$$$$$  Awesome dipper!!!", "time": 1464036874.0, "sentiment": ""}, {"id": 55334569, "text": "Watching $FB and $AMZN, they both seem a little tired. $SPY", "time": 1464036870.0, "sentiment": ""}, {"id": 55334254, "text": "$AMZN  $TSLA some profit taking", "time": 1464036730.0, "sentiment": ""}, {"id": 55333543, "text": "Are Uber Drivers&#39; days numbered? $GM $F $GOOGL $AMZN https://www.zacks.com/stock/news/218095/forget-lawsuits-uber-drivers-days-are-numbered", "time": 1464036402.0, "sentiment": ""}, {"id": 55333471, "text": "$AMZN Why a red day?", "time": 1464036368.0, "sentiment": ""}, {"id": 55333292, "text": "10 Stocks to Watch This Week - Only The Winners http://www.sparkfin.com/10-stocks-watch-week-winners/ $SPY $AAPL $AMZN", "time": 1464036276.0, "sentiment": ""}, {"id": 55333201, "text": "$AMZN reversal as expected in email. $FSLR don&#39;t be afraid to take some off from Friday.  $AKRX looking good.", "time": 1464036240.0, "sentiment": ""}, {"id": 55333178, "text": "$AMZN = $$$$$$$$$$$$$$$$$$$$$$$$$", "time": 1464036230.0, "sentiment": ""}, {"id": 55332499, "text": "Analysts Highlight Survivors of the Retail Slowdown: $AMZN $TGT $WMT http://goo.gl/wMuWsA", "time": 1464035931.0, "sentiment": ""}, {"id": 55331729, "text": "Should You Really Stay Away From $FB, $GOOGL and $AMZN? - http://investorplace.com/2016/05/big-reason-googl-amzn-fb/", "time": 1464035554.0, "sentiment": ""}, {"id": 55331288, "text": "$AMZN ....piggies must keep buying the fatt premium until 725.....", "time": 1464035276.0, "sentiment": ""}, {"id": 55330536, "text": "$spy $aapl $googl $amzn $tsla anyone using range chart and tick indicator. I am with TOS and want to know where I can learn the tick chart", "time": 1464034761.0, "sentiment": ""}, {"id": 55330371, "text": "7 Bulletproof Blue-Chip Stocks to Buy $FB $CTXS $MCD $AMZN ... \nhttp://investorplace.com/2016/05/7-bulletproof-blue-chip-stocks-buy/", "time": 1464034630.0, "sentiment": "Bullish"}, {"id": 55329503, "text": "$AMZN Amazon amid positive outlook http://www.economies.com/stocks/united-states-analysis/amazon-amid-positive-outlook---analysis---23-05-2016-26759", "time": 1464033909.0, "sentiment": ""}, {"id": 55328938, "text": "Amazon Business opportunity may be bigger than realized, says BofA/Merrill - $AMZN http://bit.ly/22lLb9Y", "time": 1464033398.0, "sentiment": ""}, {"id": 55328518, "text": "$AMZN gaming the 600&#39;s for a bit yet. No great rush here as we just digested the low 690&#39;s which could creep back into view....", "time": 1464032994.0, "sentiment": ""}, {"id": 55328245, "text": "$AMZN 1st time in a while this has has such low premarket vol., rally might be exhausted, needs a catalyst (like that $1000 PT reiteration)", "time": 1464032714.0, "sentiment": ""}, {"id": 55327862, "text": "@nadviento $BBY is really tough for me. Even though $HD and $WMT survived $AMZN wrath, $BBY has things you can buy on Amazon still", "time": 1464032335.0, "sentiment": ""}, {"id": 55326876, "text": "5-star analyst Gene Munster from Piper Jaffray reiterated a BUY on $AMZN. Gene has a 60% success rate http://tipranks.com/experts/Gene-Munster", "time": 1464031160.0, "sentiment": ""}, {"id": 55326661, "text": "$AMZN https://stockmarketvideo.com/stocks-to-buy-now", "time": 1464030874.0, "sentiment": ""}, {"id": 55326116, "text": "$STUDY TrendLines Targets $ES_F https://www.youtube.com/watch?v=D3v2slKqpTo . $SPX $SPY $AMZN $CL_F $GOOG $NFLX $TWTR $QQQ $TNA $INTC $BAC $BIB $LABU $UVXY $W", "time": 1464030080.0, "sentiment": ""}, {"id": 55325532, "text": "$AMZN = $$$$$$ ;-)", "time": 1464029044.0, "sentiment": ""}, {"id": 55325302, "text": "$AMZN $GOOG", "time": 1464028605.0, "sentiment": ""}, {"id": 55324994, "text": "Amazon ($AMZN) Automating Consumption - PiperJaffray http://streetinsider.com/rs/11661492", "time": 1464027832.0, "sentiment": ""}, {"id": 55324913, "text": "Barron&#39;s Picks And Pans: Boeing, Red Hat, First Data And More $AAPL $AMZN $AWI $FDC $RHT $AMZN $FB   http://benzinga.com/z/8015862 via @benzinga", "time": 1464027601.0, "sentiment": ""}, {"id": 55324156, "text": "Analysts Highlight Survivors Of The Retail Slowdown: Amazon, Target And Wal-Mart Stores $TGT $WMT $AMZN http://goo.gl/eYlQKV", "time": 1464025142.0, "sentiment": ""}, {"id": 55324032, "text": "$AMZN is up more than 116% since this bullish forecast\nhttp://seekingalpha.com/article/2282703-algorithm-predicts-that-amazon-is-still-hot-even-if-the-fire-phone-goes-up-in-smoke\n$AMZN is still a good pick for 2016:https://www.reddit.com/r/Stock_Picks/comments/4kn24h/amzn_amazons_stock_is_up_from_ipo_a_mindboggling/", "time": 1464024576.0, "sentiment": ""}, {"id": 55323630, "text": "Piper says automated consumption underappreciated by Amazon investors - $AMZN http://bit.ly/1TRi7kn", "time": 1464022713.0, "sentiment": ""}, {"id": 55322329, "text": "$AMZN Tom 707?", "time": 1464011814.0, "sentiment": ""}, {"id": 55321036, "text": "$amzn $goog", "time": 1464004113.0, "sentiment": ""}, {"id": 55320639, "text": "$AMZN lmao", "time": 1464002688.0, "sentiment": ""}, {"id": 55319915, "text": "$NFLX $aapl $cmg $m $fit $gpro $amzn $goog feels it&#39;s gonna b red Monday... I guess I wait for the dip...  ;)", "time": 1464000131.0, "sentiment": ""}, {"id": 55319205, "text": "@Astraeus  however PLUG has now landed $HD and $NKE. USPS is on deck.$TGT &amp; $AMZN could be next. $WMT just the first of many.", "time": 1463997784.0, "sentiment": ""}, {"id": 55317782, "text": "$AMZN don&#39;t bother shorting now, they wanna trap more blind Bulls, short at $75x , cover at $55x by next ER??", "time": 1463993364.0, "sentiment": ""}, {"id": 55317749, "text": "$AMZN again I think this is a bear trap . If not why did very big investors closed positions on the stock two weeks ago?", "time": 1463993269.0, "sentiment": "Bearish"}, {"id": 55317713, "text": "$AMZN $GOOG", "time": 1463993181.0, "sentiment": ""}, {"id": 55317174, "text": "FREE: New Video Market Update. https://www.youtube.com/watch?v=Pz8_lr1-GWA $SPY $IBB $XLF $AAPL $TSLA $JPM $NFLX $AMZN $GILD $JUNO $PANW", "time": 1463991816.0, "sentiment": ""}, {"id": 55315637, "text": "$AMZN https://www.youtube.com/watch?v=NUrOUFiMkYw", "time": 1463987575.0, "sentiment": "Bullish"}, {"id": 55315287, "text": "Weekend Stock Market Recap &amp; Sector Analysis https://youtu.be/gHoETw9PxdU $SPY $QQQ $USO $AAPL $AMZN $TWTR $TSLA &amp; more #Trading", "time": 1463986542.0, "sentiment": ""}, {"id": 55314693, "text": "great swings for the market. traders galore without the volatility. stay nimble my friends $spy $amzn $nflx. take advantage of the range", "time": 1463984983.0, "sentiment": ""}, {"id": 55314225, "text": "$AMZN Should have a couple more days of green.", "time": 1463983513.0, "sentiment": ""}, {"id": 55313365, "text": "$WMT Cautious..   $AMZN Bullish", "time": 1463980640.0, "sentiment": ""}, {"id": 55313330, "text": "Investors in $AMZN are pumped for the huge increases in Revenue, Net Income and Cash flow expected in 2 years https://simplywall.st/NasdaqGS:AMZN/?utm_source=top100&amp;utm_medium=stocktwits&amp;utm_content=positive&amp;utm_campaign=future_performance_score_high&amp;anchor=future-profit#future-profit", "time": 1463980525.0, "sentiment": "Bullish"}, {"id": 55313205, "text": "Analysts Highlight Survivors Of The Retail Slowdown: Amazon, Target And Wal-Mart Stores $TGT $WMT $AMZN http://goo.gl/eYlQKV", "time": 1463980081.0, "sentiment": ""}, {"id": 55311612, "text": "Catch us live today at 6:30 as we predict the next move in the markets, $SPY  $XLE $GOOG  $DJIA $CL_F $AMZN  $AAPL https://www.youtube.com/watch?v=yRv3g_sIpH8", "time": 1463974030.0, "sentiment": ""}, {"id": 55309794, "text": "I&#39;m not sure $AMZN is killing retail, I think retail is killing retail $XRT.  I went shopping for menswear, piles of ugly unsold merchandise", "time": 1463966437.0, "sentiment": ""}, {"id": 55309447, "text": "Facebook&#39;s buy rating reiterated at Piper Jaffray. $170.00 PT. http://www.analystratings.net/r/650186 $FB Compare with $AMZN valuation, should be 170 NOW!", "time": 1463964954.0, "sentiment": ""}, {"id": 55309116, "text": "$AMZN If there&#39;s another $1000 PT call this week this will hit $750 IMO", "time": 1463963557.0, "sentiment": "Bullish"}, {"id": 55308910, "text": "Barron&#39;s Picks And Pans: Boeing, Red Hat, First Data And More $AAPL $AMZN $AWI $RHT $FB $JCI $FDC http://benzinga.com/z/8015862", "time": 1463963005.0, "sentiment": ""}, {"id": 55308861, "text": "What makes Bezos great is he owns mistakes ... $amzn  http://www.businessinsider.com/jeff-bezos-why-fire-phone-was-a-good-thing-2016-5", "time": 1463962852.0, "sentiment": ""}, {"id": 55308670, "text": "As expected $700 magnet into OPEX. $AMZN", "time": 1463962247.0, "sentiment": ""}, {"id": 55307495, "text": "Growth Seeker: Navigating the Earnings Recession $AMZN http://dlvr.it/LN2TgT", "time": 1463958307.0, "sentiment": ""}, {"id": 55307478, "text": "$AMZN Remember when this traded at $17 and analysts and the general public said it would never work? LoLoL HAHA!", "time": 1463958241.0, "sentiment": ""}, {"id": 55306640, "text": "Trump warns of tech bubble, says current market is \u2018very strange\u2019 $SPY  $AMZN $FB $GOOGL $AAPL $T $VZ   geekwire.com/2016/trump-war... Bearish", "time": 1463955609.0, "sentiment": "Bearish"}, {"id": 55305812, "text": "Amazon is the Google of Ecommerce $amzn $goog", "time": 1463952370.0, "sentiment": ""}, {"id": 55305656, "text": "$AMZN everyone wants it to go down,but I will tell you what,it was in the high 720s,filled gap to 689 umm guess where the next gap is? 75?;/", "time": 1463951491.0, "sentiment": ""}]