[{"id": 55694312, "text": "$AMZN  Wall Street higher as investors wait for Janet Yellen\u2019s speech http://natpo.st/1VlRb1k via @fpinvesting  FYI:", "time": 1464392287.0, "sentiment": ""}, {"id": 55694271, "text": "Robo talk https://nftrh.com/2016/05/27/i-robot/ Thoughts from a former manuf guy. $FANUY, $IRBT, $NKE, $FXI, $SPY, $AMZN, $qqq,", "time": 1464392260.0, "sentiment": ""}, {"id": 55693948, "text": "$AAPL $TSLA $AMZN all 3 looking to be done for the day, kinda drifting sideways.", "time": 1464392078.0, "sentiment": ""}, {"id": 55693852, "text": "$AMZN I would buy this at.......500", "time": 1464392024.0, "sentiment": ""}, {"id": 55693436, "text": "Amazon.com&#39;s buy rating reiterated at Cantor Fitzgerald. $800.00 PT. http://www.analystratings.net/r/652824 $AMZN", "time": 1464391788.0, "sentiment": ""}, {"id": 55693413, "text": "Fifth-Generation Apple TV Hopes to Outshine Amazon Echo http://goo.gl/Uhz07v $AAPL $AMZN", "time": 1464391775.0, "sentiment": ""}, {"id": 55692958, "text": "$AMZN was cheaper than $MGT. Hold your shares...", "time": 1464391508.0, "sentiment": ""}, {"id": 55692255, "text": "1Q Credit Card Debt Nears Historic $1 Trillion Peak $AMZN http://dlvr.it/LQFw2l", "time": 1464391115.0, "sentiment": ""}, {"id": 55691576, "text": "$AMZN waitn on yellen to not raise rates, this will pop after 1:30pm....", "time": 1464390711.0, "sentiment": "Bullish"}, {"id": 55691360, "text": "$AMZN 600 doable in 2 months", "time": 1464390577.0, "sentiment": ""}, {"id": 55691297, "text": "Tome Lee=stocks must rise. Go long $FB $GOOGL $AMZN $LNKD http://www.cnbc.com/2016/05/27/since-1985-when-this-has-happens-stocks-always-rise-tom-lee.html", "time": 1464390548.0, "sentiment": ""}, {"id": 55691276, "text": "$AMZN I hate this effin thing.", "time": 1464390540.0, "sentiment": "Bullish"}, {"id": 55690906, "text": "$AMZN http://www.nasdaq.com/markets/us-economic-calendar.aspx  Yellen in about hour-10 monutes", "time": 1464390327.0, "sentiment": ""}, {"id": 55688991, "text": "$AMZN This might be the next big short, insane PT", "time": 1464389276.0, "sentiment": "Bearish"}, {"id": 55688950, "text": "Selling for a loss $AMZN at 0.20 still holding $TSLA", "time": 1464389253.0, "sentiment": ""}, {"id": 55688828, "text": "except $AMZN and $TSLA ..everything else is rallying...", "time": 1464389185.0, "sentiment": ""}, {"id": 55688756, "text": "$AMZN 700 next week and 640 by end of June", "time": 1464389133.0, "sentiment": ""}, {"id": 55688079, "text": "Apple Serious About Home Automation, Time for Amazon to Worry http://goo.gl/c14Tak $AAPL $AMZN", "time": 1464388796.0, "sentiment": ""}, {"id": 55687796, "text": "$AMZN showed us that $716.50-717 is the key for higher.  Could happen today and see a 720 pin.", "time": 1464388646.0, "sentiment": ""}, {"id": 55686929, "text": "$AMZN Distinct realm of possibility for Google/Amazon to go to 1000 in 2017", "time": 1464388197.0, "sentiment": ""}, {"id": 55686332, "text": "$AMZN Amazon-Salesforce Deal Could Top $50 Billion In Investments (If Cloud Continues Its rise) @Benzinga", "time": 1464387875.0, "sentiment": ""}, {"id": 55686319, "text": "$AMZN  Yellen speech @ 1:15 PM ET FYI:", "time": 1464387867.0, "sentiment": ""}, {"id": 55685380, "text": "$AMZN This Venture Capitalist Thinks Amazon Stock Could Rise 900%,@motleyfool", "time": 1464387367.0, "sentiment": ""}, {"id": 55685163, "text": "$FB $AMZN $TSLA $EW  Game changers !!", "time": 1464387271.0, "sentiment": ""}, {"id": 55685028, "text": "@matthewinc02 $AMZN Max pain is down around 702.50. MX Pain theory suggests a drift towards it. Not always 100%. Time will tell today", "time": 1464387203.0, "sentiment": ""}, {"id": 55682632, "text": "NEW POST: Was Uncle Junior Really Out of it This Whole Time?  https://marketchess.com/2016/05/27/was-uncle-junior-really-out-it-this-whole-time $AMZN $P $QQQ $TWTR $YELP", "time": 1464385985.0, "sentiment": ""}, {"id": 55681896, "text": "$AMZN damn. Having a max pain day", "time": 1464385651.0, "sentiment": "Bullish"}, {"id": 55681102, "text": "$TQQQ FANG names pulling back a bit. $FB $NFLX $AMZN", "time": 1464385274.0, "sentiment": ""}, {"id": 55680550, "text": "$AMZN It&#39;s amazing.", "time": 1464385007.0, "sentiment": ""}, {"id": 55680449, "text": "$AMZN Why is Amazon so weak today? Anyone?", "time": 1464384959.0, "sentiment": "Bullish"}, {"id": 55680394, "text": "Amazon Prime Video May Be Bigger Than We Think $AMZN @amazonprimenow http://bit.ly/1Z5KXSj http://bit.ly/AMZN1K", "time": 1464384930.0, "sentiment": ""}, {"id": 55680281, "text": "When will fed chair Yellen speak today? what time? Which way will stocks race in after she speaks? $NFLX $AAPL $AMZN $FB $LNKD , up or down?", "time": 1464384873.0, "sentiment": ""}, {"id": 55679516, "text": "$AMZN $FB $AAPL red ?? too early. Option friday manipulation.", "time": 1464384530.0, "sentiment": ""}, {"id": 55678397, "text": "$TSLA $AMZN fading to lows", "time": 1464384058.0, "sentiment": ""}, {"id": 55678374, "text": "Amazon.com&#39;s buy rating reiterated at Cantor Fitzgerald. $800.00 PT. http://www.analystratings.net/r/652824 $AMZN", "time": 1464384053.0, "sentiment": ""}, {"id": 55677941, "text": "$AMZN this company is killing Netflix quietly adding more movies and making it really easy to stream anywhere.", "time": 1464383877.0, "sentiment": ""}, {"id": 55677295, "text": "@TraderPros Valuation of $NFLX and $AMZN are outrageous, but they keep getting bid up on LOWER growth rates. Basic math #fail", "time": 1464383628.0, "sentiment": ""}, {"id": 55677011, "text": "#Amazon is the Stock for Growth Investors: Pacific Crest http://goo.gl/IH7KTM $AMZN", "time": 1464383518.0, "sentiment": ""}, {"id": 55675684, "text": "Clicks Vs. Bricks And Other Disruptive Trends In Retail $AMZN $JWN $HD $BBY $LULU $IBUY $XRT http://www.seekingalpha.com/article/3978184", "time": 1464382979.0, "sentiment": ""}, {"id": 55675648, "text": "Sold a huge block of $AMZN at $716. Intraday price since took immediate plunge. Book needs to relax lol. I&#39;m just out for a cubs game today!", "time": 1464382968.0, "sentiment": ""}, {"id": 55675293, "text": "$AMZN Higher high today", "time": 1464382763.0, "sentiment": ""}, {"id": 55675212, "text": "$AMZN sticking to 715 for opex close today. Then probably lower next week (market needs breakout for continuation)", "time": 1464382735.0, "sentiment": ""}, {"id": 55674046, "text": "$UPS #UnitedParcelService and $FDX #FedEx Demand to Rise, Despite Reduced $AMZN #Amazon Reliance: Analyst - http://goo.gl/4EPG9A", "time": 1464382299.0, "sentiment": ""}, {"id": 55673733, "text": "$AMZN The thing is, anyone taking profits in Amazon is going to massively kick themselves when it hits $900 this year. #worlddomination", "time": 1464382183.0, "sentiment": "Bullish"}, {"id": 55672446, "text": "$AMZN Amazon should be up like 3% today on India news and continued strong AWS news. Buy.  #amazon", "time": 1464381696.0, "sentiment": "Bullish"}, {"id": 55672263, "text": "$AMZN U.S. stocks open little changed ahead of Yellen speech (Today @ 1:15 Pm ET) http://on.mktw.net/1VlAxyM", "time": 1464381614.0, "sentiment": ""}, {"id": 55671326, "text": "$AMZN $GOOG Is Amazon or Google going to hit $750 first? Thoughts? #gobulls", "time": 1464381229.0, "sentiment": "Bullish"}, {"id": 55670891, "text": "$WMT $TGT $AMZN Is Wal-Mart&#39;s growth a sign of things to come? http://amigobulls.com/articles/is-wal-mart-stores-inc-s-growth-a-sign-of-things-to-come", "time": 1464381002.0, "sentiment": ""}, {"id": 55668980, "text": "Here is the $AMZN weekly play that expires today", "time": 1464379723.0, "sentiment": ""}, {"id": 55668746, "text": "Notable breakout watch stocks $AMZN $FB $GLOP $IBM $PNRA $POST $SAVE $SCS $YNDX", "time": 1464379552.0, "sentiment": ""}, {"id": 55668473, "text": "$ULTA put up the greatest retailer quarter ever. 15% Same Store Sales comp, gross margins up, operating margins up. Take that $AMZN.", "time": 1464379381.0, "sentiment": ""}, {"id": 55668191, "text": "$AMZN Amazon readies to tackle an important resistance http://www.economies.com/stocks/united-states-analysis/amazon-readies-to-tackle-an-important-resistance---analysis---27-05-2016-26994", "time": 1464379112.0, "sentiment": ""}, {"id": 55667205, "text": "there seems to be a trend that &quot;low end&quot; retail not impacted by $AMZN i.e. $DLTR $BIG", "time": 1464378264.0, "sentiment": ""}, {"id": 55666069, "text": "$AMZN Amazon killing it in India. Go $750.", "time": 1464377266.0, "sentiment": ""}, {"id": 55666020, "text": "$AMZN $750 in a few days here? Sky&#39;s the limit. Anyone who&#39;s not long here is going to underperform - just like the last 3 years.  #amazon", "time": 1464377209.0, "sentiment": "Bullish"}, {"id": 55664660, "text": "Amazon Scores Another Big Win in Cloud Computing $AMZN http://dlvr.it/LQ9Gzx", "time": 1464375790.0, "sentiment": ""}, {"id": 55664381, "text": "$AMZN back up near highs w/ breakout watch above 723.23", "time": 1464375433.0, "sentiment": ""}, {"id": 55664101, "text": "$AMZN expect a total call option premium burn by 11am with a swift drop to 710", "time": 1464375052.0, "sentiment": ""}, {"id": 55660285, "text": "Are Retail ETFs Cheap Post Q1 Earnings? $PMR $RTH $XRT Also $DKS $HD $LOW $WMT $AMZN $JWN $M $TGT http://goo.gl/lJOKaf", "time": 1464365345.0, "sentiment": ""}, {"id": 55656129, "text": "$AMZN grocery business doomed to fail. This is a dumb idea like their FireTV", "time": 1464348568.0, "sentiment": ""}, {"id": 55655645, "text": "$AMZN Buy the next Wave (4) pullback!. Wave (3) nearly complete!", "time": 1464347179.0, "sentiment": "Bullish"}, {"id": 55653609, "text": "$AMZN Snapdeal may even shut down a few offices in the next six months, if it doesn&#39;t raise a fresh funding round, the sources said.", "time": 1464342075.0, "sentiment": ""}, {"id": 55653595, "text": "$AMZN Snapdeal plans to scale down operations in regional offices.  Possibly another Amazon victim, this time in India", "time": 1464342053.0, "sentiment": ""}, {"id": 55652949, "text": "$AMZN (Amazon.com Inc) is at $714.91, 26.02% above its 12-month MA http://bit.ly/1FwqbUL #AMZN", "time": 1464340687.0, "sentiment": ""}, {"id": 55652256, "text": "Tomorrow should be interesting. $SPY $FB $AMZN $AAPL all setting up for higher prices.", "time": 1464339283.0, "sentiment": "Bullish"}, {"id": 55650724, "text": "$AMZN (Yellen speech Fri,May 27th@1:15 PM ET) &quot;Yellen likely to wait until key June 6 speech to signal Fed path&quot; MW  http://on.mktw.net/1TyUmn5", "time": 1464336625.0, "sentiment": ""}, {"id": 55650613, "text": "Holding overnight $TSLA 227.5 call &amp; $AMZN 720 call exp tomorrow", "time": 1464336451.0, "sentiment": "Bullish"}, {"id": 55648844, "text": "Amazon-Salesforce Deal Could Top $50 Billion In Investments (If Cloud Continues Its Rise) $AMZN $CRM http://www.benzinga.com/analyst-ratings/analyst-color/16/05/8038794/amazon-salesforce-deal-could-top-50-billion-in-investmen", "time": 1464333747.0, "sentiment": ""}, {"id": 55648415, "text": "$M $kss- On watch. Under- stretched in over- stretched mkt. 3.75/4.75 yield. $amzn threat overdone.", "time": 1464333217.0, "sentiment": ""}, {"id": 55646897, "text": "@duckduckgoldengoose bro this ain&#39;t $amzn!", "time": 1464331371.0, "sentiment": "Bullish"}, {"id": 55645664, "text": "$Amzn one more day if it stays under $750 my put buffer fly $650-700-750 will reap\nMe $1600 for a $3400 risk", "time": 1464329923.0, "sentiment": "Bearish"}, {"id": 55644900, "text": "$XGTI if you want to &quot;invest&quot; or &quot;go long&quot; do it with $AAPL $GOOG $NFLX $FB $AMZN those are real investment this is not, trade penny stocks", "time": 1464329118.0, "sentiment": ""}, {"id": 55643235, "text": "Amazon.com&#39;s outperform rating reiterated at Sanford C. Bernstein. http://www.analystratings.net/r/652387 $AMZN", "time": 1464326962.0, "sentiment": ""}, {"id": 55641069, "text": "$SPX $VXX $DJI $NFLX $AMZN $GOOGL $TSLA $FB On the verge of a Freudian slip by TD Ameritrade here?", "time": 1464324589.0, "sentiment": ""}, {"id": 55640182, "text": "$AMZN Get 719 Tom.", "time": 1464323770.0, "sentiment": ""}, {"id": 55639449, "text": "$AMZN Won&#39;t sustain tomorrow, gonna go to $690 again.", "time": 1464323173.0, "sentiment": "Bearish"}, {"id": 55638996, "text": "$ULTA best performing stock in retail over 5 years? Ulta. + 307%. Money in beauty. Great CEO. Even beats $AMZN &amp; $UA. $RETL", "time": 1464322854.0, "sentiment": ""}, {"id": 55638322, "text": "@TraceyRyniec Who knew that $AMZN is not taking over the world.", "time": 1464322319.0, "sentiment": ""}, {"id": 55637778, "text": "$AAPL question is this the only relevant tech stock with a dividend? $AMZN $PCLN $FB etc. I&#39;m loving this stock in at $93.97 wish I had more", "time": 1464321936.0, "sentiment": ""}, {"id": 55636075, "text": "$AMZN closed few cents fron HOD. HOD now AH", "time": 1464320758.0, "sentiment": ""}, {"id": 55635962, "text": "$AMZN I can&#39;t see how Yellen receiving an award tomorrow is a good time for her to comment about interest rates.  She&#39;ll say nothing.", "time": 1464320688.0, "sentiment": ""}, {"id": 55635845, "text": "$AAPL I remember everyone on campus w/ pagers. Innovate or die. VR, car whatever, capture before $amzn colonize Mars", "time": 1464320598.0, "sentiment": "Bullish"}, {"id": 55634771, "text": "Are Retail ETFs Cheap Post Q1 Earnings? $PMR $RTH $XRT Also $DKS $HD $LOW $WMT $AMZN $JWN $M $TGT http://goo.gl/lJOKaf", "time": 1464319958.0, "sentiment": ""}, {"id": 55634575, "text": "$AAPL over $100 just a few week !!\nLooking for the next target for my swing trade. $SCTY $SA $SCMP $CENX $ARR $AMBA $AMZN ... which one???", "time": 1464319845.0, "sentiment": "Bullish"}, {"id": 55633711, "text": "now people will notice the value of this company $VEEV wayyy undervalued---ALL ABOARDDD $veev $GOOGL $AMZN $AAPL $MSFT $CSCO", "time": 1464319338.0, "sentiment": "Bullish"}, {"id": 55633343, "text": "$AMZN nice move from 690-&gt;715....time to sell and short (mostly because market will probably roll over here)", "time": 1464319142.0, "sentiment": ""}, {"id": 55633082, "text": "$ULTA an earnings machine these days... guess woman don&#39;t buy makeup on $AMZN", "time": 1464318990.0, "sentiment": ""}, {"id": 55633012, "text": "Media and Streaming stocks gain on reports of $AAPL Interest $NFLX  $AMZN gains on big CRM cloud deal", "time": 1464318965.0, "sentiment": ""}, {"id": 55632283, "text": "Just got this strange feeling $NFLX opex is going to mess with FANG tomorrow $FB $GOOG $AMZN", "time": 1464318616.0, "sentiment": ""}, {"id": 55629287, "text": "$AMZN is the #1 trigger trade with a 7 to 1 ratio for NFLX stock.....take a lil AMZN and get invested into NFLX soon we would assume! Enjoy!", "time": 1464317350.0, "sentiment": "Bullish"}, {"id": 55629079, "text": "Algo trading CLOSING signals: May/26\n $ABBV(-1.0 %) $AEE(-0.1 %) $AMZN(2.4 %)", "time": 1464317255.0, "sentiment": ""}, {"id": 55628942, "text": "Amazon Not a Threat to Netflix Says Drexel Hamilton http://goo.gl/obiRlC $AMZN $NFLX", "time": 1464317194.0, "sentiment": ""}, {"id": 55627977, "text": "Contrarian Retail Plays $ANF $BBY $BKS $CAB $GES $PIR $ASNA $AMZN $BBBY $BGFV $CTRN $SHLD $SMRT $SPLS $TUES $RH ... http://goo.gl/5O7fAu", "time": 1464316741.0, "sentiment": ""}, {"id": 55627871, "text": "$AMZN  Cashing out Before Friday, Yellen speech &amp; associated volatility-Normative!", "time": 1464316687.0, "sentiment": ""}, {"id": 55626081, "text": "markets ending flat...key holdings doing their thing -- $FB $AMZN $TSLA $AAPL, $NVDA $JACK", "time": 1464315866.0, "sentiment": ""}, {"id": 55625403, "text": "$NFLX $AMZN $AAPL EU set new rules for Netflix, Amazon and iTunes http://www.bloomberg.com/news/articles/2016-05-25/europe-s-geoblocking-decision-what-you-need-to-know", "time": 1464315535.0, "sentiment": ""}, {"id": 55624658, "text": "@Sliver $NFLX with cord cutting hurting companies.. Look at $amzn, took many years to profit. give $NFLX some tme", "time": 1464315188.0, "sentiment": "Bullish"}, {"id": 55624074, "text": "$AMZN $TSLA givin me love today", "time": 1464314907.0, "sentiment": ""}, {"id": 55623054, "text": "$AMZN such low volume, waiting for the drop... another end of day plummet, tomorrow, or next week? thoughts?", "time": 1464314426.0, "sentiment": ""}, {"id": 55622183, "text": "$AMZN if Yellen is sweet tomorrow then to ATH  ..", "time": 1464313991.0, "sentiment": ""}, {"id": 55621878, "text": "Discounters out of Amazon&#39;s shadow make gains $AMZN $DLTR $DG @amazon @dollartree @dollargeneral", "time": 1464313813.0, "sentiment": ""}, {"id": 55621567, "text": "$AMZN super BEARISH", "time": 1464313643.0, "sentiment": "Bearish"}, {"id": 55621423, "text": "$AAPL how is this greed have you seen $AMZN and or $PCLN lately. Stockfacts gotta check your stockfacts broham!", "time": 1464313556.0, "sentiment": ""}, {"id": 55621418, "text": "$AMZN  Markets should settle after Friday Q1-US-GDP 2nd est &amp; Yellen Harward Award speech on Friday (Hopefulyl less Red)", "time": 1464313552.0, "sentiment": ""}, {"id": 55619201, "text": "Amazon is going to launch its Fresh grocery delivery service in new markets including Boston and the U.K.: http://owl.li/7HDW300CDaZ $AMZN", "time": 1464312333.0, "sentiment": ""}, {"id": 55618956, "text": "$AMZN our my calls for today, buying puts", "time": 1464312201.0, "sentiment": ""}, {"id": 55617462, "text": "$BABA $AMZN Analysts Weigh In On Two Internet Giants: Alibaba Group, Amazon http://www.smarteranalyst.com/2016/05/26/analysts-weigh-two-internet-giants-alibaba-group-holding-ltd-baba-amazon-com-inc-amzn/", "time": 1464311351.0, "sentiment": ""}, {"id": 55616258, "text": "$AMZN https://stockmarketvideo.com/free-stock-trading", "time": 1464310614.0, "sentiment": ""}, {"id": 55615624, "text": "$CRM $AMZN", "time": 1464310245.0, "sentiment": ""}, {"id": 55615546, "text": "$SPY feels like tech wants to lead. $TXN $NVDA $AMZN $UBNT FN MKSI FIVN CRMD etc", "time": 1464310203.0, "sentiment": ""}, {"id": 55615292, "text": "Salesforce-Amazon Deal Highlights Both Players&#39; Advantages $CRM $AMZN @amazon @salesforce http://bit.ly/1WPMkGI", "time": 1464310047.0, "sentiment": ""}, {"id": 55614838, "text": "$AMZN just because your wife tells u that, doesn&#39;t mean it&#39;s true", "time": 1464309785.0, "sentiment": ""}, {"id": 55613624, "text": "$NFLX $DIS $AMZN", "time": 1464309074.0, "sentiment": ""}, {"id": 55613455, "text": "$AMZN now where but ATH, they should split again. the price tag is high, difficult to buy 100 shares lot", "time": 1464308978.0, "sentiment": ""}, {"id": 55613250, "text": "$AMZN ...we have a 7-1 ratio working here.  Plan the best bang for your investment dollar before our NFLX firms up to the $105 area ~", "time": 1464308849.0, "sentiment": "Bullish"}, {"id": 55613135, "text": "$AMZN this is going to drop like a rock when the music stops....no volume at all", "time": 1464308776.0, "sentiment": "Bearish"}, {"id": 55612584, "text": "$aapl is so undervalued. If they buy Time Warner with eps of $5.5 then $150 a share has a PE multiple of 10..nice $msft, $GOOG, $FB, $AMZN", "time": 1464308444.0, "sentiment": ""}, {"id": 55612429, "text": "@Thundersforever @dark_trader @reez007 @Venge @lumberjax @PerSE @Cookie_M @Surfnm @Stockcat01 @Velvetcrowbar $AMZN $COST strong so leading", "time": 1464308365.0, "sentiment": ""}, {"id": 55612402, "text": "$AMZN I would sell every share of this right now if were you... Don&#39;t say I didn&#39;t warn you (smoking weed right now)", "time": 1464308352.0, "sentiment": "Bearish"}, {"id": 55612334, "text": "The Netflix-Disney Deal Is Finally Here, And It&#39;s A Game Changer  $NFLX $DIS $AMZN http://seekingalpha.com/article/3977876-netflix-disney-deal-finally-game-changer?isDirectRoadblock=true&amp;source=email_rt_author_readmore&amp;app=1&amp;uprof=44", "time": 1464308306.0, "sentiment": ""}, {"id": 55612333, "text": "$spy $aapl pcln $amzn $tsla all pop", "time": 1464308305.0, "sentiment": "Bullish"}, {"id": 55611666, "text": "$AMZN no stores ?\n$Uber no cars ?\n$FB creates no content \u270f\ufe0f\n$BABA no inventory ?\n$AirBnB no real estate ?", "time": 1464307935.0, "sentiment": "Bullish"}, {"id": 55610746, "text": "$AAPL Get this thing over $100++++ and keep it there!!! It&#39;s a JOKE that the people at $AMZN have higher stock value!", "time": 1464307402.0, "sentiment": "Bullish"}, {"id": 55609699, "text": "$AMZN US Q1-GDP", "time": 1464306755.0, "sentiment": ""}, {"id": 55609661, "text": "$AMZN  U Q1-GDP 2nd estimate Fri 8:30 AM ET and Yellen Harvard speech  later (10:3 AM ET? I believe). US indices should settle by then", "time": 1464306731.0, "sentiment": ""}, {"id": 55608456, "text": "$AMZN tightening into a triangle on 15 min, bull flag on 1 min. Moment of truth or time for lunch to see this resolve post 2:30PM?", "time": 1464306009.0, "sentiment": "Bullish"}, {"id": 55608353, "text": "A Two Day Rally On Wall Street $C $CVX $HPQ $MA $VRX $XOM $AAPL $AMZN $MSFT $BABA http://goo.gl/IF5SUx", "time": 1464305942.0, "sentiment": ""}, {"id": 55607826, "text": "@Li007 reasons for such bearishness $AMZN?", "time": 1464305590.0, "sentiment": ""}, {"id": 55607304, "text": "$GPRO no gopro\n\nApple&#39;s Next Moves? Hints From M&amp;A Talks http://seekingalpha.com/article/3977998?source=ansh $AAPL, $ACAS, $AMGN, $AMZN, $ANAC, $ARCC, $BAM, $BIN,", "time": 1464305285.0, "sentiment": ""}, {"id": 55606649, "text": "$UA 37 bucks. $NKE is $55 bucks. If you have time and money, these are GREAT buys. If your in a rush for money then buy $NFLX, $AMZN.", "time": 1464304856.0, "sentiment": "Bullish"}, {"id": 55606212, "text": "$AMZN believe it or not, this POS will be closed around 700 today, and 690 tomorrow. Mark this, Bulls!", "time": 1464304607.0, "sentiment": "Bearish"}, {"id": 55605623, "text": "$AMZN", "time": 1464304284.0, "sentiment": ""}, {"id": 55604908, "text": "$JPM basing here. Will be at $68 tomorrow after JE speaks. Love $SBUX too. $AAPL, $AMZN, $FB, $FAS, $XOM, $SPY, $IWM reports to come soon.", "time": 1464303876.0, "sentiment": ""}, {"id": 55604129, "text": "$AMZN", "time": 1464303442.0, "sentiment": "Bullish"}, {"id": 55604124, "text": "$AMZN Where&#39;s all the Bears? Lol", "time": 1464303440.0, "sentiment": ""}, {"id": 55603615, "text": "$nflx &amp; chill money rotation into $tsla $amzn $FB", "time": 1464303135.0, "sentiment": ""}, {"id": 55602914, "text": "$amzn waiting for this to explode, still in some calls", "time": 1464302718.0, "sentiment": "Bullish"}, {"id": 55602162, "text": "@reez007 @Thundersforever @Venge @lumberjax @mesoawsome @PerSE @Cookie_M @Surfnm @Stockcat01 @Velvetcrowbar @dark_trader $AMZN $FB $COST", "time": 1464302339.0, "sentiment": ""}, {"id": 55601918, "text": "$AMZN #Amazon: Zooming In On Bullish Trades http://etfdailynews.com/2016/05/25/amazon-com-inc-amzn-zooming-in-on-bullish-trades/", "time": 1464302196.0, "sentiment": ""}, {"id": 55601787, "text": "$AMZN pressing resistance at level breakout level $714,80. Patterns and Momentum suggest will charge higher by EOD.", "time": 1464302131.0, "sentiment": "Bullish"}, {"id": 55601766, "text": "@zerogravity transfer is not a big mystery guys in a firm they sell $amzn etc to buy $aapl etc come on relax", "time": 1464302123.0, "sentiment": ""}, {"id": 55601560, "text": "$NKE The future is go to store, scan your feet, e-mail to Nike, and overnight your custom fit Airs via $AMZN drone delivery!", "time": 1464302022.0, "sentiment": "Bullish"}, {"id": 55600466, "text": "back in $tsla $amzn calls", "time": 1464301409.0, "sentiment": "Bullish"}, {"id": 55600068, "text": "I like Time Warner buyout much better then Netflix however either one will have minimal impact to $aapl cash hoard..$msft, $FB, $GOOG,$AMZN", "time": 1464301202.0, "sentiment": ""}, {"id": 55599834, "text": "Is Amazon Pulling The Rug Out From Under FedEx And UPS? $AMZN $FDX $UPS http://benzinga.com/z/8035220", "time": 1464301089.0, "sentiment": ""}, {"id": 55599483, "text": "Salesforce Joins Amazon in a Larger Game of Thrones http://goo.gl/i7pm5B $CRM $AMZN", "time": 1464300921.0, "sentiment": ""}, {"id": 55599348, "text": "$AMZN poised to rip a few dollars higher on print above $714.70.", "time": 1464300849.0, "sentiment": "Bullish"}, {"id": 55597457, "text": "$AMZN it owns the entire sky well it&#39;s in the clouds", "time": 1464299978.0, "sentiment": ""}, {"id": 55597319, "text": "$AMZN weekly option expiration and sell off tomorrow", "time": 1464299908.0, "sentiment": ""}, {"id": 55597289, "text": "Seeing $CRM spending that much cash with $AMZN should be good for the Bulls   Article: http://fortune.com/2016/05/25/salesforce-inks-major-aws-deal/", "time": 1464299899.0, "sentiment": "Bullish"}]