[{"id": 55879644, "text": "$PCLN $AMZN $SPX 2100 now . should run higher near close", "time": 1464835379.0, "sentiment": "Bullish"}, {"id": 55879592, "text": "$AMZN Wow what a struggle today. IMO will go down by the end of the week.", "time": 1464835353.0, "sentiment": "Bearish"}, {"id": 55879136, "text": "$NFLX not red enough. i&#39;ve said it a while back that its P&amp;L will suffer greatly from $AMZN  (and other media giants perhaps even $GOOGL)", "time": 1464835067.0, "sentiment": ""}, {"id": 55878951, "text": "$AMZN the last leg up in the last few days has been done on low volume by bag-holding-suckers", "time": 1464834946.0, "sentiment": ""}, {"id": 55878808, "text": "@NASDboy sold my position in $AMZN", "time": 1464834873.0, "sentiment": "Bullish"}, {"id": 55878728, "text": "Analysts claims $SPX will be all time new high soon (by FOMC ?). So market reversed red to green: Long  $AAPL $AMZN $GOOGL $NFLX $FB $LNKD", "time": 1464834837.0, "sentiment": ""}, {"id": 55878633, "text": "&quot;If you\u2019re doing anything interesting in the world, you are going to have critics.&quot; - Jeff Bezos, $AMZN", "time": 1464834772.0, "sentiment": ""}, {"id": 55878145, "text": "$NFLX $AMZN $fb acquires Netflix and integrates streaming directly into Facebook feed...they wouldn&#39;t even have to charge a subscription.", "time": 1464834421.0, "sentiment": ""}, {"id": 55878022, "text": "$SPY lol $AMZN going the other way", "time": 1464834332.0, "sentiment": ""}, {"id": 55877944, "text": "$AMZN pulling back a little. $SPY", "time": 1464834277.0, "sentiment": ""}, {"id": 55877838, "text": "$AMZN Bottom line is that $amzn makes very little $$, compared to stock price.", "time": 1464834212.0, "sentiment": ""}, {"id": 55877814, "text": "$AMZN ... the relative strength breaks on the 15/60min charts tell me the stock needs to rebuild some strength before I should try longs", "time": 1464834195.0, "sentiment": ""}, {"id": 55877679, "text": "$AMZN ... 60-min chart is still in a position of support with the ATR at $715.64", "time": 1464834093.0, "sentiment": ""}, {"id": 55877462, "text": "$AMZN ... 15min candle closed below the ATR support and the 15min chart is now in a position of resistance", "time": 1464833950.0, "sentiment": ""}, {"id": 55877413, "text": "$NFLX 2 words for bulls $AMZN studios!!!!!!!! lol see where this is at in 6 months to a year", "time": 1464833903.0, "sentiment": ""}, {"id": 55877412, "text": "Alphabet Stock to Outperform Amazon and Facebook: Baird http://goo.gl/LvJOSd $GOOG $AMZN $FB", "time": 1464833903.0, "sentiment": ""}, {"id": 55877313, "text": "$AMZN up almost %50 in three months, on hot air", "time": 1464833829.0, "sentiment": ""}, {"id": 55877039, "text": "$AMZN the $baba smackdown cant be good for the house of non profitable cards the Bezos built", "time": 1464833639.0, "sentiment": ""}, {"id": 55876676, "text": "$AMZN - Sahil sell it !!", "time": 1464833398.0, "sentiment": ""}, {"id": 55876472, "text": "$AMZN Time to sell it. Sahil will lose all his $$$", "time": 1464833254.0, "sentiment": "Bearish"}, {"id": 55876380, "text": "RIP to poor ol&#39; $BABA.. You got nothing on $AMZN #CantHangWitTheBigBoys", "time": 1464833178.0, "sentiment": ""}, {"id": 55876214, "text": "Mall Store Investors: Keep Track of E-Commerce and the &#39;S&#39; Curve $AMZN http://dlvr.it/LSKwmS", "time": 1464833063.0, "sentiment": ""}, {"id": 55876213, "text": "$SPY $AMZN ... the 15-min chart has broken the relative strength up trend and tells me to step to the sidelines when it comes to $AMZN longs", "time": 1464833061.0, "sentiment": ""}, {"id": 55876129, "text": "$SPY $AMZN ... I use the 60-min ATR as my filter for position trading and then use the 15-min chart to give me a heads up when to exit.", "time": 1464833000.0, "sentiment": ""}, {"id": 55876019, "text": "$SPY $AMZN ... daily chart has pushed to a new minor high but relative strength is flagging.  Watching for a pattern break ...", "time": 1464832937.0, "sentiment": ""}, {"id": 55875922, "text": "$SPY $AMZN ... the mnthly chart shows the rel strength vs SPY is printing a big divergence with momentum at the new high for the indicator", "time": 1464832869.0, "sentiment": ""}, {"id": 55875780, "text": "$SPY $AMZN ... 60-min &amp; 15-min charts with ATR stops (4/4)", "time": 1464832765.0, "sentiment": ""}, {"id": 55875723, "text": "$SPY $AMZN ... daily chart (3/4)", "time": 1464832732.0, "sentiment": ""}, {"id": 55875672, "text": "$SPY $AMZN ... weekly chart", "time": 1464832699.0, "sentiment": ""}, {"id": 55875593, "text": "$SPY ... off of the Feb lows are running out of steam.  Here is a look at the $AMZN charts (1/5) ... monthly", "time": 1464832648.0, "sentiment": ""}, {"id": 55875546, "text": "$AMZN $baba the &quot;chinese&quot; amazon getting smacked!", "time": 1464832615.0, "sentiment": ""}, {"id": 55874988, "text": "Fundamenyally our economy is broke but technically we could go higher for another year or two before crashing. $SPY $AMZN $GOOG $AAPL", "time": 1464832236.0, "sentiment": "Bullish"}, {"id": 55874824, "text": "$XGTI, $MGT 16 cents a share that is impressive, you will catch up to $AMZN in 100 million years", "time": 1464832106.0, "sentiment": ""}, {"id": 55874784, "text": "$AMZN $SPY $GLD going to 1000 get on board", "time": 1464832086.0, "sentiment": ""}, {"id": 55874305, "text": "$AMZN - if I was forced to make a bet, I&#39;d say she sees 680 before seeing 750. Current price 723. $SPY $GLD", "time": 1464831750.0, "sentiment": ""}, {"id": 55874094, "text": "$AMZN  big guys are exiting and leaving the bag for the Bezos groupies.$6k target??I think not.Sub 100 pe target=$200", "time": 1464831598.0, "sentiment": ""}, {"id": 55873730, "text": "$AMZN should i hold my jun3 $715 puts?", "time": 1464831332.0, "sentiment": ""}, {"id": 55873408, "text": "$AMZN  come on change to green", "time": 1464831132.0, "sentiment": "Bullish"}, {"id": 55873314, "text": "$AMZN tora tora tora", "time": 1464831079.0, "sentiment": "Bearish"}, {"id": 55872628, "text": "All Bulls should go back to paper trading if u&#39;r shorting again. Learn to read the market. $SPY $AMZN $AAPL", "time": 1464830583.0, "sentiment": "Bullish"}, {"id": 55872300, "text": "$AMZN everyone pile in, new highs everyday! We will all be unemployed to the last company standing but rich shareholders lol.", "time": 1464830326.0, "sentiment": "Bullish"}, {"id": 55871309, "text": "Here&#39;s Why Amazon&#39;s Record-Priced Stock Could Soar Even Higher $AMZN http://dlvr.it/LSK1fw", "time": 1464829573.0, "sentiment": ""}, {"id": 55871028, "text": "$BABA L&amp;L  chinese stks R too risky . $BIDU $CTRP $NTES $QUNR ..etc why not $AMZN $FB ..etc $NVDA $AVGO $NXPI ..etc", "time": 1464829378.0, "sentiment": ""}, {"id": 55870528, "text": "This Tech Fund Manager Doesn&#39;t Want To Bet Against Mark Zuckerberg, But Prefers Amazon&#39;s Stock $AMZN $FB $NXPI http://benzinga.com/z/8056654", "time": 1464829012.0, "sentiment": ""}, {"id": 55869959, "text": "$AMZN should i hold my June 3rd $715 puts? :(", "time": 1464828561.0, "sentiment": ""}, {"id": 55869410, "text": "$AMZN will short under 722. Come on", "time": 1464828129.0, "sentiment": ""}, {"id": 55869280, "text": "$AMZN Touches New All-Time Highs, Passes $FB in Market Cap - http://investorplace.com/2016/06/amazon-com-inc-amzn-stock-touches-new-time-highs/", "time": 1464828032.0, "sentiment": ""}, {"id": 55869076, "text": "$AMZN i hear there is a Washington anti-trust investigation", "time": 1464827877.0, "sentiment": ""}, {"id": 55869070, "text": "$AMZN good luck with that", "time": 1464827874.0, "sentiment": ""}, {"id": 55868977, "text": "Amazon Echo is About to Get Schooled by Google Home http://goo.gl/JwvKEZ $AMZN $GOOG", "time": 1464827805.0, "sentiment": ""}, {"id": 55868952, "text": "Feds need a hug. $SPY $AMZN $AAPL $GOOG", "time": 1464827789.0, "sentiment": ""}, {"id": 55868659, "text": "Tickers mentioned in Wednesday&#39;s linkfest: http://abnormalreturns.com/2016/06/01/wednesday-links-straight-lines-not-circles/ $VOO $IYR $VNQ $IPO $IWM $USMV $SPLV $FB $AMZN $AAPL $GOOGL $MSFT $MCR", "time": 1464827564.0, "sentiment": ""}, {"id": 55868558, "text": "7 Bulletproof Blue-Chip Stocks to Buy $FB $CTXS $MCD $AMZN ... \nhttp://investorplace.com/2016/05/7-bulletproof-blue-chip-stocks-buy/", "time": 1464827491.0, "sentiment": "Bullish"}, {"id": 55868174, "text": "$ULTA market cap and PE are ridiculous.  You can buy everything sold there on $AMZN or fragrancenet.com for less.  Look for yourself.", "time": 1464827203.0, "sentiment": "Bearish"}, {"id": 55867902, "text": "$AMZN watching 725.5 intraday resistance", "time": 1464827016.0, "sentiment": ""}, {"id": 55867443, "text": "$AMZN Expecting a Stock Split soon to attract more investors.....", "time": 1464826657.0, "sentiment": ""}, {"id": 55867171, "text": "$AMZN New record high as PT is raised to $850", "time": 1464826470.0, "sentiment": ""}, {"id": 55867123, "text": "$AMZN Three reasons why Amazon\u2019s stock may be \u2018unstoppable\u2019 @MarketWatch!", "time": 1464826450.0, "sentiment": ""}, {"id": 55866877, "text": "$AMZN Retail keep selling it in the afternoon, institutions keep buying it start/end of day. Guess who always wins.", "time": 1464826308.0, "sentiment": ""}, {"id": 55866781, "text": "Amazon.com&#39;s PT raised by MKM Partners to $850.00. buy rating. http://www.analystratings.net/r/654023 $AMZN", "time": 1464826243.0, "sentiment": ""}, {"id": 55866754, "text": "$AMZN Sell rating: $420 Target", "time": 1464826228.0, "sentiment": "Bearish"}, {"id": 55866488, "text": "MKM Raises Price Target On $AMZN #Amazon As Retail Business Grows - http://goo.gl/BoqTQt", "time": 1464826080.0, "sentiment": ""}, {"id": 55866317, "text": "Amazon CEO Jeff Bezos Talks Alexa, Space and Failure at Code Conference http://goo.gl/Xh2c4O $AMZN", "time": 1464825955.0, "sentiment": ""}, {"id": 55866276, "text": "$AMZN #Amazon Echo&#39;s Competitor Google Home Is Just A Spruced Up Chromecast - http://goo.gl/3ur34m", "time": 1464825919.0, "sentiment": ""}, {"id": 55865523, "text": "$AMZN studios...that will hurt $NFLX ...but still clown s buy it up on zero vol...don&#39;t short until the board turns bullish", "time": 1464825368.0, "sentiment": ""}, {"id": 55865387, "text": "so many good looking setups in the $XLY space @EveryTimeICash $KORS $PVH $COH $RL $WYNN $DG $AMZN $YUM $LOW $TRIP", "time": 1464825250.0, "sentiment": "Bullish"}, {"id": 55865099, "text": "How Does Amazon Decide When To Kill A Project? $AMZN  http://benzinga.com/z/8055679", "time": 1464825017.0, "sentiment": ""}, {"id": 55864465, "text": "Amazon.com initiated by Robert W. Baird at buy. http://www.analystratings.net/r/654173 $AMZN", "time": 1464824576.0, "sentiment": ""}, {"id": 55864431, "text": "How To Play Amazon $AMZN http://goo.gl/xmHeoU", "time": 1464824563.0, "sentiment": ""}, {"id": 55864362, "text": "$AMZN Close above 726 is 3 full points above prior high: rounding up: thats a buy signal: this could go to 820", "time": 1464824522.0, "sentiment": ""}, {"id": 55863032, "text": "@mitwess @cashcow if $AMZN is as successful with Fire, Fit has nothing to worry about", "time": 1464823520.0, "sentiment": ""}, {"id": 55862238, "text": "$AMZN Appears to want to test that unfilled gap of &quot;Infinity.&quot;\n\nStock defies all logic.", "time": 1464822931.0, "sentiment": ""}, {"id": 55862161, "text": "$AMZN don&#39;t bet against the trend but for a swing trade, it may well pay off big time if you know what you are doing.", "time": 1464822865.0, "sentiment": ""}, {"id": 55861590, "text": "Nike Attempts To Buck The Amazon Trend $AMZN $NKE  http://benzinga.com/z/8056170", "time": 1464822444.0, "sentiment": ""}, {"id": 55861090, "text": "out 1/4 61.61 for +1 = 2.5R FROM 60.61. letting rest to ride ..$SPY $QQQ $FB $AMZN  $GOOGL STILL FLAT FOR THE DAY", "time": 1464822132.0, "sentiment": ""}, {"id": 55860991, "text": "$AMZN Hits All-Time Highs for Second Straight Day - http://investorplace.com/2016/06/amazon-com-inc-amzn-stock-touches-new-time-highs/", "time": 1464822076.0, "sentiment": ""}, {"id": 55860927, "text": "Up to 101 stocks making new 52 week highs today: $AMZN $ITW $TMO (11:00am CT)", "time": 1464822040.0, "sentiment": ""}, {"id": 55860504, "text": "$AMZN $NFLX Top Analysts Weigh In On Two Internet Players: Amazon, Netflix http://www.smarteranalyst.com/2016/06/01/top-analysts-weigh-two-internet-players-amazon-com-inc-amzn-netflix-inc-nflx/", "time": 1464821782.0, "sentiment": ""}, {"id": 55860334, "text": "$AMZN $BIDU moving up nicely. need $FB $NFLX $TSLA $PCLN run up to", "time": 1464821681.0, "sentiment": "Bullish"}, {"id": 55860040, "text": "Jim Cramer Says &#39;You Want To Own&#39; Whole Foods $AMZN $SFM $WFM http://benzinga.com/z/8056187", "time": 1464821518.0, "sentiment": ""}, {"id": 55859622, "text": "Dollar/Yen says\u2026 Risk OFF. Made in China? Discussed: $CELG, $KORS, $UA, $NKE, $AMZN, $ODP, $DWRE https://youtu.be/wtEttXpPV_k #investools", "time": 1464821234.0, "sentiment": "Bearish"}, {"id": 55859158, "text": "I am confused now. Should I buy CALL options in $AMZN here &amp; now @ $722s as it could run upto $726s again or shud i wait for $710s to do so?", "time": 1464820912.0, "sentiment": ""}, {"id": 55858958, "text": "$AMZN Don&#39;t worry end of the day it will at least $750 Buy! Buy! &amp; Buy! You can&#39;t loose", "time": 1464820780.0, "sentiment": ""}, {"id": 55858942, "text": "$AMZN it&#39;s a tree shake", "time": 1464820771.0, "sentiment": "Bullish"}, {"id": 55858819, "text": "$AMZN I do think there is a Bezos fatigue.", "time": 1464820690.0, "sentiment": ""}, {"id": 55858593, "text": "$AMZN pork and beans", "time": 1464820544.0, "sentiment": "Bearish"}, {"id": 55858563, "text": "Learn how to trade stocks like $AAPL, $AMZN, &amp; $NFLX with zero risk @ 5 PM ET here: https://t.co/Zhhfqcuxyc https://t.co/EaCm4wqfPi", "time": 1464820522.0, "sentiment": ""}, {"id": 55858358, "text": "$AMZN Touches New All-Time Highs - http://investorplace.com/2016/06/amazon-com-inc-amzn-stock-touches-new-time-highs/", "time": 1464820392.0, "sentiment": ""}, {"id": 55858279, "text": "$amzn easily can drop 0.80 % from peak or this point", "time": 1464820349.0, "sentiment": "Bearish"}, {"id": 55858151, "text": "$AMZN IF we had a generous 100 pe, this would trade at $200 approx.Pe will go under 100 in the future.", "time": 1464820272.0, "sentiment": ""}, {"id": 55858030, "text": "$AMZN By Friday it may trade @ $5000 who knows &quot;Insanity has no limits&quot;", "time": 1464820212.0, "sentiment": ""}, {"id": 55857999, "text": "$AMZN - I personally think this is going to continue to rise! Glad I found out about motif and could get me a piece", "time": 1464820200.0, "sentiment": ""}, {"id": 55857911, "text": "If we get a low of day in the range of $711-714 tomorrow or by Fri in $AMZN, I will surely buy CALL options. until then i wait", "time": 1464820151.0, "sentiment": ""}, {"id": 55857698, "text": "$AMZN Next thing for Bezos is running for Prez?", "time": 1464820028.0, "sentiment": ""}, {"id": 55857408, "text": "$AMZN three trillion$$$ for private label dog food and tide buttons? Dont think so Not even for drone delivery", "time": 1464819874.0, "sentiment": ""}, {"id": 55857339, "text": "Is there any logic or reasoning why $AMZN stock is adding so many billions in mkt cap daily? or is it just anothr tech bubble in da makin?", "time": 1464819832.0, "sentiment": ""}, {"id": 55857270, "text": "$AMZN So are we still going to $6000 or $3000?? Looks like sub $500 in the cards in the coming months or less.Finish red today, likely", "time": 1464819797.0, "sentiment": ""}, {"id": 55856988, "text": "It&#39;s also good news for the market to see $AMZN hitting new all-time highs in back-to-back sessions.", "time": 1464819647.0, "sentiment": ""}, {"id": 55856830, "text": "$AMZN short by weekly 720P", "time": 1464819548.0, "sentiment": ""}, {"id": 55856417, "text": "$AMZN waiting for 730 to short again. Market turning green, might actually get it", "time": 1464819306.0, "sentiment": ""}, {"id": 55855517, "text": "Amazon.com&#39;s PT raised by MKM Partners to $850.00. buy rating. http://www.analystratings.net/r/654023 $AMZN", "time": 1464818783.0, "sentiment": ""}, {"id": 55855089, "text": "Twitter Is A Potential Gold Mine $TWTR $GOOG $GOOGL $AAPL $AMZN http://seekingalpha.com/article/3979097-twitter-potential-gold-mine?source=feed_f", "time": 1464818559.0, "sentiment": ""}, {"id": 55855027, "text": "$QQQ Top 20 Holdings: Retail leads $COST $MDLZ $SBUX $WBA $KHC Bio lag $BIIB Tech $AAPL lags $AMZN holds $NDX $COMPQ", "time": 1464818515.0, "sentiment": ""}, {"id": 55854014, "text": "why do stocks like $AMZN $GOOG $NFLX $LNKD all rise like 1 or 2% daily (not too much not loo less) &amp; then on some ERs, just drop like $100?", "time": 1464817938.0, "sentiment": ""}, {"id": 55853902, "text": "$AMZN Amazon.com, Inc. Stock Could Skyrocket http://tradinggods.net/trading-gods-blog/amazon-com-inc-stock-skyrocket/", "time": 1464817881.0, "sentiment": ""}, {"id": 55853302, "text": "$AMZN Even sky fall off this one still will go up. Now they are planning to expand in the Mars. P/E will be 10^infinity from now 600", "time": 1464817533.0, "sentiment": ""}, {"id": 55853220, "text": "$AMZN seems to be the new gold for the world", "time": 1464817491.0, "sentiment": ""}, {"id": 55852961, "text": "$AMZN first target based on 5 min orb is 726.9 so far AMZN move 1.41 from orb high 723.2. https://gyazo.com/5d26aacfdb8d6cbb768b89c909c7d1df", "time": 1464817339.0, "sentiment": ""}, {"id": 55852867, "text": "The market knoweth no pullback. Bear mkt concept is toast forever I guess. LOL . Its a bull mkt daily now. $AMZN $GOOG $FB $LNKD $FB $NFLX", "time": 1464817282.0, "sentiment": "Bullish"}, {"id": 55852724, "text": "$AMZN", "time": 1464817212.0, "sentiment": ""}, {"id": 55852701, "text": "The $QQQ in the green +.25% - Here are the Top 10 holdings - kinda split, but $AMZN  helping a lot.", "time": 1464817199.0, "sentiment": ""}, {"id": 55852690, "text": "$amzn next target 728 then 730", "time": 1464817196.0, "sentiment": "Bullish"}, {"id": 55852565, "text": "$AMZN doing more work today", "time": 1464817138.0, "sentiment": "Bullish"}, {"id": 55852361, "text": "$AMZN I truly feel sorry for anyone buying this up here", "time": 1464817026.0, "sentiment": "Bearish"}, {"id": 55852344, "text": "$FB - Rotation out of FAANG stocks $NFLX and $AAPL and possibly into $AMZN and $FB. It&#39;s time for $FB to have its ATH in the near future.", "time": 1464817017.0, "sentiment": "Bullish"}, {"id": 55852265, "text": "$AMZN I would love to see this take off and go parabolic.. Best of both worlds for short term traders in a way.", "time": 1464816979.0, "sentiment": ""}, {"id": 55851885, "text": "$AMZN hold on...is this up on the Cuban announcement??  OMG the market is desperate, what a load of bologna!!  Let it run, then bye bye...", "time": 1464816770.0, "sentiment": ""}, {"id": 55851328, "text": "$AMZN AMZN Stock: New Data Says Amazon.com, Inc. Is Poised for Huge Gains!@Profit Confidential.", "time": 1464816459.0, "sentiment": ""}, {"id": 55851281, "text": "$SPY $AMZN $LNKD ah, others have noticed this magic.....", "time": 1464816431.0, "sentiment": ""}, {"id": 55851200, "text": "$AMZN AMZN Stock: New Data Says Amazon.com, Inc. Is Poised for Huge Gains!", "time": 1464816389.0, "sentiment": ""}, {"id": 55851195, "text": "$AMZN new ATH today. $SPY $SPX $QQQ", "time": 1464816387.0, "sentiment": ""}, {"id": 55851133, "text": "$SPY $amzn $LNKD  cant wait until 10:31", "time": 1464816347.0, "sentiment": ""}, {"id": 55850896, "text": "Will $AMZN ever retrace down to under $700 in the near future or not ? geez", "time": 1464816202.0, "sentiment": "Bullish"}, {"id": 55850788, "text": "$AMZN lol the fall will be faster than this rise...600 in the card after next ER..suspicious package lol", "time": 1464816140.0, "sentiment": ""}, {"id": 55850732, "text": "$AMZN All credit to Amazon, but if Amazon can rise that quickly....then, how fast can it fall?", "time": 1464816104.0, "sentiment": ""}, {"id": 55850599, "text": "I would NOT buy PUT options in $AMZN that expire prior to next Earnings date. When s next ER? Hope it drops like 100 bucks aftr next ER, LOL", "time": 1464816029.0, "sentiment": "Bullish"}, {"id": 55850442, "text": "$AMZN Newest form of insanity. Totally NOT worth it. My $$$$ going anywhere else.", "time": 1464815946.0, "sentiment": ""}, {"id": 55850441, "text": "$AMZN This is plum crazy...what is this about.  Feel a short coming on but think I need to wait to see what happens at $730 if it gets there", "time": 1464815946.0, "sentiment": ""}, {"id": 55850386, "text": "$AMZN That dude on CNBC pumping.. must have a hard job. Going home every night and scraping the white-stuff from the back of his throat.", "time": 1464815910.0, "sentiment": ""}, {"id": 55850290, "text": "DayTrader $AMZN setting up good. Target 730ish .great volume . Also a swing trade if u can manage well", "time": 1464815854.0, "sentiment": ""}, {"id": 55850197, "text": "Even a RSI of 75 does not stop $AMZN from skyrocketing. Alright Amazon stock, I am buying CALLS (holding my nose). RALLY ON", "time": 1464815800.0, "sentiment": "Bullish"}, {"id": 55850131, "text": "$CBRL $AMZN $BURL monsters", "time": 1464815770.0, "sentiment": ""}, {"id": 55850076, "text": "$FB HOD . Unreal that FB not ATH &amp; $AMZN is .. FB is 10 times cheaper", "time": 1464815735.0, "sentiment": ""}, {"id": 55850075, "text": "$AMZN welcomes ATH today, Bezo richer than Mark now $FB. Go Amazon", "time": 1464815734.0, "sentiment": ""}, {"id": 55849896, "text": "Our $AMZN is looking strong and good in our portfolio. We alerted to buy 2 weeks ago at $697 today is $725+", "time": 1464815635.0, "sentiment": "Bullish"}, {"id": 55849823, "text": "$AMZN awesome!!", "time": 1464815591.0, "sentiment": ""}, {"id": 55849587, "text": "$SHOP up on news of $DWRE acquisition by $CRM. Is $SHOP in line for acquisition by another player? $AMZN perhaps. https://www.internetretailer.com/2015/09/17/amazon-refers-webstore-merchants-shopifys-platform", "time": 1464815465.0, "sentiment": ""}, {"id": 55849354, "text": "$AMZN back at it.", "time": 1464815365.0, "sentiment": ""}, {"id": 55849346, "text": "$AMZN $750 coming right up.", "time": 1464815362.0, "sentiment": "Bullish"}, {"id": 55849330, "text": "$AMZN got stopped on all my positions today and I&#39;m putting it all in AMZN. In @ 721.5", "time": 1464815355.0, "sentiment": "Bullish"}, {"id": 55849203, "text": "$AMZN this one is strong. Like a wild bucking bronco", "time": 1464815300.0, "sentiment": "Bullish"}, {"id": 55849163, "text": "$AMZN what a headfake under 721 then complete rip job with spy. -$1000 loss", "time": 1464815279.0, "sentiment": ""}, {"id": 55849032, "text": "$AMZN  ATH :)  JOY!!!", "time": 1464815227.0, "sentiment": ""}, {"id": 55848564, "text": "Citi&#39;s Bull-Bear Analysis For Costco, Carter&#39;s, Staples $AMZN $COST $CRI $SPLS http://benzinga.com/z/8055221", "time": 1464815038.0, "sentiment": ""}, {"id": 55848503, "text": "$amzn price too erratic here", "time": 1464815008.0, "sentiment": ""}, {"id": 55848300, "text": "$AMZN MMs playing this one to the cliff&#39;s edge. World Markets in dire conditions and yet they are still dancing on the Titanic.", "time": 1464814927.0, "sentiment": ""}, {"id": 55848232, "text": "$amzn 721 break. looking for day lows after 720", "time": 1464814893.0, "sentiment": "Bearish"}, {"id": 55847991, "text": "$NFLX oh yeah and don&#39;t forget $AMZN chasing $NFLX like pac-man, they will consume them soon", "time": 1464814793.0, "sentiment": ""}, {"id": 55847505, "text": "$amzn needs under that 721 level to get going then 720 for some day low hits", "time": 1464814548.0, "sentiment": ""}, {"id": 55847362, "text": "$amzn short 722", "time": 1464814474.0, "sentiment": ""}]