[{"id": 58065633, "text": "Amazon Prime Day to Drive Unit Growth in Tough Comp Quarter - Piper Jaffray ($AMZN) http://streetinsider.com/rs/11813270", "time": 1468002495.0, "sentiment": ""}, {"id": 58063880, "text": "$AMZN 750 after prime day?", "time": 1467993771.0, "sentiment": "Bullish"}, {"id": 58063878, "text": "$AMZN Stock price guess after prime day?", "time": 1467993740.0, "sentiment": ""}, {"id": 58063231, "text": "$AMZN what time is job data?", "time": 1467988177.0, "sentiment": ""}, {"id": 58063182, "text": "$AMZN Tough call Tom, being Friday, jog numbers Brexit ?", "time": 1467987628.0, "sentiment": ""}, {"id": 58063153, "text": "WL: $YHOO $AMZN $EA $SODA $NVDA $ARMK $BAX $COH $CPRT $CSCO $EXPD $EXR $IM $ORCL $PPC $ROST $VRSK", "time": 1467987405.0, "sentiment": "Bullish"}, {"id": 58062809, "text": "Wal-Mart Stores Inc. Earnings Set To Increase $WMT Also $AMZN $COST http://goo.gl/vaHPWP", "time": 1467985142.0, "sentiment": ""}, {"id": 58060163, "text": "$TSLA, $AAPL, $FB, $GOOG, $AMZN I hate when people brag", "time": 1467974254.0, "sentiment": ""}, {"id": 58059900, "text": "$AAPL $AMZN $GOOG $BAC $VRX $WNR $FB $TWTR  not many insider purchases in the market in general.  Check us out", "time": 1467973606.0, "sentiment": ""}, {"id": 58059532, "text": "Amazon, Wal-Mart and Costco Will Impress Investors This Earnings Season $WMT $AMZN $COST http://goo.gl/OqMQr9", "time": 1467972544.0, "sentiment": ""}, {"id": 58059453, "text": "$AMZN Amazon Prime Day (Tues 07-12) should be much bigger this year than it was last year MW 07-07 After Bell http://on.mktw.net/29oF5jv", "time": 1467972323.0, "sentiment": ""}, {"id": 58059383, "text": "$AMZN  US NFP report Fri @ 8:30 AM ET FYI:", "time": 1467972136.0, "sentiment": ""}, {"id": 58059346, "text": "$AMZN http://finance.yahoo.com/echarts?s=AMZN+Interactive#{&quot;showArea&quot;:false,&quot;lineType&quot;:&quot;line&quot;,&quot;allowChartStacking&quot;:true} Amazon 1-yr tick-data ($434.00 to $736.00)", "time": 1467972074.0, "sentiment": ""}, {"id": 58058069, "text": "@caerus1 lol! Ok. Remember that when $spx is 2150 by end of year. $aapl $amzn $fb $gild BTMFD&#39;s! $spy", "time": 1467969288.0, "sentiment": ""}, {"id": 58057563, "text": "@FastRock @Chisum I have been buying the daylight out of $fb $ulta $amzn $aapl $spy $gild $hd $tsla dips and sell the spikes. Making huge $$", "time": 1467968351.0, "sentiment": ""}, {"id": 58057323, "text": "Just a few charts I ran. Buy signal on $AMZN June 30th. Same with $AAPL. Although, $SPY very near a crossroads for a sell signal, within 2d.", "time": 1467967879.0, "sentiment": ""}, {"id": 58055867, "text": "$AMZN Amazon wants people to pay for Podcasts http://www.bloomberg.com/news/articles/2016-07-07/amazon-wants-people-to-pay-for-podcasts", "time": 1467964908.0, "sentiment": ""}, {"id": 58055829, "text": "@LuvShortLong @WallSt_Snake I&#39;d wait till $amzn spikes the week of Earnings. Then buy some puts", "time": 1467964856.0, "sentiment": ""}, {"id": 58054759, "text": "$AMZN yes heard it will b; stock should be trading at 1200 with pe higher than current 660 ( pe shuld b 800 + makes perfect sense", "time": 1467962800.0, "sentiment": ""}, {"id": 58054529, "text": "$AMZN #Amazon Prime Day should be much bigger this year than it was last year http://www.marketwatch.com/story/amazon-prime-day-should-be-much-bigger-this-year-than-it-was-last-year-2016-07-07", "time": 1467962358.0, "sentiment": ""}, {"id": 58053359, "text": "Jefferies - Buy Amazon.com, Inc. ($AMZN), Be Cautious with Netflix, Inc. ($NFLX): http://bit.ly/29Rm7mP", "time": 1467960343.0, "sentiment": "Bullish"}, {"id": 58053103, "text": "T3 Live Daily Recap: Friday&#39;s Jobs Report\nhttp://viralmarketnews.com/t3-live-daily-recap-tracking-the-action-ahead-of-fridays-jobs-report/\n$SPY $IBB $USO $GDX $GLD $AMZN $FB $NFLX $TSLA $BABA $TWTR $TWLO $AAPL", "time": 1467959921.0, "sentiment": ""}, {"id": 58051754, "text": "$AMZN Amazon prime day worldwide. It will be a record. Coming soon to a web browser near you. July 12 #primeday", "time": 1467957916.0, "sentiment": "Bullish"}, {"id": 58051492, "text": "@overland1 if you want a list: $COR $FB $TSN $MKTX $AEP $RAI $TXRH $UNH $DW $ABMD $MDT $AMZN $CORE $TDG THS $PATK $CAG $LGND I can go on", "time": 1467957472.0, "sentiment": ""}, {"id": 58050837, "text": "Amazon\u2019s New Bizzare HQ Pushes Clean Tech Boundaries: http://bit.ly/070716AMZN $AMZN", "time": 1467956426.0, "sentiment": ""}, {"id": 58048759, "text": "$TSLA $AAPL $FB $GOOG $AMZN thats what i did; wife doesnt know; i&#39;d be so skreewed or i guess Not", "time": 1467953540.0, "sentiment": ""}, {"id": 58048454, "text": "$TSLA $AAPL $FB $GOOG $AMZN take 2nd mortgage out sell everything take ALL proceeds and buy AMZN 720 August PUTs then retire", "time": 1467953196.0, "sentiment": ""}, {"id": 58047515, "text": "$TSLA $AAPL $FB $GOOG $AMZN Guys I&#39;ve been trading stocks for 5 years, can you point me to some options trading training. I&#39;m good at stocks", "time": 1467952190.0, "sentiment": ""}, {"id": 58046857, "text": "@OptionsDayTrader77  I&#39;ve heard people say that about $SPY, $QQQ, &amp; $AMZN as well.", "time": 1467951536.0, "sentiment": ""}, {"id": 58046153, "text": "Bull of the Day: Amazon $AMZN Also $TSLA $GOOGL http://goo.gl/6oTCfo", "time": 1467950942.0, "sentiment": ""}, {"id": 58044866, "text": "Amazon ($AMZN) Is the ONLY Stock You Should Own http://bit.ly/29oujtz @investorplace", "time": 1467949865.0, "sentiment": ""}, {"id": 58043648, "text": "@darahion online retailer sounds like $AMZN weird how he said all this in midst of FCC proceedings/endgame", "time": 1467948901.0, "sentiment": ""}, {"id": 58043501, "text": "A Fifth Hamilton http://goo.gl/YglwPT ( $AMZN )", "time": 1467948809.0, "sentiment": ""}, {"id": 58043445, "text": "ADP, OIL stocks, Initial claims surprise. Trending stocks discussed: $PEP, $WWAV, $HAIN, $AVG, $AMZN https://youtu.be/Yk2EOWUJHtQ #investools", "time": 1467948774.0, "sentiment": "Bullish"}, {"id": 58043372, "text": "$AMZN  Any thing between $700 to $710 . It has momentum and will shoot upto $757 .So risk rewards need to be evaluated when entering now .", "time": 1467948731.0, "sentiment": ""}, {"id": 58042309, "text": "Adjusted position #1 buy targets:(not predictions): $AMZN $665.64, $MDT $79.29, $XOM $89.76, $EMC $23.01, $CMCSA $63.09", "time": 1467948012.0, "sentiment": ""}, {"id": 58041837, "text": "$AMZN Ok when its time to enter next time?", "time": 1467947722.0, "sentiment": ""}, {"id": 58040722, "text": "damn holding way too many calls, and no hedge. I wont be able to sleep tonight. $pcln $soda $tsla $amzn $wb good luck all.", "time": 1467947075.0, "sentiment": ""}, {"id": 58038985, "text": "$AMZN $731 b/o point was good entry", "time": 1467946222.0, "sentiment": ""}, {"id": 58038923, "text": "$AMZN  purely algorithm play .Fun to see when to ride and exit", "time": 1467946183.0, "sentiment": ""}, {"id": 58038798, "text": "@Henry2013 what do you think about $AMZN here? Hold overnight for my $737 buy or take loss and get out? Seems strong here...", "time": 1467946118.0, "sentiment": ""}, {"id": 58038793, "text": "$AMZN  $FB $GOOGL moves up at same time but what algorithm making $AMZN not to drop same time", "time": 1467946117.0, "sentiment": ""}, {"id": 58038775, "text": "$amzn open 745 calls for two weeks out", "time": 1467946112.0, "sentiment": ""}, {"id": 58038388, "text": "$AMZN I think 735 is too much at this point.", "time": 1467945909.0, "sentiment": "Bearish"}, {"id": 58037922, "text": "$AMZN No volume should mean a higher close", "time": 1467945677.0, "sentiment": ""}, {"id": 58037773, "text": "$amzn 20 minutes still no volume", "time": 1467945582.0, "sentiment": ""}, {"id": 58037401, "text": "$amzn im staying mum cause i dont want to jinx it", "time": 1467945385.0, "sentiment": ""}, {"id": 58036464, "text": "$AMZN $QQQ $SPY #AMZN green close today.", "time": 1467944809.0, "sentiment": "Bullish"}, {"id": 58036398, "text": "$amzn going out with a whimper on the flag", "time": 1467944766.0, "sentiment": ""}, {"id": 58035874, "text": "$SPY $AMZN sold some premium July 22 760/765 call spread for 1.1 credit. 2 contracts.", "time": 1467944457.0, "sentiment": "Bearish"}, {"id": 58034495, "text": "$AMZN $SPY $SPX if u observe level 2 u will c AMZN being shorted building- volume yet again pitiful", "time": 1467943717.0, "sentiment": "Bearish"}, {"id": 58034202, "text": "$AMZN a lot of bashers here and also permabull cheerleaders. Just like $aapl", "time": 1467943552.0, "sentiment": ""}, {"id": 58033906, "text": "$amzn a nother lousy volume day", "time": 1467943395.0, "sentiment": ""}, {"id": 58033877, "text": "Why @Amazon is bringing back Prime Day, its biggest sales day of 2016 $AMZN @amazonprimenow http://yhoo.it/29tPWvL http://bit.ly/APDTTS", "time": 1467943377.0, "sentiment": ""}, {"id": 58033475, "text": "$AAPL $AMZN $GOOG $XXII $OAS  Also it would be better to show earning dates / any major news on top", "time": 1467943168.0, "sentiment": ""}, {"id": 58033318, "text": "Many solid stks on garage sale now that we can accumulate shares. Did U buy $FB at 72 end of Feb? or $22 or 18  etc. $AMZN $450 $TSLA at $65", "time": 1467943087.0, "sentiment": ""}, {"id": 58031987, "text": "$AMZN Not ready to call bear yet. Today&#39;s close is important. Pivot at $732.64 has held nicely so far. The fight is on.", "time": 1467942278.0, "sentiment": ""}, {"id": 58030990, "text": "$AMZN, $SPY Amazon.com Breaks New 52-Week Highs on Wednesday http://tradinggods.net/trading-gods-blog/amazon-com-broke-new-52-week-highs-we", "time": 1467941630.0, "sentiment": ""}, {"id": 58030453, "text": "$INSY,    sold $MGT bot $AMZN, $FB and Insy on the dips after the profit on mgt", "time": 1467941265.0, "sentiment": ""}, {"id": 58030165, "text": "$AMZN Tough company to value given that PE and real free cash flow don&#39;t seem to matter much. Probably need to use cash flow &amp; other", "time": 1467941087.0, "sentiment": ""}, {"id": 58029929, "text": "I am bullish on $AMZN with a target price of $807.06 in 6 mos. on Vetr! http://bit.ly/29wlrE3", "time": 1467940928.0, "sentiment": "Bullish"}, {"id": 58029746, "text": "$AMZN  short @ 738.60 &amp; TSLA long @ 213.40", "time": 1467940813.0, "sentiment": "Bearish"}, {"id": 58029409, "text": "$AMZN on failed breakout watch. Could also put in a nasty bearish momentum divergence here (14 day RSI). I think it goes to 630", "time": 1467940574.0, "sentiment": "Bearish"}, {"id": 58029070, "text": "Amazon&#39;s Alexa Virtual Assistant Now Allows Users Using Voice To Order Products: http://owl.li/2T1J3021FT7 $AMZN", "time": 1467940369.0, "sentiment": ""}, {"id": 58027630, "text": "Wal-Mart Stores Inc. Earnings Set To Increase $WMT Also $AMZN $COST http://goo.gl/vaHPWP", "time": 1467939433.0, "sentiment": ""}, {"id": 58026952, "text": "$AMZN LOL!!! Bezos paying investors place to pump? This crowded trade looks like a hefty bag over your shoulders", "time": 1467938985.0, "sentiment": "Bearish"}, {"id": 58026505, "text": "$AMZN wasayyy overbought; look for great short entry here; not goin higher;for long time;pigs get slaughtered", "time": 1467938675.0, "sentiment": "Bearish"}, {"id": 58026152, "text": "How to Trade FANG Stocks -- $FB $AMZN $GOOGL $NFLX @jimcramer http://bit.ly/29l6lia http://bit.ly/APDTTS http://bit.ly/NFTTSLX", "time": 1467938432.0, "sentiment": ""}, {"id": 58025799, "text": "These Retail Stocks Will Impress With Earnings $AMZN $COST $WMT http://bit.ly/29pjLzR http://bit.ly/APDTTS http://bit.ly/COSTCITI", "time": 1467938202.0, "sentiment": ""}, {"id": 58024970, "text": "$NFLX $DIS $CMCSA $AMZN $AAPL http://www.forbes.com/sites/jaysomaney/2016/07/07/the-netflix-conundrum/#57e6933a22e8", "time": 1467937692.0, "sentiment": ""}, {"id": 58024679, "text": "$UVXY watch $AMZN 730.30 if that were to break it would show some panic in the market other than that it&#39;s all about oil today", "time": 1467937526.0, "sentiment": ""}, {"id": 58023416, "text": "$AMZN @PowerTriggerTrade Can I add? Down today but is it possible to catch the move to 747 or have the rules changed?", "time": 1467936800.0, "sentiment": ""}, {"id": 58023315, "text": "@OptionsDayTrader77 I just scrolled down but don&#39;t see any. You are bullish on $AMZN right?", "time": 1467936737.0, "sentiment": "Bullish"}, {"id": 58022446, "text": "$NFLX $GOOG $FB $AMZN are all looking like Geriatrics candidates rather than market leaders. Have they lost their MOJO?", "time": 1467936263.0, "sentiment": ""}, {"id": 58021649, "text": "Sucking robot arm wins Amazon Picking Challenge: http://owl.li/UrcG3021w0F $AMZN", "time": 1467935765.0, "sentiment": ""}, {"id": 58021601, "text": "$AMZN  Google/Amazon fangs in sync with US equities indices (Nasdaq)", "time": 1467935735.0, "sentiment": ""}, {"id": 58021530, "text": "$AMZN  Nasdaq red", "time": 1467935691.0, "sentiment": ""}, {"id": 58020601, "text": "$AMZN -0.53% at $733.68 after reaching an all time high of $739.60 earlier. Share price is up +15.20% in 2016 &amp; 70.77% in 52 wks.", "time": 1467935062.0, "sentiment": ""}, {"id": 58019875, "text": "$AMZN Is the ONLY Stock You Should Own - http://investorplace.com/2016/07/amzn-stock-amazon-com-inc-earnings/", "time": 1467934586.0, "sentiment": "Bullish"}, {"id": 58019761, "text": "$AMZN check out my previous posts if you are an options trader- then follow me if you like what you see!", "time": 1467934511.0, "sentiment": "Bullish"}, {"id": 58019632, "text": "Share an idea on $AMZN buying calls this am for next week", "time": 1467934405.0, "sentiment": ""}, {"id": 58018782, "text": "$AMZN Hospitals will be able to upload ALL medical records to AWS and SAVE millions in storage and avoiding DUPLICATION of medical tests.", "time": 1467933824.0, "sentiment": "Bullish"}, {"id": 58018545, "text": "$AMZN SECRET: Amazon working on Medical Records in the AWS Cloud!!", "time": 1467933654.0, "sentiment": ""}, {"id": 58018165, "text": "Recently, Slice Intelligent said that fewer than 50% of people who bought $AMZN&#39;s Dash button made an order: http://bit.ly/060716AMZN1", "time": 1467933403.0, "sentiment": ""}, {"id": 58017891, "text": "Sold the rest of my $AAPL shares. Done. Made a small profit on $AMZN. Looking to get back in with a small position in low $733s", "time": 1467933210.0, "sentiment": ""}, {"id": 58017559, "text": "$AMZN  Friday is NFP (Payroll ) report @ 8:30 AM (Othwerwise Go Amazon! (To 1000 by Feb 2017?))", "time": 1467932995.0, "sentiment": ""}, {"id": 58016915, "text": "Here are four quotes that show Steve Jobs and Jeff Bezos taught us the same lesson. $AMZN https://www.zacks.com/stock/news/222612/4-times-steve-jobs-and-jeff-bezos-agreed-about-life", "time": 1467932581.0, "sentiment": ""}, {"id": 58016741, "text": "$AMZN pulling back at b/o  point $731 is very normal. Don&#39;t get panic now..", "time": 1467932483.0, "sentiment": ""}, {"id": 58016718, "text": "$LEDS $TRCH $VSR $XBIT $AMZN $ATVI", "time": 1467932469.0, "sentiment": ""}, {"id": 58016557, "text": "$AMZN guys wait and go long till 13th July. 2nd annual Amazon prime day coming up. Biggest Amazon event this year. #Excited?", "time": 1467932370.0, "sentiment": "Bullish"}, {"id": 58015654, "text": "$AMZN US markets Betaa-Volatile after  robust Jobless Claims (Latter can contribute to Fed-Hike; hence the anxiety)Fangs moving with Nasdaq!", "time": 1467931829.0, "sentiment": ""}, {"id": 58013875, "text": "$AMZN", "time": 1467930781.0, "sentiment": ""}, {"id": 58013867, "text": "$LEDS $TRCH $VSR $XBIT $AMZN $ATVI", "time": 1467930775.0, "sentiment": ""}, {"id": 58013857, "text": "i LOVE this.  it&#39;s a tiny change, but makes life that much more convienent.  $AMZN $SPTF", "time": 1467930768.0, "sentiment": ""}, {"id": 58013775, "text": "$LEDS $TRCH $VSR $XBIT $AMZN $ATVI", "time": 1467930723.0, "sentiment": ""}, {"id": 58013290, "text": "$MGT $BAC $DB $JPM $BCS $GS $CMG $NFLX $AMZN  check out $SPWR best of breed solar, dd = strong everywhere but hammered! Price is a steal", "time": 1467930446.0, "sentiment": ""}, {"id": 58012858, "text": "5-star analyst Doug Anmuth from J.P. Morgan reiterated a BUY on $AMZN. Doug has a 64% success rate http://tipranks.com/experts/Doug-Anmuth", "time": 1467930219.0, "sentiment": ""}, {"id": 58012848, "text": "$amzn okay I aking 32.25 lvl", "time": 1467930215.0, "sentiment": ""}, {"id": 58012809, "text": "$amzn still raising bid they not hitting yet", "time": 1467930190.0, "sentiment": ""}, {"id": 58012510, "text": "$amzn dammit thats all we going to get ?", "time": 1467930036.0, "sentiment": ""}, {"id": 58012447, "text": "$amzn okay moving bid up they not hitting", "time": 1467930004.0, "sentiment": ""}, {"id": 58012413, "text": "$AMZN  Nasdaq Beta Voilatile after Jobless Claims -Fangs in sync", "time": 1467929986.0, "sentiment": ""}, {"id": 58012373, "text": "$amzn okay close enough I am adding here 31.55 ish hit me", "time": 1467929974.0, "sentiment": ""}, {"id": 58012161, "text": "$AMZN Preferred the previous lifetime... but w/e.", "time": 1467929853.0, "sentiment": ""}, {"id": 58011726, "text": "$amzn .381 retra is 31.50 ish so get it done arleady", "time": 1467929635.0, "sentiment": ""}, {"id": 58011632, "text": "$amzn below 700?", "time": 1467929588.0, "sentiment": ""}, {"id": 58011568, "text": "$AMZN $COST $WMT These 3 Retail Stocks Will Impress Investors this Earnings Season https://www.hvst.com/posts/65196-these-3-retail-stocks-will-impress-investors-this-earnings-season", "time": 1467929555.0, "sentiment": ""}, {"id": 58011180, "text": "$AMZN Ok so if i want to enter amazon i should wait tomorrow right? Better than today hum?", "time": 1467929359.0, "sentiment": ""}, {"id": 58011053, "text": "$AMZN Is it a good spot to enter amazon guys?", "time": 1467929295.0, "sentiment": ""}, {"id": 58010930, "text": "$AAPL $AMZN WOW thats cool man !!! Yes lets forget about apple misery and get in a true innovative and positive stock for a change", "time": 1467929231.0, "sentiment": ""}, {"id": 58010635, "text": "Comparisons of $ATHN w $AMZN (as cloud provider of health industry) misguided. Bush is no Bezos. Labor intensive $ATHN priced in the clouds", "time": 1467929112.0, "sentiment": "Bearish"}, {"id": 58010190, "text": "Amazon.com&#39;s buy rating reiterated at MKM Partners. $850.00 PT. http://www.marketbeat.com/r/670097 $AMZN", "time": 1467928922.0, "sentiment": ""}, {"id": 58010011, "text": "$AMZN Looks like no one&#39;s buying at these prices. Tomorrow weeklies will be selling and the smart ones will sell today.", "time": 1467928841.0, "sentiment": ""}, {"id": 58009525, "text": "@psteinberg looks like today&#39;s my day to be done with $AAPL, too. going to give $AMZN a try.", "time": 1467928585.0, "sentiment": ""}, {"id": 58009466, "text": "$AMZN once it falls, it fall", "time": 1467928556.0, "sentiment": ""}, {"id": 58009037, "text": "@LordGainz profit taking as it hits ATH $AMZN. Rotation for the rest of FANG IMO.", "time": 1467928328.0, "sentiment": ""}, {"id": 58008355, "text": "$NFLX wtf is this $goog $fb $amzn", "time": 1467927956.0, "sentiment": ""}, {"id": 58008325, "text": "$SPY $QQQ $DIA $IWM $ACIA $AMZN $CRM", "time": 1467927939.0, "sentiment": ""}, {"id": 58007999, "text": "$FB seriously whats going on... $amzn. $SPY tops 2100 and this one not even 120 yet.", "time": 1467927764.0, "sentiment": "Bullish"}, {"id": 58007136, "text": "$amzn not going up IMO until we tag the  31.50", "time": 1467927315.0, "sentiment": ""}, {"id": 58007041, "text": "out of $amzn for small loss, as it hit my stop. obey stops will save further loss, can always jump back in later", "time": 1467927267.0, "sentiment": ""}, {"id": 58006942, "text": "$AMZN $FB thought these be green today $PCLN looking good", "time": 1467927201.0, "sentiment": "Bullish"}, {"id": 58006622, "text": "$AMZN needs to turn around now", "time": 1467927023.0, "sentiment": ""}, {"id": 58006495, "text": "$AMZN When Goldman upgraded the stock yesterday I sold all of it. Goldman is always a good contrarian indicator just like Cramer", "time": 1467926952.0, "sentiment": "Bearish"}, {"id": 58006131, "text": "$SPY $QQQ $DIA $IWM $ACIA $AMZN $CRM", "time": 1467926746.0, "sentiment": ""}, {"id": 58005922, "text": "110 stocks making new 52 week highs this morning: $XOM $AMZN $GE (9:23am CT)", "time": 1467926640.0, "sentiment": ""}, {"id": 58005766, "text": "$AMBA https://www.youtube.com/watch?v=0aBg3zX2sig $AMD $GPRO $AMZN ...", "time": 1467926544.0, "sentiment": ""}, {"id": 58005535, "text": "Amazon, Wal-Mart and Costco Will Impress Investors This Earnings Season $WMT $AMZN $COST http://goo.gl/OqMQr9", "time": 1467926424.0, "sentiment": ""}, {"id": 58005401, "text": "$AMZN It&#39;s been over bubbly for a long time.", "time": 1467926354.0, "sentiment": ""}, {"id": 58004817, "text": "$AMZN finally free fall about to initiate", "time": 1467926063.0, "sentiment": ""}, {"id": 58004367, "text": "$amzn i just noticed most of my calls are July 15, damn I actually followed the rules pinch me", "time": 1467925829.0, "sentiment": ""}, {"id": 58004339, "text": "Amazon.com (AMZN) Stock Falls, Targets Apple with Podcast App $AMZN http://dlvr.it/LlBVK4", "time": 1467925820.0, "sentiment": ""}, {"id": 58004070, "text": "New Lifetime High For Amazon.com (AMZN) $AMZN http://dlvr.it/LlBS0g", "time": 1467925689.0, "sentiment": ""}, {"id": 58004066, "text": "opened 740 $amzn calls for next week", "time": 1467925687.0, "sentiment": "Bullish"}, {"id": 58003965, "text": "How to Trade FANG Stocks -- Facebook, Amazon, Google, Netflix -- Plus Jim Cramer&#39;s Take $AMZN http://dlvr.it/LlBR3F", "time": 1467925641.0, "sentiment": ""}, {"id": 58003568, "text": "$AMZN MMs knew there would be a sell off at the open, that&#39;s why they worked so hard to try to open at 740.00. Failed at that.", "time": 1467925461.0, "sentiment": ""}, {"id": 58003493, "text": "Jefferies: Buy $AMZN Be Cautious with $NFLX  http://goo.gl/KjcaMy", "time": 1467925424.0, "sentiment": ""}, {"id": 58002597, "text": "$amzn yeah right someone just bought 100 weekly 755/800 call spread.... dreamer", "time": 1467925012.0, "sentiment": ""}, {"id": 58001837, "text": "$AMZN thanks for your help and advice to get in amazon have a nice day", "time": 1467924673.0, "sentiment": ""}, {"id": 58001787, "text": "$AMZN I decided to stop trading $AAPL . Now I want to get in Amazon . Any advice for a good target to get in ( i can wait days or weeks)", "time": 1467924648.0, "sentiment": ""}, {"id": 58001716, "text": "$amzn man them some long bottom tails on those 5 min candles but not going up", "time": 1467924620.0, "sentiment": ""}, {"id": 58001507, "text": "$amzn well may as well go back and test the 731.50 breakout now", "time": 1467924524.0, "sentiment": ""}, {"id": 58001449, "text": "$AMZN $GOOG $FB to lows", "time": 1467924502.0, "sentiment": ""}, {"id": 58001308, "text": "$AMZN hit PT to the penny in pre at 740", "time": 1467924435.0, "sentiment": ""}, {"id": 58001209, "text": "Greatest increase / decrease within $SPX $EQIX $SJM $ISRG $AZO $SPG $AMZN $NEE $PCLN $REGN $GOOG $CMG $BIIB $ALZXN", "time": 1467924386.0, "sentiment": ""}, {"id": 58000582, "text": "$amzn touched the cloud at 735 so that may be it on the 5 min will see too early yet", "time": 1467924128.0, "sentiment": ""}, {"id": 58000468, "text": "$amzn next buy 732.50 imo will see if it can get that low", "time": 1467924082.0, "sentiment": ""}, {"id": 58000218, "text": "$KITE H&amp;H  $AMZN for KITE very high potentials", "time": 1467923969.0, "sentiment": ""}, {"id": 57999969, "text": "$amzn come now tank..... trying that reverse pych again", "time": 1467923849.0, "sentiment": ""}, {"id": 57999826, "text": "$AAPL OUT OF APPLE at 95.95 loss 125$ only ( i bought 2500 shares last friday for 96.00) buy guys i will trade other stock now $amzn and $fb", "time": 1467923775.0, "sentiment": ""}]