[{"id": 58319199, "text": "Will Apple&#39;s Acquisition of Tidal Hurt Spotify? Find out here: http://bit.ly/120716AMZN $AMZN $AAPL", "time": 1468382046.0, "sentiment": ""}, {"id": 58318657, "text": "$AMZN it does not mean that amazon retail model has any flaw. It is very good . Prime sell we need to see if it garage sale or real one.", "time": 1468381628.0, "sentiment": ""}, {"id": 58318602, "text": "$AMZN $TSLA $TEVA $SAGE $SPY $IBB", "time": 1468381588.0, "sentiment": ""}, {"id": 58317798, "text": "$AMZN  Seeing lots of prime news The today price is for AWS .... Not even tempt today to login to amazon to buy discarded warehouse junks.", "time": 1468380963.0, "sentiment": ""}, {"id": 58316923, "text": "$AMZN $TSLA $TEVA $SAGE $SPY $IBB Market recap 7/12 http://www.precisiontrade365.com/market-recap-712/", "time": 1468380317.0, "sentiment": ""}, {"id": 58316816, "text": "$AMZN stand with me - stock is going to 1000 - you should all leverage your homes and unborn children and buy the stock now, 25% profit pote", "time": 1468380235.0, "sentiment": ""}, {"id": 58316477, "text": "$AMZN as mentioned yesterday .. Easy profit today.. Short", "time": 1468379996.0, "sentiment": ""}, {"id": 58316472, "text": "$AMZN", "time": 1468379994.0, "sentiment": ""}, {"id": 58316336, "text": "Get Primed for Amazon.com&#39;s Prime Day Deals ($AMZN) | Read:http://www.investopedia.com/articles/insights/070216/get-primed-amazoncoms-prime-day-deals-amzn.asp", "time": 1468379897.0, "sentiment": ""}, {"id": 58315954, "text": "Amazon Prime Day Fail? Here&#39;s What Some People Are Tweeting About $AMZN http://benzinga.com/z/8209937", "time": 1468379699.0, "sentiment": ""}, {"id": 58315335, "text": "$AMZN: Might be earnings is leaked that&#39;s why it went up again, lets see in morning how much will be up!", "time": 1468379350.0, "sentiment": "Bullish"}, {"id": 58315315, "text": "Will The Gap Between Legacy And Cloud Revenues Hurt Oracle Corporation? $IBM $AMZN $MSFT $ORCL http://goo.gl/HmUfS1", "time": 1468379343.0, "sentiment": ""}, {"id": 58315305, "text": "@ahamilton $AMZN earnings last quarter was super profit. This one even more, and etc. I&#39;ll post all AWS customers later. They have enough.", "time": 1468379339.0, "sentiment": "Bullish"}, {"id": 58315106, "text": "Market Outlook:  http://rightsideofthechart.com/stock-market-overview-video-static-charts/  $spy $qqq $iwm $uvxy $fb $AMZN $xle $tlt", "time": 1468379227.0, "sentiment": "Bearish"}, {"id": 58314980, "text": "$AMZN on Jeff Bezos 4th richest in the world.", "time": 1468379172.0, "sentiment": ""}, {"id": 58314797, "text": "@ahamilton the only reason retailers hate on $AMZN is because they wish they could afford it. Earnings coming up in 10 days ?????", "time": 1468379088.0, "sentiment": "Bullish"}, {"id": 58314462, "text": "RECAP 7/12 -Neg Comments:\n$SYMC - Standpoint\n$AMZN - Channel Advisor\n$N - Suntrust", "time": 1468378932.0, "sentiment": ""}, {"id": 58314450, "text": "$amzn I meant disappoints to a point where a stock price takes a 5%+ hit.", "time": 1468378926.0, "sentiment": ""}, {"id": 58314281, "text": "Top Money Flow In\nMarket: $BLV $BIV $BSV $SHY $NWL ...\nNasdaq: $AMZN $ALXN $SIRI $CHKP $STX ...\nSP500: $NWL $AMZN $BAC $GE $CVS ...", "time": 1468378863.0, "sentiment": ""}, {"id": 58314255, "text": "Happy Amazon #PrimeDay! Amazon is celebrating the Black Friday of the summer TODAY, July 12th $AMZN https://www.youtube.com/watch?v=jvidJXmQVDc&amp;list=PLa_QP0x5ICMWCVXmnuDrNWKIO4bceuSfc&amp;index=2", "time": 1468378854.0, "sentiment": ""}, {"id": 58314059, "text": "$AMZN Nice alert @BiotechMoney18 ..many thanks again! :)", "time": 1468378759.0, "sentiment": ""}, {"id": 58313876, "text": "Piper&#39;s Gene Munster Defends Amazon: &#39;Investors Misinterpreting ChannelAdvisor&#39;s Data&#39; $AMZN http://benzinga.com/z/8210163", "time": 1468378672.0, "sentiment": ""}, {"id": 58313714, "text": "$amzn Bought 1 weekly $730 put - just in case Prime day disappoints.. 100% lotto", "time": 1468378598.0, "sentiment": ""}, {"id": 58313208, "text": "$AMZN $NFLX #1 yet overpriced", "time": 1468378379.0, "sentiment": ""}, {"id": 58313129, "text": "$AMZN sell the news. long weekly740P", "time": 1468378336.0, "sentiment": ""}, {"id": 58313107, "text": "@saaia @tradeblur $AMZN AWS has massive customers including $NFLX &amp; NASA. Amazon #1", "time": 1468378327.0, "sentiment": "Bullish"}, {"id": 58313095, "text": "$AMZN prime day is more like a customer appreciation event. Giving away $$", "time": 1468378321.0, "sentiment": ""}, {"id": 58312514, "text": "$AMZN  is going toward $800 plus .Prime is anyway for next quarter earning.  Out but amazon move lifts whole FANG group", "time": 1468378030.0, "sentiment": ""}, {"id": 58312321, "text": "$AMZN prime day seems to be a fail all around", "time": 1468377930.0, "sentiment": ""}, {"id": 58312223, "text": "$AMZN For the record, I stopped out of my short long ago... I&#39;m pretty sure that&#39;s obvious.", "time": 1468377882.0, "sentiment": ""}, {"id": 58312130, "text": "$AMZN ugh.. stopped out at a loss, honestly hate this stock.,lol", "time": 1468377828.0, "sentiment": ""}, {"id": 58312062, "text": "$AMZN Surprised sell the news was so easy today. ~8.5 to 17.5 max on W 750 P.", "time": 1468377785.0, "sentiment": ""}, {"id": 58311749, "text": "$AMZN just a $10 bounce.. move along nothing to see here", "time": 1468377629.0, "sentiment": ""}, {"id": 58311610, "text": "$AMZN -*Amazon Shares Ticker Higher Over $747.50 Level as Hearing Piper Jaffray Suggesting Investors are Misinterpreting ChannelAdvisor Data", "time": 1468377557.0, "sentiment": ""}, {"id": 58311574, "text": "One Year After Surpassing Walmart, Amazon Is Now Bigger Than Berkshire $BRK.A $AMZN Also $WMT $AAPL http://goo.gl/yBl4Gh", "time": 1468377543.0, "sentiment": ""}, {"id": 58311453, "text": "$AMZN told you from the get go, this was all rubbish to help the bears. 760 AH/PM", "time": 1468377484.0, "sentiment": ""}, {"id": 58311413, "text": "Piper defending $AMZN", "time": 1468377463.0, "sentiment": ""}, {"id": 58311288, "text": "$AMZN howz that bearish outside day working for you put holders. grab your $^#$", "time": 1468377393.0, "sentiment": ""}, {"id": 58310947, "text": "$AMZN sure they knew at 1000 pacific exactly what sales would be ?? WTF??", "time": 1468377223.0, "sentiment": ""}, {"id": 58310724, "text": "$AMZN Memorial for fallen police officers going on in Dallas right now, live on CNN. May The Lord be with their families. RIP!", "time": 1468377104.0, "sentiment": ""}, {"id": 58310664, "text": "$AMZN why don&#39;t you load up calls now?", "time": 1468377061.0, "sentiment": ""}, {"id": 58310116, "text": "$AMZN: after hours &gt;$785", "time": 1468376780.0, "sentiment": "Bullish"}, {"id": 58310041, "text": "$AMZN can pop &gt;$746.50", "time": 1468376741.0, "sentiment": ""}, {"id": 58309945, "text": "$AMZN you must like slot machine.", "time": 1468376696.0, "sentiment": ""}, {"id": 58309650, "text": "$AMZN check SEC filing for insider selling of today later.", "time": 1468376546.0, "sentiment": "Bearish"}, {"id": 58309457, "text": "$AMZN out for now, back in, in a couple days or next week, that bearish engulfing candle is reason why", "time": 1468376458.0, "sentiment": "Bearish"}, {"id": 58309301, "text": "$AMZN prime day", "time": 1468376372.0, "sentiment": ""}, {"id": 58308918, "text": "$AMZN Channel top rejection, bearish engulfing on the daily. Support @ 721/712 levels (20/50SMA daily)", "time": 1468376168.0, "sentiment": ""}, {"id": 58308772, "text": "$amzn someone on CNBC &quot;they don&#39;t make any money on Prime day&quot;..", "time": 1468376079.0, "sentiment": ""}, {"id": 58308716, "text": "$AMZN with primeday behind us.  Time to take profits.  Good luck", "time": 1468376055.0, "sentiment": ""}, {"id": 58308611, "text": "$AMZN it&#39;s a losing $$ game. More sales, bigger lose. Today&#39;s consumers are smart", "time": 1468376006.0, "sentiment": ""}, {"id": 58308495, "text": "$AMZN volume tells", "time": 1468375933.0, "sentiment": "Bearish"}, {"id": 58308490, "text": "$AMZN see the company tweet, Record sales day.", "time": 1468375930.0, "sentiment": ""}, {"id": 58308404, "text": "$AMZN I mean I took advantage of this great deal Today.", "time": 1468375890.0, "sentiment": ""}, {"id": 58308364, "text": "$AMZN 75 pt run off 682 low: 1/3rd back: 732, good set up, 729 may be hit, if we pull back: 90* from high 757 (sqrt 757-.5)^2:", "time": 1468375868.0, "sentiment": ""}, {"id": 58308347, "text": "$AMZN $SPY $XLY $XRT big $$ unloading gradually", "time": 1468375862.0, "sentiment": ""}, {"id": 58308301, "text": "$AMZN I have no position on this but I must say that. I am not a big shopper but I did some shopping on amzn spent over $1,500.00. Deal", "time": 1468375840.0, "sentiment": ""}, {"id": 58308100, "text": "$AMZN WARNING! Nothing wrong with selling and holding on to profits $SPY $XLY $XRT", "time": 1468375723.0, "sentiment": ""}, {"id": 58307949, "text": "Amazon $AMZN mid-day weakness related to this: U.S. 2016 Prime Day Sale in Line with 2015, Says ChannelAdvisor http://www.streetinsider.com/Analyst+Comments/U.S.+2016+Prime+Day+Sale+in+Line+with+2015%2C+Says+ChannelAdvisor+%28AMZN%29/11823698.html", "time": 1468375640.0, "sentiment": ""}, {"id": 58307901, "text": "$AMZN reason for drop.. prime day sales in line with 2015  http://www.usatoday.com/story/tech/news/2016/07/12/amazon-prime-day/86981386/", "time": 1468375614.0, "sentiment": ""}, {"id": 58307799, "text": "$AMZN every promising number is &quot;hypothetical&quot;", "time": 1468375564.0, "sentiment": ""}, {"id": 58307796, "text": "$AMZN More pain through the end of the week as $SPY should pull back to the ma10 going into OPEX.", "time": 1468375562.0, "sentiment": "Bearish"}, {"id": 58307617, "text": "$AMZN every time looking at this ticker, it reminds me of Enron", "time": 1468375461.0, "sentiment": ""}, {"id": 58307578, "text": "Amazon.com (AMZN) Stock Hits All-Time High During Annual Prime Day $AMZN http://dlvr.it/LnFjh2", "time": 1468375435.0, "sentiment": ""}, {"id": 58307482, "text": "$AMZN modest drop of 5% in the picture. That&#39;s $40 price cut?", "time": 1468375383.0, "sentiment": ""}, {"id": 58307364, "text": "$AMZN be that hero. Catch that falling knife. Regret only in future", "time": 1468375302.0, "sentiment": ""}, {"id": 58307289, "text": "$VRX Sold $AMZN. Profits into $VRX.", "time": 1468375259.0, "sentiment": ""}, {"id": 58307240, "text": "$AMZN $600 less than 2 month ago. Fooled you $150 a share with nothing in business changed. Masterpiece of Wall Street", "time": 1468375227.0, "sentiment": "Bearish"}, {"id": 58307053, "text": "$AMZN", "time": 1468375150.0, "sentiment": "Bearish"}, {"id": 58307010, "text": "$AMZN see $720 at close. Wild wild wild", "time": 1468375125.0, "sentiment": "Bearish"}, {"id": 58306995, "text": "$AMZN $PCLN $REGN $SPY Folks I am not touching puts on $SPY, Instead I am hedging my long calls w/ puts on $NDX w/ OPEX 07/22 be careful", "time": 1468375119.0, "sentiment": ""}, {"id": 58306945, "text": "$AMZN it would be nice to sell here and to consolidate after the runup we had", "time": 1468375090.0, "sentiment": ""}, {"id": 58306923, "text": "$AMZN only making $$ out of investors&#39; pocket, not lines of business", "time": 1468375080.0, "sentiment": ""}, {"id": 58306631, "text": "$AMZN I just shorted with a stop at 749.50..strictly daytrade.", "time": 1468374957.0, "sentiment": ""}, {"id": 58306452, "text": "Here\u2019s what 192 Estimize analysts believe $AMZN will report for Q2 2016 revenue [Reporting 07/21 AMC] \n http://www.estimize.com/intro/amzn?utm_content=AMZN&amp;utm_medium=eps_update&amp;utm_source=stocktwits#chart=historical", "time": 1468374882.0, "sentiment": ""}, {"id": 58306372, "text": "$AMZN  more downside for profit taking. Risen from 450 to 750", "time": 1468374843.0, "sentiment": "Bearish"}, {"id": 58306044, "text": "$AMZN S P Y!!", "time": 1468374697.0, "sentiment": ""}, {"id": 58306038, "text": "$AMZN if i were a bear i would be using this opp to cash in 1/2. I cant help to chuckle that 1% down gets every one so excited!", "time": 1468374693.0, "sentiment": ""}, {"id": 58305804, "text": "$amzn But they are facing so much competition in all lines of business - retail, cloud, etc. I&#39;ve been finding better deals on other sites", "time": 1468374560.0, "sentiment": ""}, {"id": 58305609, "text": "$AMZN who&#39;s next ???", "time": 1468374470.0, "sentiment": "Bearish"}, {"id": 58305518, "text": "$AMZN 3BB invested in AMZN every day. You dont think they are smart enough to run the TRUE numbers, adding back R/D? SMH", "time": 1468374424.0, "sentiment": "Bullish"}, {"id": 58305396, "text": "$AMZN concerned that there promise of better than usual deals  - prices are just &quot;ok&quot;   love AMZN but this day is a bust!", "time": 1468374351.0, "sentiment": "Bearish"}, {"id": 58305173, "text": "$AMZN wild swings", "time": 1468374241.0, "sentiment": ""}, {"id": 58305147, "text": "$AMZN forget prime day. AWS is killing it.", "time": 1468374231.0, "sentiment": ""}, {"id": 58304974, "text": "$AMZN I bet today&#39;s vol down was from insiders. More vol down on the way", "time": 1468374145.0, "sentiment": ""}, {"id": 58304926, "text": "$AMZN sell the news + toppy = pullback (over) due", "time": 1468374121.0, "sentiment": ""}, {"id": 58304857, "text": "@SunglassesEtc $AMZN The problem is people have been saying &quot;sell&quot; for 20 years.", "time": 1468374077.0, "sentiment": ""}, {"id": 58304844, "text": "$AMZN retreats to 742 then back to 738 tomorrow.", "time": 1468374073.0, "sentiment": ""}, {"id": 58304825, "text": "$AMZN 1% drop is far away from fair.  Three black crows flying to you", "time": 1468374069.0, "sentiment": ""}, {"id": 58304767, "text": "$AMZN It&#39;s really hard to understand the valuation of this company.", "time": 1468374033.0, "sentiment": ""}, {"id": 58304649, "text": "Earnings Reporting Season  $AA  $EXPR  $GPS  $TGT  $TRI  $AMZN  $SBUX http://goo.gl/sMRlWt", "time": 1468373965.0, "sentiment": ""}, {"id": 58304586, "text": "$AMZN prime day is doing good will help the price", "time": 1468373935.0, "sentiment": ""}, {"id": 58304506, "text": "$AMZN: Very bullish!", "time": 1468373884.0, "sentiment": "Bullish"}, {"id": 58304459, "text": "$AMZN - The 6th largest company in the world at $350 billion ... The company never even made a profit.. Sell this junk before it crashes", "time": 1468373863.0, "sentiment": "Bearish"}, {"id": 58304356, "text": "UPDATE: U.S. 2016 Prime Day Sale in Line with 2015, Says Channeladvisor ($AMZN) http://streetinsider.com/rs/11823698", "time": 1468373806.0, "sentiment": ""}, {"id": 58304257, "text": "$AMZN dafuq!!!!!", "time": 1468373752.0, "sentiment": ""}, {"id": 58304225, "text": "$AMZN This chart challenges entire human race aggregation of personality disorders...", "time": 1468373733.0, "sentiment": ""}, {"id": 58304097, "text": "$AMZN pick up after the dip", "time": 1468373660.0, "sentiment": ""}, {"id": 58304084, "text": "$AMZN Aug 700 call is $64. Even if goes back to $700 ER will factor in 10% move-&gt;$770 before reporting=at least $600 in profit on 7/28", "time": 1468373655.0, "sentiment": ""}, {"id": 58304038, "text": "$AMZN bears are hoping amzn will reverse ahead of earnings during a market break out? Arguably a top 3 company on the planet. let me know", "time": 1468373626.0, "sentiment": ""}, {"id": 58304032, "text": "$AMZN got a cork screw and box of exploding kittens for prime day", "time": 1468373624.0, "sentiment": ""}, {"id": 58303870, "text": "$AMZN possible after hour today or pre market tomorrow", "time": 1468373534.0, "sentiment": ""}, {"id": 58303797, "text": "$AMZN 700 by end of month", "time": 1468373492.0, "sentiment": "Bearish"}, {"id": 58303792, "text": "$AMZN #Amazon Prime Day: The Best Deals For Tech - http://goo.gl/QskwLV", "time": 1468373487.0, "sentiment": ""}, {"id": 58303750, "text": "$AMZN Amazon profit margin 1% yet they lend $$ to small business at 12% APR. Scratch your head and think. If this&#39;s not a scam. Then what.", "time": 1468373465.0, "sentiment": ""}, {"id": 58303574, "text": "$AMZN I bought one of those dash buttons for prime day - only .99 cents, and you get a 4.99 credit on your first use ?", "time": 1468373369.0, "sentiment": ""}, {"id": 58303471, "text": "$AMZN another hammer down coming", "time": 1468373314.0, "sentiment": "Bearish"}, {"id": 58303391, "text": "$AMZN it&#39;s just so predictable. Hopers just don&#39;t listen and learn", "time": 1468373266.0, "sentiment": ""}, {"id": 58303385, "text": "$AMZN Oh god what a devastating return to Friday&#39;s level.  I guess if people bought yesterday they&#39;re slightly annoyed.", "time": 1468373262.0, "sentiment": ""}, {"id": 58303310, "text": "Here&#39;s what Amazon gets out of Prime Day @amazon #amazonprimeday #primeday $AMZN http://yhoo.it/29FfdUC http://amzn.to/29yTnxv", "time": 1468373221.0, "sentiment": ""}, {"id": 58303255, "text": "$AMZN wait til you hear from the company. At some point it will pop HARD (Said like Kesha)", "time": 1468373191.0, "sentiment": ""}, {"id": 58303222, "text": "Finding any weird Prime Day deals? We highlighted five of the strangest offers that we found so far $AMZN https://www.zacks.com/stock/news/223203/5-of-the-strangest-amazon-prime-day-deals", "time": 1468373174.0, "sentiment": ""}, {"id": 58303218, "text": "$AMZN btd time", "time": 1468373172.0, "sentiment": ""}, {"id": 58303180, "text": "$AMZN Who cares about prime day? Every day is prime day now. Buy that dip, yo.", "time": 1468373143.0, "sentiment": ""}, {"id": 58303130, "text": "$AMZN most of the deals still have to go long way to get 100% claimed", "time": 1468373114.0, "sentiment": ""}, {"id": 58303106, "text": "$AMZN wake up longs that&#39;s the vol could only be from xxxers", "time": 1468373102.0, "sentiment": ""}, {"id": 58302992, "text": "@delta_strike very likely my premium expires worthless, thx $AMZN!", "time": 1468373030.0, "sentiment": "Bearish"}, {"id": 58302839, "text": "$SPY Not overbought like $AMZn but near over extended from 8 day ema, heads up", "time": 1468372951.0, "sentiment": ""}, {"id": 58302642, "text": "$AMZN broken broken broken", "time": 1468372839.0, "sentiment": "Bearish"}, {"id": 58302614, "text": "today $AMZN stinking up the FANG collective. $GOOGL &amp; $NFLX weeeee. $FB not playing.", "time": 1468372828.0, "sentiment": ""}, {"id": 58302502, "text": "5 Amazon Competitors Are Getting A Piece Of The Prime Day Pie $AMZN $BBY $EBAY $WMT $JCP $KSS http://benzinga.com/z/8209476", "time": 1468372763.0, "sentiment": ""}, {"id": 58302487, "text": "$SPY Are they going to pile in $AAPL and $DIS after fleeing $AMZN or possibly $FB and $GOOGL", "time": 1468372755.0, "sentiment": ""}, {"id": 58302388, "text": "$AMZN the key to trading is to just close your eyes and buy the dip. Stocks don&#39;t actually go down.", "time": 1468372703.0, "sentiment": ""}, {"id": 58302301, "text": "$AMZN covered short at 741.73 , hoping for a pop to re enter say 745", "time": 1468372652.0, "sentiment": ""}, {"id": 58302247, "text": "$AMZN next stop  - -7/28 ER - under $700?", "time": 1468372621.0, "sentiment": ""}, {"id": 58302241, "text": "$AMZN btd", "time": 1468372615.0, "sentiment": ""}, {"id": 58302225, "text": "@TRADERNYC235 @Dnice638 @dilsam @machine1 @NYORKA $AMZN did the trick for me", "time": 1468372606.0, "sentiment": ""}, {"id": 58302206, "text": "$AMZN time for a breather. Going up from 450-750. Needs a breather. 700 pre earnings approaching", "time": 1468372594.0, "sentiment": "Bearish"}, {"id": 58302054, "text": "$AMZN", "time": 1468372514.0, "sentiment": ""}, {"id": 58301988, "text": "$AMZN working on bearish engulfing (a toppy pattern). A sell on the (Prime) News?", "time": 1468372479.0, "sentiment": ""}, {"id": 58301927, "text": "$AMZN just looks like RSI wanted to come down ..and get back within BB", "time": 1468372440.0, "sentiment": ""}, {"id": 58301917, "text": "$AMZN call option just went to trash, will wait for a hopeful recovery", "time": 1468372435.0, "sentiment": ""}, {"id": 58301870, "text": "$amzn someone somewhere dumping BIG", "time": 1468372409.0, "sentiment": ""}, {"id": 58301867, "text": "$AMZN Better than nothing.", "time": 1468372411.0, "sentiment": ""}, {"id": 58301862, "text": "$AMZN sell the news , takes a dive, -1.6%", "time": 1468372407.0, "sentiment": ""}, {"id": 58301848, "text": "$AMZN short monster!", "time": 1468372402.0, "sentiment": "Bearish"}, {"id": 58301710, "text": "$AMZN lowering stop to 743 for the day", "time": 1468372320.0, "sentiment": ""}, {"id": 58301672, "text": "$AMZN Major support blown now, watch out below! Shorting along resistance, next entry @ $744.30 #daytraderparadise", "time": 1468372300.0, "sentiment": "Bearish"}, {"id": 58301435, "text": "$AMZN - bearish reversal candlestick on daily. What does it mean? http://rkoza.cz/candlesticks", "time": 1468372161.0, "sentiment": "Bearish"}, {"id": 58301263, "text": "$AMZN seriously?", "time": 1468372075.0, "sentiment": "Bullish"}, {"id": 58301240, "text": "$AMZN Prime Day. 3pack underwear nonride up for $35 Was born at night but not last night.Rather go retail and maybe find Pokemon on the way", "time": 1468372064.0, "sentiment": ""}, {"id": 58301203, "text": "$AMZN", "time": 1468372049.0, "sentiment": ""}, {"id": 58301182, "text": "$AMZN who just fat fingered a sell for 500k shares LOL", "time": 1468372036.0, "sentiment": ""}, {"id": 58301171, "text": "$BABA $AMZN I called it. $AMZN prime day didn&#39;t live up to the hype.", "time": 1468372031.0, "sentiment": ""}, {"id": 58301156, "text": "$QQQ trying to brush off $AMZN dip", "time": 1468372016.0, "sentiment": ""}, {"id": 58301127, "text": "$AMZN haven&#39;t we already seen overreaction so many times before?", "time": 1468372004.0, "sentiment": "Bullish"}, {"id": 58301086, "text": "cut my puts in $SPY N $SPX early this morning 4 small loss, slowing buying calls in $AMZN $REGN and $PCLN on their pull backs", "time": 1468371983.0, "sentiment": "Bullish"}, {"id": 58300959, "text": "$AMZN  very nice , went short at 753 yesterday and again today at 756 , holding , with stop at 745 for the day to lock in profits", "time": 1468371923.0, "sentiment": "Bearish"}, {"id": 58300934, "text": "Here&#39;s How Amazon&#39;s E-Commerce Rivals Are Doing on Prime Day $AMZN http://dlvr.it/LnDx0H", "time": 1468371911.0, "sentiment": ""}, {"id": 58300811, "text": "$SGY hold your shares BIG money accumulating $AMZN", "time": 1468371857.0, "sentiment": "Bullish"}]