[{"id": 65719334, "text": "$amzn bubble may have burst, but $nflx bubble still in hyperinflation mode. its day hasnt come yet so dont b shockd 2 see nflx bounce tomoro", "time": 1477635573.0, "sentiment": "Bullish"}, {"id": 65719322, "text": "$AMZN  push it down more at least by 20 - 25 points. Need those last minute puts bought at least 4 - 5 baggers tomorrow.", "time": 1477635560.0, "sentiment": "Bearish"}, {"id": 65719318, "text": "$AMZN good correction.. but it need to be corrected more based on that big of a miss.. of well.. still tomorrow is there.", "time": 1477635552.0, "sentiment": "Bearish"}, {"id": 65719281, "text": "A better view of $AMZN on the 4HR", "time": 1477635517.0, "sentiment": "Bullish"}, {"id": 65719266, "text": "$aapl $amzn $twtr It&#39;s not rigged. You just bet the wrong way", "time": 1477635496.0, "sentiment": ""}, {"id": 65719219, "text": "$SPY $AMZN blhaaaa oh omgeee nice", "time": 1477635453.0, "sentiment": ""}, {"id": 65719213, "text": "$AMZN  Hilarious.  The shorts are more pissed than the longs.  Why won&#39;t it crater??? WHY?????", "time": 1477635444.0, "sentiment": "Bullish"}, {"id": 65719197, "text": "@getaway  This earning season is rigged :) Every horse I have bet on so far has dropped dead right out of the door. $aapl $amzn $twtr", "time": 1477635423.0, "sentiment": ""}, {"id": 65719152, "text": "$SPY its upto the gdp numbers now, after $AMZN crapped in its pants, to face the bear attack.", "time": 1477635359.0, "sentiment": ""}, {"id": 65719132, "text": "$AMZN Amzn fanboys its time to wake up", "time": 1477635347.0, "sentiment": "Bearish"}, {"id": 65719124, "text": "$AMZN So shorts SHORT MORE HERE!!!! LOL", "time": 1477635339.0, "sentiment": ""}, {"id": 65719084, "text": "$AMZN not a buying opportunity. Missed big this q and has history of missing the next or 4th q", "time": 1477635289.0, "sentiment": ""}, {"id": 65719070, "text": "$AMZN  as it wouldn&#39;t be surprising to see an upside test of the Thursday evening high of 792.25  MT newwires", "time": 1477635279.0, "sentiment": ""}, {"id": 65719062, "text": "$AMZN", "time": 1477635273.0, "sentiment": ""}, {"id": 65719056, "text": "$AMZN ain&#39;t hiring 120,000 seasonal workers for no reason", "time": 1477635264.0, "sentiment": "Bullish"}, {"id": 65719045, "text": "$AMZN  Have you ever had a hillary Christmas? They&#39;re no fun, nobody spends money", "time": 1477635254.0, "sentiment": ""}, {"id": 65719028, "text": "@NyeRoad we will see. Keep in mind $amzn will keep growing sales 20-30% for next 3-4 years. They will go to $300-$400B in sales fast.", "time": 1477635233.0, "sentiment": ""}, {"id": 65719027, "text": "$AMZN The whole nasdaq market is down today and Amazon hardly drop which is a very good sign.  900 soon", "time": 1477635233.0, "sentiment": "Bullish"}, {"id": 65719016, "text": "$AMZN The mixed performance on the downside would have us cautious on a short play early Friday", "time": 1477635225.0, "sentiment": ""}, {"id": 65719008, "text": "$AMZN carefully, tomorrow market open may be green", "time": 1477635215.0, "sentiment": ""}, {"id": 65719001, "text": "$AMZN ok little traders have gifted stocks in AH to buyers, tomorrow is the turn of shareholders and probably they still hold, so opens up", "time": 1477635207.0, "sentiment": "Bullish"}, {"id": 65718952, "text": "$AMZN bears seem more disappointed than bulls due to less than expected drop \ud83d\ude02", "time": 1477635152.0, "sentiment": "Bullish"}, {"id": 65718944, "text": "@NyeRoad not a chance in hell unless they have a big sales decline. As long as sales keep growing 20% it ain&#39;t going down bro $AMZN", "time": 1477635144.0, "sentiment": ""}, {"id": 65718931, "text": "$AMZN So this morning I made the smart move to make up for some loss in $aapl by going long on $amzn. FML.", "time": 1477635129.0, "sentiment": ""}, {"id": 65718929, "text": "Should have plenty of ranges with $AMZN $GOOGL $BIDU $AMGN tomorrow . Would be nice to get few exaggerated pivots", "time": 1477635124.0, "sentiment": ""}, {"id": 65718905, "text": "@DivakarTrades yes. Sales\nWill come in at $48-$50B for Q4. Easy buy on this dip. $AMZN", "time": 1477635090.0, "sentiment": ""}, {"id": 65718890, "text": "$AMZN is loading up.", "time": 1477635066.0, "sentiment": "Bullish"}, {"id": 65718882, "text": "$AMZN - We see this pattern with $NFLX - huge swings on earnings in both directions. Buy tomorrow. By next quarter will be over $900 a share", "time": 1477635059.0, "sentiment": "Bullish"}, {"id": 65718863, "text": "$AMZN Great company but priced 4x what is worth, so much demand for this stock.", "time": 1477635042.0, "sentiment": ""}, {"id": 65718842, "text": "@Turner9 they give massive guidance range. They didn&#39;t miss anything $amzn. It is a top line story not a bottom line story.", "time": 1477635026.0, "sentiment": ""}, {"id": 65718830, "text": "$AMZN I don&#39;t own Amazon but this may be the best opportunity, buy on the dip&#39;s, sales were up 29%, this looks like cash burn for future \ud83d\udcb0", "time": 1477635009.0, "sentiment": ""}, {"id": 65718821, "text": "$AMZN I have a small position and sold in the $800&#39;s. We could see a credit check after the election, early 2017. I see $590 before $1000", "time": 1477634999.0, "sentiment": "Bullish"}, {"id": 65718743, "text": "@TopNotchDawg you will never own $amzn then and will sit and watch it go to $1000-$1200 in 2017", "time": 1477634918.0, "sentiment": ""}, {"id": 65718736, "text": "$AMZN  We&#39;ve seen the top and it won&#39;t be coming back", "time": 1477634918.0, "sentiment": ""}, {"id": 65718723, "text": "$AMZN $GOOGL Whoa...", "time": 1477634912.0, "sentiment": ""}, {"id": 65718695, "text": "$AMZN I am down $250+ but not worried because the opex will come to rescue the price and it will run close to $800", "time": 1477634897.0, "sentiment": "Bullish"}, {"id": 65718631, "text": "@wyattbridge this\nIs the best time of year to load up on $amzn so easy.", "time": 1477634857.0, "sentiment": ""}, {"id": 65718627, "text": "$AMZN well I just blew up my portfolio", "time": 1477634853.0, "sentiment": "Bearish"}, {"id": 65718619, "text": "$AMZN Massive investment in AWS and India, Bezos is way smarter than Cook. Starting small positions here.", "time": 1477634849.0, "sentiment": "Bullish"}, {"id": 65718601, "text": "$AMZN I want it under 700", "time": 1477634826.0, "sentiment": ""}, {"id": 65718587, "text": "$AMZN Congrats with those that shorted this. Good job! Unfortunately I was not one of them. Lol \ud83d\ude0e", "time": 1477634816.0, "sentiment": ""}, {"id": 65718572, "text": "@NyeRoad at $1200 in 2017 agree that would be a top for a while as it needs to then consolidate for 4-6 quarters. $AMZN", "time": 1477634807.0, "sentiment": ""}, {"id": 65718562, "text": "$AMZN sales were up 29%, must be burning through a lot of cash in this quarter. Buy on the dip&#39;s for long-term gains", "time": 1477634798.0, "sentiment": ""}, {"id": 65718559, "text": "$AMZN careful not a buying opportunity", "time": 1477634794.0, "sentiment": ""}, {"id": 65718558, "text": "$AMZN will be will over $900 share soon.", "time": 1477634790.0, "sentiment": "Bullish"}, {"id": 65718551, "text": "$AMZN   P/E is now a shade under 200....Are we in the BUY ZONE??", "time": 1477634783.0, "sentiment": ""}, {"id": 65718546, "text": "$AAPL $AMZN https://www.bloomberg.com/gadfly/articles/2016-10-27/amazon-earnings-stop-worrying-and-love-meager-profits", "time": 1477634770.0, "sentiment": ""}, {"id": 65718536, "text": "$AMZN people will buy now for sure but cautiously", "time": 1477634755.0, "sentiment": ""}, {"id": 65718534, "text": "$AMZN When the Bear awakens they all will and we can enjoy that ride too. I love to short but at the right time.", "time": 1477634755.0, "sentiment": ""}, {"id": 65718524, "text": "@Tahoe24x7 easy buy at this level. $amzn to $1000 in 2017. Easiest trade of the year. Watch.", "time": 1477634748.0, "sentiment": ""}, {"id": 65718517, "text": "$AMZN Will get to $850+ in no time. Hoping for the best tomorrow. Amazon is the default retailer now. Even Bears buy stuff from them", "time": 1477634743.0, "sentiment": "Bullish"}, {"id": 65718501, "text": "$AMZN  &lt;---- It may look ugly,, but $AMZN is strong. A STRONG buy. This is just a retrace,, not a reverse. If I had extra $$, I would be in", "time": 1477634727.0, "sentiment": "Bullish"}, {"id": 65718497, "text": "$AMZN $10 +/- tomorrow, long wait to see it back, may b next Q", "time": 1477634720.0, "sentiment": ""}, {"id": 65718472, "text": "$AAPL $AMZN perfect example that&#39;s shows Wallstreet&#39;s love for Bezo but hate for Cook ! Article justifies AMZN earnings miss !", "time": 1477634699.0, "sentiment": ""}, {"id": 65718471, "text": "@Enilitaken yah short it tomorrow. Let&#39;s see how that works out for you over next year when it goes to $1000. Lmao $AMZN", "time": 1477634701.0, "sentiment": ""}, {"id": 65718443, "text": "T3 Live Daily Recap Uneven Earnings Uneven Market\n\nhttp://scalpthatstock.com/daily-recap-uneven-earnings-uneven-market/\n\n$SPX $TSLA $NFLX $GOOGL $AMZN $FB $BABA $C $GS $USO $GDX $TWTR", "time": 1477634675.0, "sentiment": ""}, {"id": 65718435, "text": "$AMZN 100% of the pullbacks have been buying opportunities... What are you waiting for?", "time": 1477634662.0, "sentiment": "Bullish"}, {"id": 65718393, "text": "@AlphaStreet $amzn will do $48-$50B for Q4. Mark it down bro and BTMFD.", "time": 1477634619.0, "sentiment": ""}, {"id": 65718389, "text": "@harryzimm2013 I&#39;m content with that but remember when the bear comes roaring, $AMZN is going to be slapped hard, very hard.", "time": 1477634615.0, "sentiment": ""}, {"id": 65718357, "text": "$AMZN will be a TRICKY mover tomorrow guaranteed. If it spikes up from a gap down open, u may think its bullish &amp; viceversa &amp; it may reverse", "time": 1477634575.0, "sentiment": ""}, {"id": 65718347, "text": "$AMZN how a pre market tomorrow look like", "time": 1477634573.0, "sentiment": ""}, {"id": 65718345, "text": "@bot2soon nope. $750 is your absolute floor on $amzn. $810-$830 by cyber Monday and $1000 in 2017. Watch and learn.", "time": 1477634568.0, "sentiment": ""}, {"id": 65718338, "text": "$AMZN Do you guys think this will go past $840?", "time": 1477634560.0, "sentiment": ""}, {"id": 65718315, "text": "$AMZN actually this is good for AMZN. It needed to correct", "time": 1477634533.0, "sentiment": ""}, {"id": 65718298, "text": "@L0ngTrade you will never own $amzn bro. That is like you saying you want to own $aapl at $65-$70. Lmao", "time": 1477634519.0, "sentiment": ""}, {"id": 65718257, "text": "$AMZN net income last 12 months: $2.1 bil; $GOOGL net income last 12 months: $23.5 bil.", "time": 1477634480.0, "sentiment": ""}, {"id": 65718251, "text": "@PravK won&#39;t surprise me to see $amzn $785-$795 next week and $810-$830 by cyber Monday. BTMFD.", "time": 1477634473.0, "sentiment": ""}, {"id": 65718237, "text": "$AMZN man.. this is ugly...", "time": 1477634462.0, "sentiment": "Bearish"}, {"id": 65718220, "text": "The market got this one right for a day: $GOOGL &gt; $AMZN.", "time": 1477634448.0, "sentiment": ""}, {"id": 65718213, "text": "$AMZN even bigger miss last October. Still", "time": 1477634441.0, "sentiment": "Bullish"}, {"id": 65718193, "text": "$AMZN none if this matters the market is many times bigger than amzn and it will decide - best to go with flow........", "time": 1477634418.0, "sentiment": ""}, {"id": 65718094, "text": "$AMZN Amazon and $GOOGL preforming this well while rest of companies trash. They doing this with 1% USA GDP LOL. Imagine 3-4% oh wow", "time": 1477634323.0, "sentiment": "Bullish"}, {"id": 65718014, "text": "$AMZN I&#39;d love to own this one in the $350-450 range.", "time": 1477634264.0, "sentiment": ""}, {"id": 65717981, "text": "$AMZN going under 700 to spoil your Christmas rally....Bad Santa..", "time": 1477634231.0, "sentiment": ""}, {"id": 65717974, "text": "$AMZN so short amazon tomorrow?", "time": 1477634211.0, "sentiment": "Bearish"}, {"id": 65717936, "text": "$AMZN Been rocking all year! Big volume today down 51.10 (6.24%) and losing ground AH http://bit.ly/2eWr7Ia", "time": 1477634167.0, "sentiment": ""}, {"id": 65717907, "text": "$AMZN", "time": 1477634140.0, "sentiment": ""}, {"id": 65717902, "text": "@NewbAnalystAllin no market crash. $spx heading to 2200-2250 by end of year. BTMFDs $aapl $fb $googl $hd $sbux $amzn easy $$$$", "time": 1477634140.0, "sentiment": ""}, {"id": 65717891, "text": "$AMZN had 29% revenue growth in 3Q versus 21% for $GOOGL excluding TAC (traffic acquisition costs).", "time": 1477634129.0, "sentiment": ""}, {"id": 65717885, "text": "$AMZN", "time": 1477634124.0, "sentiment": ""}, {"id": 65717877, "text": "$AMZN Actually no. They don&#39;t follow my example but my son feels the same. It is all an illusion that the masses play", "time": 1477634118.0, "sentiment": ""}, {"id": 65717854, "text": "$AMZN expects 4Q16 net sales of $42-45.5Bil, or 17-27% growth compared to last year.", "time": 1477634097.0, "sentiment": ""}, {"id": 65717842, "text": "$AMZN $767", "time": 1477634080.0, "sentiment": ""}, {"id": 65717823, "text": "$AMZN this pig is tanking hard", "time": 1477634062.0, "sentiment": ""}, {"id": 65717821, "text": "Who can guess from my valutation tweets which stock I&#39;d rather own: $GOOGL or $AMZN?", "time": 1477634062.0, "sentiment": ""}, {"id": 65717804, "text": "$AMZN Don&#39;t be a girlie-man.....step-up and BUY!!", "time": 1477634042.0, "sentiment": ""}, {"id": 65717788, "text": "$AMZN", "time": 1477634030.0, "sentiment": ""}, {"id": 65717754, "text": "$AMZN They are taking the weak hands shares", "time": 1477633995.0, "sentiment": ""}, {"id": 65717730, "text": "$AMZN Institutions are buying here", "time": 1477633965.0, "sentiment": ""}, {"id": 65717692, "text": "$AMZN Go look at the afterhous.  $10 million bid setting just went off", "time": 1477633941.0, "sentiment": ""}, {"id": 65717690, "text": "$AMZN she tanking time to jump ship \ud83d\ude31", "time": 1477633931.0, "sentiment": "Bearish"}, {"id": 65717684, "text": "$AMZN any downgrades? Hope not", "time": 1477633928.0, "sentiment": "Bullish"}, {"id": 65717676, "text": "@Provenzano Get over yourself. Im sure most traders here knew well about $AMZN and $GOOGL before seeing it trending on Stocktwits.", "time": 1477633918.0, "sentiment": ""}, {"id": 65717670, "text": "$AMZN Why would you focus on such a low margin high competition area like groceries? They&#39;re all over the place. Too many fingers in pie.", "time": 1477633909.0, "sentiment": ""}, {"id": 65717625, "text": "$SPY $SPX $ES_F $AMZN  Dang, I will miss my appointment with the &quot;Mars Aliens&quot;", "time": 1477633870.0, "sentiment": ""}, {"id": 65717603, "text": "$AMZN  your children also hate you", "time": 1477633848.0, "sentiment": ""}, {"id": 65717578, "text": "$AMZN I haven&#39;t celebrated Xmas in a long time. Saved a ton of money", "time": 1477633815.0, "sentiment": ""}, {"id": 65717575, "text": "Missed today&#39;s LIVE #OptionBlock re $TSLA $APPL $TWTR $GOOGL $AMZN w/ @optionpit @optionvol @rcmalts -Listen Friday- http://www.theoptionsinsider.com/theoptionsblock/", "time": 1477633812.0, "sentiment": ""}, {"id": 65717561, "text": "$AMZN a 12% drop would be considered a correction, not bubble bursting", "time": 1477633794.0, "sentiment": ""}, {"id": 65717552, "text": "$AMZN @JonErlichman: Amazon Third Quarter Revenue\n\nQ3 2016 $32.7B\nQ3 2015 $25.4B\nQ3 2014 $20.6B\nQ3 2013 $17.1B\nQ3 2012 $13.8B\nQ3 2011 $10.9B", "time": 1477633777.0, "sentiment": "Bullish"}, {"id": 65717526, "text": "$AMZN Maybe the realization that Xmas is a fantasy so why  go in debt for it", "time": 1477633751.0, "sentiment": ""}, {"id": 65717512, "text": "Oct 5 to Nov 5: Could we see $847 to $747 move ($100 drop). Thats my kindda bubble bursting. Go $AMZN, may NFLX follow thy lead some day", "time": 1477633737.0, "sentiment": "Bearish"}, {"id": 65717485, "text": "$AMZN seems like everyone is cutting back on their shopping, are high rents causing this???", "time": 1477633706.0, "sentiment": ""}, {"id": 65717477, "text": "$AMZN yes buy $UGAZ on the dips!", "time": 1477633698.0, "sentiment": ""}, {"id": 65717471, "text": "$SPY $SPX $ES_F $AMZN had to make a meme of course \ud83d\ude06\ud83d\ude02", "time": 1477633696.0, "sentiment": "Bearish"}, {"id": 65717440, "text": "$AMZN Going to $1000 very soon. Most people in the know will be buying cheaper. That&#39;s reality, a gift for Christmas. Oops, we missed. \ud83d\udcb2\ud83d\udc03", "time": 1477633673.0, "sentiment": "Bullish"}, {"id": 65717428, "text": "$AMZN - large increase in Fulfillment Centers and buildout of India - here&#39;s a buying opportunity for the next leg up.", "time": 1477633660.0, "sentiment": ""}, {"id": 65717420, "text": "$AMZN tomorrow opens green, after is for stealing stocks - don&#39;t be fool", "time": 1477633655.0, "sentiment": "Bullish"}, {"id": 65717417, "text": "$AMZN DID ANYONE LISTEN TO BILL MILLER THE OTHER DAY?", "time": 1477633650.0, "sentiment": ""}, {"id": 65717388, "text": "$AMZN bezos affecting your bowels", "time": 1477633625.0, "sentiment": ""}, {"id": 65717357, "text": "$AMZN No Don&#39;t sell this stock", "time": 1477633601.0, "sentiment": ""}, {"id": 65717326, "text": "$AMZN still ain&#39;t sellin", "time": 1477633575.0, "sentiment": ""}, {"id": 65717321, "text": "$AMZN I don&#39;t even mind if this drops.", "time": 1477633571.0, "sentiment": ""}, {"id": 65717301, "text": "$AMZN Bubble was inflating weeks ago lik $NFLX is now. So buyin CALLS on dips strategy worked. Now bubble burst. aint touchin amzn CALLS now", "time": 1477633554.0, "sentiment": "Bearish"}, {"id": 65717250, "text": "$AMZN I remember when the stock was $71 and all the anal ysts were bearish after the announcement of the free shipping policy. Lolololo", "time": 1477633506.0, "sentiment": ""}, {"id": 65717190, "text": "Looking back 4-5 weeks now, I cant believe I was buying $AMZN CALL options on dips at $835 level, selling those CALLS at $840+ so many times", "time": 1477633452.0, "sentiment": "Bearish"}, {"id": 65717162, "text": "$AMZN  she retraces back 3% tomorrow", "time": 1477633422.0, "sentiment": ""}, {"id": 65717161, "text": "$AMZN i think they guided lower just to beat it with high margins for Q4 the big one.", "time": 1477633424.0, "sentiment": ""}, {"id": 65717126, "text": "$AMZN nezt triggering pnt is elections then holiday sales then Q4", "time": 1477633399.0, "sentiment": "Bullish"}, {"id": 65717110, "text": "$AMZN criminal WaPo is fully tied in with AMZN and people don&#39;t like it!", "time": 1477633389.0, "sentiment": ""}, {"id": 65717096, "text": "Why Did Earnings Miss So Badly? $AMZN http://www.seekingalpha.com/article/4016022", "time": 1477633374.0, "sentiment": ""}, {"id": 65717095, "text": "$AMZN Upside Calls Trade for $232K in Premium Today https://marketchameleon.com/Overview/AMZN/StockPosts", "time": 1477633373.0, "sentiment": ""}, {"id": 65717093, "text": "$AMZN 550 yet? not touching till", "time": 1477633374.0, "sentiment": ""}, {"id": 65717071, "text": "$AMZN  she will rebound tomorrow", "time": 1477633349.0, "sentiment": "Bullish"}, {"id": 65717053, "text": "$AMZN Because it will be a blowout 4th quarter", "time": 1477633338.0, "sentiment": ""}, {"id": 65717050, "text": "$AMZN set to reach back to $850. Just took the pill after overeating! It will be fine", "time": 1477633333.0, "sentiment": "Bullish"}, {"id": 65717042, "text": "$AMZN Retail business sucks, cloud business rocks.", "time": 1477633327.0, "sentiment": ""}, {"id": 65717017, "text": "$AMZN it&#39;s down 6% could be a lot worse.", "time": 1477633302.0, "sentiment": ""}, {"id": 65717010, "text": "$AMZN   How come then are they just opened 18 fulfillment center and are opening 3-4 new datacenters", "time": 1477633293.0, "sentiment": ""}, {"id": 65716910, "text": "$AMZN WaPo may actually save the day", "time": 1477633200.0, "sentiment": ""}, {"id": 65716903, "text": "$AMZN all of the funds are going to run away from this now. It was a good pump vehicle to ride on the way up.", "time": 1477633196.0, "sentiment": "Bearish"}, {"id": 65716894, "text": "What a pure grade A joy to see $AMZN go down billions of $$ in mkt cap. Incomparable joy. I love when bubbles burst wide open", "time": 1477633189.0, "sentiment": "Bearish"}, {"id": 65716892, "text": "@johnwaters he said he&#39;ll buy $AMZN at pullback.", "time": 1477633184.0, "sentiment": ""}, {"id": 65716879, "text": "Amazon: Why Did Earnings Miss So Badly? $AMZN http://www.seekingalpha.com/article/4016022", "time": 1477633175.0, "sentiment": ""}, {"id": 65716831, "text": "$AMZN very optimistic that Q4 it will beat.. so start accumulating this", "time": 1477633137.0, "sentiment": "Bullish"}, {"id": 65716795, "text": "$SPY $amzn they have reinvested profits into growth and cap ex so almost no profit.  This is actually relatively correct pricing.", "time": 1477633111.0, "sentiment": ""}, {"id": 65716792, "text": "$AMZN won&#39;t stay down for long. They are dominating and everyone knows it", "time": 1477633108.0, "sentiment": ""}, {"id": 65716783, "text": "$AMZN next quarter going to worse IMHO... imagine how much time wasted this quarter dealing with WaPo election stuff. #GetBackToWork", "time": 1477633100.0, "sentiment": ""}, {"id": 65716739, "text": "$AMZN started position.. will go long", "time": 1477633062.0, "sentiment": "Bullish"}, {"id": 65716631, "text": "$AMZN how did the guidance went?", "time": 1477632988.0, "sentiment": ""}, {"id": 65716614, "text": "$AMZN the real price is 818.35", "time": 1477632966.0, "sentiment": "Bullish"}, {"id": 65716592, "text": "$AMZN hedge fund hotel - now they all face prisoner&#39;s dilemma, if you don&#39;t sell, you have to worry about the next guy selling.", "time": 1477632946.0, "sentiment": ""}, {"id": 65716564, "text": "$AMZN This is a buying opportunity!!", "time": 1477632920.0, "sentiment": ""}, {"id": 65716559, "text": "$AMZN I just looked at all AMZN misses.  It always from after hours lows and resulting open it always closes hgiher the next day.", "time": 1477632914.0, "sentiment": ""}, {"id": 65716537, "text": "$AMZN After was bad, but with these waves it could not be a surprise if open green - REMEMBER ALL THE AFTERS ARE VAIN WHEN MARKETS OPEN", "time": 1477632895.0, "sentiment": "Bullish"}, {"id": 65716520, "text": "$AMZN Wake me up when this is down 30-40% This is a retail, hedgeFund darling stock.", "time": 1477632881.0, "sentiment": ""}, {"id": 65716504, "text": "$AMZN these guys deserve to take a dive", "time": 1477632864.0, "sentiment": ""}, {"id": 65716393, "text": "$AMZN drain Bezos and WaPo swamp", "time": 1477632772.0, "sentiment": "Bearish"}, {"id": 65716349, "text": "$AMZN BULLISH into Q4 earnings", "time": 1477632735.0, "sentiment": "Bullish"}, {"id": 65716304, "text": "$AMZN DRAIN THE SWAMP", "time": 1477632691.0, "sentiment": "Bearish"}]