[{"id": 67407123, "text": "$CRM 25% revenue. Awesome ! $c $amzn will ride on $crm . Per CEO, 2018 revenue target is 10 billion.  Stock for long term. Future is cloud.", "time": 1479470293.0, "sentiment": "Bullish"}, {"id": 67406982, "text": "$SPY $QQQ $DIA $IWM $FB $AMZN $GOOGL ... this is why you tune out the noise.  you buy support.  a good +5% since then.", "time": 1479469909.0, "sentiment": ""}, {"id": 67406915, "text": "$FB $AMZN $NFLX $GOOG i was in short term bonds and cash and maybe 10% equities.  After a unwarranted sell off...bought FANG!", "time": 1479469746.0, "sentiment": "Bullish"}, {"id": 67405420, "text": "$AMZN max pain for FB Nov 18 option expiration = 120.  We should see FB outperform AMZN tomorrow as AMZN needs to pullback to 757.50", "time": 1479467173.0, "sentiment": ""}, {"id": 67405279, "text": "$AMZN grand tour launches tomorrow and is at least available in 200 countries. Top gear was most viewed in world. How does it effect ER?", "time": 1479466969.0, "sentiment": ""}, {"id": 67405144, "text": "$AMZN max pain as of right now = 757.50 which was almost exactly today&#39;s close. I expect we pull back to 757.50 tomorrow", "time": 1479466743.0, "sentiment": ""}, {"id": 67404958, "text": "$AMZN big boys unloading tomorrow - pump on CNBC (post 3 day rally) - kiss of death", "time": 1479466459.0, "sentiment": ""}, {"id": 67404856, "text": "$AMZN USD strength may pose a problem", "time": 1479466300.0, "sentiment": ""}, {"id": 67404762, "text": "$AMZN Green tomorrow, pullback Monday and/or Tuesday, then a green finish for the week (next week). $770-$780 by the end of next week?", "time": 1479466148.0, "sentiment": "Bullish"}, {"id": 67404614, "text": "$AMZN $780 next week", "time": 1479465937.0, "sentiment": ""}, {"id": 67404410, "text": "$AMZN Best Quarter approaching. 20+% revenue growth. 850 will be breached", "time": 1479465652.0, "sentiment": ""}, {"id": 67403535, "text": "$AMZN: $1000+ After next ER in Jan!", "time": 1479464478.0, "sentiment": "Bullish"}, {"id": 67403520, "text": "$AMZN nice strong close today. Charts look good short term at least. Let&#39;s have a good Friday.", "time": 1479464466.0, "sentiment": "Bullish"}, {"id": 67403012, "text": "Here\u2019s what 117 Estimize analysts believe $AMZN will report for Q4 2016 revenue [Reporting 01/26 AMC] \n http://www.estimize.com/intro/amzn?utm_content=AMZN&amp;utm_medium=eps_update&amp;utm_source=stocktwits#chart=historical", "time": 1479463715.0, "sentiment": ""}, {"id": 67403005, "text": "$AMZN  890 by year end.", "time": 1479463711.0, "sentiment": "Bullish"}, {"id": 67402928, "text": "$AMZN Sprint up to 770?", "time": 1479463587.0, "sentiment": ""}, {"id": 67402740, "text": "$AMZN AMZN, FB, GOOG Bullish, AAPL \ud83d\udc80 \ud83d\udcb0 till Sept", "time": 1479463319.0, "sentiment": "Bullish"}, {"id": 67402603, "text": "$AMZN Come clean my house. $99 too cheap for prime. When will they raise pricing? I&#39;d pay double without blinking.", "time": 1479463088.0, "sentiment": "Bullish"}, {"id": 67402168, "text": "$AMZN setup for a bullish uptrend all the way to 990+ in ~ 9months", "time": 1479462510.0, "sentiment": "Bullish"}, {"id": 67401331, "text": "$spx $spy $aapl $xlf $fb $amzn it&#39;s buy buy buy Friday. euphoria will continue for new ATH across the board before years end.", "time": 1479461329.0, "sentiment": "Bullish"}, {"id": 67400443, "text": "$AMZN after that commercial on Thursday night football, you have a MORAL obligation to buy this stock. Loving it. Bet on Bezos.", "time": 1479460207.0, "sentiment": "Bullish"}, {"id": 67400371, "text": "Piper Sees Trump-Related Internet Selloff As &#39;Rare Opportunity&#39; $AAPL $AMZN $GOOG $NFLX $FB https://goo.gl/mWFwPM", "time": 1479460144.0, "sentiment": ""}, {"id": 67399905, "text": "AWS Success Will Continue To Power Amazon.com Inc. (AMZN) Stock Higher $AMZN http://amigobulls.com/articles/amzn-stock-aws-success-will-continue-to-power-amazon-com-inc-amzn-stock-higher", "time": 1479459601.0, "sentiment": ""}, {"id": 67399893, "text": "$AMZN the grand tour airs this Friday. Millions of people subscribing to prime just for this show. True story.  $780 on Monday", "time": 1479459589.0, "sentiment": "Bullish"}, {"id": 67399689, "text": "$URRE $INTU $GS $HD $TSLA $CRM $MATW $AMZN $WNR", "time": 1479459379.0, "sentiment": ""}, {"id": 67399479, "text": "$URRE $INTU $GS $HD $TSLA $CRM $MATW $AMZN $WNR Watch list for tomorrow folks", "time": 1479459137.0, "sentiment": "Bullish"}, {"id": 67398493, "text": "$AMZN Q4 will b super !!", "time": 1479458081.0, "sentiment": "Bullish"}, {"id": 67397057, "text": "If you haven&#39;t read this article, it&#39;s definitely worth reading for $AAPL $GOOG $FB $MSFT $AMZN investors...   https://www.thestreet.com/story/13894668/1/here-s-why-this-stock-may-crash-through-the-smart-glasses-ceiling.html", "time": 1479456473.0, "sentiment": "Bullish"}, {"id": 67395516, "text": "$AMZN up up down $20 easy. Little scared hahhahhaha", "time": 1479454882.0, "sentiment": "Bullish"}, {"id": 67395344, "text": "$AMZN swing working great so far", "time": 1479454707.0, "sentiment": ""}, {"id": 67394875, "text": "Dow up 40 as Tech Sector leads rally $AMZN jumps on worldwide streaming expansion. $CRM beats est, $NVDA up. Https://www.periscope.tv/NaviAvatar", "time": 1479454222.0, "sentiment": ""}, {"id": 67392099, "text": "$AMZN looks like insider options vested today which means sales window opens tomorrow...expect early weakness", "time": 1479451587.0, "sentiment": ""}, {"id": 67391173, "text": "$SPLV $USMV $MUB $TFI $AAPL $AMZN $GS $SNAP links", "time": 1479450728.0, "sentiment": ""}, {"id": 67390106, "text": "$AMZN I&#39;m just glad Bezos and Trump kissed and made up = this can now go back to $800+", "time": 1479449873.0, "sentiment": ""}, {"id": 67390001, "text": "Amazon Gearing Up for Global Launch of Streaming Video Service - they need to start trying $amzn  http://www.wsj.com/articles/amazon-gearing-up-for-global-launch-of-streaming-video-service-1479414380", "time": 1479449786.0, "sentiment": ""}, {"id": 67389299, "text": "Well someone liked that 758 number (after-hours) for $AMZN. Therefore 778 &amp; 788 are back in play it seems.  $QQQ $NQ_F $NDX", "time": 1479449217.0, "sentiment": ""}, {"id": 67388387, "text": "Should You Buy Amazon.com, Inc. Stock? 3 Pros, 3 Cons $AMZN @amazon http://bit.ly/2glxmdq http://bit.ly/AHSTTS", "time": 1479448501.0, "sentiment": ""}, {"id": 67388083, "text": "Out $UWTI $WMT In $EA $AAPL $AMZN $BIDU Scalp $CYCC", "time": 1479448255.0, "sentiment": ""}, {"id": 67387933, "text": "$AMZN $760 in AH.  Why the bump?", "time": 1479448131.0, "sentiment": ""}, {"id": 67387912, "text": "$AMZN touching 760 after hours", "time": 1479448114.0, "sentiment": ""}, {"id": 67387788, "text": "Free video w/setups for Nov 18 &quot;It Is All About Risk&quot; $TSCO $CRUS $AMZN $AAPL $HD $GOOGL https://www.learnstocks101.com/stock-market-analysis/2016/11/it-all-about-risk", "time": 1479448013.0, "sentiment": ""}, {"id": 67387419, "text": "Amazon streaming video service potentially set for worldwide expansion $AMZN @amazon http://bit.ly/AHSTTS", "time": 1479447700.0, "sentiment": ""}, {"id": 67387080, "text": "@cnbc Roger, best stock U can pick is massively inflated $AMZN ??  It&#39;s a short.", "time": 1479447458.0, "sentiment": "Bearish"}, {"id": 67386705, "text": "Just went through charts . Looks like great daily rotation beta . Look at $TSLA $AMZN $BABA . This could be good . Flight back 2 quality", "time": 1479447184.0, "sentiment": ""}, {"id": 67386349, "text": "Well $AMZN crawled above 747.83 today and looking to test 758. A break there and 778 &amp; 788 could come back into play.; we&#39;ll see. $QQQ $NQ_F", "time": 1479446939.0, "sentiment": ""}, {"id": 67385424, "text": "Here\u2019s what 117 Estimize analysts believe $AMZN will report for Q4 2016 EPS [Reporting 01/26 AMC] \n http://www.estimize.com/intro/amzn?utm_content=AMZN&amp;utm_medium=eps_update&amp;utm_source=stocktwits#chart=historical", "time": 1479446371.0, "sentiment": ""}, {"id": 67384201, "text": "$AMZN Are there any good stockpicking services?", "time": 1479445681.0, "sentiment": ""}, {"id": 67382430, "text": "$AMZN high open interest range is 700.00 to 800.00 for option expiration 11/18/2016. http://bit.ly/2fHpG4A", "time": 1479444706.0, "sentiment": ""}, {"id": 67381941, "text": "$AMZN you&#39;re unclear why a stock that massively missed its earnings sold off ?", "time": 1479444466.0, "sentiment": ""}, {"id": 67381927, "text": "$AMZN $770 tomorrow cuz of $CRM, and just because I said so", "time": 1479444460.0, "sentiment": ""}, {"id": 67381714, "text": "$AMZN Another day in the green, i will take that.", "time": 1479444359.0, "sentiment": ""}, {"id": 67381375, "text": "$AMZN $NFLX so basically more costs for a product already gonna be sold at a loss and is inferior to others", "time": 1479444187.0, "sentiment": ""}, {"id": 67381302, "text": "$AMZN Rats sold shares..why at this time? they know they won&#39;t make it this quarter!", "time": 1479444148.0, "sentiment": ""}, {"id": 67379558, "text": "Forget FANG - Trader Pete Najarian says buy this tech giant $MSFT $FB $AMZN $NFLX $GOOGL https://yhoo.it/2glaHxM http://bit.ly/MSFTTTS", "time": 1479443397.0, "sentiment": ""}, {"id": 67378498, "text": "Amazon.com&#39;s Vice President just cashed-in 626 options  http://www.conferencecalltranscripts.org/4/summary2/?id=3251088 $AMZN", "time": 1479442958.0, "sentiment": ""}, {"id": 67378460, "text": "Amazon.com director just picked up 870 shares  http://www.conferencecalltranscripts.org/4/summary2/?id=3251086 $AMZN", "time": 1479442947.0, "sentiment": ""}, {"id": 67377875, "text": "#Amazon $AMZN  Short Term Correction&gt;http://elliottwave-forecast.com/amember/go.php?r=567&amp;i=l23 #Elliottwave #trading", "time": 1479442748.0, "sentiment": ""}, {"id": 67377830, "text": "Our site&#39;s been bullish on Nvidia since January - but not bullish enough. $AMZN $ATVI $NUGT $NVDA http://seekingalpha.com/article/4024251-underestimating-nvidia?source=feed_f", "time": 1479442729.0, "sentiment": ""}, {"id": 67377609, "text": "Amazon\u2019s Alexa will be able to send texts for AT&amp;T customers starting tomorrow $AMZN $T http://bit.ly/2eL2pyV http://bit.ly/TTSEchoDot", "time": 1479442646.0, "sentiment": ""}, {"id": 67375725, "text": "RECAP 11/17 Chatter (2/2):\n$CVT + Vista Equity\n$IP + Containerboard Prices\n$NFLX - $AMZN video global", "time": 1479442045.0, "sentiment": ""}, {"id": 67375639, "text": "targeting 775/80 on $AMZN 62 on $MSFT 102 on $DIS that acro is AMD DAM or MAD", "time": 1479442023.0, "sentiment": ""}, {"id": 67375310, "text": "$AAPL $GOOG $AMZN $NFLX $BIDU  #freethemarketfromrobots", "time": 1479441933.0, "sentiment": ""}, {"id": 67375183, "text": "$AMZN Amazon will make you a lit of money, but you need to buy and hold.", "time": 1479441897.0, "sentiment": ""}, {"id": 67375031, "text": "$AMZN best week ever coming up.", "time": 1479441849.0, "sentiment": ""}, {"id": 67374235, "text": "AWS Success Will Continue To Power Amazon.com Inc. (AMZN) Stock Higher $AMZN http://amigobulls.com/articles/amzn-stock-aws-success-will-continue-to-power-amazon-com-inc-amzn-stock-higher", "time": 1479441602.0, "sentiment": ""}, {"id": 67372432, "text": "How dare he talk negative on FANG: &#39;Bond King&#39; thinks Trump will cause bear mrkt in FANG http://for.tn/2fDwL2W?xid=for_tw_sh \u2026 $FB $AMZN $NFLX $GOOGL", "time": 1479441005.0, "sentiment": ""}, {"id": 67372217, "text": "$AMZN I meant flat for the whole afternoon", "time": 1479440941.0, "sentiment": ""}, {"id": 67372095, "text": "@jordan_gekko - Flat??Not!! @ $:00 AM $AMZN was $743. Went to $757 mid-day.  That was a helluva scalp.", "time": 1479440900.0, "sentiment": ""}, {"id": 67372064, "text": "$AMZN propped up today just to bring it to $750 pin tomorrow. lovely", "time": 1479440889.0, "sentiment": ""}, {"id": 67370558, "text": "$AMZN anybody know why this has remained flat for the whole day?", "time": 1479440372.0, "sentiment": ""}, {"id": 67369100, "text": "Netflix jittery after report of potential Amazon standalone streaming service $NFLX $AMZN @netflix", "time": 1479439896.0, "sentiment": ""}, {"id": 67368273, "text": "$AMZN standalone streaming service is NO good is u ask my opinion unless it can make $NFLX obsolete svc in the eyes of all subscribers. LOL", "time": 1479439613.0, "sentiment": ""}, {"id": 67367964, "text": "$AAPL $AMZN $NFLX $FB   Trump tech selloff a \u2018rare opportunity\u2019 to buy megacaps    https://newsfortraders.blogspot.co.uk/2016/11/aapl-amzn-fb-nflx-httpstcosgsumbjuby.html", "time": 1479439499.0, "sentiment": ""}, {"id": 67367866, "text": "@howardlindzon $BBY 20% of the float is short.  Lots of pain to go around for the short sellers.  Turns out to be a very bad $AMZN hedge", "time": 1479439463.0, "sentiment": ""}, {"id": 67366589, "text": "$AMZN Lotta consolidation. I gotta believe this will crack 760 Friday and 770 by next Friday now. COILED SPRING. 847-710. 770-795 was range?", "time": 1479439015.0, "sentiment": "Bullish"}, {"id": 67366224, "text": "$AMZN LOL this was being propped up all day. expect 770 tomorrow after $CRM reports results", "time": 1479438877.0, "sentiment": ""}, {"id": 67365967, "text": "$AMZN if it&#39;s not part of prime I don&#39;t care about their video. Or NFLX for that matter.", "time": 1479438772.0, "sentiment": ""}, {"id": 67365380, "text": "Would You Boycott a Company for Selling Trump Products? $AMZN http://dlvr.it/MhCpGG", "time": 1479438555.0, "sentiment": ""}, {"id": 67364508, "text": "$AMZN from 710 to 757 @Clueless8_Trading is the best..hands down..and we&#39;re not done yet", "time": 1479438243.0, "sentiment": ""}, {"id": 67364284, "text": "Advancers: $WNR, $INCY, $TREE, $JDST, $BBY, $TSRO, $PLCE, $AMZN, $WYNN-Decliners: $TLT, $DRYS, $ELLI, $CWEI, $WMT, $TWLO, $LUV, $MDCO, $BA", "time": 1479438151.0, "sentiment": ""}, {"id": 67364010, "text": "$AMZN not shorting this after Black Friday --Hillary supporters bought a lot of tissues and crying towels online, too sad to leave house.", "time": 1479438058.0, "sentiment": ""}, {"id": 67363902, "text": "$AMZN $NFLX Amazon planning to take streaming video service global, WSJ reports", "time": 1479438022.0, "sentiment": ""}, {"id": 67363670, "text": "$NFLX Going lower on report $AMZN taking streaming video service global", "time": 1479437953.0, "sentiment": ""}, {"id": 67363578, "text": "$AMZN Shorted @ 757.", "time": 1479437919.0, "sentiment": "Bearish"}, {"id": 67363541, "text": "$AMZN - $NFLX - Amazon Gearing Up For Global Launch Of Streaming Video Service", "time": 1479437907.0, "sentiment": ""}, {"id": 67363493, "text": "$AMZN going global with streaming $NFLX", "time": 1479437891.0, "sentiment": ""}, {"id": 67362004, "text": "$AMZN 750 close", "time": 1479437348.0, "sentiment": ""}, {"id": 67360793, "text": "$BBY is more than just a showroom for $AMZN? Im actually happy to see this move today!", "time": 1479436907.0, "sentiment": "Bullish"}, {"id": 67360667, "text": "$AMZN - This is WILD.  Keeping my positions small.", "time": 1479436853.0, "sentiment": ""}, {"id": 67359724, "text": "$FB Right time to buy #FANG stocks? http://seekingalpha.com/news/3225446-piper-jaffray-reissues-overweight-posture-facebook-amazon-alphabet-netflix $NFLX $AMZN $GOOG $GOOGL", "time": 1479436483.0, "sentiment": ""}, {"id": 67359415, "text": "$AMZN Getting rejected.", "time": 1479436359.0, "sentiment": ""}, {"id": 67359379, "text": "$AMZN INDEEEED", "time": 1479436349.0, "sentiment": ""}, {"id": 67358950, "text": "$AMZN: This will close between 760 and 765 today!", "time": 1479436184.0, "sentiment": "Bullish"}, {"id": 67358723, "text": "$AMZN: Nice buying opportunity!", "time": 1479436099.0, "sentiment": "Bullish"}, {"id": 67358635, "text": "$AMZN The next move -- is it to $700 or $800, first?", "time": 1479436069.0, "sentiment": ""}, {"id": 67358562, "text": "$AMZN - SAME thing happened yesterday.  Down down down --- I fell asleep @ 2:45PM.  Next thing I know $AMZN is up $10 the next day.", "time": 1479436041.0, "sentiment": ""}, {"id": 67358380, "text": "$AMZN Alexa will soon be able to send text messages through AT&amp;T https://techcrunch.com/2016/11/17/alexa-att/?ncid=rss&amp;utm_source=dlvr.it&amp;utm_medium=twitter $T", "time": 1479435972.0, "sentiment": ""}, {"id": 67356462, "text": "$AMZN Pacific Crest Dives in on Amazon Ahead of AWS re:Invent User Conference 2016 http://www.smarteranalyst.com/2016/11/17/pacific-crest-keen-amazon-com-inc-amzn-ahead-aws-reinvent-user-conference-2016/", "time": 1479435275.0, "sentiment": ""}, {"id": 67356164, "text": "$AMZN tomorrow", "time": 1479435178.0, "sentiment": ""}, {"id": 67355134, "text": "$AMD $AMZN $GOOG $GOOGL $NVDA", "time": 1479434815.0, "sentiment": ""}, {"id": 67354925, "text": "$AMZN updated chart...precision technicals", "time": 1479434740.0, "sentiment": ""}, {"id": 67354826, "text": "$AMZN - Ouch!", "time": 1479434701.0, "sentiment": ""}, {"id": 67354717, "text": "Technical Analysis live come join the fun bring a symbol. $SPY $DRYS $CMG $AMZN $IBB $AAPL $QQQ $TSLA $NVDA  https://www.youtube.com/watch?v=gkJFo2g2qBA", "time": 1479434663.0, "sentiment": ""}, {"id": 67354617, "text": "AMD&#39;s Artificial Intelligence Dream: Google Making A Big Push https://seekingalpha.com/article/4024322?source=ansh $AMD, $AMZN, $GOOG, $GOOGL, $NVDA", "time": 1479434632.0, "sentiment": ""}, {"id": 67354426, "text": "$AMZN $FB $GOOGL $NFLX Piper Jaffray reissues Overweight posture on Facebook, Amazon, Alphabet, Netflix http://seekingalpha.com/news/3225446-piper-jaffray-reissues-overweight-posture-facebook-amazon-alphabet-netflix", "time": 1479434562.0, "sentiment": ""}, {"id": 67353700, "text": "Watch weekly $EBAY $SBUX $GOOGL $AMZN $QQQ", "time": 1479434311.0, "sentiment": ""}, {"id": 67353395, "text": "AMD&#39;s Artificial Intelligence Dream: Google Making A Big Push https://seekingalpha.com/article/4024322?source=ansh $AMD, $AMZN, $GOOG, $GOOGL, $MSFT, $NVDA", "time": 1479434219.0, "sentiment": "Bullish"}, {"id": 67352664, "text": "$AMZN sell your options while you can. This is being toyed with", "time": 1479433968.0, "sentiment": ""}, {"id": 67352284, "text": "Tickers mentioned in Thursday&#39;s linkfest: http://abnormalreturns.com/2016/11/17/thursday-links-role-modeling/ $SPLV $USMV $MUB $TFI $AAPL $AMZN $GS $SNAP", "time": 1479433850.0, "sentiment": ""}, {"id": 67350734, "text": "$AMZN where is $600?  Oh yeah. It&#39;s south of here :)", "time": 1479433286.0, "sentiment": ""}, {"id": 67350551, "text": "$AMZN Bears said this was going to 600&#39;s...make you&#39;re own decisions is Rule#1...going to crush holiday sales along w/ the Bears (again)", "time": 1479433208.0, "sentiment": ""}, {"id": 67350266, "text": "$AMZN LOL", "time": 1479433093.0, "sentiment": ""}, {"id": 67348958, "text": "$AMZN Trump&#39;s Policies Could Actually Help Amazon.com, Inc. http://amigobulls.com/articles/amzn-stock-could-trumps-policies-actually-help-amazon-com-inc-amzn", "time": 1479432605.0, "sentiment": ""}, {"id": 67347990, "text": "Best Buy now up 11% for the day. 52-week high. Up 50 % YTD. My story on how $BBY $WMT $TGT may be hurting $AMZN. http://cnnmon.ie/2fJ7O6h", "time": 1479432227.0, "sentiment": ""}, {"id": 67347972, "text": "$AMZN Should fail here but per usual this overhyped over priced name doesn&#39;t stay down for long. Always has chasers...", "time": 1479432218.0, "sentiment": ""}, {"id": 67347945, "text": "$TGT $AMZN $BABA $WMT", "time": 1479432202.0, "sentiment": ""}, {"id": 67347457, "text": "$AMZN killing options softly", "time": 1479432014.0, "sentiment": ""}, {"id": 67347399, "text": "$AMZN Max Pain is 757.50 for maturity 11/18/2016. Prev Close = 746.49.  http://bit.ly/2fIRPbb", "time": 1479431994.0, "sentiment": ""}, {"id": 67346521, "text": "Piper&#39;s Munster Says Buy Tech Giants Now As Fear Of Trump Weighs $AMZN $AAPL $NFLX $GOOG $GOOGL $FB https://goo.gl/zW2hK2", "time": 1479431678.0, "sentiment": ""}, {"id": 67346405, "text": "$AMZN trying to break downtrend line.", "time": 1479431642.0, "sentiment": ""}, {"id": 67345715, "text": "$VUZI get your #BlackFriday special today, best stock to own for #AR boom, better than $AAPL $GOOG $FB $AMZN...  https://www.thestreet.com/story/13894668/1/here-s-why-this-stock-may-crash-through-the-smart-glasses-ceiling.html", "time": 1479431391.0, "sentiment": "Bullish"}, {"id": 67345652, "text": "$AMZN - Can you say consolidation?  $$$", "time": 1479431368.0, "sentiment": ""}, {"id": 67344506, "text": "$AMZN very strong support. should stay above 750 for the rest of the day", "time": 1479430953.0, "sentiment": ""}, {"id": 67344496, "text": "[SITREP] Hawkish Yellen and Dec $SPX $SPY, Trump Rally Continues https://youtu.be/MhcKF6mx18A $XLK $XLF $AMZN $FB Oil follies $USO $OIH $XLE", "time": 1479430953.0, "sentiment": ""}, {"id": 67343423, "text": "$FB &#39;Bond King&#39; Jeffrey Gundlach Predicts Trump Will Cause #Facebook and #Amazon Stock to Crash http://fortune.com/2016/11/17/trump-facebook-amazon-netflix-google-stock-jeffrey-gundlach/ $AMZN $TLT", "time": 1479430565.0, "sentiment": ""}, {"id": 67343178, "text": "Underestimating Nvidia $AMZN $ATVI $NUGT $NVDA http://seekingalpha.com/article/4024251-underestimating-nvidia?source=feed_f", "time": 1479430474.0, "sentiment": ""}, {"id": 67342986, "text": "The 7 Best Tech Stocks in the World $BABA $SAP $AMZN $FB $MELI $MSFT $PYPL $INTU http://bit.ly/2fZMusq http://bit.ly/AHSTTS", "time": 1479430403.0, "sentiment": ""}, {"id": 67341023, "text": "$AMZN - Still trying to short $AMZN?  You&#39;re nuts!", "time": 1479429696.0, "sentiment": ""}, {"id": 67340706, "text": "$AMZN 760", "time": 1479429587.0, "sentiment": ""}, {"id": 67339806, "text": "Should You Buy Amazon? 3 Pros, 3 Cons $AMZN - http://investorplace.com/2016/11/amazon-com-inc-amzn-stock-pros-cons-ipmedia/", "time": 1479429287.0, "sentiment": ""}, {"id": 67339469, "text": "$AMZN $CSCO and $NTAP and new Dell for that matter", "time": 1479429181.0, "sentiment": ""}, {"id": 67339095, "text": "Chowdhry: Cisco Is Just Another Victim Of Amazon&#39;s Superclouds https://benzinga.com/z/8713892 $AMZN $CSCO $JNPR $VMW", "time": 1479429063.0, "sentiment": ""}, {"id": 67338127, "text": "$AMZN Well time will tell, I don&#39;t see lot of upside in neat term.", "time": 1479428709.0, "sentiment": ""}, {"id": 67338043, "text": "Tech Plays:\n\nHolding: $OCLR $AMAT $ANET $IPHI $SIMO $ACIA $TWLO\nWatching: $FB $AMZN $AVGO $NVDA $AMD $AIRG", "time": 1479428685.0, "sentiment": ""}, {"id": 67336504, "text": "$AMZN Best quarter for AMZN after Target and Walmart Upside. AMZN would have much higher upside. 850 coming back. 20+ % revenue upside.", "time": 1479428152.0, "sentiment": ""}, {"id": 67336452, "text": "$AMZN Reco: Our intermal models there is a 80% chance that $AMZN will rise to $764.97 (+2.79%) by next week #ourfreestockpicks", "time": 1479428132.0, "sentiment": ""}, {"id": 67335525, "text": "$AMZN  800 very soon", "time": 1479427824.0, "sentiment": ""}, {"id": 67335328, "text": "$AMZN Looking more like a strong rebound off the 200 day moving average.  Unclear why this sold off in the first place", "time": 1479427765.0, "sentiment": ""}, {"id": 67335244, "text": "$AMZN 760 in 3 mins", "time": 1479427732.0, "sentiment": ""}, {"id": 67335065, "text": "$AMZN  MACD curling back up. move is coming", "time": 1479427666.0, "sentiment": "Bullish"}, {"id": 67334927, "text": "$AMZN FCK U BURN N HELLL", "time": 1479427626.0, "sentiment": "Bearish"}, {"id": 67334757, "text": "$AMZN 750 support", "time": 1479427562.0, "sentiment": ""}, {"id": 67334692, "text": "$AMZN underpriced 10% down from all time high, this is a low risk good gain in the medium long term", "time": 1479427538.0, "sentiment": ""}, {"id": 67334174, "text": "$AMZN die u cnt piece o sht", "time": 1479427345.0, "sentiment": ""}, {"id": 67333266, "text": "$SPX $SPY $ES_F $VIX $AMZN &lt;STUDY the Charts&gt; Tactical Not Emotion Trading", "time": 1479427019.0, "sentiment": ""}, {"id": 67332819, "text": "$AMZN yeahhh baby !!! But still 900 dream is farrrrr...", "time": 1479426857.0, "sentiment": ""}, {"id": 67332383, "text": "$AMZN I will play swing with it", "time": 1479426693.0, "sentiment": ""}, {"id": 67332124, "text": "$AMZN I think people are feeling bullish after hearing Yellen and Obama/Merkel. Let&#39;s get this baby back to the 60s", "time": 1479426609.0, "sentiment": "Bullish"}, {"id": 67332077, "text": "$AMZN Tomorrow &gt; Prime is Discounted to $79 - 1 Day - http://www.theverge.com/2016/11/17/13663192/amazon-prime-deal-79-subscription", "time": 1479426594.0, "sentiment": ""}, {"id": 67331960, "text": "$AMZN Of course it won&#39;t but it&#39;s time to give it up and head back toward 700", "time": 1479426564.0, "sentiment": ""}]