[{"id": 72302820, "text": "@Av8Surf Technical Analysis Of $AMZN\nIf Anyone Wants Me To Chart A Particular Stock Just Message And Follow Me.", "time": 1484991934.0, "sentiment": ""}, {"id": 72301002, "text": "$AMZN Earnings date is Feb 2, AMZN changed it for 1 week for some reason", "time": 1484988229.0, "sentiment": ""}, {"id": 72296402, "text": "@ChrisGDC if $AMZN gets close to half a trillion in sales (where $WMT is currently), that growth rate will be long gone. Premium is 2 high.", "time": 1484981535.0, "sentiment": ""}, {"id": 72295897, "text": "$AMZN Is it Jan 26 or Feb 2?", "time": 1484980870.0, "sentiment": ""}, {"id": 72294645, "text": "@TheStreet soooo? You like $AMZN or not?", "time": 1484979234.0, "sentiment": "Bullish"}, {"id": 72293389, "text": "$WMT is still the number one retailer by revenue. Over 3x the revenue of $AMZN. Yet $WMT market cap is ~50% of $AMZN. Really weird to me.", "time": 1484977817.0, "sentiment": ""}, {"id": 72292070, "text": "Estimize revenue expectations are 0.16% higher than that of Wall Street for $AMZN Q4 [Reporting 01/26 AMC] \n http://www.estimize.com/intro/amzn?utm_content=AMZN&amp;utm_medium=eps_update&amp;utm_source=stocktwits#chart=historical", "time": 1484976411.0, "sentiment": ""}, {"id": 72291995, "text": "$AMZN I expect it to dip down to 805 area before bouncing back...", "time": 1484976364.0, "sentiment": ""}, {"id": 72290417, "text": "$TWLO Be careful Shorts.  After some DD I think earnings will be very good.  Plus I see huge potential of an $AMZN partnership or buyout.", "time": 1484974924.0, "sentiment": "Bullish"}, {"id": 72290327, "text": "$AMZN yea i think its just they overwhelmed with numbers and need get it right", "time": 1484974843.0, "sentiment": ""}, {"id": 72290288, "text": "Just updated with charts (buy/sells) opened/closed positions. $NUGT $WIX $FSLR $LABU $AMZN $TLT More http://www.livetradepro.com/stocks-to-watch  #livetradepro", "time": 1484974814.0, "sentiment": ""}, {"id": 72290228, "text": "$NFLX if netflix is spending 6B $ in content how much u think $AMZN is spending. ? 2017 EPS buy netflix before amazon! !", "time": 1484974751.0, "sentiment": ""}, {"id": 72289806, "text": "5-star analyst Victor Anthony from Aegis Capital rated $AMZN w/a BUY. Victor has a 66% success rate http://tipranks.com/experts/Victor-Anthony", "time": 1484974403.0, "sentiment": ""}, {"id": 72288905, "text": "Facebook Still In Early Stages Of Growth Despite Massive Size $FB $GOOGL $AMZN $SNAP http://bit.ly/2jI6QMa http://bit.ly/TTSFBHC", "time": 1484973672.0, "sentiment": "Bullish"}, {"id": 72287571, "text": "$AMZN so they postpone the ER? something doesn&#39;t sound right? need more time to fiddle the cooked book? they hardly delay it though...hmm", "time": 1484972829.0, "sentiment": ""}, {"id": 72287156, "text": "$AMZN $GOOGL $AAPL $MSFT What the Fuxk is your point here junior.  Grow up and drive safe.  Are you in Russia by any chance?", "time": 1484972555.0, "sentiment": ""}, {"id": 72286114, "text": "$AMZN Guys I regret touch amzn with calls.. Look at pcln just made 1800 insane comeback..", "time": 1484971900.0, "sentiment": ""}, {"id": 72285936, "text": "$AMZN ok but feb 2nd right??", "time": 1484971812.0, "sentiment": ""}, {"id": 72285845, "text": "$AMZN those Jan $300 calls went untouched. $50m bet at $72 turns into $350m at $508. One of best trades in last few years.", "time": 1484971768.0, "sentiment": ""}, {"id": 72285657, "text": "$AMZN $GOOGL $AAPL $MSFT  Most terrible accidents https://www.youtube.com/watch?v=tT2lC7zEmhY", "time": 1484971673.0, "sentiment": ""}, {"id": 72284841, "text": "$AMZN i stuck with my 800 Jan27  800 Calls---oh well we shall c", "time": 1484971330.0, "sentiment": "Bullish"}, {"id": 72284711, "text": "$AMZN 800 Calls i mean", "time": 1484971282.0, "sentiment": ""}, {"id": 72284644, "text": "$AMZN Facebook &amp; Amazon report same nite 02-01", "time": 1484971260.0, "sentiment": ""}, {"id": 72284226, "text": "$AMZN Profit taking is for wankers.", "time": 1484971091.0, "sentiment": "Bullish"}, {"id": 72284191, "text": "$AMZN FYI Folks Fed- FOMC Meets again 01-31 to 02-01", "time": 1484971082.0, "sentiment": ""}, {"id": 72284101, "text": "$AMZN easy way to know when er is look at each weekly opex- u will c spike in IV and then u know- just sayin", "time": 1484971045.0, "sentiment": ""}, {"id": 72284088, "text": "$AMZN Alphabet Inc. is expected* to report earnings on 01/26/2017 after market close Google still next Thur http://www.nasdaq.com/earnings/report/goog", "time": 1484971040.0, "sentiment": ""}, {"id": 72283951, "text": "$AMZN", "time": 1484970975.0, "sentiment": "Bearish"}, {"id": 72283938, "text": "$AMZN  5 Minutes To Bell", "time": 1484970968.0, "sentiment": ""}, {"id": 72283892, "text": "$AMZN yes now feb 2nd", "time": 1484970949.0, "sentiment": ""}, {"id": 72283849, "text": "$AMZN Was  01-26", "time": 1484970932.0, "sentiment": ""}, {"id": 72283801, "text": "$AMZN Amazon.com, Inc. is expected* to report earnings on 02/02/2017 after market close. Nasdaq http://www.nasdaq.com/earnings/report/amzn", "time": 1484970909.0, "sentiment": ""}, {"id": 72283665, "text": "$AMZN yes it is FEB 2nd after bell", "time": 1484970864.0, "sentiment": ""}, {"id": 72283613, "text": "$AMZN  6 Minutes to Bell", "time": 1484970838.0, "sentiment": ""}, {"id": 72283458, "text": "$AMZN , did they change the earning day", "time": 1484970772.0, "sentiment": ""}, {"id": 72283125, "text": "$FB $AMZN $GOOG $GOOGL $DPZ $SWKS Sorry, wrong link https://www.youtube.com/watch?v=3pzuoxRFE9c", "time": 1484970639.0, "sentiment": ""}, {"id": 72283118, "text": "Estimize EPS expectations are 7.87% higher than that of Wall Street for $AMZN Q4 [Reporting 01/26 AMC] \n http://www.estimize.com/intro/amzn?utm_content=AMZN&amp;utm_medium=eps_update&amp;utm_source=stocktwits#chart=historical", "time": 1484970637.0, "sentiment": ""}, {"id": 72283015, "text": "$FB $AMZN $GOOG $GOOGL $DPZ $SWKS https://www.youtube.com/watch?v=3hOrxoNCjYU Why George Soros is Dying?", "time": 1484970602.0, "sentiment": "Bullish"}, {"id": 72282969, "text": "$AMZN yes", "time": 1484970588.0, "sentiment": ""}, {"id": 72282925, "text": "$AMZN closes 810", "time": 1484970572.0, "sentiment": ""}, {"id": 72282910, "text": "$AMZN so ER is february 2 right? damn", "time": 1484970567.0, "sentiment": ""}, {"id": 72282811, "text": "$AMZN damn I bought 810 (100 shares) and its 808.90 . I am not used to be red zone I hate it", "time": 1484970529.0, "sentiment": ""}, {"id": 72282424, "text": "$AMZN FEB 2nd they phucked us and moved it", "time": 1484970372.0, "sentiment": ""}, {"id": 72281931, "text": "$AMZN please one question when is ER ???? Jan26 or ...???", "time": 1484970203.0, "sentiment": ""}, {"id": 72281695, "text": "$amzn the art of stock is to pick the right buying spot and i failed today i bought 810", "time": 1484970111.0, "sentiment": ""}, {"id": 72281507, "text": "$AMZN 800 calls not 810", "time": 1484970030.0, "sentiment": ""}, {"id": 72281488, "text": "$AMZN They delayed their earnings a week. Link for that? I was waiting january 26 for er not feb2", "time": 1484970023.0, "sentiment": ""}, {"id": 72281422, "text": "$AMZN no not true i show u snapshot of my Jan27 810 Calls in moment; i dont deceive", "time": 1484969991.0, "sentiment": ""}, {"id": 72281221, "text": "$AMZN you sound like a short acting like a bull , while you hide your satisfaction with your short position", "time": 1484969911.0, "sentiment": ""}, {"id": 72281202, "text": "$AMZN yea frustrating was over 816;", "time": 1484969904.0, "sentiment": ""}, {"id": 72280883, "text": "$AMZN Easy to say that now", "time": 1484969769.0, "sentiment": ""}, {"id": 72280806, "text": "$AMZN Bought 100 shares at 810 this morn damn i regret it already. What was this peak this morn?", "time": 1484969736.0, "sentiment": ""}, {"id": 72280721, "text": "$AMZN exactly. Costs me thousands.", "time": 1484969704.0, "sentiment": ""}, {"id": 72280611, "text": "$AMZN 27 minutes for miracle; come n 810; opex says that what u want\ud83d\ude27", "time": 1484969656.0, "sentiment": ""}, {"id": 72280283, "text": "$AMZN this is gonna pop maybe next month. Not now.", "time": 1484969513.0, "sentiment": "Bearish"}, {"id": 72280260, "text": "$AMZN prob right ; i just went long\ud83d\ude31", "time": 1484969502.0, "sentiment": ""}, {"id": 72280199, "text": "$AMZN Closing out position. Overstayed my welcome as the name has reversed off $820 level", "time": 1484969477.0, "sentiment": ""}, {"id": 72280190, "text": "$AMZN i like to hold till monday but what if the Pres presses wrong button over weekend\ud83e\udd21\ud83d\ude37", "time": 1484969473.0, "sentiment": ""}, {"id": 72280072, "text": "$AMZN http://www.marketwatch.com/investing/index/comp  Nasdaq really dipping  Folks! Be careful if day trading!", "time": 1484969428.0, "sentiment": ""}, {"id": 72279778, "text": "Long calls in $AMZN and $DIS for next week.", "time": 1484969307.0, "sentiment": "Bullish"}, {"id": 72279765, "text": "$AMZN ouch!!! my jan 27 800 Calls gettin beyatch slapped at moment\ud83d\ude41", "time": 1484969305.0, "sentiment": "Bullish"}, {"id": 72279557, "text": "$AMZN Getting fugly quick.", "time": 1484969225.0, "sentiment": ""}, {"id": 72279364, "text": "$AMZN Thank you Trump", "time": 1484969140.0, "sentiment": ""}, {"id": 72279288, "text": "$AMZN to me Amazon is to big to delay their earnings and there is no excuse for it.  Penny Stocks do that kind of Management", "time": 1484969108.0, "sentiment": ""}, {"id": 72279193, "text": "$AMZN 816 to 806. Efficient markets they say...", "time": 1484969067.0, "sentiment": ""}, {"id": 72279169, "text": "$AMZN Nasdaq dipping again going into last 30 minutes B4 Bell", "time": 1484969055.0, "sentiment": ""}, {"id": 72279131, "text": "$AMZN selling off there", "time": 1484969037.0, "sentiment": ""}, {"id": 72278962, "text": "$SPY $amzn nailing lows on that", "time": 1484968969.0, "sentiment": ""}, {"id": 72278871, "text": "$AMZN The reason I believe that Amazon is down is because they delayed their earnings a week.  You can move the earnings up, never delay", "time": 1484968923.0, "sentiment": ""}, {"id": 72278106, "text": "$AMZN: Way to 750..", "time": 1484968615.0, "sentiment": "Bearish"}, {"id": 72277877, "text": "$AMZN  45 MInutes to Bell", "time": 1484968514.0, "sentiment": ""}, {"id": 72277426, "text": "$AMZN Hedge Funds moving in Power Hour?? Going Long??", "time": 1484968326.0, "sentiment": ""}, {"id": 72277269, "text": "$AMZN long. Target 820+.", "time": 1484968268.0, "sentiment": ""}, {"id": 72276179, "text": "$AMZN  First Power Hour of the Trump Era! (3-4:00 PM ET)", "time": 1484967839.0, "sentiment": ""}, {"id": 72276162, "text": "Facebook, Amazon, Alphabet Rated Buy; Domino&#39;s Upgraded $FB $AMZN $GOOG $GOOGL $DPZ $SWKS http://bit.ly/2jgTp2D @investors", "time": 1484967834.0, "sentiment": ""}, {"id": 72275994, "text": "$AMZN http://www.marketwatch.com/investing/stock/pcln  Priceline down -8 points", "time": 1484967758.0, "sentiment": ""}, {"id": 72275672, "text": "Mattel&#39;s Aristotle Connects Wired Child, Smart Home: http://www.investors.com/research/industry-snapshot/mattel-aristotle-smart-home-product-snapshot/ $AMZN $MAT $QCOM $MSFT $GOOGL $NVDA $TGT $WMT", "time": 1484967624.0, "sentiment": ""}, {"id": 72275600, "text": "$AMZN 810 close guarantee- i dare MM&#39;s close below there-I have spoken", "time": 1484967590.0, "sentiment": ""}, {"id": 72275500, "text": "$AMZN Might just break 807.50", "time": 1484967548.0, "sentiment": "Bearish"}, {"id": 72275275, "text": "Amazon Could Win Big Battle With Alphabet If Google Home Sputters: http://ow.ly/yr3e308cAL7 $AMZN $GOOGL $AAPL $MSFT", "time": 1484967471.0, "sentiment": ""}, {"id": 72275269, "text": "$AMZN 10 Day SMA @ 805.23... If market dumps during power hour, it just might hit it...", "time": 1484967468.0, "sentiment": ""}, {"id": 72275203, "text": "$AMZN 810 if opex means anything- who knows???", "time": 1484967439.0, "sentiment": ""}, {"id": 72275131, "text": "$AMZN heading to $805", "time": 1484967413.0, "sentiment": ""}, {"id": 72274925, "text": "$AMZN Close above 810?", "time": 1484967334.0, "sentiment": "Bullish"}, {"id": 72274741, "text": "$AMZN About 1 hour+ to  Closing Bell", "time": 1484967273.0, "sentiment": ""}, {"id": 72274724, "text": "$NFLX, $AMZN - See no threat from Netflix or Amazon Prime in India: PVR Chief  http://crweworld.com/india/trendingnow/news/130113/see-no-threat-from-netflix-or-amazon-prime-in-india-pvr-chief", "time": 1484967266.0, "sentiment": ""}, {"id": 72273878, "text": "#TrumpTrade sell all big data and analytics stocks. AI, Analytics are backward looking $SPLK $HDP $AMZN. Humans are taking over now $SPY", "time": 1484966923.0, "sentiment": ""}, {"id": 72273135, "text": "$AMZN Trump White House sets aggressive 4% U.S. GDP growth benchmark despite warnings MW http://on.mktw.net/2j3pyNF", "time": 1484966625.0, "sentiment": ""}, {"id": 72272813, "text": "$AMZN  Nasdaq going South again FOLKS (Fangs in sync) http://www.marketwatch.com/investing/index/comp", "time": 1484966486.0, "sentiment": ""}, {"id": 72272780, "text": "$AMZN What is this closing at today? Above 808?", "time": 1484966471.0, "sentiment": ""}, {"id": 72272583, "text": "$AMZN what a joke! Wall Street crooks really manipulated this week \ud83d\ude21", "time": 1484966397.0, "sentiment": ""}, {"id": 72272378, "text": "$AMZN Trump already suspends Obama-era FHA mortgage insurance cut http://on.mktw.net/2j3gmbX", "time": 1484966303.0, "sentiment": ""}, {"id": 72271249, "text": "Ford Motor Company (F) Stock Will Benefit From Alexa Deal With Amazon.com, Inc. @arigoren $AMZN $F http://amigobulls.com/articles/ford-motor-company-f-stock-will-benefit-from-alexa-deal-with-amazon-com-inc", "time": 1484965801.0, "sentiment": ""}, {"id": 72271103, "text": "$AMZN VIX Options Signaling A Sell-Off Post-Trump Inauguration http://seekingalpha.com/article/4038289-vix-options-signaling-sell-post-trump-inauguration?source=tweet  (A &quot;Bear&quot; Analysis)", "time": 1484965739.0, "sentiment": ""}, {"id": 72270787, "text": "$SPY $AAPL $FB $AMZN $CELG $BAC - still long/bullish bias, but buying some $UVXY calls for protection.", "time": 1484965590.0, "sentiment": ""}, {"id": 72270783, "text": "$AMZN  20% profit on puts", "time": 1484965588.0, "sentiment": ""}, {"id": 72270317, "text": "$AMZN come on, $808... really?", "time": 1484965397.0, "sentiment": "Bullish"}, {"id": 72270136, "text": "$AMZN goes red.", "time": 1484965326.0, "sentiment": ""}, {"id": 72269827, "text": "$AMZN will it be 700 or 900? will it be 600 or 1000? (i can ask foolish questions too) one crazy target or the others?", "time": 1484965201.0, "sentiment": ""}, {"id": 72269736, "text": "Will the tech sector impress investors this earnings season? $AAPL $MSFT $AMZN $GOOGL https://www.zacks.com/stock/news/246281/tech-earnings-preview-will-aapl-msft-googl-and-amzn-beat-this-quarter", "time": 1484965163.0, "sentiment": ""}, {"id": 72269600, "text": "$AMZN Thanks to bring up all the bad news that you can newbie as you seem to think that every bad news make amazon drop", "time": 1484965100.0, "sentiment": ""}, {"id": 72269524, "text": "$AMZN market cap has increased from $16 billion in 2007 to $384 billion today https://stockrow.com/share/36d106b4e6a86ccf38fe3a9c7dda5228", "time": 1484965064.0, "sentiment": ""}, {"id": 72269396, "text": "$AMZN I am in red zone (Bought 100 shares at 810 today ) will average down if it drops more DAMN !", "time": 1484965008.0, "sentiment": ""}, {"id": 72269264, "text": "$SPY $FB $AAPL $AMZN - please sell so i can buy ahead of earnings", "time": 1484964947.0, "sentiment": ""}, {"id": 72268456, "text": "$AMZN saying Amazon makes no profit islike saying you make no profit because you are sinking your salaried earnings into your retirement.", "time": 1484964612.0, "sentiment": ""}, {"id": 72267909, "text": "$AMZN Hopefully they bought their weapons using amazon prime", "time": 1484964378.0, "sentiment": ""}, {"id": 72267860, "text": "$TGT I wouldn&#39;t touch this at any price, you can&#39;t stop margin erosion when going head to head with a non profit like $AMZN.", "time": 1484964357.0, "sentiment": "Bearish"}, {"id": 72267689, "text": "$AMZN #Amazon : Sustained Solid Top-line Growth, With Long Term Margin Expansion - https://goo.gl/aabKrC", "time": 1484964289.0, "sentiment": ""}, {"id": 72267601, "text": "NFLX stock has been on a tear since it started growing profits again. It&#39;s not a coincidence: http://chc.li/2iTG0wk $NFLX $AAPL $AMZN $FB", "time": 1484964253.0, "sentiment": ""}, {"id": 72267489, "text": "$AMZN Lots of protestors near parade,", "time": 1484964195.0, "sentiment": ""}, {"id": 72266994, "text": "Tech Powers This Growth ETF http://www.etftrends.com/2017/01/tech-powers-this-growth-etf/ $IVW $AMZN $AAPL $GOOG", "time": 1484963972.0, "sentiment": ""}, {"id": 72266677, "text": "$AMZN  . .", "time": 1484963838.0, "sentiment": ""}, {"id": 72266654, "text": "$AMZN  Folks Nasdaq is  up &amp; down and sideways-&gt; a Yo-Yo! Maybe a Power Hour later?", "time": 1484963830.0, "sentiment": ""}, {"id": 72266535, "text": "$AMZN U.S. stocks pare gains after Trump&#39;s inaugural speech https://finance.yahoo.com/news/futures-rise-ahead-trumps-inauguration-125659673.html?soc_src=social-sh&amp;soc_trk=tw via @YahooFinance", "time": 1484963780.0, "sentiment": ""}, {"id": 72265228, "text": "$AMZN up or down in the next two hours...", "time": 1484963222.0, "sentiment": ""}, {"id": 72264873, "text": "$AMZN it may have been- but with this political atm market down 10% is realistic", "time": 1484963094.0, "sentiment": ""}, {"id": 72264626, "text": "$AMZN Will this be 850+ next Friday? or 750?", "time": 1484962988.0, "sentiment": ""}, {"id": 72264584, "text": "My sights: long $TSLA $NKE $AMZN short $WMT $LYV $JUNO $XOM", "time": 1484962971.0, "sentiment": ""}, {"id": 72263751, "text": "Outside of $COST, the $AMZN fear for big box/grocery/discount retail names is playing out - https://stocknews.com/category/grocery-big-box-retailers/ $WMT $TGT $KR $DG $DLTR", "time": 1484962634.0, "sentiment": ""}, {"id": 72262961, "text": "$AMZN did really well shorting the pops. \ud83e\udd11\ud83e\udd11 glta", "time": 1484962281.0, "sentiment": ""}, {"id": 72262936, "text": "$APRI look at $AMZN, they we a revnue machine long before they genrated profit. And thy alwys had a favorble stock price. No difference here", "time": 1484962273.0, "sentiment": ""}, {"id": 72262891, "text": "Mattel&#39;s Aristotle Connects Wired Child, Smart Home $MAT $AMZN http://bit.ly/2jgKP3X http://bit.ly/AMZNXMAS $QCOM $MSFT $NVDA $GOOGL", "time": 1484962251.0, "sentiment": ""}, {"id": 72261985, "text": "How Amazon.com Is Becoming the Kind of Retailer It Hurt $AMZN @amazon http://bit.ly/2jxpYdz http://bit.ly/TTSABS", "time": 1484961852.0, "sentiment": ""}, {"id": 72260665, "text": "$VMC when $AAPL $AMZN et al not moving...$VMC to the rescue :)", "time": 1484961300.0, "sentiment": "Bullish"}, {"id": 72260182, "text": "@MAS1271 It may be time to take advantage of 810 ahead of ER. Skeptics present. 815+ will work. Our $AMZN deception lives.", "time": 1484961067.0, "sentiment": "Bullish"}, {"id": 72259648, "text": "Friday&#39;s Upgrades/Downgrades $GOOGL $GOOG $AMZN $BMY $CSX $FB $PYPL $CBS $CHKP $IP http://bit.ly/2iKmiYK", "time": 1484960813.0, "sentiment": ""}, {"id": 72258483, "text": "Share an idea on $AMZN may be amzn going down now after @ 810", "time": 1484960271.0, "sentiment": "Bearish"}, {"id": 72258369, "text": "$AAPL President Trump already tweeting. Please tweet something good for $AAPL &amp; $AMZN.", "time": 1484960207.0, "sentiment": "Bullish"}, {"id": 72257762, "text": "$AMZN up spiral to 812.55 aand in bullish territory, then 814, then breakout to  818", "time": 1484959923.0, "sentiment": "Bullish"}, {"id": 72257756, "text": "$AMZN Thanks i bought at 810 today 1/2 position of 100 shares will complete if it drops to average down. Otherwise ill pick my gain one day", "time": 1484959917.0, "sentiment": ""}, {"id": 72257738, "text": "$AMZN FANGs are either down or sideways right now", "time": 1484959909.0, "sentiment": ""}, {"id": 72257595, "text": "$AMZN rally till ER, then explode", "time": 1484959840.0, "sentiment": "Bullish"}, {"id": 72257561, "text": "$AMZN My target 815 next week no rush ( i bought a first position of 100 shares at 810) if it drops i average down with 100 more shares", "time": 1484959826.0, "sentiment": ""}, {"id": 72257393, "text": "How Amazon.com Is Becoming the Kind of Retailer It Hurt $AMZN http://dlvr.it/N925qC", "time": 1484959745.0, "sentiment": ""}, {"id": 72256830, "text": "$AMZN all day", "time": 1484959491.0, "sentiment": "Bullish"}, {"id": 72256685, "text": "$AMZN can&#39;t go down", "time": 1484959427.0, "sentiment": ""}, {"id": 72256398, "text": "$AMZN 810 seems to be a solid support", "time": 1484959307.0, "sentiment": "Bullish"}, {"id": 72255687, "text": "$AMZN 818.3 close eod", "time": 1484959028.0, "sentiment": "Bullish"}, {"id": 72255321, "text": "Here\u2019s what 279 Estimize analysts believe $AMZN will report for Q4 2016 revenue [Reporting 01/26 AMC] \n http://www.estimize.com/intro/amzn?utm_content=AMZN&amp;utm_medium=eps_update&amp;utm_source=stocktwits#chart=historical", "time": 1484958877.0, "sentiment": ""}, {"id": 72254955, "text": "$AMZN Nasdaq in dip mode Folks  http://www.marketwatch.com/investing/index/comp", "time": 1484958730.0, "sentiment": ""}, {"id": 72254664, "text": "$AMZN a few more days for ER hype pump!", "time": 1484958606.0, "sentiment": ""}, {"id": 72254634, "text": "$AMZN - I AM PROUD TO BE AN AMERICAN!!!!!", "time": 1484958592.0, "sentiment": ""}, {"id": 72254362, "text": "$SPY $AAPL $AMZN $FB $GOOG and life goes on. Earnings commence next week. Don&#39;t get caught short", "time": 1484958484.0, "sentiment": ""}, {"id": 72254341, "text": "$AMZN - God Bless America!!!!", "time": 1484958477.0, "sentiment": ""}, {"id": 72253945, "text": "$SPY $qqq $iwm $dia looks like we&#39;ll go down next week.  No clarity on policy $aapl $amzn $nflx $fb", "time": 1484958322.0, "sentiment": ""}, {"id": 72253193, "text": "$AMZN Careful if day trading Folks  Nasdaq very Beta Volatile now", "time": 1484958057.0, "sentiment": ""}, {"id": 72253002, "text": "$AMZN F&#39;ing fantastic - wow - this will turn sentiment - Trump is actually a decent articulate fellow - goes to show what preparation does", "time": 1484957993.0, "sentiment": ""}, {"id": 72252992, "text": "$AMZN  Trump speech ended", "time": 1484957989.0, "sentiment": ""}, {"id": 72252898, "text": "Facebook Still In Early Stages Of Growth Despite Massive Size: http://www.investors.com/news/technology/facebook-still-in-early-stages-of-revenue-growth-despite-massive-size/ $FB $GOOGL $AMZN", "time": 1484957958.0, "sentiment": ""}, {"id": 72252691, "text": "Side note: that epic $AMZN 300C trade closes today http://www.cnbc.com/2014/11/14/risk-seeking-trader-stakes-50-million-on-amazon.html", "time": 1484957884.0, "sentiment": ""}]