[{"id": 73460880, "text": "$AMZN revenue missed by $1 billion.. this is crashing to 750 soon.. run run", "time": 1486095695.0, "sentiment": "Bearish"}, {"id": 73460844, "text": "I am so rich I could buy anything I want on $AMZN", "time": 1486095685.0, "sentiment": "Bearish"}, {"id": 73460826, "text": "$AMZN Jeff will start pumping it on the call stay tuned..", "time": 1486095677.0, "sentiment": "Bullish"}, {"id": 73460819, "text": "$AAPL Where&#39;s the moronic loser who was bragging sold \ud83c\udf4f stock to buy $FB &amp; $AMZN \ud83d\ude02", "time": 1486095674.0, "sentiment": "Bullish"}, {"id": 73460776, "text": "$AMZN now im glad my order for 300 didnt get excuted", "time": 1486095662.0, "sentiment": ""}, {"id": 73460775, "text": "$AMZN will make money in 2030 when their buildout is fully complete, just need patience from Bezos lol", "time": 1486095661.0, "sentiment": ""}, {"id": 73460743, "text": "$AMZN Feb 3 Call Options", "time": 1486095655.0, "sentiment": ""}, {"id": 73460731, "text": "$AMZN Bill Miller fooled you guys!! Ahhhhahahhahahah", "time": 1486095652.0, "sentiment": "Bearish"}, {"id": 73460723, "text": "$AMZN this will go up during cc, jeff bezos can be very convincing", "time": 1486095647.0, "sentiment": "Bullish"}, {"id": 73460698, "text": "@chaddjohnson $AMZN http://www.nasdaq.com/article/earnings-reaction-history-amazoncom-inc-364-follow-through-indicator-88-sensitive-cm571835", "time": 1486095638.0, "sentiment": ""}, {"id": 73460663, "text": "$AMZN man this is shocking i have no position short or long but i thought rev would be closer to expectation and lower guidance jeez", "time": 1486095633.0, "sentiment": ""}, {"id": 73460658, "text": "$AMZN reminds me ENRoN bankruptcy", "time": 1486095632.0, "sentiment": ""}, {"id": 73460646, "text": "$AMZN revenue missed by $1 billion is huge.. crashing to 750 soon", "time": 1486095628.0, "sentiment": ""}, {"id": 73460630, "text": "$AMZN EVERYBODIES ***PUTS*** WILL BE WORTHLESS TOMRW. ******WATCH!!!*****", "time": 1486095622.0, "sentiment": "Bullish"}, {"id": 73460629, "text": "$AMZN going down!!! What did say, AMERiCA!!!", "time": 1486095622.0, "sentiment": "Bearish"}, {"id": 73460620, "text": "$AMZN $660-$700 Tommorrow", "time": 1486095623.0, "sentiment": "Bearish"}, {"id": 73460610, "text": "$AMZN - Earnings reaction, a view on the 4 hourr chart...", "time": 1486095620.0, "sentiment": ""}, {"id": 73460517, "text": "$AMZN $750", "time": 1486095605.0, "sentiment": "Bearish"}, {"id": 73460510, "text": "$AMZN revenue missed by $1 billion is huge.. this is crashing to 750 soon", "time": 1486095603.0, "sentiment": ""}, {"id": 73460507, "text": "$AMZN I guess WOLFMAN Jack should of shorted AMZN not AAPL the other day", "time": 1486095602.0, "sentiment": ""}, {"id": 73460497, "text": "$AMZN $FB 0 for 2.  Not a good start to the year but it is what it is.  Let&#39;s see if $EXPE &amp; $TRVG can turn this trend around next week.", "time": 1486095599.0, "sentiment": ""}, {"id": 73460472, "text": "$AMZN did they announce partnership with paypal?", "time": 1486095594.0, "sentiment": ""}, {"id": 73460471, "text": "$AMZN Gapping down tomorrow? Thoughts?", "time": 1486095592.0, "sentiment": ""}, {"id": 73460460, "text": "$CMG $AMZN $GPRO Meantime $V &amp; $DATA r up. :))", "time": 1486095591.0, "sentiment": ""}, {"id": 73460458, "text": "$AMZN Glad I took the profits", "time": 1486095590.0, "sentiment": "Bearish"}, {"id": 73460455, "text": "$AMZN 840 tomorrow", "time": 1486095591.0, "sentiment": ""}, {"id": 73460435, "text": "$AMZN only a loss if ur panicked enough to sell..otherwise it will be back at highs by April..", "time": 1486095584.0, "sentiment": "Bullish"}, {"id": 73460408, "text": "$AMZN hate Bezos but UPS shows up daily with an Amazon box... or two... or three.", "time": 1486095576.0, "sentiment": ""}, {"id": 73460379, "text": "$AMZN At 806 its trading where it opened at on Jan. 23rd. Yeah, huge loss. BTFD.", "time": 1486095571.0, "sentiment": "Bullish"}, {"id": 73460367, "text": "$AMZN trees don&#39;t grow to the skies FANG bulls", "time": 1486095567.0, "sentiment": "Bearish"}, {"id": 73460307, "text": "$AMZN  Like I said last week going to drop a lot further...Great company but under trump policy $AMZN $BABA all screwed.", "time": 1486095551.0, "sentiment": "Bearish"}, {"id": 73460292, "text": "@sw0ng I know but $AMZN is a huge company doing very well. $TWLO is just a small part of the whole monster of a company.", "time": 1486095548.0, "sentiment": ""}, {"id": 73460283, "text": "$AMZN Alexa should I buy this stock now or wait till it drops some more?", "time": 1486095546.0, "sentiment": ""}, {"id": 73460273, "text": "$AMZN and now we go positive, that&#39;s right, mark my words", "time": 1486095544.0, "sentiment": ""}, {"id": 73460265, "text": "$FB $NFLX $AMZN $GOOGL $AAPL and show which one has the biggest real $$ Grwth!!  51% is easy when $$ are tiny.", "time": 1486095540.0, "sentiment": ""}, {"id": 73460259, "text": "$AMZN save job again amazing", "time": 1486095539.0, "sentiment": ""}, {"id": 73460258, "text": "$AMZN Did they announce AWS #&#39;s ?", "time": 1486095538.0, "sentiment": ""}, {"id": 73460254, "text": "$AMZN I m not impressed at all", "time": 1486095538.0, "sentiment": "Bearish"}, {"id": 73460252, "text": "$AMZN so the missed and guided lower for what everyone called the main number REV and its back too Mondays level? smh Rigged casino", "time": 1486095537.0, "sentiment": ""}, {"id": 73460248, "text": "$AMZN Oh man..they ONLY made $43 billion last quarter...lol...what a disaster! HA...", "time": 1486095535.0, "sentiment": ""}, {"id": 73460247, "text": "$AMZN $WMT like I said earlier, America will get the jobs it deserves, BACK!", "time": 1486095536.0, "sentiment": ""}, {"id": 73460202, "text": "$CMG $amzn $gpro all missing earnings tonight", "time": 1486095523.0, "sentiment": "Bearish"}, {"id": 73460201, "text": "$AMZN oh the humanity", "time": 1486095521.0, "sentiment": "Bearish"}, {"id": 73460199, "text": "$AMZN Jeez, I did not expect this. Lost a lot of money :(", "time": 1486095521.0, "sentiment": ""}, {"id": 73460192, "text": "$AMZN hmm acting like goog after their ER right now..", "time": 1486095518.0, "sentiment": ""}, {"id": 73460173, "text": "@palmerwise And, errr, without the $AMZN beat?", "time": 1486095512.0, "sentiment": ""}, {"id": 73460168, "text": "$AMZN earnings results measure analysts quality. revenue is as expected in guidance, beat on earnings.", "time": 1486095511.0, "sentiment": "Bullish"}, {"id": 73460151, "text": "$AMZN This selling doesnt matter it pumped up stupid hard before earnings lol", "time": 1486095508.0, "sentiment": ""}, {"id": 73460146, "text": "$AMZN AWS sales up 47% last quarter, this thing is coming back.", "time": 1486095508.0, "sentiment": ""}, {"id": 73460143, "text": "$AMZN some hedge bought 75k @ 839 at closing loss 2.6mln in 2.6minutes", "time": 1486095506.0, "sentiment": ""}, {"id": 73460139, "text": "Amazon Shares Drop as Fourth-Quarter Revenue Misses Expectations $AMZN http://dlvr.it/NGnlTr", "time": 1486095504.0, "sentiment": ""}, {"id": 73460137, "text": "$AMZN AWS growth is slowing... There is no more argument for the delusional long.", "time": 1486095504.0, "sentiment": ""}, {"id": 73460133, "text": "$SPY A not so favorable turn out as we&#39;ve been used to for earnings with companies like $AMZN $GPRO $FEYE selling off sharply. #livetradepro", "time": 1486095501.0, "sentiment": ""}, {"id": 73460105, "text": "$AMZN If you lost money today cancel your prime membership lol", "time": 1486095496.0, "sentiment": ""}, {"id": 73460087, "text": "$AMZN WTF..I&#39;m patient..back up tomm am", "time": 1486095490.0, "sentiment": ""}, {"id": 73460083, "text": "$AMZN misses revenue by 1 %, beats eps by 10 %.. down.. what a joke. stock market is rigged", "time": 1486095490.0, "sentiment": ""}, {"id": 73460080, "text": "$AMZN wait for concall. $880 bounce", "time": 1486095488.0, "sentiment": ""}, {"id": 73460067, "text": "$AMZN   was anybody able to catch at 801 and sell at 820?", "time": 1486095485.0, "sentiment": ""}, {"id": 73460041, "text": "$AMZN So it was a bad Season all around? May need to look at some retails to buy.", "time": 1486095476.0, "sentiment": ""}, {"id": 73460039, "text": "$NVDA what $AMZN have to do with NVDA?", "time": 1486095475.0, "sentiment": ""}, {"id": 73460027, "text": "$AMZN maybe in 3 day rule status.", "time": 1486095473.0, "sentiment": ""}, {"id": 73460013, "text": "$AMZN under 700? why not?", "time": 1486095468.0, "sentiment": "Bearish"}, {"id": 73460009, "text": "OUCH!!! $AMZN gets smoked!! Almost all the way back to support at 799.96. This will be fun to play tomorrow. $NQ_F", "time": 1486095468.0, "sentiment": ""}, {"id": 73460003, "text": "$AMZN It beat EPS why is it down?", "time": 1486095466.0, "sentiment": ""}, {"id": 73459993, "text": "$AMZN  toast !", "time": 1486095463.0, "sentiment": ""}, {"id": 73459991, "text": "$AMZN Something is wrong with TV charts - picking up bad prints but here is latest:", "time": 1486095463.0, "sentiment": ""}, {"id": 73459990, "text": "$AMZN yes after they cover small pop like googl then blood bath", "time": 1486095463.0, "sentiment": ""}, {"id": 73459987, "text": "$AMZN we need this around 800 tomorrow morning to be in 100% profit. Let&#39;s tank!", "time": 1486095462.0, "sentiment": ""}, {"id": 73459985, "text": "$AMZN I&#39;m just here to read the half-baked comments.", "time": 1486095461.0, "sentiment": ""}, {"id": 73459946, "text": "$AMZN Ok so maybe I was a little optimistic. But still.", "time": 1486095448.0, "sentiment": ""}, {"id": 73459931, "text": "$JCP Hahaha! $AMZN missed. Wall Street&#39;s retail messiah isn&#39;t doing miracles anymore. I&#39;m so sad. #SorryNotSorry", "time": 1486095442.0, "sentiment": "Bullish"}, {"id": 73459916, "text": "$AMZN because their is a TAM total addressable market of 24trillion, room for both of them for a long time, u think very small huh?", "time": 1486095440.0, "sentiment": ""}, {"id": 73459906, "text": "$AMZN : I am smelling market crash soon, this will go under 700 soon!", "time": 1486095436.0, "sentiment": "Bearish"}, {"id": 73459899, "text": "$AMZN probably will erase losses by 8pm", "time": 1486095434.0, "sentiment": "Bullish"}, {"id": 73459897, "text": "$AMZN here we go", "time": 1486095436.0, "sentiment": "Bearish"}, {"id": 73459892, "text": "Could see a down week next week $SPY Take your profits $AAPL $AMZN $AVGO $RACE $FB $NFLX", "time": 1486095433.0, "sentiment": ""}, {"id": 73459880, "text": "$AMZN tomorrow the real selling begins...", "time": 1486095427.0, "sentiment": "Bearish"}, {"id": 73459859, "text": "$AMZN and you can&#39;t buy higher end products from walmart", "time": 1486095423.0, "sentiment": ""}, {"id": 73459858, "text": "$AMZN shares dive on Q4 revenue miss. 43.7B vs 44.6B estimate. Great buying opportunity", "time": 1486095425.0, "sentiment": ""}, {"id": 73459856, "text": "$AMZN $CMG she probably has the most annoying voice, next to rick santelli", "time": 1486095422.0, "sentiment": ""}, {"id": 73459850, "text": "$SPY $AMZN $UMAD?", "time": 1486095420.0, "sentiment": "Bearish"}, {"id": 73459834, "text": "$AMZN GOOG and MSFT biting into AWS profits?", "time": 1486095417.0, "sentiment": ""}, {"id": 73459832, "text": "$AMZN falls. Earnings positive, revenue missed, guidance lower... http://cnafinance.com/amazon-amzn-stock-earnings-beat-stock-falls/13540", "time": 1486095416.0, "sentiment": ""}, {"id": 73459826, "text": "$AMZN so glad I sold an hour b4 the bell.", "time": 1486095415.0, "sentiment": ""}, {"id": 73459811, "text": "$AMZN damn yall missed? Come to AMD...future bright!", "time": 1486095413.0, "sentiment": ""}, {"id": 73459798, "text": "$AMZN all the crying gamblers. Loving it", "time": 1486095410.0, "sentiment": "Bearish"}, {"id": 73459760, "text": "$AMZN what!?  you mean AMZN has to actually make money to go up AH?", "time": 1486095401.0, "sentiment": ""}, {"id": 73459746, "text": "$AMZN Longs should be happy this is only down 3-4% and not 10-20%", "time": 1486095397.0, "sentiment": ""}, {"id": 73459741, "text": "$AMZN if the stock reaches 800, Bezos promised to use the cattle prod on us.", "time": 1486095395.0, "sentiment": "Bearish"}, {"id": 73459735, "text": "$AMZN walmart is for poor people thats why", "time": 1486095392.0, "sentiment": ""}, {"id": 73459704, "text": "$AMZN cloud revs...", "time": 1486095385.0, "sentiment": ""}, {"id": 73459694, "text": "$AMZN Did they announce their new partnership w PYPL yet ..?", "time": 1486095381.0, "sentiment": "Bullish"}, {"id": 73459669, "text": "$AMZN $CMG my frckn EARS are destroyed listening to this whining Stephanie Link on CNBC....Geeeeeeez :(", "time": 1486095376.0, "sentiment": ""}, {"id": 73459659, "text": "Revenue Growth, Year-Over-Year...\n$FB: +51%\n$NFLX: +36%\n$AMZN: +22%\n$GOOGL: +22%\n$AAPL: +3%", "time": 1486095374.0, "sentiment": ""}, {"id": 73459650, "text": "$AMZN short 806", "time": 1486095371.0, "sentiment": ""}, {"id": 73459635, "text": "$AMZN does this mean no flying freight ships", "time": 1486095366.0, "sentiment": ""}, {"id": 73459618, "text": "$AMZN if THIS IS ONLY down 20$ it&#39;s gonna go higher once a few more puts r bought", "time": 1486095365.0, "sentiment": "Bullish"}, {"id": 73459597, "text": "$amzn lotto ticket in trash. here&#39;s 2&quot;hoping.&quot; btw, only ok time 2hope is on lotto ticket not investment. that&#39;s done on homework. ;-)", "time": 1486095355.0, "sentiment": ""}, {"id": 73459586, "text": "$AMZN saved at 805 there so far", "time": 1486095353.0, "sentiment": ""}, {"id": 73459580, "text": "$AMZN only down 3%.still remember when amzn was 380 per share.", "time": 1486095350.0, "sentiment": "Bullish"}, {"id": 73459568, "text": "$AMZN why? Have you seen the ytd? 1y 5y? 3 points is nothing.", "time": 1486095348.0, "sentiment": ""}, {"id": 73459525, "text": "$AMZN How can Walmart&#39;s free 2 day shipping and cheaper prices not be a long term concern for this stock?", "time": 1486095336.0, "sentiment": ""}, {"id": 73459522, "text": "$AMZN short, cover at 780!", "time": 1486095335.0, "sentiment": "Bearish"}, {"id": 73459515, "text": "$AMZN made me homeless I blame you Bezos!", "time": 1486095333.0, "sentiment": "Bearish"}, {"id": 73459514, "text": "$AMZN Calls are toast", "time": 1486095333.0, "sentiment": "Bearish"}, {"id": 73459511, "text": "$AMZN there is going to be a day of reckoning like icahn said where all these overpriced stocks will drop like a rock.", "time": 1486095331.0, "sentiment": "Bearish"}, {"id": 73459500, "text": "$AMZN: Since morning i am barking like dog, no body listen, enjoy the ride!", "time": 1486095330.0, "sentiment": "Bearish"}, {"id": 73459497, "text": "$AMZN 3% is nothing we will be at all time highs soon", "time": 1486095328.0, "sentiment": ""}, {"id": 73459464, "text": "$AMZN Misses revs and guides lower. This is WAY OVERPRICED!", "time": 1486095323.0, "sentiment": ""}, {"id": 73459453, "text": "22% growth on base of $21 billion = $AMZN is properly eating brick &amp; mortar for breakfast, lunch &amp; dinner $M $KSS $TGT", "time": 1486095321.0, "sentiment": ""}, {"id": 73459436, "text": "This is why quarterly earnings reports are hilarious. Headline reads &quot;$AMZN Sales Light vs Expectations&quot;. Then &quot;Holiday Sales Rise 22%&quot;", "time": 1486095316.0, "sentiment": ""}, {"id": 73459430, "text": "$AMZN brutal earnings report, disappointing", "time": 1486095315.0, "sentiment": ""}, {"id": 73459424, "text": "@Secret_Stocks why?  Money will just flow out $amzn and into $aapl", "time": 1486095314.0, "sentiment": ""}, {"id": 73459410, "text": "$AMZN SB -15%", "time": 1486095311.0, "sentiment": ""}, {"id": 73459392, "text": "$AMZN I am shorting this to 780", "time": 1486095307.0, "sentiment": ""}, {"id": 73459383, "text": "$AMZN should see a flush down at open to around 780. With Amazon&#39;s valuations, they just cant miss without getting punished.", "time": 1486095307.0, "sentiment": ""}, {"id": 73459376, "text": "$AMZN $GPRO $AMGN $GPRO $V- experimntal model got $AMZN very right and $GPRO very wrong. Model allocation made diff.", "time": 1486095304.0, "sentiment": ""}, {"id": 73459353, "text": "$AMZN a lot of people stand to lose a lot of money muahahaha", "time": 1486095298.0, "sentiment": "Bearish"}, {"id": 73459341, "text": "$AMZN Welp, I made a ton on $TMO earnings and lost it all here .. It was a fun earnings season boys haha", "time": 1486095294.0, "sentiment": ""}, {"id": 73459339, "text": "$AMZN And this is exactly why I programmed my trading bot to pull out right before earnings :)", "time": 1486095294.0, "sentiment": ""}, {"id": 73459327, "text": "$AMZN aws numbers come out positive and this reverses instantly.  People celebrating a couple points are pretty lame.", "time": 1486095291.0, "sentiment": ""}, {"id": 73459316, "text": "@Gordon_Gekko_2015 gut 0: rational 1 $AMZN", "time": 1486095287.0, "sentiment": ""}, {"id": 73459313, "text": "$AMZN please. ER this close means nothing to me. Only concerns day traders. If your long your fine. Same thing happen last qt with apple.", "time": 1486095286.0, "sentiment": "Bullish"}, {"id": 73459309, "text": "$AMZN AWS growth is impressive and all brick retail is going bust. Seems like a solid quarter.", "time": 1486095284.0, "sentiment": ""}, {"id": 73459304, "text": "$AMZN 3% who cares", "time": 1486095282.0, "sentiment": ""}, {"id": 73459291, "text": "$AAPL sometimes there is safety in holding stock with a mountain of cash re: $fb $amzn R/R can kick you in the teeth.", "time": 1486095280.0, "sentiment": ""}, {"id": 73459273, "text": "$AMZN man this is ugly for longs.", "time": 1486095273.0, "sentiment": "Bearish"}, {"id": 73459271, "text": "$AMZN ow", "time": 1486095274.0, "sentiment": ""}, {"id": 73459266, "text": "$AMZN Hahahahahaha oh gosh finally", "time": 1486095272.0, "sentiment": ""}, {"id": 73459263, "text": "$AMZN bye $800", "time": 1486095271.0, "sentiment": ""}, {"id": 73459262, "text": "$AMZN always miss earning. If it was not amazon, 20 percent sell off is expected. Short this POS!", "time": 1486095270.0, "sentiment": "Bearish"}, {"id": 73459258, "text": "$AMZN so boring this is nothing", "time": 1486095270.0, "sentiment": ""}, {"id": 73459254, "text": "$AMZN earnings are irrelevant in tech age MMs aim to screw options both sides", "time": 1486095269.0, "sentiment": ""}, {"id": 73459233, "text": "$AMZN I have been warning folks dont chase a stock when everyone is bullish - too late now..", "time": 1486095265.0, "sentiment": ""}, {"id": 73459222, "text": "$AMZN almost took the bait...fear can be a good thing.", "time": 1486095259.0, "sentiment": ""}, {"id": 73459195, "text": "$AMZN obviously wish I bought that F17 800 put. #suchapussy #couldhavemadethousandstomorrow", "time": 1486095251.0, "sentiment": ""}, {"id": 73459162, "text": "$AMZN : This will go under 800 soon!", "time": 1486095243.0, "sentiment": "Bearish"}, {"id": 73459141, "text": "$AMZN I sold 800 Feb calls.  Please try to hold it there.", "time": 1486095238.0, "sentiment": ""}, {"id": 73459132, "text": "$AMZN gratz shorts, the buying wasn&#39;t aggresive enough today to think it was gunna be blowout", "time": 1486095233.0, "sentiment": ""}, {"id": 73459124, "text": "with the $AMZN miss, I think we see money rotating back to bios ($AGN $CELG $GILD) and financials $GS $BAC $WFC $JPM $C", "time": 1486095228.0, "sentiment": ""}, {"id": 73459116, "text": "$AMZN bought a small 900/902.5 spread for $50 total plus commission, but I guess it doesn&#39;t mean anything now lol.", "time": 1486095227.0, "sentiment": ""}, {"id": 73459100, "text": "$AMZN what a dumb over reaction. Be bought up tomorrow in a flash", "time": 1486095222.0, "sentiment": "Bullish"}, {"id": 73459098, "text": "$AMZN With a PE of 192 i&#39;m thinking everything should be up.", "time": 1486095221.0, "sentiment": ""}, {"id": 73459089, "text": "$AMZN \ud83e\udd1d\ud83d\udcc9", "time": 1486095219.0, "sentiment": ""}, {"id": 73459057, "text": "$AMZN : ER report is not good!", "time": 1486095209.0, "sentiment": "Bearish"}, {"id": 73459048, "text": "$AMZN $GPRO one key word misses &quot;consensus&quot; and look at that, not fair game...", "time": 1486095207.0, "sentiment": ""}, {"id": 73459030, "text": "$AMZN 700&#39;s coming!", "time": 1486095204.0, "sentiment": "Bearish"}, {"id": 73459028, "text": "$AMZN The first move isn&#39;t always the right move: http://bit.ly/1BEf0bd", "time": 1486095203.0, "sentiment": ""}, {"id": 73459021, "text": "$AMZN the reason they delay the ER 1 week later is to fiddle the EPS!!!! such a scam man.", "time": 1486095201.0, "sentiment": ""}, {"id": 73459019, "text": "$AMZN pfffffffffft damn", "time": 1486095201.0, "sentiment": ""}]