[{"id": 79011596, "text": "Here\u2019s what 193 Estimize analysts believe $AMZN will report for Q1 2017 revenue [Reporting 04/27 AMC] \n http://www.estimize.com/intro/amzn?utm_content=AMZN&amp;utm_medium=eps_update&amp;utm_source=stocktwits#chart=historical", "time": 1491035639.0, "sentiment": ""}, {"id": 79010624, "text": "$AMZN waiting for the MMs manipulated this posts when this tanks", "time": 1491034131.0, "sentiment": ""}, {"id": 79010487, "text": "$AMZN Reviewing the trade. Pretty straight forward b/o horizontal resistance, consolidation, then back up she go", "time": 1491033930.0, "sentiment": ""}, {"id": 79010351, "text": "$AMZN  Banked 400% on wkly calls 2 days ago w/ @EveryTimeICash .I didnt leave a runner but the rest who did got paid", "time": 1491033716.0, "sentiment": ""}, {"id": 79010105, "text": "$AMZN &amp; This is why I&#39;m an investor in this CEO. He had the foresight to invest in $GOOG way back. Visionary! \u2935\nhttps://youtu.be/-aGz0FnoMgU", "time": 1491033335.0, "sentiment": "Bullish"}, {"id": 79009735, "text": "$AMD @wrbk Clickbait from a dipshit with no vision--Articles came out like this about $AAPL, $TSLA, $FB, $AMZN and $NFLX too--Still do", "time": 1491032769.0, "sentiment": ""}, {"id": 79009315, "text": "$NTNX getting to an attractive acquisition price by any of these big fish $AMZN $MSFT $GOOGL", "time": 1491032063.0, "sentiment": ""}, {"id": 79009197, "text": "Rounded-bottom Breakout. $STUDY this and become a better trader...and always catch breakouts. $IDXG $CUR $AMZN $PPHM $XGTI $AMRS $MNKD", "time": 1491031836.0, "sentiment": ""}, {"id": 79009056, "text": "$AMZN Not sure there is much big fund buying since they already have a large stake. Maybe short covering once it broke through ATH", "time": 1491031612.0, "sentiment": ""}, {"id": 79008813, "text": "$FIT I just wish I wake up Monday and my FIT holdings change to $AMZN .. @ 9$/share avg", "time": 1491031210.0, "sentiment": "Bullish"}, {"id": 79008729, "text": "@PacMann $AMZN is eating every brick n motor stores lunch $BBBY should be no different, just my two cents", "time": 1491031078.0, "sentiment": ""}, {"id": 79008704, "text": "$AMZN $1000 before earnings? $2000 by end of year!", "time": 1491031040.0, "sentiment": "Bullish"}, {"id": 79008316, "text": "$MSFT up 6.63% YTD , $AMZN up 18.23% ytd.   Another few blowout ERs then Bezos can beat Gates to #1 slot as the richest person. 2018?", "time": 1491030429.0, "sentiment": ""}, {"id": 79008118, "text": "$TSLA has the financial stability of $AMZN pre 2000 crash. Great potential but looks overvalued right now https://goo.gl/CD6Dn5", "time": 1491030126.0, "sentiment": ""}, {"id": 79007996, "text": "@PMFR @Hellcat64 on the sidelines with 95% cash. Waiting for the correction coming. Then I will invest in $FB $AAPL $AMZN $NFLX $QRVO etc", "time": 1491029932.0, "sentiment": ""}, {"id": 79007868, "text": "$amzn pullback Monday", "time": 1491029749.0, "sentiment": "Bearish"}, {"id": 79007653, "text": "$AMZN $GOOGL $SBUX $DIS $AAPL $NFLX $BABA $WFC $VZ $T $NKE $XOM $BX $PFE $BRK.B $BUD $STZ $AET $SBUX \nTop Holdings", "time": 1491029454.0, "sentiment": ""}, {"id": 79007464, "text": "$DG $WMT $TGT $AMZN Dollar General: Finding Growth in Brick and Mortar  https://seekingalpha.com/article/4059454-dollar-general-finding-growth-brick-mortar", "time": 1491029212.0, "sentiment": "Bullish"}, {"id": 79006728, "text": "Dow drops 65 points but finishes q1 Strong. $AMZN $CMG $SNAP higher. Chart and Video: https://www.periscope.tv/NaviAvatar", "time": 1491028304.0, "sentiment": ""}, {"id": 79006557, "text": "$AMZN 3months from 747-890 I be sleeping behind the wheel at times man \nSmh\n\nhttps://www.benzinga.com/analyst-ratings/analyst-color/17/03/9241422/amazon-gets-new-buy-rating-1-100-price-target-at-loop-ca", "time": 1491028113.0, "sentiment": ""}, {"id": 79006198, "text": "$AMZN should see a pull back man incredible how these giants run", "time": 1491027691.0, "sentiment": ""}, {"id": 79005181, "text": "Never underestimate the power of simple setups. Ex $AMZN $STUDY #livetradepro\n\n #charting #trading #win #stockmarket", "time": 1491026354.0, "sentiment": "Bullish"}, {"id": 79004602, "text": "$AMZN $SPY $NOC $TVIX $SPX  contracts contracts and contracts for $LMT jump on, take a mortgage out on ur house and go all in. Lockheed", "time": 1491025604.0, "sentiment": ""}, {"id": 79002569, "text": "$AMZN my broker forced me to sell my $890 PUT at 3:45pm, cost $2.05*2. I had to sell with market price at $1.26. Anyone know this issue?", "time": 1491023453.0, "sentiment": ""}, {"id": 79002244, "text": "$AMZN i shoulda bought like 3-5 shares last week omg this is ripping compared to my GOOGL Investment", "time": 1491023149.0, "sentiment": ""}, {"id": 79000933, "text": "3 Blue-Chip Technology Stocks That Will Break Through the Ceiling $INTC $MSFT $AMZN http://bit.ly/2mWLBsW bit.ly/2APRSCC", "time": 1491021924.0, "sentiment": ""}, {"id": 78999681, "text": "Nobody watches cable anymore. Streaming networks are where it&#39;s at. Here&#39;s how to invest in them: http://moneybadger.stocktwits.com/invest-in-streaming-video/ $NFLX $AMZN", "time": 1491020954.0, "sentiment": ""}, {"id": 78999168, "text": "$MSFT $AMZN $GE $PFE $MMM $UTX $VZ and $IBM offer very little shareholder equity when you take out goodwill https://docs.google.com/spreadsheets/d/1MUGfkg85S5Q9Vse86yswPkE6EUCVhLK3Dq47QrK_sow/edit#gid=958785345", "time": 1491020612.0, "sentiment": ""}, {"id": 78998977, "text": "$AMZN nobody knows what will happen monday.\nEnjoy weekend. One twit, one news makes you cry or dance.", "time": 1491020492.0, "sentiment": "Bullish"}, {"id": 78998925, "text": "$AMZN Draw a downward trendline on that RSI there...think we&#39;re up to something.", "time": 1491020447.0, "sentiment": ""}, {"id": 78998292, "text": "$AMZN going to hit 900 Monday", "time": 1491020001.0, "sentiment": "Bullish"}, {"id": 78997949, "text": "$AMZN monthly 12/14sma chart says it&#39;s overbought from 725 - 750ish.", "time": 1491019768.0, "sentiment": ""}, {"id": 78997571, "text": "Second Day at Resistance, Should We Be Shorting it Here? VIDEO; https://www.nbsoptions.com/?p=1873 $ES_F $SPX $TF_F $RUT $NDX $BIDU $AMZN $WMT $AMD", "time": 1491019517.0, "sentiment": "Bullish"}, {"id": 78997446, "text": "$AMZN weekly.. bullish engulfing week", "time": 1491019432.0, "sentiment": ""}, {"id": 78997376, "text": "$TWLO   Bullish on TWLO and $AMZN Connect. http://finance.yahoo.com/news/amazons-connect-could-impact-twilio-153652068.html", "time": 1491019381.0, "sentiment": ""}, {"id": 78996146, "text": "Setups we&#39;ll be watching Monday. $SNAP $ACIA $EDIT $LULU $CALD $BBRY $XBI $TTPH $FCX $VIAB $JDST $RH $CMG $AMZN More http://www.livetradepro.com/stocks-to-watch", "time": 1491018637.0, "sentiment": "Bullish"}, {"id": 78995360, "text": "Here\u2019s what 193 Estimize analysts believe $AMZN will report for Q1 2017 EPS [Reporting 04/27 AMC] \n http://www.estimize.com/intro/amzn?utm_content=AMZN&amp;utm_medium=eps_update&amp;utm_source=stocktwits#chart=historical", "time": 1491018182.0, "sentiment": ""}, {"id": 78995321, "text": "askSlim Market Week Show is posted. #Stocks #Futures #Trading. $SPY $QQQ $IWM $GLD $TLT $OIL $AAPL $AMZN #CNBC #WSJ", "time": 1491018153.0, "sentiment": ""}, {"id": 78995310, "text": "$AMZN this thing will dip to the 850-870 range next week, good opportunity to buy back in for those who sold too early", "time": 1491018143.0, "sentiment": ""}, {"id": 78995264, "text": "$AMZN horray! It went up a full percent! Wait, I dont have much in it. No money....", "time": 1491018124.0, "sentiment": ""}, {"id": 78995009, "text": "$AMZN Stock Option Volume Spikes 1.8x its Average - More info: https://marketchameleon.com/Overview/AMZN/OptionChain/", "time": 1491017959.0, "sentiment": ""}, {"id": 78994158, "text": "$AMZN @john92 \nHow did your prediction turn out?", "time": 1491017524.0, "sentiment": ""}, {"id": 78992790, "text": "$AMZN #PayMe", "time": 1491016907.0, "sentiment": ""}, {"id": 78992297, "text": "$AMZN i sold way too soon. Waiting on a decent pullback to get back in", "time": 1491016700.0, "sentiment": ""}, {"id": 78992252, "text": "@1simpletrader Is this the place where I brag about $AMZN calls netting 2700% this week then lie about how all my trades work like that?", "time": 1491016679.0, "sentiment": "Bullish"}, {"id": 78991691, "text": "@dea thank you! I know $AMZN like the back of hand. Still has another 20 points before a pullback.", "time": 1491016462.0, "sentiment": "Bullish"}, {"id": 78991653, "text": "$AMZN i love it when everybody act like genius. love it but i get very scared.", "time": 1491016453.0, "sentiment": ""}, {"id": 78991201, "text": "Rumors out that that Immigration officer and other LE are raiding $AMZN Seattle offices...", "time": 1491016260.0, "sentiment": ""}, {"id": 78991064, "text": "were u surprised by $AMZN 880? you would have had owned calls if you got my notes from early Feb. said 843 then 900", "time": 1491016186.0, "sentiment": ""}, {"id": 78990876, "text": "$AMZN wahoo. Green.", "time": 1491016111.0, "sentiment": "Bullish"}, {"id": 78989672, "text": "$AMZN April Fools!  https://www.youtube.com/watch?v=fdhxzqkvkZw", "time": 1491015734.0, "sentiment": ""}, {"id": 78989497, "text": "$AMZN $FB picked up calls for May right at close. Nice dip for end of month. Earnings season starts mid April.", "time": 1491015684.0, "sentiment": "Bullish"}, {"id": 78989200, "text": "$AMZN First/Last Trading Hour Performance Analysis https://marketchameleon.com/Overview/AMZN/VwapTable/", "time": 1491015610.0, "sentiment": ""}, {"id": 78989036, "text": "Advancers: $BAS, $FMC, $HUBS, $SAGE, $AMZN, $AKTX, $TSRO, $PRTK, $LULU-Decliners: $PTI, $SVXY, $SHPG, $GS, $SIG, $DUST, $RCL, $DJT, $PLSE", "time": 1491015566.0, "sentiment": ""}, {"id": 78989031, "text": "$AMZN She may be on her way down :&#39;(", "time": 1491015560.0, "sentiment": ""}, {"id": 78988839, "text": "$AMZN learned my lesson. Had I kept my April 21 $855 calls I bought for $11 on Monday I would&#39;ve been able to sell them for over $39 today.", "time": 1491015497.0, "sentiment": "Bullish"}, {"id": 78988310, "text": "$AMZN Stock closing the first quarter on a huge tear and with an 18% gain following the first 3 months of action i\u2026 https://stocknews.com/news/amzn-stock-closing-the-first-quarter-on-a-huge-tear-and/", "time": 1491015336.0, "sentiment": ""}, {"id": 78987585, "text": "$AMZN needs to retest $850 before moving through $900.  Next week may be rough.", "time": 1491015101.0, "sentiment": "Bearish"}, {"id": 78987447, "text": "Siri and Alexa Are Fighting to Be Your Hotel Butler: https://www.bloomberg.com/news/articles/2017-03-22/amazon-s-alexa-takes-its-fight-with-siri-to-marriott-hotel-rooms $AAPL $AMZN", "time": 1491015059.0, "sentiment": ""}, {"id": 78987050, "text": "$AMZN if this drops in the last minutes its gonna look bad on the month", "time": 1491014914.0, "sentiment": ""}, {"id": 78986684, "text": "$AMZN  next week it will be very interesting. I can not wait.", "time": 1491014800.0, "sentiment": ""}, {"id": 78986627, "text": "$AMZN Where did all the people go who said this was going to tank? looks like it help strong", "time": 1491014777.0, "sentiment": "Bullish"}, {"id": 78986325, "text": "$AMZN  Here comes the Bull Trap!  Foolish to buy here.No position.", "time": 1491014666.0, "sentiment": ""}, {"id": 78986098, "text": "$AMZN An 890 close would be fine with me, or not. No matter, since all my short puts are wayyyy out of the money. All good!", "time": 1491014582.0, "sentiment": ""}, {"id": 78986051, "text": "$AMZN crazy. if i did not sell my call option yesterday, easly 7 digits.  still happy.", "time": 1491014569.0, "sentiment": ""}, {"id": 78986047, "text": "Is that triple *&quot;8&quot; on $AMZN to entice Chinese buyers?", "time": 1491014567.0, "sentiment": ""}, {"id": 78985874, "text": "$AMZN here it comes", "time": 1491014502.0, "sentiment": "Bullish"}, {"id": 78985766, "text": "$AMZN  1000&#39;s hrs of computer work by Hurst Found: Gann&#39;s square of 52: gann esoteric: Jupiter&#39;s 12 yr cycle", "time": 1491014472.0, "sentiment": ""}, {"id": 78985606, "text": "$AMZN Nice start out of a bullish flat base pattern we called on Mon. Here&#39;s how we identify and trade the flat base https://youtu.be/6DEKjsNeA6o", "time": 1491014416.0, "sentiment": ""}, {"id": 78985414, "text": "$AMZN Range Bottoms 474-682: 208, add to 682: 890, 40 wk cycle from 6/27/16 low: 682, came in 4 days ago at 273days, 39wks: Hurst and Gann", "time": 1491014332.0, "sentiment": ""}, {"id": 78984684, "text": "$AMZN Todays Price Exact: gann sq 9: 859.26, a 90* resistance angle from there is 888.82", "time": 1491014040.0, "sentiment": ""}, {"id": 78984513, "text": "$AMZN Max Pain is 855.00 for maturity 04/07/2017. Prev Close = 876.34.  http://bit.ly/2oizlTp", "time": 1491013983.0, "sentiment": ""}, {"id": 78984469, "text": "$AMZN buy at 888.88 lol", "time": 1491013967.0, "sentiment": ""}, {"id": 78983627, "text": "Upgrades, Downgrades, Initiations &amp; More: $GOOG $AMZN $AA $QCOM $NVDA $AMD $MU $INTC $CLNS $AAPL $VRTX $HIIQ \u263a\ufe0f\ud83d\ude18", "time": 1491013651.0, "sentiment": ""}, {"id": 78982444, "text": "3 Hot Tech Stocks You Can Trade for Free Profits $GOOGL $AMZN $AAPL http://bit.ly/2nnMvd6 http://bit.ly/2YouTubeTV $GOOG", "time": 1491013186.0, "sentiment": ""}, {"id": 78982335, "text": "$AMZN the algoso want so badly to curl this thing back up to 890...I see them reversing course after it figures out the costs.", "time": 1491013144.0, "sentiment": ""}, {"id": 78981917, "text": "$AMZN HOD mins away", "time": 1491012975.0, "sentiment": "Bullish"}, {"id": 78981756, "text": "$AMZN Chinese investors must be buying this hand over fist at lucky $888.88", "time": 1491012921.0, "sentiment": "Bearish"}, {"id": 78981674, "text": "$AMZN Lmao till 1000$ you can&#39;t break this bull", "time": 1491012878.0, "sentiment": "Bullish"}, {"id": 78981532, "text": "$AAPL $QQQ $AMZN &lt;STUDY the Charts&gt; The 6th-Grader Version", "time": 1491012811.0, "sentiment": ""}, {"id": 78981411, "text": "$AMZN All of the analyst upgrades come on no new news and on window dressing...they are desperate. I am not :)", "time": 1491012757.0, "sentiment": "Bearish"}, {"id": 78981287, "text": "$AMZN", "time": 1491012714.0, "sentiment": "Bullish"}, {"id": 78981049, "text": "$AMZN Why wait til $1000, Raising my price target to infinity.", "time": 1491012607.0, "sentiment": "Bearish"}, {"id": 78980960, "text": "$AMZN people here continue to rearrange the deck chairs on the Titanic but she will go down.  Take your profits", "time": 1491012568.0, "sentiment": ""}, {"id": 78980895, "text": "$AMZN Overbought doesn&#39;t mean stock will go down", "time": 1491012535.0, "sentiment": ""}, {"id": 78980775, "text": "$AMZN a bit goofy", "time": 1491012479.0, "sentiment": ""}, {"id": 78980756, "text": "$AMZN heavy buying at the start of the final hour of an extremely overbought week...ummm...either this dumps quite hard or someones algo is", "time": 1491012471.0, "sentiment": ""}, {"id": 78980734, "text": "$AMZN 895 shorts will cover", "time": 1491012462.0, "sentiment": ""}, {"id": 78980472, "text": "@Scooterdog Yes, after selling at $AMZN my company is finally making money selling kids clothes! That&#39;s why I&#39;m super bullish! :)", "time": 1491012356.0, "sentiment": "Bullish"}, {"id": 78980326, "text": "$AMZN I want to see this closing at 888.88", "time": 1491012293.0, "sentiment": "Bullish"}, {"id": 78979872, "text": "$AMZN made amazing profits off Amazon, looking to do it again", "time": 1491012106.0, "sentiment": ""}, {"id": 78979745, "text": "$AMZN 1k easy missed the last few times retail is dead", "time": 1491012055.0, "sentiment": ""}, {"id": 78979694, "text": "$AMZN do you tweet every 2 minutes OR every 30 second ???", "time": 1491012033.0, "sentiment": ""}, {"id": 78979597, "text": "$AMZN of course some will pick their big 7% WEEKLY GAIN", "time": 1491011992.0, "sentiment": ""}, {"id": 78979577, "text": "Having doubts about $TSLA since it didn&#39;t move when $AMZN and $NFLX did to their extremes", "time": 1491011985.0, "sentiment": ""}, {"id": 78979535, "text": "$AMZN 2nd season of All or Nothing renewed a behind the scenes look of the NFL  http://www.geekwire.com/2017/amazon-greenlights-new-season-nothing-behind-scenes-nfl-series/", "time": 1491011961.0, "sentiment": ""}, {"id": 78979452, "text": "$AMZN I think you talk too much", "time": 1491011930.0, "sentiment": ""}, {"id": 78979387, "text": "$AMZN you give a gain to someone that will reload lower near 880 monday", "time": 1491011898.0, "sentiment": ""}, {"id": 78979384, "text": "$AMZN Last post earnings it sold off about 3.95% to $810.20. This quarter I am hoping for a 10% gain after the ER. :)", "time": 1491011897.0, "sentiment": "Bullish"}, {"id": 78979255, "text": "$AMZN when euphoria is there it happens all day I predict 888-890 close BUT 880 OPEN MONDAY on a red market!!!! thats more like it trust me", "time": 1491011833.0, "sentiment": ""}, {"id": 78978792, "text": "$AMZN correction overbought", "time": 1491011629.0, "sentiment": ""}, {"id": 78978725, "text": "$AMZN this falls next week.  Oversold record RSI for a year just pick one.  I have 2 weeks left on my options.", "time": 1491011605.0, "sentiment": ""}, {"id": 78978452, "text": "$AMZN Window dressing?  If your portfolio doesn&#39;t show AMZN as of 3/31/17 you ain&#39;t $#!t", "time": 1491011498.0, "sentiment": ""}, {"id": 78978166, "text": "$AMZN Stock Option Volume Spikes 1.8x its Average - More info: https://marketchameleon.com/Overview/AMZN/OptionChain/", "time": 1491011376.0, "sentiment": ""}, {"id": 78977611, "text": "$AMZN added 55 shares at 888", "time": 1491011175.0, "sentiment": "Bullish"}, {"id": 78977403, "text": "$AMZN hahahhahh i love this", "time": 1491011090.0, "sentiment": "Bullish"}, {"id": 78977334, "text": "$AMZN boom", "time": 1491011063.0, "sentiment": ""}, {"id": 78976953, "text": "$AMZN is ridiculous.  I can&#39;t own this stock; plenty others make far more sense to me in valuation terms ... been wrong on this one forever.", "time": 1491010907.0, "sentiment": ""}, {"id": 78976951, "text": "$AMZN Only weekly calls would&#39;ve really made that trade worth it, to be frank. Need 5pts full size for any Amazon trade to be worthwhile.", "time": 1491010907.0, "sentiment": ""}, {"id": 78976940, "text": "$AMZN 950 next week ? on the way to 1200 of course", "time": 1491010901.0, "sentiment": "Bullish"}, {"id": 78976939, "text": "$AMZN So you&#39;re bullish Amazon, eh...\nhttp://bit.ly/AMZN_options", "time": 1491010905.0, "sentiment": ""}, {"id": 78976464, "text": "$AMZN - Okay, so bought MORE @ $888.75.  That looked like a dip to me", "time": 1491010726.0, "sentiment": ""}, {"id": 78975992, "text": "$AMZN will it be $4000 by 10 years \ud83d\ude00\ud83d\ude00\ud83d\ude00", "time": 1491010531.0, "sentiment": "Bullish"}, {"id": 78975964, "text": "$AMZN The final run before folding back to $444 by this time next year", "time": 1491010514.0, "sentiment": ""}, {"id": 78975633, "text": "How Amazon, Microsoft, Google and IBM Battle for Dominance in the Cloud $AMZN http://dlvr.it/Nmgf9j", "time": 1491010390.0, "sentiment": ""}, {"id": 78975576, "text": "$AMZN no not today, too much euphoria ,but next week who knows?", "time": 1491010369.0, "sentiment": ""}, {"id": 78975536, "text": "$AMZN let&#39;s see the sell off back down to low 820&#39;s", "time": 1491010350.0, "sentiment": ""}, {"id": 78975524, "text": "What Big Tech Sector ETFs are Saying http://www.etftrends.com/2017/03/what-big-tech-sector-etfs-are-saying/ $XLK $XLY $AMZN", "time": 1491010352.0, "sentiment": ""}, {"id": 78975393, "text": "$AMZN I invest in this stock since 2008. and trust me the downside could be as suprising as the upside. You need to be careful and pick gain", "time": 1491010300.0, "sentiment": ""}, {"id": 78975208, "text": "$AMZN Usually it happen the next session. Now people are euphoric , they dont hear anything they buy !!! they hold. monday morn could be RED", "time": 1491010226.0, "sentiment": ""}, {"id": 78975135, "text": "#Amazon tipped to reach $1 trillion market cap first, that implies a stock price of almost $2k. Really? $AMZN http://amigobulls.com/articles/2017-03-31-amzn-stock-why-amazon-com-inc-stock-is-still-a-screaming-buy?ref=st", "time": 1491010202.0, "sentiment": ""}, {"id": 78975000, "text": "$WMT prices are better than $AMZN now with taxes WMT getting a better playing field. They just need to innovate on shipping and be king.", "time": 1491010151.0, "sentiment": ""}, {"id": 78974972, "text": "$AMZN never buy the end of a rally and all time high. You just give your money to smart traders to fullfill their big gain", "time": 1491010148.0, "sentiment": ""}, {"id": 78974875, "text": "Weekly cup and handle is playing out nicely $AMZN", "time": 1491010109.0, "sentiment": "Bullish"}, {"id": 78974424, "text": "For options traders, this is the _real_ secret_ behind the $GOOGL and $AMZN stock rises http://bit.ly/GOOGL_option\n-", "time": 1491009936.0, "sentiment": "Bullish"}, {"id": 78974406, "text": "$AMZN Been a hell of a run, I think its time for a pull back?", "time": 1491009922.0, "sentiment": ""}, {"id": 78973594, "text": "$AMZN just made cool $1000 on today expire 885 PUTs bot 2 hrs ago $$$$$$", "time": 1491009603.0, "sentiment": ""}, {"id": 78973448, "text": "$AMZN in hindsight, perhaps the positioning I noticed on the bats exchanges was more indicative of a daily top.", "time": 1491009552.0, "sentiment": ""}, {"id": 78973246, "text": "$AMZN Then the systems manager says &quot;because our algo has bought nearly every share of amazon stock lil jon...we need to start selling&quot;", "time": 1491009467.0, "sentiment": ""}, {"id": 78973081, "text": "$AMZN So from 1:45 to present...the stock looked ready to turn down...and then lil jon jumped out and was like &quot;Turn down for what!?&quot;", "time": 1491009425.0, "sentiment": ""}, {"id": 78972609, "text": "$AMZN impressive strength", "time": 1491009236.0, "sentiment": ""}, {"id": 78972530, "text": "$AMZN Fading off ~890 fast w/ $SPY. Oversold quick.", "time": 1491009214.0, "sentiment": ""}, {"id": 78972055, "text": "$AMZN CHK bull flag ready to ignite - take part in energy boom !.9", "time": 1491009026.0, "sentiment": ""}, {"id": 78971869, "text": "$AMZN be careful shorting, it&#39;s not done going higher", "time": 1491008944.0, "sentiment": "Bullish"}, {"id": 78971545, "text": "\ud83d\udd25TODAY&#39;S ACTIVE FLOW: $AMD $AAPL $BAC $AMZN $FB $LULU $MU $CMCSA $BABA $TSLA $BBRY $INTC $X $XOM $JPM $NVDA $S $XOM $NFLX $MSFT $RCII $SNAP", "time": 1491008819.0, "sentiment": ""}, {"id": 78971472, "text": "$AMZN just bought 100 PUTs expire in 2 hrs 885 @.23   $$$$$$$$$$$$", "time": 1491008789.0, "sentiment": ""}, {"id": 78971366, "text": "$AMZN Ready for the afternoon selloff?", "time": 1491008737.0, "sentiment": ""}, {"id": 78971335, "text": "$AMZN venmo @Jay-Dolan cuz Im poor and need money.", "time": 1491008722.0, "sentiment": ""}, {"id": 78971204, "text": "$AMZN will 885 hold today ??", "time": 1491008673.0, "sentiment": ""}, {"id": 78969616, "text": "$AMZN %100 bullish, but remember is friday, sell and take your profit. back monday.", "time": 1491008092.0, "sentiment": ""}, {"id": 78969453, "text": "$AMZN Take profits?", "time": 1491008032.0, "sentiment": ""}, {"id": 78969124, "text": "$AMZN excess beyond imagination until shorties capitulate with huge losses", "time": 1491007896.0, "sentiment": "Bullish"}, {"id": 78968979, "text": "$AMZN going to the moon just to roast the shorts", "time": 1491007838.0, "sentiment": "Bullish"}, {"id": 78968296, "text": "$AMZN I&#39;m all for competition but this is monopolistic imo... https://www.benzinga.com/news/17/03/9236422/should-wal-mart-investors-be-concerned-that-amazon-invited-food-execs-to-its-seat I want to pick where I shop and what I buy! $QQQ", "time": 1491007582.0, "sentiment": ""}, {"id": 78968098, "text": "$AMZN $890 is stubborn-", "time": 1491007502.0, "sentiment": "Bullish"}, {"id": 78968071, "text": "$TWOU amazon $AMZN needs to buy this company. Then they will have taken over another industry.", "time": 1491007490.0, "sentiment": "Bullish"}, {"id": 78967425, "text": "$AMZN share positioning on the bats markets points to an 890ish pin...haven&#39;t looked at the option market data today yet though.", "time": 1491007226.0, "sentiment": ""}, {"id": 78967359, "text": "$MSFT is swinging for the fence with Azure and this type of aggression is exactly what is needed to attack $AMZN AWS. Battle of titans $QQQ", "time": 1491007196.0, "sentiment": "Bullish"}, {"id": 78967268, "text": "It&#39;s a Good Time to Review Your Portfolio $AMZN http://dlvr.it/NmfgVH", "time": 1491007158.0, "sentiment": ""}, {"id": 78966776, "text": "$AMZN Competing with Amazon is crushing retailers. http://www.cnbc.com/2017/03/31/competing-with-amazon-is-crushing-retailers.html", "time": 1491006949.0, "sentiment": ""}]