[{"id": 79063328, "text": "Quarterly Results in Swings $AMZN $GOOGL $GDX $CBMX $SXL $JUNO $TRCH", "time": 1491211821.0, "sentiment": ""}, {"id": 79063269, "text": "$RSX $GOOGL $AMZN $OAK $EOG $EXP $LITE $VFC ....", "time": 1491211712.0, "sentiment": ""}, {"id": 79063216, "text": "$VCF $GOOGL $AMZN $SPY $WTIC $GLD $GDX $SLV $DXY .", "time": 1491211636.0, "sentiment": ""}, {"id": 79063193, "text": "$AMZN Can amazon get back in that channel?", "time": 1491211599.0, "sentiment": ""}, {"id": 79062825, "text": "$TSLA $SPY $AMZN $IIPR Sunday links", "time": 1491210911.0, "sentiment": ""}, {"id": 79062486, "text": "Amazon and Walmart are in an all-out price war that is terrifying America&#39;s biggest brands - Recode $amzn  http://www.recode.net/2017/3/30/14831602/amazon-walmart-cpg-grocery-price-war", "time": 1491210281.0, "sentiment": ""}, {"id": 79061933, "text": "More than half of $EXPE traffic from mobile &amp; experimenting w/ voice &amp; chatbots on $AMZN Echo, $MSFT Skype &amp; $FB Messenger", "time": 1491209276.0, "sentiment": ""}, {"id": 79061555, "text": "$AMZN pullabck to pivot at 875 S1 873 S2 869.62 S3 867.58 possible but a really strong stock. Do not short.Locomotive", "time": 1491208563.0, "sentiment": ""}, {"id": 79060990, "text": "Amazon.com&#39;s outperform rating reiterated at William Blair. http://www.marketbeat.com/r/797352 $AMZN", "time": 1491207437.0, "sentiment": ""}, {"id": 79060958, "text": "$DXY $SVXY $SPY $SPX $AVXS $ESPR $BIIB $IONS $IVV $XBI $TOSYY $AAPL $AMZN $GOOGL $AVGO $SOXX $AMD $NVDA $KLAC $LRCX $SWKS Too BIG", "time": 1491207368.0, "sentiment": ""}, {"id": 79060928, "text": "$AMZN this might help:\n\nhttps://youtu.be/w_O5lmyBuT0", "time": 1491207304.0, "sentiment": "Bullish"}, {"id": 79060862, "text": "My watch list for the week: $AMZN $PLX and $MRNS \ud83d\udcb0Good luck everyone!", "time": 1491207178.0, "sentiment": ""}, {"id": 79060793, "text": "BIG WATCHLIST \n$DXY $SVXY $SPY $SPX $AVXS $ESPR $BIIB $IONS $IVV $XBI $TOSYY $AAPL $AMZN $GOOGL $AVGO $SOXX $AMD $NVDA $KLAC $LRCX $SWKS", "time": 1491207006.0, "sentiment": ""}, {"id": 79060179, "text": "$AMZN invited pkg-food brands to an event in Seattle to reimagine pkging for direct-to-consumer sales.", "time": 1491205744.0, "sentiment": ""}, {"id": 79059991, "text": "i&#39;m late to the party, but that tight coil in $AMZN has resolved higher following a shake out.  nice!", "time": 1491205279.0, "sentiment": "Bullish"}, {"id": 79058542, "text": "$TOSYY $AAPL $AMZN $GOOGL $AVGO $SOXX $AMD $NVDA $KLAC $LRCX $SWKS https://seekingalpha.com/news/3254949-bids-toshibas-chip-unit", "time": 1491202265.0, "sentiment": ""}, {"id": 79058530, "text": "$TOSYY  $AAPL $AMZN $GOOGL $AVGO $SOXX  Chips R hot!! More bids for Toshiba&#39;s chip unit   How about $AMD $NVDA $KLAC $LRCX $SWKS ..", "time": 1491202234.0, "sentiment": ""}, {"id": 79057897, "text": "$AMZN tsla and amzn has and continues to make up 80% of my portfolio.  And I sleep very well at night", "time": 1491200738.0, "sentiment": ""}, {"id": 79057803, "text": "$Amzn $spy literally worth 15.00 a share \ud83e\udd23\ud83e\udd23\ud83e\udd23 in real life lol", "time": 1491200536.0, "sentiment": ""}, {"id": 79057777, "text": "$Amzn how much more antibiotic injection will this bloated pig get next week \ud83d\udc89\ud83d\udc89\ud83d\udc89 $spy", "time": 1491200483.0, "sentiment": ""}, {"id": 79057294, "text": "$TSLA WILL BE CASH POSITIVE LATER THIS YEAR EARLY 2018..history repeat itself ($AMZN)  and that&#39;s what is going to take the stock to $400+", "time": 1491199337.0, "sentiment": "Bullish"}, {"id": 79056941, "text": "Jim Cramer Gives His Opinion On General Dynamics And FedEx https://benzinga.com/z/9246286 $AMZN $FDX $GD", "time": 1491198634.0, "sentiment": ""}, {"id": 79056128, "text": "$AMZN Bezos has outsmarted and whooped every brick and mortar retail CEO. Noticed I used &quot;outsmarted&quot; in past tense?... The game is over!!!", "time": 1491196883.0, "sentiment": "Bullish"}, {"id": 79055453, "text": "Free video w/setups for April 3 &quot;Trade Signals&quot; $AAPL $TSLA $MU $HPQ $AMZN https://www.learnstocks101.com/stock-market-analysis/2017/04/trade-signals", "time": 1491195483.0, "sentiment": ""}, {"id": 79054599, "text": "$AAPL hires former $GOOG YouTube &amp; Spotify exec Shiva Rajaraman to &quot;strengthen its position in video&quot; against rivals like $NFLX &amp; $AMZN", "time": 1491193568.0, "sentiment": ""}, {"id": 79054547, "text": "Net US Digital Display Ad Revenues, by Company, 2016-2019 - $FB $GOOG $TWTR $YHOO $VZ $AMZN $SNAP $MSFT", "time": 1491193458.0, "sentiment": ""}, {"id": 79054494, "text": "$AMZN http://www.insidermonkey.com/blog/barrons-gushes-over-amazon-com-inc-amzns-cloud-business-570749/", "time": 1491193324.0, "sentiment": ""}, {"id": 79054377, "text": "$TWTR market still ignoring the video value here, not fully monetized yet  https://aff.whotrades.com/t/b/gy2th/  $FB $AMZN", "time": 1491193060.0, "sentiment": ""}, {"id": 79053785, "text": "$AMZN \u202aBezos family makes record-breaking $35M donation to Fred Hutch to fund cancer research\u202c.", "time": 1491191653.0, "sentiment": "Bullish"}, {"id": 79053601, "text": "UNLOCKED: Swing Trading Quarterly Performance P/L Report Update $AMZN, $GOOGL, $GDX, $CBMX, $SXL, $JUNO, $TRCH more. https://compoundtrading.com/swing-trading-quarterly-performance-pl-report-mar-12-2017-amzn-googl-gdx-cbmx-sxl-juno-trch/", "time": 1491191233.0, "sentiment": ""}, {"id": 79053220, "text": "UNLOCKED: Weekly Swing Trading Mon Mar 20 Part 2 Trade Updates $RSX, $GOOGL, $AMZN, $OAK, $EOG, $EXP, $LITE, $VFC \u2026 https://compoundtrading.com/weekly-swing-trading-mon-mar-20-part-2-trade-updates-rsx-googl-amzn-oak-eog-exp-lite-vfc-ne/", "time": 1491190461.0, "sentiment": ""}, {"id": 79053164, "text": "OTT Video services by Provider 2015-2020 - $GOOG $GOOGL $NFLX $AMZN $HULU - $BCE $AAPL", "time": 1491190352.0, "sentiment": ""}, {"id": 79053056, "text": "Just updated my Profile for March Statistics $AMZN $WYNN $VUZI $MOMO $WTW - all IN/OUT posted here at no cost", "time": 1491190106.0, "sentiment": ""}, {"id": 79052963, "text": "$TSLA &lt;--- Huge monday move $AMD $NVDA $MU $AAPL $AMZN", "time": 1491189875.0, "sentiment": ""}, {"id": 79052935, "text": "UNLOCKED: Weekly Swing Trading Stock Picks Sun Mar 12 $VCF, $GOOGL, $AMZN, $SPY, $WTIC, $GLD, $GDX, $SLV, $DXY more. https://compoundtrading.com/weekly-swing-trading-stock-picks-sun-mar-12-spy-wtic-gld-gdx-slv-dxy-vix/", "time": 1491189805.0, "sentiment": ""}, {"id": 79052534, "text": "Rarely used option strategy is risk protected and has returned 10-fold AMZN stock http://bit.ly/AMZN_sps\n-\n$AMZN", "time": 1491188722.0, "sentiment": ""}, {"id": 79052504, "text": "$IWM $QQQ $DIA $SPY $MDY $JNK $HYG $GLD $TLT $USO $XLE $XLF $VXX $UVXY $XIV $GS $BAC $JPM $MS $AMZN $NFLX $ADBE http://ibankcoin.com/flyblog/", "time": 1491188664.0, "sentiment": ""}, {"id": 79052341, "text": "$EVAR $AAPL $AMZN $SPY $EURUSD @LQQKER \ud83d\ude44", "time": 1491188216.0, "sentiment": ""}, {"id": 79051418, "text": "$AAPL $FB $AMZN $NFLX $GOOG https://www.forbes.com/sites/jaysomaney/2017/04/02/apples-assembled-in-india-dream-almost-reality/#78c940f72880", "time": 1491185858.0, "sentiment": ""}, {"id": 79051048, "text": "$AMZN that nice round 900 number could be hit before it takes a break here", "time": 1491184886.0, "sentiment": ""}, {"id": 79050839, "text": "$AMZN Introducing Petlexa: Amazon Alexa Entertains your Pets. So great! https://youtu.be/fdhxzqkvkZw", "time": 1491184306.0, "sentiment": "Bullish"}, {"id": 79050821, "text": "\u202aLooks like the House of Saud is trying to beat $AAPL &amp; $AMZN to the throne. #IPO  \u202c\u202a\n\nhttp://finance.yahoo.com/news/saudi-aramco-valuation-could-top-092742525.html?soc_src=social-sh&amp;soc_trk=tw\u202c", "time": 1491184234.0, "sentiment": ""}, {"id": 79050169, "text": "Unusual options activity from Friday. $ST $X $FOXA $MPC $XOM $PRXL $APC $ILG $AAPL $BX $STNG $AMZN", "time": 1491182546.0, "sentiment": ""}, {"id": 79050009, "text": "$EWG Better setup than $EEM - Better off sticking with America ! $AVGO $AMZN $AAPL .....", "time": 1491182012.0, "sentiment": ""}, {"id": 79049949, "text": "$GOOGL $GOOG $FB $AAPL $AMZN https://www.forbes.com/sites/jaysomaney/2017/04/02/shares-of-google-surprisingly-finish-up-on-the-week-but-are-a-laggard-in-2017/#667b93243666", "time": 1491181828.0, "sentiment": ""}, {"id": 79049752, "text": "$AMZN breakout high prediction to the penny, I&#39;m calling it!", "time": 1491181186.0, "sentiment": ""}, {"id": 79049725, "text": "$GOOGL $AMZN", "time": 1491181103.0, "sentiment": ""}, {"id": 79049373, "text": "Where Can You Stream Music For Less Than $10 A Month? https://benzinga.com/z/9206517 $AAPL $AMZN $BBRY $GOOG $GOOGL", "time": 1491180108.0, "sentiment": ""}, {"id": 79048435, "text": "$AMZN Do not forget meeting of trump and china president. put that on your calculation before being geines.", "time": 1491177394.0, "sentiment": "Bullish"}, {"id": 79048165, "text": "$GOOGL $AMZN $FB $SNAP \u200f$TWTR  @jsomaney \n $GOOGL a long, short or sit on the fence going into ER https://www.forbes.com/sites/jaysomaney/2017/04/02/shares-of-google-surprisingly-finish-up-on-the-week-but-are-a-laggard-in-2017/#4aaa70936668", "time": 1491176600.0, "sentiment": ""}, {"id": 79047510, "text": "@deep9 i agree, but im not so keen on $AMZN stores opening", "time": 1491174813.0, "sentiment": ""}, {"id": 79046742, "text": "@theopportunist_trader $AMZN is the leader in cloud (aws) and in retail also looking strong.. forecast will be even better..", "time": 1491172668.0, "sentiment": "Bullish"}, {"id": 79046533, "text": "A beast, We may have a trade next week. $AMZN", "time": 1491171957.0, "sentiment": ""}, {"id": 79046432, "text": "$AMZN 3 year price ? 5 year price target?", "time": 1491171658.0, "sentiment": ""}, {"id": 79045604, "text": "$DCSA invests in the rapidly growing specialty coffee market http://iconstockalerts.com/docasa-inc-symbol-dcsa/ $SBUX $GMCR $DNKN $JVA $AMZN", "time": 1491168989.0, "sentiment": ""}, {"id": 79045595, "text": "$AAPL $AMZN $GOOGL $MSFT $BBRY https://www.forbes.com/sites/jaysomaney/2017/04/02/apples-assembled-in-india-dream-almost-reality/#6df7cf962880", "time": 1491168971.0, "sentiment": ""}, {"id": 79044946, "text": "$MSFT $AMZN $BRK.B  $FB  .. another ER beat then Bezos wil be the richest human http://www.marketwatch.com/story/this-could-push-amazons-jeff-bezos-past-bill-gates-as-the-worlds-richest-human-2017-03-30 $QQQ", "time": 1491166931.0, "sentiment": ""}, {"id": 79044837, "text": "04/03 ($AMZN) 144Day Indicators Suggests Slightly OverBought, Trough Bottom @ 833.50, Impulse Potential =/&gt; 890.35", "time": 1491166669.0, "sentiment": ""}, {"id": 79044825, "text": "04/03 ($AMZN) Likely CandleStick Range @( H =/&lt; 890.67/ L =/&gt; 876.32) VAT/Range @( H =/&lt; 891.20/L =/&gt; 832.69 )", "time": 1491166611.0, "sentiment": ""}, {"id": 79044716, "text": "$AAPL, $AMZN, $FB And $NFLX May Flush Next Week... https://verifiedinvesting.com/pro-traders/article?aid=1887", "time": 1491166178.0, "sentiment": ""}, {"id": 79044421, "text": "$AMZN", "time": 1491164973.0, "sentiment": ""}, {"id": 79043932, "text": "$AAPL $FB $AMZN $GOOG $MSFT @jsomaney iPhone SE assembled in India a go in less than 30 days? https://www.forbes.com/sites/jaysomaney/2017/04/02/apples-assembled-in-india-dream-almost-reality/#960b0032880e", "time": 1491162388.0, "sentiment": ""}, {"id": 79043649, "text": "Sunday links: a cash drain, TAA performance &amp; a big fund fee table. https://abnormalreturns.com/2017/04/02/sunday-links-a-constant-cash-drain/ $TSLA $SPY $AMZN $IIPR", "time": 1491161097.0, "sentiment": ""}, {"id": 79043363, "text": "$AMZN  PE will matter st some point -  Buffet will never own", "time": 1491159336.0, "sentiment": ""}, {"id": 79043171, "text": "$BBRY $AAPL $GOOGL $AMZN $MSFT @jsomaney \n Buy, sell or hold $BBRY?https://www.forbes.com/sites/jaysomaney/2017/04/02/not-yet-blackberry-time-despite-the-progress/#20cb3711613f", "time": 1491157747.0, "sentiment": ""}, {"id": 79042570, "text": "04/03 ($AMZN) 144Day Indicators Suggests Slightly OverBought, Trough Bottom @ 833.50, Impulse Potential =/&gt; 890.35", "time": 1491149769.0, "sentiment": ""}, {"id": 79042562, "text": "04/03 ($AMZN) Likely CandleStick Range @( H =/&lt; 890.67/ L =/&gt; 876.32) VAT/Range @( H =/&lt; 891.20/L =/&gt; 832.69 )", "time": 1491149606.0, "sentiment": ""}, {"id": 79042101, "text": "$AMZN might want to buy a couple of shares as this sky rockets to $927.xx \ud83d\ude80\ud83d\ude80\ud83d\ude80", "time": 1491143219.0, "sentiment": "Bullish"}, {"id": 79041589, "text": "$AMZN 900 will go fast 1k here we come", "time": 1491138968.0, "sentiment": "Bullish"}, {"id": 79041529, "text": "$AMZN beast mode Monday", "time": 1491138612.0, "sentiment": "Bullish"}, {"id": 79041172, "text": "$AMZN: The best way to play Amazon\u2019s surge \u2013 CNBC\nhttp://stocktvs.com/amzn-the-best-way-to-play-amazons-surge-cnbc/", "time": 1491136626.0, "sentiment": ""}, {"id": 79040167, "text": "Always excellent stuff from Dana.. $QQQ, $AMZN, $GOOG", "time": 1491131600.0, "sentiment": ""}, {"id": 79040107, "text": "$QQQ $AMZN $GOOG", "time": 1491131404.0, "sentiment": ""}, {"id": 79039304, "text": "$AMZN is back on the rooster360 list", "time": 1491128668.0, "sentiment": ""}, {"id": 79039057, "text": "@Searchin4scams @superknowva @lootripper69 Yall niggas acting like book value means something. Look at Pharm stocks. $NFLX $TSLA $AMZN noob", "time": 1491127853.0, "sentiment": "Bullish"}, {"id": 79036209, "text": "$AMZN great article on how SEO is conducted written by Ecommerce Mrktg. Co Klaviyo (customers include $SHOP). https://www.klaviyo.com/blog/why-ranking-on-amazon-breaks-regular-seo-rules", "time": 1491119001.0, "sentiment": "Bullish"}, {"id": 79034699, "text": "$AMZN Despite increases in price this continues to lose momentum-CAUTION ADVISED...S-T initial correction targeted at 877 then 850s area", "time": 1491114344.0, "sentiment": "Bearish"}, {"id": 79034557, "text": "$AMZN how high can it possibly go??", "time": 1491113884.0, "sentiment": "Bullish"}, {"id": 79034438, "text": "\u200bCan\u2019t Make \u201cAlpha\u201d In Mega-Caps? $AAPL $MSFT $AMZN $BRK.A $BRK.B $FB $JPM $BABA $BAC $V $MA $MRK $C $GOOG $PG $UNH http://bit.ly/2oM6ZNR", "time": 1491113548.0, "sentiment": ""}, {"id": 79033474, "text": "@theopportunist_trader looking like $amzn too bad I only have one share of each", "time": 1491110351.0, "sentiment": "Bullish"}, {"id": 79033065, "text": "$AMZN what your Gus&#39;s for a Monday? Gap up to 995 or self off below 275&#39;s", "time": 1491109035.0, "sentiment": ""}, {"id": 79032603, "text": "$SPY $AAPL $FB $NFLX $AMZN $BABA $TSLA $BBY $WYNN $PM all near 52 week highs or all time.. what better time than this to pull the rug", "time": 1491107884.0, "sentiment": "Bearish"}, {"id": 79032296, "text": "$AMZN what will it be in 5 years guess?", "time": 1491107051.0, "sentiment": ""}, {"id": 79032262, "text": "$AMZN Great summary of Coho Capital&#39;s letter - position in Alibaba &amp; portfolio review: https://investoralmanac.com/2017/03/08/coho-capital-letter-value-investing-in-tech-alibaba-facebook-google-visa-sp/", "time": 1491106960.0, "sentiment": "Bullish"}, {"id": 79031624, "text": "No surprise $AMZN is BACK on the Rooster360 new ideas list to help usher in Q2 2017 :D w/ Market Breakout upward", "time": 1491105177.0, "sentiment": ""}, {"id": 79030209, "text": "https://www.mql5.com/en/market/product/19130 \\\\ $AMZN", "time": 1491101699.0, "sentiment": ""}, {"id": 79029892, "text": "$AMZN makes complete sense", "time": 1491100837.0, "sentiment": ""}, {"id": 79029854, "text": "$GOOG $AMZN $TSLA $AAPL $BRK.A $AMD $GE $MSFT $SNAP $TWTR $INTC $NVDA \nWould you invest in $StockTwits if it ever went public?", "time": 1491100674.0, "sentiment": "Bullish"}, {"id": 79029705, "text": "$AMZN $TSLA with breaking news http://www.opiniontrade.com/stock.html?top-search=AMZN", "time": 1491100225.0, "sentiment": "Bullish"}, {"id": 79029667, "text": "$AMZN $AMT $ADBE $AWK and other $SPX closing strong - Full Time Continuity Check", "time": 1491100154.0, "sentiment": "Bullish"}, {"id": 79029633, "text": "$PLX ..Im bullish on $PLX $AMZN &amp; $MRNS\n\nhttps://youtu.be/w_O5lmyBuT0", "time": 1491100090.0, "sentiment": "Bullish"}, {"id": 79029597, "text": "#Bulls of (Nasdaq 100) :\n$VRTX, $ISRG, $SBAC, $AMZN, $ATVI, $VIAB, $AAPL\n\nhttps://t.co/5Qt5qgtY8N \n\n#Stocks #Momo #TrendFollowing", "time": 1491099984.0, "sentiment": ""}, {"id": 79029568, "text": "$AMZN Up $28.00+ in just 3 trading days from clearing this tight consolidation pattern. Congrat&#39;s!", "time": 1491099924.0, "sentiment": "Bullish"}, {"id": 79029560, "text": "$AMZN is so on fire that even Domino&#39;s is using it for fire. Top news at http://www.opiniontrade.com/stock.html?top-search=AMZN", "time": 1491099894.0, "sentiment": "Bullish"}, {"id": 79029550, "text": "Will $BABA roll over at resistance next week ? $AMZN made new high", "time": 1491099857.0, "sentiment": ""}, {"id": 79029503, "text": "$AMZN AMERICA !", "time": 1491099728.0, "sentiment": "Bullish"}, {"id": 79029500, "text": "Q4 Explodes Upward 3/31/17 [Registered Users] incl $AMZN $AINV $DBEU $EDU $EPI $FMC $FUEL $YPF and more http://www.rooster360.com/q4-explodes-upward-33117-registered-users-incl-amzn-ainv-dbeu-edu-epi-fmc-fuel-ypf-and-more/", "time": 1491099718.0, "sentiment": ""}, {"id": 79029318, "text": "$TWTR impressive Halo streaming numbers https://aff.whotrades.com/t/b/gy2th/ $FB $AMZN", "time": 1491099275.0, "sentiment": ""}, {"id": 79028882, "text": "Mind blowing. $DPZ $AMZN $NFLX $SPY", "time": 1491098178.0, "sentiment": ""}, {"id": 79028454, "text": "$INTC $MSFT $APPL $GOOG $FB $AMZN $T are all protected US Govnt/Intelligence tied companies. Thus, most bearish bets &amp; swings short-lived.", "time": 1491097145.0, "sentiment": ""}, {"id": 79028011, "text": "$AMZN Prime not what it used to be and they don&#39;t even care when the driver steals a package and claims to have delivered. Canceled Prime.", "time": 1491095831.0, "sentiment": "Bearish"}, {"id": 79027055, "text": "$AMZN Max Pain is 855.00 for maturity 04/07/2017. Prev Close = 886.54.  http://bit.ly/2oizlTp", "time": 1491093561.0, "sentiment": ""}, {"id": 79025879, "text": "$FLSR $AAPL $MSFT $GPRO $NFLX $FB $AMZN read what we see coming http://bit.ly/2mYZNS7", "time": 1491090838.0, "sentiment": ""}, {"id": 79025370, "text": "Tech Leaders Bounce Off Key Trend Line Support - https://www.seeitmarket.com/amazon-amzn-alphabet-goog-2-stock-leaders-tested-16716/  blog by @JLyonsFundMgmt $QQQ $AMZN $GOOG", "time": 1491089715.0, "sentiment": ""}, {"id": 79025214, "text": "$AMZN end of quarter window dressing.  Expect a healthy pullback next week.  Happens every quarter. PT next week $825- $845", "time": 1491089420.0, "sentiment": "Bearish"}, {"id": 79024084, "text": "$GOOGL or $AMZN first $1000 stock ?", "time": 1491086624.0, "sentiment": ""}, {"id": 79023990, "text": "How Amazon&#39;s Connect Could Impact Twilio, Zendesk, RingCentral https://benzinga.com/z/9241888 $AMZN $RNG $TWLO $ZEN", "time": 1491086412.0, "sentiment": ""}, {"id": 79023984, "text": "$AMZN", "time": 1491086396.0, "sentiment": ""}, {"id": 79023699, "text": "$AAPL $msft $fb $goog $amzn Heard that 5 years ago.", "time": 1491085687.0, "sentiment": ""}, {"id": 79023650, "text": "My biased 2017 prediction based on CHARTS:  $TSLA 355, $AMZN 1019, $AAPL 176, $NFLX 197, $BABA 158, $MU 46, $AMD 24, $GOOGL 972, $NVDA 143", "time": 1491085530.0, "sentiment": "Bullish"}, {"id": 79023496, "text": "$AMZN weekly the leader of the $QQQ  https://gyazo.com/7172b3440c114a92fe96d1c6901ada1b \u2026", "time": 1491085109.0, "sentiment": ""}, {"id": 79023106, "text": "$AMZN Stock was up $41 this week as the end of quarter brought a frenzy of buying from fund managers desperate to \u2026 https://stocknews.com/news/amzn-stock-was-up-41-this-week-as-the-end-of/", "time": 1491084174.0, "sentiment": ""}, {"id": 79022696, "text": "I like $BABA, but $AMZN is the way to go, we have other Chinese names that serve us well...", "time": 1491082999.0, "sentiment": ""}, {"id": 79022652, "text": "$AMZN $APPL $GOOGL Will be bidding for Toshiba&#39;s NAND Flash Memory business. $BRCM has already bid 18Bn for the unit. $MU and $WDC may bid.", "time": 1491082911.0, "sentiment": ""}, {"id": 79022601, "text": "$AAPL $msft $fb $goog $amzn  Approaching 3 trillion in combined market cap.  The law of large numbers ALWAYS wins out in the end.", "time": 1491082729.0, "sentiment": ""}, {"id": 79022600, "text": "About Fat Tails and Market Timing http://ivanhoff.com/2017/03/30/about-fat-tails-and-market-timing/ $NFLX $PCLN $AMZN $GOOGL", "time": 1491082715.0, "sentiment": ""}, {"id": 79021870, "text": "$AMZN #Amazon #PaymentPlatform Likely to Impact #USPaymentIndustry - https://goo.gl/rgfcWf", "time": 1491080844.0, "sentiment": ""}, {"id": 79020762, "text": "$AMZN Need pullback monday or during week to add", "time": 1491077564.0, "sentiment": ""}, {"id": 79020458, "text": "$TSCO three white soldiers candle pattern! Bullish target in the high 80s. Not the regular brick and mortar taken by $AMZN .\n\nGeaux Tigers!", "time": 1491076477.0, "sentiment": "Bullish"}, {"id": 79020264, "text": "Amazon ($AMZN) is just getting started - https://t.co/rYvLXbjkRM", "time": 1491075671.0, "sentiment": ""}, {"id": 79020213, "text": "$AMZN you don&#39;t often see me buying 52 week or all time highs but I did buy ~860 this week. Hedge to my retail longs \ud83d\ude02\ud83d\ude09", "time": 1491075467.0, "sentiment": ""}, {"id": 79020201, "text": "$XLY looking good for  Q2: $RH $TJX $BF .B $SIG $AMZN $NKE $F", "time": 1491075391.0, "sentiment": "Bullish"}, {"id": 79020101, "text": "$VNQ $SHLD $M $WMT $SPG $GGP $MAC Brick and mortar mngmt learning a HARD lesson at the hands of $AMZN Jeff Bezos", "time": 1491075005.0, "sentiment": ""}, {"id": 79020031, "text": "Stock Leadership Passes Test: Amazon $AMZN\nPost (3/28): https://lyonssharepro.com/2017/03/stock-leadership-being-tested/", "time": 1491074651.0, "sentiment": ""}, {"id": 79019921, "text": "$AMZN sum put vol=18,105 sum call vol=23,174 PutCallRatio=0.78 expiration 04/07/2017 . http://bit.ly/2oh6Oxn", "time": 1491074156.0, "sentiment": ""}, {"id": 79019898, "text": "Bezos wouldn&#39;t partner w/likes of Andy in a lemonade stand No proof $PLUG signed $AMZN Even if 20% move than sell off #OnlyProfitsWillHelpSP", "time": 1491074004.0, "sentiment": ""}, {"id": 79019294, "text": "Amazon Now Collects a Sales Tax EVERYWHERE -- Here&#39;s What It Means to Your Wallet $AMZN http://dlvr.it/NmxFfp", "time": 1491070264.0, "sentiment": ""}, {"id": 79019283, "text": "$AMZN 710.1 low x 1.25= 887.625", "time": 1491070198.0, "sentiment": ""}, {"id": 79019054, "text": "$PLUG BEZOS $AMZN clever rich person... He selected $PLUG as partner... He will save money.. But important $PLUG will be leader 10$.", "time": 1491067659.0, "sentiment": "Bullish"}, {"id": 79018632, "text": "$PLUG $PLUG $AMZN China Bazooka                   http://www.hydrogen2020.com/plug-amzn-china-bazooka/", "time": 1491063296.0, "sentiment": "Bullish"}, {"id": 79018191, "text": "$AMZN when I almost pulled the trigger at 850 you know it&#39;s a bullish sign. Now I&#39;m angry I don&#39;t have a position...pullback?", "time": 1491058371.0, "sentiment": ""}, {"id": 79016937, "text": "Today $AMZN shows BUY signal (TA) for short term. Technical analysis source: https://goo.gl/XAlQPg", "time": 1491049823.0, "sentiment": "Bullish"}, {"id": 79016533, "text": "$AMZN short NFL", "time": 1491047869.0, "sentiment": ""}, {"id": 79016529, "text": "$AMZN run to 1k b4 er", "time": 1491047843.0, "sentiment": "Bullish"}, {"id": 79016513, "text": "$AMZN 100% this hits 900 on Monday", "time": 1491047792.0, "sentiment": "Bullish"}, {"id": 79016239, "text": "Apple, Amazon, Google join bidding for Toshiba chip unit: media $AAPL $AMZN $GOOGL $TOSBF http://www.reuters.com/article/us-toshiba-accounting-chip-sale-idUSKBN17335J", "time": 1491046668.0, "sentiment": ""}, {"id": 79016188, "text": "$AMZN .. I&#39;m so in on any dip Monday!\n\nhttps://youtu.be/w_O5lmyBuT0", "time": 1491046479.0, "sentiment": "Bullish"}, {"id": 79016159, "text": "$AMZN Did you catch the pop in Amazon ($AMZN) this week?  Here&#39;s the trade...and some ideas for the next move. http://stockmarketmentor.com/2017/03/did-you-catch-the-pop-in-amazon-amzn-this-week-heres-the-trade-and-some-ideas-for-the-next-move-march-31-2017/", "time": 1491046358.0, "sentiment": ""}, {"id": 79015512, "text": "$XLF $XRT $spx $qqq $compq $oil $djia $amzn\n\nMediocre Retail Sales \ud83d\udd36as Consumers weighed by heavy Debt payments\ud83d\udd3b", "time": 1491043728.0, "sentiment": ""}, {"id": 79015493, "text": "Its so hard putting it away for the weekend. \n\nhttps://youtu.be/HOQcFr627N4\n\n$AMZN $FB $SBAP $AMD $GOOG $UGAZ $DGAZ $F $LMT $XTNX $BBRY", "time": 1491043664.0, "sentiment": ""}, {"id": 79015280, "text": "$STUDY $IDXG $CUR $AMZN $PPHM $XGTI $AMRS $MNKD", "time": 1491042919.0, "sentiment": ""}, {"id": 79015258, "text": "$AMZN bought two shares just as an appreciation for how great Man in the High Castle is. What a great show.", "time": 1491042877.0, "sentiment": ""}, {"id": 79015135, "text": "$AMZN up 5 days in row w/ stochastics at extreme. 75% of time pulled back next 5 days https://www.wingcharts.com/?symbol=AMZN&amp;id=f6a9f2d79a", "time": 1491042523.0, "sentiment": "Bearish"}, {"id": 79014224, "text": "@audiophile it&#39;s ok i got positions in $AAPL $MU and $AMZN", "time": 1491040471.0, "sentiment": ""}, {"id": 79013998, "text": "$ST $MDLZ $S $VXX $MPC $CMCSA $CC $INTC $ARCC $AMBA $SVU $DIS $HRB $MBI $LYV $MSFT $IAC $WLL $KMX $P $AMZN $GOOGL $SBUX $DIS $AAPL $NFLX", "time": 1491040025.0, "sentiment": ""}, {"id": 79013763, "text": "Cheap put options and hedges: $GILD puts cheaper than 100% of history, $FB 100%, $BIDU 100%, $DAL 100%, $GOOGL 100%, $AMZN 100%, $TNA 100%", "time": 1491039570.0, "sentiment": ""}, {"id": 79012443, "text": "$TWTR crushed the streaming competition last weekend  https://aff.whotrades.com/t/b/gy2th/  $FB $AMZN", "time": 1491037102.0, "sentiment": "Bullish"}, {"id": 79012179, "text": "$AMZN Don&#39;t worry CB says we can get back into Amazon lower, so we earmarked the money, reset the BUY order and will wait patiently.", "time": 1491036578.0, "sentiment": ""}, {"id": 79012138, "text": "$AMZN 5% in 17 days, closing out March w/that CASH back in account. Uh, not really, we entered a new position...", "time": 1491036512.0, "sentiment": ""}, {"id": 79012003, "text": "$AMZN What i received in my email today, which also told my my sale triggered at my broker", "time": 1491036291.0, "sentiment": ""}]