[{"id": 81450098, "text": "$SPY People can&#39;t wait for the market to open so the can buy their shares of $AMZN and $GOOGL for $1000.", "time": 1493405030.0, "sentiment": ""}, {"id": 81450043, "text": "$AMZN $957 at open", "time": 1493404963.0, "sentiment": "Bullish"}, {"id": 81449703, "text": "$AMZN  Cramer needs to pump this Sh*t b4 the bell to get to 1k. We need a 970 open to get there", "time": 1493404651.0, "sentiment": "Bullish"}, {"id": 81449661, "text": "$AMZN Something tells me that the NASDAQ is going to be up today", "time": 1493404617.0, "sentiment": ""}, {"id": 81449631, "text": "This isn&#39;t a forecast, but it&#39;s likely to continue... Also for some others.\nhttps://medium.com/@d_ramsden/networks-3-0-defined-by-digital-dimensions-347944fc6f20 $AMZN", "time": 1493404580.0, "sentiment": ""}, {"id": 81449551, "text": "$AMZN up 34, $googl up 35 $fb up another 2 bucks,,,, Can we get a buck or 2 from $AAPL ???", "time": 1493404499.0, "sentiment": ""}, {"id": 81449545, "text": "#Premarket Top % Gainers: $WDC 8%, $SWN 6%, $GOOGL 4%, $MTL 4% $GOOG $SPH $UBS $AMZN $RBS $CNHI $JNUG $MT $GM $SAN $NUGT $VALE $MU $RIO $RIG", "time": 1493404490.0, "sentiment": ""}, {"id": 81449539, "text": "$AMZN The 05-May-17 option ATM straddle is implying a move of \u00b14.8% by expiration  https://marketchameleon.com/Overview/AMZN/OptionChain/?e=1486_20170505&amp;ac=straddles", "time": 1493404487.0, "sentiment": ""}, {"id": 81449479, "text": "Downgrades $GWB $AOS $AAWW $BMS $AMZN $EFX $GIMO $MMLP $ALLE $CHDN $ZBH $TEX $COLM $EXPE $AVT $ENTG $X", "time": 1493404434.0, "sentiment": "Bearish"}, {"id": 81449468, "text": "Rev&#39;s Forum: Amazon and Alphabet Are Great Stocks, but Are They Great Leaders? $AMZN http://dlvr.it/P0xj4R", "time": 1493404425.0, "sentiment": ""}, {"id": 81449298, "text": "@CrotchGoblin I left a lot of $$$$ by being in &amp; out of $AMZN. with all the excitement &amp; expansion &amp; flawless execution. I m holding LT", "time": 1493404275.0, "sentiment": ""}, {"id": 81449146, "text": "$AMZN was around 825 pre trump...wow", "time": 1493404128.0, "sentiment": ""}, {"id": 81449083, "text": "Amazon was Downgraded to a Hold Rating at Pacific Crest $AMZN http://www.analystratings.com/2017/04/28/amazon-was-downgraded-to-a-hold-rating-at-pacific-crest/481090/", "time": 1493404055.0, "sentiment": ""}, {"id": 81449043, "text": "@GoodNewsBull I always spent on $amzn audible but now OMG! I spend so much and love it, alexa, grocery, cloud storage, customer sce. Amazing", "time": 1493404021.0, "sentiment": ""}, {"id": 81448898, "text": "Amazon.com downgraded by KeyCorp to overweight. http://www.marketbeat.com/r/809880 $AMZN", "time": 1493403882.0, "sentiment": ""}, {"id": 81448897, "text": "$AMZN will be fun at the bell", "time": 1493403881.0, "sentiment": ""}, {"id": 81448666, "text": "$AMD Image if we partner with $AMZN or $TSLA. $AMD is dabomb.com!", "time": 1493403649.0, "sentiment": ""}, {"id": 81448571, "text": "The amazing Amazon story continues. Buy dips $AMZN", "time": 1493403498.0, "sentiment": ""}, {"id": 81448570, "text": "$AMZN HFs are buying DGs now since they got caught!  Comical \ud83e\udd23", "time": 1493403500.0, "sentiment": ""}, {"id": 81448316, "text": "Amazon.com downgraded to Sector Weight from Overweight at KeyBanc - $AMZN - http://thefly.com/permalinks/entry.php/AMZNid2542034", "time": 1493403165.0, "sentiment": ""}, {"id": 81448275, "text": "Big Tech Q1 Earnings Roundup: Amazon, Google, Intel, Microsoft https://benzinga.com/z/9361250 $AMZN $GOOG $GOOGL $MSFT $INTC", "time": 1493403118.0, "sentiment": ""}, {"id": 81448246, "text": "Amazon.com downgraded by Pacific Crest to sector weight. http://www.marketbeat.com/r/809831 $AMZN", "time": 1493403087.0, "sentiment": ""}, {"id": 81448132, "text": "$AMZN I smell bear shi*. Squeeze them until you smell the shi*.", "time": 1493402980.0, "sentiment": "Bullish"}, {"id": 81448094, "text": "$AMZN Pacific Crest cuts to sector weight https://stocknews.com/news/amzn-pacific-crest-cuts-to-sector-weight/", "time": 1493402929.0, "sentiment": ""}, {"id": 81448046, "text": "Stock indices reflect the concentrated success of certain techs, bonds show deflationary outcome: https://www.bloomberg.com/news/articles/2017-04-25/-extreme-treasury-stock-schism-vexes-markets-amid-risk-rally $AAPL $GOOG $AMZN", "time": 1493402867.0, "sentiment": ""}, {"id": 81448024, "text": "$AMZN   why downgrade??? Pacific Crest downgraded Amazon (AMZN) to Sector Weight", "time": 1493402839.0, "sentiment": ""}, {"id": 81447973, "text": "Trader&#39;s Daily Notebook: Staying on the Sidelines? $AMZN http://dlvr.it/P0x7bq", "time": 1493402772.0, "sentiment": ""}, {"id": 81447937, "text": "$AMZN playing both sides today legging out my long call then the short", "time": 1493402716.0, "sentiment": ""}, {"id": 81447760, "text": "@Ferrari168 i think $AMZN international expansion is going to double the stock. All international people I know CAN NOT WAIT for AMAZON", "time": 1493402483.0, "sentiment": ""}, {"id": 81447752, "text": "5-star analyst Mark May from Citigroup maintained a Buy on $AMZN.  https://www.tipranks.com/analysts/mark-may", "time": 1493402465.0, "sentiment": ""}, {"id": 81447638, "text": "$AMZN get you big @ss up to 1k", "time": 1493402285.0, "sentiment": "Bullish"}, {"id": 81447599, "text": "$AMZN arabian gold is the most powerfull", "time": 1493402219.0, "sentiment": ""}, {"id": 81447556, "text": "12 Stocks To Watch For April 28, 2017 https://benzinga.com/z/9364068 $AMZN $CL $CVX $GM $GOOG $PSX $INTC $XOM $GPRO $WDC $MSFT", "time": 1493402160.0, "sentiment": ""}, {"id": 81447536, "text": "$AMZN 1000 target today? \ud83e\udd1e\ud83e\udd11", "time": 1493402129.0, "sentiment": "Bullish"}, {"id": 81447529, "text": "@dangoza $BABA doesn&#39;t pop like $AMZN or $MELI just happy they&#39;re all rising but would love to see huge POP ah from $BABA tho", "time": 1493402120.0, "sentiment": "Bullish"}, {"id": 81447504, "text": "@androsForm good points, didn&#39;t think of that...$AMZN the new style of retail...", "time": 1493402068.0, "sentiment": "Bullish"}, {"id": 81447388, "text": "$AMZN good point I forgot about Priceline", "time": 1493401913.0, "sentiment": ""}, {"id": 81447348, "text": "$AMZN Fantastic!", "time": 1493401842.0, "sentiment": ""}, {"id": 81447327, "text": "$amzn ramp em up as high as you can please:-)", "time": 1493401795.0, "sentiment": ""}, {"id": 81447320, "text": "$AMZN lol funny how targets shift after the number is posted \ud83e\udd14", "time": 1493401774.0, "sentiment": ""}, {"id": 81447269, "text": "$AMZN next to be #PCLN", "time": 1493401703.0, "sentiment": "Bullish"}, {"id": 81447072, "text": "$AMZN Amazon price target lifted to $1,100 from $900 at RBC Capital BOOOOOM", "time": 1493401381.0, "sentiment": "Bullish"}, {"id": 81447009, "text": "$AMZN would already be in the DJIA if it wasn&#39;t for it&#39;s valuation and Ponzeish business model that runs on cash flow vs decent earnings", "time": 1493401264.0, "sentiment": ""}, {"id": 81446916, "text": "$AMZN how high will this go today realistically", "time": 1493401103.0, "sentiment": ""}, {"id": 81446797, "text": "Earnings lift Nasdaq to record; Amazon, Alphabet up after hours $AMZN $GOOG http://hubs.ly/H07hZT-0", "time": 1493400904.0, "sentiment": ""}, {"id": 81446773, "text": "$AMZN price target raised to $1,050 from $1,000 at Piper Jaffray", "time": 1493400863.0, "sentiment": ""}, {"id": 81446585, "text": "Tech Giants Alphabet and Amazon Extend Earnings Boom - WSJ \u279c $AMZN $GOOG http://hubs.ly/H07hZT-0", "time": 1493400522.0, "sentiment": ""}, {"id": 81446272, "text": "upcoming quarterly earnings releases and historical releases for $AMZN https://marketchameleon.com/Overview/AMZN/Earnings/", "time": 1493399956.0, "sentiment": ""}, {"id": 81446260, "text": "$amzn yes 1000$ before 2008", "time": 1493399930.0, "sentiment": ""}, {"id": 81446215, "text": "@zen25 No dogg you simply dont get it its not realistic dogg, your blinded by your own negativity $amzn", "time": 1493399865.0, "sentiment": ""}, {"id": 81446142, "text": "$AMZN dogg , i entered in 2008 so i am ok with that. Some are smarter than you hu?", "time": 1493399719.0, "sentiment": ""}, {"id": 81446128, "text": "$AMZN No suprise that short are not happy this morning lol hahahaha", "time": 1493399670.0, "sentiment": ""}, {"id": 81446108, "text": "$AMZN you said that every year since 2010 gee youre a bad caller", "time": 1493399606.0, "sentiment": ""}, {"id": 81446084, "text": "$AMZN thats my point 1000$ before 2018 but dip along the way dogg, there is always dip along the way dogg", "time": 1493399562.0, "sentiment": ""}, {"id": 81446080, "text": "$AMZN analysts are like shadows, always one step behind .", "time": 1493399557.0, "sentiment": ""}, {"id": 81446049, "text": "$AMZN lol not enough to be amazing but anything amzn touch turn in gold", "time": 1493399505.0, "sentiment": ""}, {"id": 81446030, "text": "$AMZN Bad ER? Lol", "time": 1493399456.0, "sentiment": ""}, {"id": 81446014, "text": "$AMZN yes paid bashers works for firm as paid pumpers too. Easy to recognise them", "time": 1493399415.0, "sentiment": ""}, {"id": 81445987, "text": "$AMZN its going to 1000$ before 2018, not next week as some dummie says here", "time": 1493399358.0, "sentiment": ""}, {"id": 81445962, "text": "$AMZN if you cannot get in with options or share maybe you should start by earning enough money to invest", "time": 1493399308.0, "sentiment": ""}, {"id": 81445915, "text": "$AMZN Yes this is amazing", "time": 1493399242.0, "sentiment": ""}, {"id": 81445891, "text": "$AMZN not necessarely in a month but before 2018 dogg", "time": 1493399206.0, "sentiment": ""}, {"id": 81445873, "text": "$SPY $AMZN $GOOGL $PCLN You mean profits taking? Not sure as these result proves amzn is going to 1000$ many will jump in", "time": 1493399165.0, "sentiment": ""}, {"id": 81445825, "text": "$AMZN Not soon dogg but before 2018 yes", "time": 1493399080.0, "sentiment": ""}, {"id": 81445380, "text": "$AMZN Where are the bashers from $730 a share.  Don&#39;t you guys get it...", "time": 1493397999.0, "sentiment": ""}, {"id": 81445311, "text": "$AMZN 1000$ soon", "time": 1493397847.0, "sentiment": "Bullish"}, {"id": 81445166, "text": "@dustin1515 If you sell at open when $AMZN is trading at $950, you stand to make ~$1,400 in profit.", "time": 1493397120.0, "sentiment": ""}, {"id": 81444886, "text": "Stock Trading Results Thurs Apr 27 $MTBC, $GOOGL, $AMZN, $SNAP, $JUNO, $GREK\n\nhttps://compoundtrading.com/stock-trading-results-thurs-apr-27-mtbc-googl-amzn-snap-juno-grek/", "time": 1493395954.0, "sentiment": ""}, {"id": 81444864, "text": "@fredlogan2 $GOOGL And $AMZN up 30 plus points right now. After er man watch 175", "time": 1493395848.0, "sentiment": ""}, {"id": 81444738, "text": "$GOOG $AMZN $TSLA $TRVG $FB $SSNC $ON $QQQ $GRUB The fact is, if you put all your money into high-quality tech, you just can&#39;t lose. #win", "time": 1493395231.0, "sentiment": "Bullish"}, {"id": 81444605, "text": "$NVDA: $AMZN &amp; $MSFT #cloud business boom should also be reflected in $NVDA revenues this quarter and in the future", "time": 1493394542.0, "sentiment": "Bullish"}, {"id": 81444439, "text": "$AMZN reported 1.48 EPS and 35,714 revenue for Q1. \n http://www.estimize.com/intro/amzn?utm_content=AMZN&amp;utm_medium=eps_update&amp;utm_source=stocktwits#chart=historical", "time": 1493393745.0, "sentiment": ""}, {"id": 81444359, "text": "$AMZN $1000 $GOOGL", "time": 1493393346.0, "sentiment": "Bullish"}, {"id": 81444309, "text": "$SPY $amzn $googl $pcln get ready for sell off today", "time": 1493393107.0, "sentiment": "Bearish"}, {"id": 81443958, "text": "$AMZN Many of you remember pricelines rise  to the 1000 club , no reason this cant be there in a month", "time": 1493390767.0, "sentiment": "Bullish"}, {"id": 81443880, "text": "$GOOGL $AMZN race to $1000 not really fair, split-adjusted google hit it years ago. love both though", "time": 1493390323.0, "sentiment": "Bullish"}, {"id": 81443820, "text": "$GOOGL &amp; $AMZN both running int he race of 1000 http://hubs.ly/H07hZT-0", "time": 1493390077.0, "sentiment": ""}, {"id": 81443699, "text": "$BAC $AAPL $GOOG $AMZN Anyone know where I can go to find the puts/calls ratios of these securities?", "time": 1493389493.0, "sentiment": ""}, {"id": 81443534, "text": "My nine @ nine! watch these today for higher Prices:  $MOMO $YNDX $AMZN $TSLA $IRBT $CVI $EXAS BCO $MU", "time": 1493388593.0, "sentiment": "Bullish"}, {"id": 81443485, "text": "$AMZN somebody an idea about stock split anytime soon? I want to get in!  #amazon  #amzn", "time": 1493388328.0, "sentiment": ""}, {"id": 81443431, "text": "@Wallet $AMZN is obviously pumped up by WS to take $ from dumb money. $AMZN don&#39;t know how to make money as a company.", "time": 1493388024.0, "sentiment": "Bearish"}, {"id": 81443294, "text": "$AMZN  damn i want to buy ....", "time": 1493387297.0, "sentiment": "Bullish"}, {"id": 81443115, "text": "@Johnny_Greenjeans \n$AMZN You abhor  all those Ivy League hedge fund mangers?\ud83d\udc4a", "time": 1493386338.0, "sentiment": ""}, {"id": 81443112, "text": "$AMZN Anyone look at their annual rev?  They did about 15 mil net last year.  They could make more $$ manipulating their own stock!!! Joker.", "time": 1493386309.0, "sentiment": "Bearish"}, {"id": 81443037, "text": "$AMZN set to gap above our Trade Signal target price of 941, will reassess technicals tmr http://hubs.ly/H07hYbv0", "time": 1493385937.0, "sentiment": ""}, {"id": 81442972, "text": "$AMZN a bear just tried to compare this with Enron. Oh My God. Pure lunacy. Who are these people?  They must be getting paid by someone", "time": 1493385646.0, "sentiment": ""}, {"id": 81442879, "text": "$AMZN set to gap above our Trade Signal target price of 941, will reassess technicals tmr https://www.wingcharts.com/view.php?symbol=AMZN&amp;id=069ada070ed", "time": 1493385316.0, "sentiment": "Bullish"}, {"id": 81442735, "text": "$AMZN all those Ivy League hedge fund mangers and institution program managers will be buying hand over fist \ud83d\udc4a", "time": 1493384915.0, "sentiment": ""}, {"id": 81442671, "text": "$AMZN announced lower forward guidance. You have to be delusional to buy tomorrow or now after such a bad earnings guidance", "time": 1493384740.0, "sentiment": "Bearish"}, {"id": 81442488, "text": "$AMZN fly baby fly!", "time": 1493383951.0, "sentiment": "Bullish"}]