[{"id": 84194912, "text": "$AMZN I got white dust for anyone who tags this bearish...U must like losing money or your a complete fool", "time": 1495755026.0, "sentiment": "Bullish"}, {"id": 84194878, "text": "$AMZN wow", "time": 1495755015.0, "sentiment": ""}, {"id": 84194825, "text": "$AMZN 1.75 to go", "time": 1495754995.0, "sentiment": ""}, {"id": 84194803, "text": "$AMZN I want to see 999.99!", "time": 1495754988.0, "sentiment": ""}, {"id": 84194755, "text": "im just here for $AMZN .. i dont even have a position.. i just have nothing better to do today", "time": 1495754973.0, "sentiment": ""}, {"id": 84194725, "text": "$AMZN once it hit 1k. The volatility will be insane", "time": 1495754963.0, "sentiment": ""}, {"id": 84194675, "text": "Just here to remind everyone that I bought $AMZN at 450 and sold it 2 months later to cover a different bad trade. I&#39;m learning...", "time": 1495754946.0, "sentiment": ""}, {"id": 84194660, "text": "$AMZN HAHAHA!!! 1k 1k 1k 1k   Join the party already!", "time": 1495754942.0, "sentiment": "Bullish"}, {"id": 84194659, "text": "$AMZN oh god. CNBC just went bonkers bullish. Bulls take profits! Bulls take profits!", "time": 1495754942.0, "sentiment": "Bearish"}, {"id": 84194593, "text": "$AMZN $1000 level can be hard to push through. Let&#39;s see if there is enough steam to break easily or will we have a hard time to penetrate?", "time": 1495754922.0, "sentiment": ""}, {"id": 84194555, "text": "$AMZN. Count down or rather count UP to $1000.", "time": 1495754909.0, "sentiment": "Bullish"}, {"id": 84194469, "text": "$AMZN Do it. Do the thingy.", "time": 1495754881.0, "sentiment": ""}, {"id": 84194463, "text": "$AMZN https://www.youtube.com/watch?v=rQSmfR1_SVE", "time": 1495754881.0, "sentiment": ""}, {"id": 84194411, "text": "$AMZN started trading this with 300 shares @$571, been holding &amp; scalping since.But held last purchase of 300 since $819.Still holding 100.", "time": 1495754863.0, "sentiment": "Bullish"}, {"id": 84194361, "text": "Today&#39;s option trades for $AMZN listed options has produced $1,474,317 in trading edge.", "time": 1495754844.0, "sentiment": ""}, {"id": 84194350, "text": "$FB $AMZN $NFLX $GOOG $GOOGL \nCome on $AAPL speed it up\nIf you want to stay in the FANG club!", "time": 1495754838.0, "sentiment": ""}, {"id": 84194349, "text": "$AMZN unstoppable run. Getting close to a parabolic trend however. This is insane. But we trade what we see and not what we think.", "time": 1495754838.0, "sentiment": ""}, {"id": 84194313, "text": "$AMZN only 2 bucks...", "time": 1495754823.0, "sentiment": ""}, {"id": 84194287, "text": "$TGT $Amzn $bby Amazon is the largest brick and mortar retailer in the world.They have over 10000 pickup points in Italy.Figure out the rest", "time": 1495754817.0, "sentiment": ""}, {"id": 84194190, "text": "$SPY no fear buying today, all dips to be bought, cuz $amzn $googl to $1000 no ifs ands or butts. $qqq $iwm $vxx $uvxy $aapl", "time": 1495754778.0, "sentiment": "Bullish"}, {"id": 84194157, "text": "@lucyyeslucy  very close yo $1000 $AMZN", "time": 1495754767.0, "sentiment": "Bullish"}, {"id": 84194129, "text": "1000 ON DECK $googl $amzn", "time": 1495754754.0, "sentiment": ""}, {"id": 84194012, "text": "$AMZN if they really do disrupt the RX distribution bus. with innovation bypassing the big 3 Card. Amer. Mck., they will B a force 2B seen", "time": 1495754718.0, "sentiment": ""}, {"id": 84193913, "text": "$AMZN Again... Its so close guys... So close", "time": 1495754693.0, "sentiment": ""}, {"id": 84193854, "text": "$AMZN wake up people, Lunch break is over !!!!", "time": 1495754678.0, "sentiment": "Bullish"}, {"id": 84193778, "text": "$BTCUSD only up 18% today. lol &quot;risk is to the upside.&quot; $SPY $AMZN", "time": 1495754656.0, "sentiment": ""}, {"id": 84193684, "text": "$AMZN No company has ever embraced the concept &quot;Global&quot; better than Amazon", "time": 1495754618.0, "sentiment": "Bullish"}, {"id": 84193669, "text": "$AMZN Let&#39;s try it again...", "time": 1495754611.0, "sentiment": "Bullish"}, {"id": 84193545, "text": "$SPY I feel like I should buy some $AMZN just to get it over with.", "time": 1495754569.0, "sentiment": ""}, {"id": 84193524, "text": "$AMZN building steam....", "time": 1495754562.0, "sentiment": "Bullish"}, {"id": 84193520, "text": "$AMZN I wish I invested &amp; reinvested every $ I had made in my life into AMZN $1000", "time": 1495754562.0, "sentiment": "Bullish"}, {"id": 84193518, "text": "$AMZN ...ahhhhhhhhhhhhhhhhhhhh   $$$$$$$$$$", "time": 1495754562.0, "sentiment": ""}, {"id": 84193399, "text": "$AMZN if it crosses 998.5 resistance.. not going to come back below 1000", "time": 1495754520.0, "sentiment": "Bullish"}, {"id": 84193379, "text": "Thursday links: an $AAPL Alexa-killer, in defense of Vanguard and the highest paid MBAs. https://abnormalreturns.com/2017/05/25/thursday-links-the-filter-bubble/ $BCOIN $GLD $FB $AMZN $FED", "time": 1495754514.0, "sentiment": ""}, {"id": 84193356, "text": "$AMZN some times all looks funny but as hobby trading we can not ignore market and trend. Do not go against Tape. Buy with tight stop loss", "time": 1495754506.0, "sentiment": ""}, {"id": 84193345, "text": "$AMZN 1000 is here. How long before we get a split?", "time": 1495754502.0, "sentiment": "Bullish"}, {"id": 84193297, "text": "$AMZN IT&#39;S 1000$ !!!!!!! ( just wanted to be the first to tweet this here lol )", "time": 1495754490.0, "sentiment": ""}, {"id": 84193274, "text": "Come on $GOOGL and $AMZN hit 1000 lets get all the #bagholders on board!! It&#39;s really cheap up here at the all time highs!!", "time": 1495754482.0, "sentiment": ""}, {"id": 84192876, "text": "$SPY $AMZN was at $808 in feb. and it&#39;s over valued now? Look at $PCLN. Disruptive business models always have a premium.", "time": 1495754341.0, "sentiment": ""}, {"id": 84192872, "text": "$AMZN you may know amazon has salary cap. All compensation ,perfromance bonus awarded as RSU . ..more bag holder employees not good", "time": 1495754341.0, "sentiment": ""}, {"id": 84192840, "text": "$AMZN my experience on the site has gotten worse lately as well...lots of crap sellers from China", "time": 1495754331.0, "sentiment": ""}, {"id": 84192795, "text": "$AMZN Watching, glued to the screen, just to see if it reach the big historical $1000 today", "time": 1495754318.0, "sentiment": ""}, {"id": 84192738, "text": "$AMZN i got one stock that doesn&#39;t suck", "time": 1495754297.0, "sentiment": "Bullish"}, {"id": 84192725, "text": "$AMZN Looks like it will hit $1000 today. Congrats to all you bulls! I cannot even rationalize it at a $500 value. See you on the way down!", "time": 1495754296.0, "sentiment": "Bearish"}, {"id": 84192697, "text": "Amazon just opened a bookstore in NYC. That\u2019s all part of their plan to take over the (retail) world: http://moneybadger.stocktwits.com/amazon-physical-stores/?utm_medium=social&amp;utm_source=stocktwits $AMZN", "time": 1495754288.0, "sentiment": ""}, {"id": 84192660, "text": "$AMZN if not today then sure tomorrow", "time": 1495754274.0, "sentiment": "Bullish"}, {"id": 84192385, "text": "$AMZN worth $1,000, might earn $10 next year", "time": 1495754187.0, "sentiment": ""}, {"id": 84192332, "text": "$AMZN what does stamp do ...i guess sell only stamps ..i have to check.", "time": 1495754170.0, "sentiment": ""}, {"id": 84192219, "text": "$AMZN Main Trading Session VWAP Statistics For 25-May-2017 https://marketchameleon.com/Overview/AMZN/VwapTable/", "time": 1495754143.0, "sentiment": ""}, {"id": 84192197, "text": "$amzn these charts work like clock work $spy", "time": 1495754136.0, "sentiment": ""}, {"id": 84192030, "text": "Did You Miss Alibaba, Amazon Breakouts? This Internet Stock May Be Next $BABA $AMZN $STMP http://bit.ly/2qZXBss $JD $BZUN $WB @stampscom", "time": 1495754087.0, "sentiment": ""}, {"id": 84192025, "text": "$AMZN Amazon will not split ...Otherise shorts will kill it.", "time": 1495754085.0, "sentiment": ""}, {"id": 84191906, "text": "$AMZN added at $2.60 to tomorrows $990 puts", "time": 1495754047.0, "sentiment": "Bearish"}, {"id": 84191872, "text": "$AMZN negative Nellie scott wapner keeps bashing the markets and some stocks everyday hoping he can take the markets down", "time": 1495754035.0, "sentiment": ""}, {"id": 84191823, "text": "$AMZN 1000 per share than a 10 to 1 stock split . Then back to 1000 again", "time": 1495754013.0, "sentiment": "Bullish"}, {"id": 84191735, "text": "Lots of breakout action today, with leaders like $GOOG, $GOOGL, $AMZN, &amp; $NFLX and others notching nice gains.", "time": 1495753989.0, "sentiment": ""}, {"id": 84191684, "text": "$AMZN $GOOG  they Lied....Goog is the turtle trailing the hare", "time": 1495753975.0, "sentiment": ""}, {"id": 84191502, "text": "$AMZN the best stock in history, imo", "time": 1495753916.0, "sentiment": "Bullish"}, {"id": 84191399, "text": "$AMZN load up let&#39;s go", "time": 1495753890.0, "sentiment": ""}, {"id": 84191392, "text": "$AMZN ok now its 1010 lol", "time": 1495753887.0, "sentiment": ""}, {"id": 84191352, "text": "$AMZN Very interesting to watch today as $1,000 per share target price is within immediate reach.", "time": 1495753874.0, "sentiment": ""}, {"id": 84191295, "text": "$TGT sold, so tired of waiting here. I think I&#39;ll follow all the other sheep and buy $AMZN.", "time": 1495753854.0, "sentiment": ""}, {"id": 84191270, "text": "$AMZN =  1000 TRAIN...sometimes those calls work out very well.  BOOMER  $$$$$$$$$$$$$$$$$$$$$$$", "time": 1495753848.0, "sentiment": ""}, {"id": 84191222, "text": "$AMZN 2nd run started .. hop on to 1010", "time": 1495753836.0, "sentiment": "Bullish"}, {"id": 84191200, "text": "$AMZN hanging around striking distant. she will closed over 1k. you can mark this. if not i will follow u.", "time": 1495753829.0, "sentiment": "Bullish"}, {"id": 84191175, "text": "$AMZN I want to see this green 1000 today!", "time": 1495753819.0, "sentiment": "Bullish"}, {"id": 84191080, "text": "$AMZN it will run 1100", "time": 1495753787.0, "sentiment": ""}, {"id": 84191041, "text": "$AMZN i can not imagine people not going to office ,shop or restaurant ,movies etc... we are in America to enjoy that . Not to buy online...", "time": 1495753774.0, "sentiment": ""}, {"id": 84191033, "text": "$AMZN Thats a real show to watch, will it reach 1k or not today ?", "time": 1495753771.0, "sentiment": ""}, {"id": 84190941, "text": "$AMZN anyone feel like this might go to $1020 or $1050?", "time": 1495753744.0, "sentiment": ""}, {"id": 84190917, "text": "How to Trade Netflix, Inc. Stock on This Pop $NFLX @netflix  $GOOGL $FB $AMZN http://bit.ly/2rlAqMf  http://bit.ly/AGTNFLX", "time": 1495753733.0, "sentiment": ""}, {"id": 84190850, "text": "$AMZN 1000... If that happens today or tomorrow will celebrate by ordering   champagne... On Amazon of course", "time": 1495753710.0, "sentiment": "Bullish"}, {"id": 84190817, "text": "$AMZN Brick and mortar is the future.  Stop Listening to what the paid analysts are saying. $TGT $WMT", "time": 1495753702.0, "sentiment": "Bullish"}, {"id": 84190691, "text": "$AMZN c&#39;mon AMZN let&#39;s go!!!", "time": 1495753664.0, "sentiment": "Bullish"}, {"id": 84190437, "text": "$AMZN it will run upo point when we have stock market bust. Earnings no longer sustainable for 90% of top companies", "time": 1495753582.0, "sentiment": ""}, {"id": 84190363, "text": "$AMZN fighting for four digits per share! Think we can make it?", "time": 1495753560.0, "sentiment": ""}, {"id": 84190207, "text": "$AMZN it is 1000  ..I am seller today .Good luck for 1000+", "time": 1495753507.0, "sentiment": ""}, {"id": 84190167, "text": "$AMZN taking over the world", "time": 1495753494.0, "sentiment": ""}, {"id": 84190152, "text": "@billgunderson there is way too much upside with $AMZN to sell. Buy all the FANG stocks", "time": 1495753489.0, "sentiment": ""}, {"id": 84190146, "text": "$SPY bait the $1000 mark on $AMZN and $GOOGL with the low vol holiday week. All while the fed is planning on selling assets bought w/ fiat $", "time": 1495753486.0, "sentiment": ""}, {"id": 84190072, "text": "$AMZN in case you were wondering $998.5 is not $1000", "time": 1495753466.0, "sentiment": ""}, {"id": 84189992, "text": "$TGT @Blikewater amazon partners with post offices, 7-eleven and thousand of other physical stores. How dumb are you? $AMZN", "time": 1495753441.0, "sentiment": ""}, {"id": 84189991, "text": "$AMZN FB will step in every where ...Not sure how ..but that will happen .", "time": 1495753440.0, "sentiment": ""}, {"id": 84189743, "text": "@Caseevaluator Relax, it&#39;s just passive/aggressive sarcasm since I&#39;ve been so wrong on $AMZN. He&#39;s obviously smarter than I.", "time": 1495753360.0, "sentiment": ""}, {"id": 84189715, "text": "$AMZN FB i have change in opinion . True winner in long .  Will get lots of idea ..and see going 1000 sooner", "time": 1495753352.0, "sentiment": ""}, {"id": 84189714, "text": "$AMZN $GOOGL lets go, seems like confirmation", "time": 1495753352.0, "sentiment": "Bearish"}, {"id": 84189612, "text": "$AMZN 1 hour of decay and churn - killing weeklies now with decay.  Congrats to all longs. Great profits before MD weekend.", "time": 1495753322.0, "sentiment": ""}, {"id": 84189606, "text": "$AMZN mom-and pop will buy when they survive amazon .", "time": 1495753321.0, "sentiment": ""}, {"id": 84189605, "text": "$AMZN any last minute buys under $1K?", "time": 1495753321.0, "sentiment": "Bullish"}, {"id": 84189536, "text": "$AMZN $fB $BbRY rock solid winners", "time": 1495753299.0, "sentiment": "Bullish"}, {"id": 84189454, "text": "$AMZN Even want can not ship heavy equipment, construction ...all eyeing and mom and pop. Mom and pop buying cheap cloud .", "time": 1495753274.0, "sentiment": ""}, {"id": 84189314, "text": "$AMZN Who is actually shorting this? Shorting this today is probably a bad idea....", "time": 1495753233.0, "sentiment": ""}, {"id": 84189207, "text": "$AMZN any talks of a split in the upcoming months?", "time": 1495753203.0, "sentiment": ""}, {"id": 84189147, "text": "The race to $1000! Who wins?!?! $AMZN $GOOGL", "time": 1495753186.0, "sentiment": ""}, {"id": 84189126, "text": "$TGT Target uses stores as fulfillment centers for quicker and lower cost customer pickup or home delivery. $AMZN $BBY $WMT", "time": 1495753177.0, "sentiment": "Bullish"}, {"id": 84189122, "text": "$GOOGL, $AMZN Who hits $1,000 first?", "time": 1495753176.0, "sentiment": ""}, {"id": 84189090, "text": "$AMZN to bloated", "time": 1495753166.0, "sentiment": ""}, {"id": 84188947, "text": "$AMZN it is my biggest short", "time": 1495753122.0, "sentiment": "Bearish"}, {"id": 84188935, "text": "$TGT who the f*ck says that Brick and Mortar is dying?? $AMZN $BBY $WMT", "time": 1495753118.0, "sentiment": "Bullish"}, {"id": 84188905, "text": "$AMZN echo show to be released in about a month", "time": 1495753112.0, "sentiment": ""}, {"id": 84188866, "text": "$PULM As we wait for 3$ R you guys watch the race to 1000? between $AMZN and $GOOGL", "time": 1495753100.0, "sentiment": "Bullish"}, {"id": 84188846, "text": "$AMZN But love this momentum ....Enjoy until last.", "time": 1495753094.0, "sentiment": ""}, {"id": 84188797, "text": "$GOOGL $AMZN yes good question", "time": 1495753077.0, "sentiment": ""}, {"id": 84188793, "text": "$AMZN #4 Alexa  ...Dumb machines ...can do certain things ..We need real advisor", "time": 1495753076.0, "sentiment": ""}, {"id": 84188748, "text": "$AMZN netflix is doing well too today ... +3.38% ouf... Thats a lot for a day. Amazon is +1.5% so far", "time": 1495753059.0, "sentiment": ""}, {"id": 84188712, "text": "$GOOGL above $990. Will it and $AMZN both top $1K on the same day? And will that day be today?", "time": 1495753052.0, "sentiment": ""}, {"id": 84188690, "text": "$AMZN # Self driving race ..who will use that . Will prefer bullet train or something like that which has safety.", "time": 1495753046.0, "sentiment": ""}, {"id": 84188663, "text": "$AMZN oil has long been disconnected from the market. nobody cares if oil goes up or down. EVs are the future. US has lot of oil production", "time": 1495753039.0, "sentiment": ""}, {"id": 84188565, "text": "$AMZN #2 Big companies rarely use cloud  -security . Junks video and other button sellers...Amazon killing those. Not sure about buyers", "time": 1495753009.0, "sentiment": ""}, {"id": 84188511, "text": "$AMZN No position here. Wondering if there will be a psychological sell at $1000 from the mkt.", "time": 1495752993.0, "sentiment": ""}, {"id": 84188501, "text": "$AMZN  bought  @  907    1,000 will come  by  11:15 am  CST", "time": 1495752991.0, "sentiment": "Bullish"}, {"id": 84188376, "text": "$AMZN CNBC had an article that $GOOG would reach 1000 first  - made no sense to me.", "time": 1495752955.0, "sentiment": ""}, {"id": 84188372, "text": "$AMZN Very Happy with price . Now the truth ...  HD ,BBY ,WMT all survived . Junk food and button seller will not survive.", "time": 1495752954.0, "sentiment": ""}, {"id": 84188345, "text": "$AMZN I&#39;m guessing (hoping) we break $1k today.", "time": 1495752942.0, "sentiment": ""}, {"id": 84188268, "text": "$AMZN 3$ to go before we never see under 1000 again", "time": 1495752920.0, "sentiment": "Bullish"}, {"id": 84188216, "text": "$AMZN $TSLA $NTES $GOOG $NVDA blockbuster GDP number expected tomorrow", "time": 1495752903.0, "sentiment": ""}, {"id": 84188172, "text": "$AMZN $1000??", "time": 1495752890.0, "sentiment": "Bullish"}, {"id": 84188116, "text": "$AMZN let&#39;s get to $1,000", "time": 1495752874.0, "sentiment": "Bullish"}, {"id": 84187894, "text": "$AMZN common $1020, hello", "time": 1495752804.0, "sentiment": ""}, {"id": 84187810, "text": "Another terrific breakout for $AMZN today. #77 rank out of 4,265 overall. I remain long.", "time": 1495752777.0, "sentiment": "Bullish"}, {"id": 84187777, "text": "$AMZN always happens during holidays when nobody trades excepts computers", "time": 1495752769.0, "sentiment": ""}, {"id": 84187707, "text": "$AMZN \ud83d\udd25 \ud83d\udd25\ud83d\udd25\ud83d\udd25\ud83d\udd25\ud83d\udd25\ud83d\udd25", "time": 1495752744.0, "sentiment": "Bullish"}, {"id": 84187634, "text": "$AMZN Amazing!", "time": 1495752726.0, "sentiment": ""}, {"id": 84187593, "text": "$AMZN it is still really close to 1000$ and the session is not over lol i wonder if it will touch 1k lol", "time": 1495752713.0, "sentiment": ""}, {"id": 84187587, "text": "$SPY $QQQ $AMZN  beautiful, beautiful bubbles....!", "time": 1495752711.0, "sentiment": ""}, {"id": 84187469, "text": "$AMZN you can&#39;t short this stock, it&#39;s unshortable", "time": 1495752678.0, "sentiment": ""}, {"id": 84187265, "text": "Share an idea on $AMZN 15% extension from19.70 base was 22.65.  It got there.  Now it needs to consolidate.", "time": 1495752617.0, "sentiment": ""}, {"id": 84187240, "text": "$AMZN tag that 1000 and drop all markets $spy $iwm", "time": 1495752613.0, "sentiment": "Bearish"}, {"id": 84187181, "text": "$AMZN at all-time highs. Remember this?", "time": 1495752596.0, "sentiment": ""}, {"id": 84187149, "text": "$AMZN ok i am in at 995$ i hope it will explode after 1000$ :))", "time": 1495752586.0, "sentiment": "Bullish"}, {"id": 84187098, "text": "$AMZN doing its job to prop up the market. $SPY", "time": 1495752573.0, "sentiment": ""}, {"id": 84187055, "text": "$AMZN has the MOJO to reach my June target of $1,025.99. https://www.thestreet.com/slideshow/14106121/1/earnings-from-apple-amazon-facebook-alphabet-tesla-has-mojo-stocks-in-the-technical-crosshairs.html", "time": 1495752557.0, "sentiment": ""}, {"id": 84186967, "text": "$AMZN  The algorithms are controlling most of the price action.  IMO", "time": 1495752534.0, "sentiment": ""}, {"id": 84186778, "text": "$AMZN Oil weakness hurting the Leaders. Sell programs based on Oil kicking in. This would be over 1000 if not for the drop in Oil. GLTA", "time": 1495752487.0, "sentiment": "Bullish"}, {"id": 84186487, "text": "$GOOGL &amp; $AMZN are neck &amp; neck as the come down the homestretch towards $1,000.00...", "time": 1495752398.0, "sentiment": ""}, {"id": 84186454, "text": "$AMZN Amazon.com (AMZN) PT Raised to $1,125 at Cowen Following Cloud Survey; AWS Seen Worth $221B.", "time": 1495752387.0, "sentiment": ""}, {"id": 84186372, "text": "$AMZN 1k here we come. LETS GET IT", "time": 1495752361.0, "sentiment": ""}, {"id": 84186052, "text": "$AMZN options in $AMZN can make you rich. Just made $25K in 2 hours. But you need to watch every second because the swings are huge", "time": 1495752275.0, "sentiment": "Bullish"}, {"id": 84185884, "text": "$AMZN and here come the profit takers", "time": 1495752222.0, "sentiment": ""}, {"id": 84185869, "text": "$AMZN 1000 Just A Number. Innovation At Massive Scale. Machines Will Test 1000 Soon. Very Long Common.", "time": 1495752219.0, "sentiment": "Bullish"}, {"id": 84185843, "text": "$AMZN Are we doing 1,000 today or tomm \ud83d\udcb0\ud83d\udcb0\ud83d\udcb0\ud83d\udcb0", "time": 1495752215.0, "sentiment": "Bullish"}, {"id": 84185830, "text": "$AMZN Well we didn&#39;t make it on the first attempt. *steps off bridge*", "time": 1495752209.0, "sentiment": "Bullish"}, {"id": 84185819, "text": "$AMZN +3.5pt scalped.", "time": 1495752207.0, "sentiment": ""}, {"id": 84185799, "text": "$AMZN looks like they thought it was close enough, now time to take it down...", "time": 1495752200.0, "sentiment": ""}, {"id": 84185780, "text": "$AMZN wow! Glad I sold my June calls before dip! Holding July calls. I figure we still break 1000 by next week", "time": 1495752195.0, "sentiment": "Bullish"}, {"id": 84185654, "text": "and here comes the profit taking $amzn $googl", "time": 1495752163.0, "sentiment": ""}, {"id": 84185624, "text": "$AMZN anticipation is an art but you did a great trade ( way better than me) so I applaude you", "time": 1495752153.0, "sentiment": ""}, {"id": 84185579, "text": "$AMZN no soup for you", "time": 1495752138.0, "sentiment": ""}, {"id": 84185488, "text": "$UVXY don&#39;t touch. Watch $AMZN it will break 1000 then maybe a pull back a BIG MAYBE", "time": 1495752113.0, "sentiment": ""}, {"id": 84185427, "text": "$AMZN Lol thanks for the info :-)", "time": 1495752098.0, "sentiment": ""}]