[{"id": 86174577, "text": "$WFM I don&#39;t understand why this didn&#39;t take off?  the AMZN amount of inventory they are going to be selling with distribution like $amzn", "time": 1497661249.0, "sentiment": ""}, {"id": 86174510, "text": "$AMZN apparently Trump is fuming with the news today, he hates Bezos and his job slashing measures with the acquisition of Whole Foods today", "time": 1497661214.0, "sentiment": "Bearish"}, {"id": 86174461, "text": "$AMZN just a minute ago I loaded up another position, july 7 1012.5 long call", "time": 1497661198.0, "sentiment": "Bullish"}, {"id": 86174430, "text": "$COST $WFM $AMZN both co&#39;s cater to middle/upper income clientele; WFM can now afford to get more competitive on pricing if necc", "time": 1497661188.0, "sentiment": ""}, {"id": 86174412, "text": "$AMZN knock out weak and head to 1000.", "time": 1497661179.0, "sentiment": ""}, {"id": 86174397, "text": "$AMZN Whole Foods + Amazon = Whamazon", "time": 1497661170.0, "sentiment": ""}, {"id": 86174392, "text": "$KR $AMZN $KR... @MasterIchimoku crazy scenario I have been pondering since I saw this post @CDCapital was onto something.", "time": 1497661169.0, "sentiment": ""}, {"id": 86174389, "text": "$AMZN think Bezos selling his shares to &quot;fund rockets&quot; was more of a ploy to free up cash for the whole foods purchase?", "time": 1497661168.0, "sentiment": ""}, {"id": 86174342, "text": "$AMZN (I am long) impacting many retailers today. Tentacles even reach to $COST (No position)", "time": 1497661147.0, "sentiment": ""}, {"id": 86174311, "text": "$amzn just broke the $994 wall", "time": 1497661137.0, "sentiment": "Bullish"}, {"id": 86174257, "text": "$AMZN Annnd back up. I assume it&#39;ll break 995-996 resists, then break back down after triggering entries.", "time": 1497661118.0, "sentiment": ""}, {"id": 86174256, "text": "Amazon To Acquire Whole Foods For Retail Footprint And Value Add \nhttps://seekingalpha.com/article/4082026?source=ansh $AMZN, $GOOG, $WFM, $WMT, $GOOGL", "time": 1497661118.0, "sentiment": ""}, {"id": 86174090, "text": "$AMZN Here comes the Boom!!", "time": 1497661054.0, "sentiment": "Bullish"}, {"id": 86174022, "text": "ALERT: $TGT $WMT $COST These have been crushed today due to $AMZN Acquired news of $WFM AMZN what a beast.", "time": 1497661021.0, "sentiment": ""}, {"id": 86173954, "text": "$amzn.disruptive", "time": 1497660994.0, "sentiment": "Bullish"}, {"id": 86173937, "text": "$AMZN F $AMZN", "time": 1497660987.0, "sentiment": "Bearish"}, {"id": 86173926, "text": "Kind of Blue. Apron. Remember when Blue Apron filed to go public earlier this month? Will the $AMZN-$WFM deal hurt its chances to IPO?", "time": 1497660981.0, "sentiment": ""}, {"id": 86173900, "text": "$AMZN have you guys seen this, Amazing Amazon GO .. no lines,no check out,NO CASHIERS and NO JOBS! LOL. the future.  https://www.youtube.com/watch?v=NrmMk1Myrxc", "time": 1497660971.0, "sentiment": "Bullish"}, {"id": 86173804, "text": "$AMZN have been trying for over a year to penetrate grocery bus. with no luck. Costco will eat them on a cracker as this is their turf.", "time": 1497660931.0, "sentiment": ""}, {"id": 86173758, "text": "@johnd85 There are a lot of rumors that $AMZN wants to get into pharmacy as well", "time": 1497660915.0, "sentiment": ""}, {"id": 86173732, "text": "$PLUG going higher on $AMZN $WFM deal. Won&#39;t take any profit till 2.50+", "time": 1497660902.0, "sentiment": "Bullish"}, {"id": 86173546, "text": "$AMZN 1000$ next week if not today ...see you later guys i need to go", "time": 1497660820.0, "sentiment": "Bullish"}, {"id": 86173405, "text": "$AAPL Better to buy $FB $AMZN", "time": 1497660762.0, "sentiment": ""}, {"id": 86173392, "text": "$AMZN WOW!!!! Wish I had the capital to get in on this \ud83d\udc4d\ud83d\udc4d\ud83d\udd25\ud83d\udd25\ud83d\udcb0\ud83d\udcb0", "time": 1497660755.0, "sentiment": "Bullish"}, {"id": 86173387, "text": "Top Sell Money Flow - $AMZN $GOOGL $XOM $UNH $GS $PG $HD $BA $AMGN $DIS", "time": 1497660754.0, "sentiment": "Bearish"}, {"id": 86173384, "text": "6.16.17 Elliott Wave Updates For F.A.N.G. - $FB $AMZN $NFLX $GOOGL   http://wavegenius.com/6-16-17-elliott-wave-updates-for-f-a-n-g-fb-amzn", "time": 1497660754.0, "sentiment": ""}, {"id": 86173362, "text": "$AMZN im fully expecting this to go straight across in a tight range and lose my money.  should have taken profit when it dipped into 980s", "time": 1497660745.0, "sentiment": ""}, {"id": 86173352, "text": "$AMZN Just trying to start the elimination of retail jobs at the expense of American working families. Very sad times.", "time": 1497660740.0, "sentiment": "Bearish"}, {"id": 86173344, "text": "$PLUG $AMZN $WFM   ALL LOGISTIC will be done by $PLUG", "time": 1497660737.0, "sentiment": "Bullish"}, {"id": 86173338, "text": "Amazing graphic showing all the failures along the way to $AMZN&#39;s success. Via @VisualCap\n\nhttp://www.visualcapitalist.com/jeff-bezos-built-amazon-empire/", "time": 1497660733.0, "sentiment": ""}, {"id": 86173332, "text": "$SYNA Conexant Systems, developer of audio &amp; voice technology for Amazon $AMZN  devices, has agreed to be sold to Synaptics Inc.", "time": 1497660729.0, "sentiment": ""}, {"id": 86173237, "text": "@nick159 well now a contract with $AMZN is all that matters. I also think it&#39;s fair to assume AMZN will increase use because of WFM", "time": 1497660693.0, "sentiment": "Bullish"}, {"id": 86173202, "text": "$AMZN hate to say this but anyone who think this stock is not going to 1000$ + next week if not today is blind and stupid", "time": 1497660679.0, "sentiment": "Bullish"}, {"id": 86173195, "text": "$AMZN Bezos, one more try toward $1000", "time": 1497660677.0, "sentiment": ""}, {"id": 86173164, "text": "$AMZN has already said they want to explore the pharmacy business. This gives them brick and mortar framework.", "time": 1497660666.0, "sentiment": ""}, {"id": 86173160, "text": "$PLUG GO GO GO $AMZN $WFM", "time": 1497660664.0, "sentiment": "Bullish"}, {"id": 86173155, "text": "$AMZN trimming most at 995 here...nasdaq is risky next week", "time": 1497660662.0, "sentiment": ""}, {"id": 86173141, "text": "$COST will serve $AMZN chopped up on a small crackers at the demo-ladies counters. No one can beat great COSTCO in the grocery business !", "time": 1497660655.0, "sentiment": ""}, {"id": 86172914, "text": "The Most Shorted Companies In The World Are Also The Most Respected $AMZN $GOOG $GOOGL $AAPL $BABA $TSLA \n\nhttp://buff.ly/2t7t5gJ", "time": 1497660556.0, "sentiment": ""}, {"id": 86172906, "text": "$SQ &amp; $AMZN are the future!", "time": 1497660553.0, "sentiment": "Bullish"}, {"id": 86172861, "text": "Why you read strategists not analysts or bankers to make money in the market ruled by machines $wfm $amzn  http://www.businessinsider.com/scott-galloway-explains-exactly-why-amazon-would-acquire-whole-foods-retail-acquisition-billions-2017-6?IR=T", "time": 1497660534.0, "sentiment": ""}, {"id": 86172842, "text": "$AMZN Goldman advised Amazon and lead banks on the $13.7 billion bridge loan. no wonder vile evil GS trashed big techs to get cheap amzn", "time": 1497660528.0, "sentiment": ""}, {"id": 86172784, "text": "@techmobowl lol stop it goldman sachs that was last friday, nobody listen to you anymore $amzn", "time": 1497660501.0, "sentiment": "Bullish"}, {"id": 86172770, "text": "$PLUG $AMZN $WFM are all intertwined", "time": 1497660496.0, "sentiment": "Bullish"}, {"id": 86172594, "text": "The Amazon Tax ... older post but strategically important to understand $amzn $xrt  https://stratechery.com/2016/the-amazon-tax/", "time": 1497660432.0, "sentiment": ""}, {"id": 86172571, "text": "@JJSTAR ath in june anyway ... $amzn", "time": 1497660421.0, "sentiment": "Bullish"}, {"id": 86172513, "text": "$AMZN strong base at 993", "time": 1497660397.0, "sentiment": ""}, {"id": 86172456, "text": "$AMZN   993..... BUY B4 $1000 we all know its going there next week if not today...", "time": 1497660374.0, "sentiment": "Bullish"}, {"id": 86172400, "text": "$AMZN Yeah lol. Tossed around like a ragdoll. Don&#39;t forget it&#39;s a Friday.", "time": 1497660352.0, "sentiment": ""}, {"id": 86172334, "text": "$AMZN What do you think? Will there be weekend profit taking or eod rally past 1k?", "time": 1497660324.0, "sentiment": ""}, {"id": 86172273, "text": "$AMZN damn. This might crash at 3 once rebalancing starts. Be carful.", "time": 1497660305.0, "sentiment": ""}, {"id": 86172267, "text": "$AMZN when $GS mentioned $AMZN was overvalued, they actually increased position the day after!", "time": 1497660303.0, "sentiment": ""}, {"id": 86172252, "text": "Talking about $AMZN $WFM huge merger for green grocery\u2019s validating Americas interest in eating healthier HELP go to www.wefunder.com/bchi", "time": 1497660293.0, "sentiment": ""}, {"id": 86172007, "text": "$AMZN can&#39;t get above $1K..been saying all day..feel free to short at your leisure...back down to 960s on Monday!", "time": 1497660189.0, "sentiment": ""}, {"id": 86171960, "text": "Amazon: Shareholders Should Not Be Invested At This Price.\n https://seekingalpha.com/article/4081997?source=ansh $AMZN, $MSFT, $UBS, $WMT", "time": 1497660168.0, "sentiment": ""}, {"id": 86171952, "text": "@cal1928 $COST will serve $AMZN chopped up on a small crackers at the demo-ladies counters. No one can beat COST in grocery business", "time": 1497660165.0, "sentiment": ""}, {"id": 86171838, "text": "Will FAANG + $TSLA May End The Month Down? $XLK $FB $AMZN $AAPL $NFLX $GOOG $GOOGL $QQQ\n\nhttp://buff.ly/2rw7otH", "time": 1497660116.0, "sentiment": ""}, {"id": 86171775, "text": "Analysis: Food Sector Weakness In Response To Amazon\u2013Whole Foods Deal Is &#39;Overblown&#39; https://benzinga.com/z/9619517 $AMZN $WFM $COST $KR $WMT $TGT", "time": 1497660084.0, "sentiment": ""}, {"id": 86171762, "text": "$AMZN needs to be dismantled and WP needs to shut down. They are becoming too big to fail!", "time": 1497660081.0, "sentiment": "Bearish"}, {"id": 86171754, "text": "@Parallelism @wireless_cowboy I haven&#39;t sold a single share of $SQ in the so called tech sell off. But this $AMZN news is really concerning.", "time": 1497660079.0, "sentiment": ""}, {"id": 86171732, "text": "$AMZN What if WMT put out a pr today that they intend to make a big? SP on this will crash hard?", "time": 1497660067.0, "sentiment": "Bearish"}, {"id": 86171610, "text": "$SPY $TNA $FAS $IWM $IYT $AMZN \nI say Amazon is barking get up the wrong tree.  Delivery by drone? Not going to happen on any large scale.", "time": 1497660012.0, "sentiment": ""}, {"id": 86171554, "text": "$COST Too bad it will get killed by $AMZN, I just don&#39;t see any grocery stores can compete with $AMZN", "time": 1497659984.0, "sentiment": ""}, {"id": 86171523, "text": "$AMZN This is big stuff, don&#39;t get me wrong, but we are an obese nation. If Amazon only puts &quot;heathy&quot; foods in stores then may be a problem", "time": 1497659972.0, "sentiment": ""}, {"id": 86171500, "text": "$WFM $AMZN  this makes up for my failure to sense something like this was coming lmao", "time": 1497659961.0, "sentiment": ""}, {"id": 86171390, "text": "$AMZN Amazon&#39;s consistent track record of positive social sentiment continues to bode well for the company, post-\u2026 https://stocknews.com/news/amzn-amazon-com-inc-amzn-social-sentiment-remains-high-amid-wfm-takeover/", "time": 1497659917.0, "sentiment": ""}, {"id": 86171330, "text": "$RAD speculative - great potential buy for $AMZN to expand into Pharma if FTC denys $WBA , imagine having $WFM and $RAD store locations", "time": 1497659899.0, "sentiment": "Bullish"}, {"id": 86171287, "text": "$AMZN Jeff Bezos is dangerous.  Automates his factories and now supermarkets.  Underpays people and wants 2 destroy supermarkets.  #boycott", "time": 1497659883.0, "sentiment": ""}, {"id": 86171198, "text": "$AMZN Downside Puts Trade for $557K https://marketchameleon.com/Overview/AMZN/OptionChain/?e=1486_20170623", "time": 1497659840.0, "sentiment": ""}, {"id": 86171177, "text": "$AMZN world domination just a few clicks away folks.", "time": 1497659832.0, "sentiment": ""}, {"id": 86171001, "text": "$AMZN which way will she break?", "time": 1497659762.0, "sentiment": ""}, {"id": 86170966, "text": "$AMZN wow they are pumping this so hard , re-posting old news stories from today", "time": 1497659751.0, "sentiment": ""}, {"id": 86170894, "text": "$AMZN, $COST, $WMT, $TGT LOL what Amazon has done to retail stocks", "time": 1497659721.0, "sentiment": ""}, {"id": 86170864, "text": "@_phil $AMZN getting into grocery is a big threat to $WMT. Why would you buy at $WMT when you can buy at $AMZN?", "time": 1497659708.0, "sentiment": ""}, {"id": 86170853, "text": "$AMZN 1k eod.. wahoo.", "time": 1497659702.0, "sentiment": "Bullish"}, {"id": 86170767, "text": "$AMZN Whole Foods is in good neighborhoods and ubiquitous enough. Probably just change the name from Whole Foods to Amazon go. So Simple", "time": 1497659666.0, "sentiment": ""}, {"id": 86170667, "text": "$CVS $WBA Unfortunately they will be getting killed by $AMZN as well. The shift to online only continues", "time": 1497659627.0, "sentiment": ""}, {"id": 86170438, "text": "@kevaleva seriously...people are acting like no one is going to go to $KR anymore and $AMZN is going to drone in their food", "time": 1497659527.0, "sentiment": ""}, {"id": 86170341, "text": "$AMZN $WFM imaging whole foods stocker boys finding out they now work for Amazon. In a heart beat, parents can be proud now of them finally!", "time": 1497659488.0, "sentiment": ""}, {"id": 86170339, "text": "$OMER  quietly flying up . Who needs $AMZN for all the noises and up 3% .. Don&#39;t like Bezos, he huting mrkt today !! $SPY $QQQ $SOXX $XRT", "time": 1497659486.0, "sentiment": ""}, {"id": 86170271, "text": "$AMZN Last friday still in memory?", "time": 1497659461.0, "sentiment": ""}, {"id": 86170165, "text": "Recalls this week: children&#39;s robes, scarves, chairs $AMZN https://www.marketbeat.com/n/3689043/", "time": 1497659416.0, "sentiment": ""}, {"id": 86170162, "text": "NEW POST: Why is Amazon buying Whole Foods \u2014 Two Thoughts. https://medium.com/@netgarden/why-is-amazon-buying-whole-foods-two-thoughts-6af5a15264ec  $AMZN $WFM", "time": 1497659415.0, "sentiment": ""}, {"id": 86170015, "text": "$AMZN \ud83d\ude02 this makes up for my failure to sense something like this was coming lmao", "time": 1497659345.0, "sentiment": ""}, {"id": 86169988, "text": "$PLUG When will $AMZN buys completely all $PLUG . ?  Any thoughts ?", "time": 1497659332.0, "sentiment": "Bullish"}, {"id": 86169985, "text": "$COST will serve $AMZN chopped up on a small crackers at the demo-ladies counters. No one can beat COST in grocery business", "time": 1497659330.0, "sentiment": ""}, {"id": 86169872, "text": "$SPY Market usually up when big corporate deal happens ($AMZN buying $WFM), not today", "time": 1497659293.0, "sentiment": ""}, {"id": 86169810, "text": "Impinj shares up 14% on Amazon&#39;s Whole Foods acquisition https://seekingalpha.com/news/3274050?source=ansh $PI, $AMZN", "time": 1497659267.0, "sentiment": ""}, {"id": 86169787, "text": "$AMZN Buys $WFM... both are $PLUG customers. To me it seems appropriate to add to my position in Plug Power.", "time": 1497659260.0, "sentiment": "Bullish"}, {"id": 86169766, "text": "$AMZN WFM do they havewine,etc?", "time": 1497659250.0, "sentiment": ""}, {"id": 86169673, "text": "Barclays slaps $48 PT on Whole Foods - bidding war possible $WFM $AMZN", "time": 1497659203.0, "sentiment": ""}, {"id": 86169634, "text": "$MSFT $AMZN $WFM\nAmazon&#39;s massive acquisition brings with it a Microsoft cloud customer\nhttp://www.cnbc.com/2017/06/16/amazons-acquisition-of-whole-foods-brings-in-a-microsoft-cloud-client.html", "time": 1497659188.0, "sentiment": ""}, {"id": 86169622, "text": "$KR Be fearful when others are greedy. Be greedy when others are fearful.&quot; Bring it on $AMZN", "time": 1497659185.0, "sentiment": "Bullish"}, {"id": 86169587, "text": "Barclays slaps $48 PT on Whole Foods - bidding war possible https://seekingalpha.com/news/3274068?source=ansh $WFM, $AMZN", "time": 1497659173.0, "sentiment": ""}, {"id": 86169585, "text": "Market flat as a pancake. Dull day if not for $AMZN-$WFM deal. Hmm. Speaking of pancakes, should Bezos buy IHOP owner $DIN next? #sarcasm", "time": 1497659173.0, "sentiment": ""}, {"id": 86169578, "text": "@Queen_Maria $AMZN buying $WFM, we know $AMZN always kills brick and mortars", "time": 1497659171.0, "sentiment": ""}, {"id": 86169536, "text": "$AMZN I smell an EOD sell off here", "time": 1497659154.0, "sentiment": "Bearish"}, {"id": 86169525, "text": "$AMZN ok, last push of the day toward $1000. Thank you Bezos", "time": 1497659149.0, "sentiment": ""}, {"id": 86169377, "text": "$AMZN coiling like a mofo. Hopefully it breaks in the right direction. That&#39;s up.", "time": 1497659088.0, "sentiment": ""}, {"id": 86169369, "text": "$AMZN This just in, Bezos put Apple on his Alexa shopping list, Team misunderstood note and bought WFM instead", "time": 1497659086.0, "sentiment": ""}, {"id": 86169337, "text": "$AMZN wished I got in those extra calls for next week cheaper but not worried, holding through weekend! GLTA, still holding calls from ytd", "time": 1497659078.0, "sentiment": "Bullish"}, {"id": 86169254, "text": "$AMZN $AAPL $GOOGL $FB \n\n\ud83d\ude02\ud83d\ude02\ud83d\ude02\ud83d\ude02\ud83d\ude02\ud83d\ude02\ud83d\ude02\ud83d\udcb0\ud83d\udcb0\ud83d\udcb0\ud83d\udcb0", "time": 1497659046.0, "sentiment": ""}, {"id": 86169201, "text": "$AMZN who would of thought? Harvard &amp; MIT Seattle engineers working now at the cash registers at $WFM sotres, strange world we live in.", "time": 1497659017.0, "sentiment": ""}, {"id": 86169101, "text": "Bezos: &quot;Alexa, buy me something from WFM  e Foods&quot;\n\nAlexa: &quot;Buying Whole Foods&quot;\n\nBezos: Shit             $AMZN $WFM", "time": 1497658982.0, "sentiment": ""}, {"id": 86169087, "text": "$AMZN - enjoy your asparagus water. Filtered water with 3 pieces of asparagus: $6", "time": 1497658977.0, "sentiment": "Bearish"}, {"id": 86168988, "text": "$AMZN What Does #Amazon Stock Get With Whole Foods? Marketing Gold. http://investorplace.com/2017/06/what-does-amazon-com-inc-amzn-stock-get-with-whole-foods-marketing-gold/#.WUQTgPkrKIs $WFM", "time": 1497658941.0, "sentiment": ""}, {"id": 86168951, "text": "U.S. Representative Calls for a Review into Amazon, Whole Foods Deal $AMZN http://dlvr.it/PMpthB", "time": 1497658927.0, "sentiment": ""}, {"id": 86168908, "text": "$AMZN $WFM Amazon Shares Pop on M&amp;A News; Top Analysts Cheer http://www.smarteranalyst.com/2017/06/16/amazon-com-inc-amzn-shares-pop-m-top-analysts-cheer/", "time": 1497658907.0, "sentiment": ""}, {"id": 86168831, "text": "$AMZN can we reach $1000 on Monday ?", "time": 1497658876.0, "sentiment": ""}, {"id": 86168764, "text": "$AMZN \ud83d\ude80\ud83d\ude80\ud83d\ude80\ud83d\ude80\ud83d\ude80\ud83d\ude80\ud83d\udcb0\ud83d\udcb0\ud83d\udcb0\ud83d\udcb0\ud83e\udd8d\ud83e\udd8d\ud83e\udd8d\ud83e\udd8d", "time": 1497658846.0, "sentiment": "Bullish"}, {"id": 86168756, "text": "$AMZN Best deal, FREE!", "time": 1497658842.0, "sentiment": ""}, {"id": 86168736, "text": "$AMZN will soon Buy out OTTV too.", "time": 1497658835.0, "sentiment": ""}, {"id": 86168731, "text": "Is $AMZN going to take over the grocery business?  Based on the stock price reactions of $WFM peers, the market see\u2026 https://t.co/jgJG82bCO", "time": 1497658833.0, "sentiment": ""}, {"id": 86168596, "text": "Tons of merger arb at play now in $AMZN and $WFM right now - http://mixlr.com/options-insider #VolatilityViews", "time": 1497658776.0, "sentiment": ""}, {"id": 86168594, "text": "$AMZN is the new $AAPL", "time": 1497658776.0, "sentiment": ""}, {"id": 86168582, "text": "$AMZN Doesn&#39;t AMZN have overhead now??", "time": 1497658765.0, "sentiment": "Bearish"}, {"id": 86168568, "text": "@ROIRogerss Agreed, $AMZN will continue to succeed. But today&#39;s total market cap loss by everything retail is totally overblown.", "time": 1497658761.0, "sentiment": ""}, {"id": 86168515, "text": "$IRBT old slide of one of iRobots industrial floor cleaners.  What will $AMZN use in Whole Foods;) maybe iRobot?", "time": 1497658740.0, "sentiment": "Bullish"}, {"id": 86168415, "text": "$AMZN also wait ATH in june.... and ER in july youll get more chances than monday morn alone. Get some vision ....", "time": 1497658702.0, "sentiment": ""}, {"id": 86168407, "text": "$KR Would not be surprised if $AMZN makes bid for $KR...$KR is so cheap and $AMZN true intentions could be to buy both $KR and $WFM", "time": 1497658699.0, "sentiment": "Bullish"}, {"id": 86168376, "text": "$AMZN Sitting over 990. Caution.", "time": 1497658686.0, "sentiment": ""}, {"id": 86168372, "text": "$AMZN whole foods coming to prime now and ability to order whole foods with Alexa.Market is underrating this buy.  Price will soar next er!", "time": 1497658684.0, "sentiment": "Bullish"}, {"id": 86168336, "text": "$AMZN Whole Foods is in good neighborhoods and ubiquitous enough. Probably just change the name from Whole Foods to Amazon go. Simple", "time": 1497658669.0, "sentiment": ""}, {"id": 86168334, "text": "$AMZN People who bought at the top today will be regretting it for a while", "time": 1497658668.0, "sentiment": ""}, {"id": 86168313, "text": "$WMT This is a dying company, nobody can compete again $AMZN", "time": 1497658658.0, "sentiment": ""}, {"id": 86168261, "text": "$AMZN nasdaq red doesnt help amzn but next green nasdaq day oufffff 1000$+", "time": 1497658637.0, "sentiment": "Bullish"}, {"id": 86168240, "text": "$AMZN I bought at 993,5$ today. Hoping for a raise on Monday...", "time": 1497658630.0, "sentiment": ""}, {"id": 86168194, "text": "$AMZN mess with techs and they just buy your sector out \ud83d\ude2d\ud83d\ude2d\ud83d\ude2d big money always wins", "time": 1497658613.0, "sentiment": "Bullish"}, {"id": 86168192, "text": "$WFM #WholeFoods purchase dwarfs the size of #Amazon&#39;s previous acquisitions $AMZN", "time": 1497658612.0, "sentiment": ""}, {"id": 86168191, "text": "$SHLD $SRG the market will eventually figure out brick &amp; mortar is part of the supply chain. Boxes are boxes, names will change. $AMZN $WFM", "time": 1497658612.0, "sentiment": "Bullish"}, {"id": 86168177, "text": "$WMT $AMZN I really hope not. bonobos is a good co. high quality. Walmart would kill it", "time": 1497658603.0, "sentiment": ""}, {"id": 86168108, "text": "Amazon.com&#39;s buy rating reiterated at Cantor Fitzgerald. $1,050.00 PT. http://www.marketbeat.com/r/836174 $AMZN", "time": 1497658584.0, "sentiment": ""}, {"id": 86168099, "text": "NEW POST: Quadruple Witching of Eastwick to Kick Off Summer Trading https://marketchess.com/2017/06/16/quadruple-witching-eastwick-to-kick-off-summer-trading $AMZN $PI $QQQ $SMH $WFM", "time": 1497658581.0, "sentiment": ""}, {"id": 86168069, "text": "$amzn cool... new all time high in june... now dont follow every tick wait monday bounce :-)", "time": 1497658567.0, "sentiment": ""}, {"id": 86168038, "text": "$WMT will buy online men&#39;s fashion retailer Bonobos Inc for $310M,in its 4th e-commerce deal in under a yr,as competition w/ $AMZN heats up.", "time": 1497658551.0, "sentiment": ""}, {"id": 86168008, "text": "Even we on #VolatilityViews can&#39;t avoid talking about crazy $AMZN $WFM deal - http://mixlr.com/options-insider", "time": 1497658536.0, "sentiment": ""}, {"id": 86167917, "text": "@Stevez1 I don&#39;t think $AMZN needs your respect or mine. you can call it whatever you want but they are and will be a winner for a long time", "time": 1497658507.0, "sentiment": ""}, {"id": 86167911, "text": "$ACIA  $AAOI  $LITE $OCLR $FNSR  $CSCO $AVGO  I do not share ideas without doing extensive research. Will be consolidation. $AMZN $WFM see?", "time": 1497658505.0, "sentiment": ""}, {"id": 86167857, "text": "$WKHS this $Amzn hub will be 30 min from wkhs HQ. http://www.cincinnati.com/story/money/2017/01/31/amazon-plans-2700-jobs-15b-investment-cvg/97283034/", "time": 1497658483.0, "sentiment": "Bullish"}, {"id": 86167814, "text": "Hilarious! Target right on the &quot;bott&quot; &quot;Rise of $AMZN in food biz!&quot; Thanks @rick_holl &#39;s Talent/humor $COST $WMT $TGT", "time": 1497658467.0, "sentiment": ""}, {"id": 86167758, "text": "$TSLA $AMZN whats the best app for stock charts on your phone? Something will all the technical data would be great. Thanks.", "time": 1497658445.0, "sentiment": "Bullish"}, {"id": 86167749, "text": "WISH $AMZN bought $LC :(", "time": 1497658441.0, "sentiment": ""}, {"id": 86167710, "text": "Bought some $GSAT today at $2.12-13. I think I pushed it over the top. Lets see how this goes today.  Was day dreaming $AMZN bought it @ $10", "time": 1497658426.0, "sentiment": "Bullish"}, {"id": 86167687, "text": "@changleee buy amzn stock for your kid hold til  he retire $amzn", "time": 1497658413.0, "sentiment": ""}, {"id": 86167675, "text": "$AMZN I don&#39;t understand the move to buy $WFM. $AMZN is killing all other grocery stores out there, everyone buying online now", "time": 1497658408.0, "sentiment": ""}, {"id": 86167660, "text": "@patternttt $RNVA $TSLA $AMZN yeah sure they are. That&#39;s the ticket.", "time": 1497658402.0, "sentiment": ""}, {"id": 86167543, "text": "$AMZN dont tell i didnt say it later when its 1000$ +   992....BUY B4 $1000 we all know its going there next week if not today...", "time": 1497658357.0, "sentiment": "Bullish"}, {"id": 86167534, "text": "@trade_dan absolutely. $WMT $TGT $KR would make the most sense. They have to at least try so $AMZN doesn&#39;t take it easily", "time": 1497658354.0, "sentiment": ""}, {"id": 86167487, "text": "$AMZN please by us out at $GNC \ud83e\udd23\ud83e\udd23\ud83e\udd23", "time": 1497658336.0, "sentiment": "Bullish"}, {"id": 86167476, "text": "$AMZN Amazon buyout Whole Foods. Is Amazon going to do food prime delivery service. Day day delivery? hhaaa", "time": 1497658331.0, "sentiment": ""}]