[{"id": 86343047, "text": "MOMENTUM STOCKS WILL GET ABSOLUTELY ANNIHILATED AGAIN TOMORROW LOOK HOW THEY CANT HOLD ANY GAINS $TSLA $AAPL $AMZN", "time": 1497923415.0, "sentiment": "Bearish"}, {"id": 86343001, "text": "$AMZN out with the scalp easy 20%", "time": 1497923401.0, "sentiment": ""}, {"id": 86342975, "text": "$AMZN hold the lineeeee. Need to break 998/9 to push beyond 1K.", "time": 1497923392.0, "sentiment": "Bullish"}, {"id": 86342896, "text": "$AMZN new low of day", "time": 1497923356.0, "sentiment": "Bearish"}, {"id": 86342892, "text": "Share an idea on $AMZN", "time": 1497923354.0, "sentiment": ""}, {"id": 86342878, "text": "Here&#39;s What Consumers Might Get Out of a Combined Amazon-Whole Foods $AMZN http://dlvr.it/PNW59r", "time": 1497923349.0, "sentiment": ""}, {"id": 86342866, "text": "$AMZN no panicking selling for me, give it a few days should hold 1000+ no problem", "time": 1497923346.0, "sentiment": "Bullish"}, {"id": 86342772, "text": "$AMZN Watch it break LOD by and bounce off 990.25. lol.", "time": 1497923304.0, "sentiment": ""}, {"id": 86342696, "text": "$FIT why does $GRMN vivosmart 3 that came out same time as alta hr have only 50 reviews on $AMZN vs 920+ for alta hr ?", "time": 1497923268.0, "sentiment": ""}, {"id": 86342670, "text": "$AMZN $TSLA  shorts working out well keep selling as we head much much lower... markets up huge .. excellent shorts here", "time": 1497923260.0, "sentiment": "Bearish"}, {"id": 86342607, "text": "$DMRC .......Will $AMZN buyout $DMRC ........Them or $WMT....Wild stuff.", "time": 1497923228.0, "sentiment": ""}, {"id": 86342591, "text": "$AMZN I&#39;m about to be monopoly rich.", "time": 1497923222.0, "sentiment": ""}, {"id": 86342517, "text": "$AMZN You got a deathwish? I got my paper puts ready.", "time": 1497923189.0, "sentiment": ""}, {"id": 86342483, "text": "Winners And Losers From Amazon&#39;s Purchase Of Whole Foods https://benzinga.com/z/9625702 $AMZN $WFM $WMT $KR $TGT $SFM $XPO $PMR $HAIN $ARCB $COST", "time": 1497923176.0, "sentiment": ""}, {"id": 86342448, "text": "Whole Foods: A Bidding War $wfm $amzn $wmt https://seekingalpha.com/article/4082408-whole-foods-bidding-war?source=feed_author_activist_stocks", "time": 1497923161.0, "sentiment": ""}, {"id": 86342443, "text": "How $AMZN $FB $GOOGL will Bring Down Telcos building their own Optical NW &amp; Data Centers.  https://www.wired.com/2016/12/the-end-of-telcos/ $AAOI $CIEN $OCLR $LITE", "time": 1497923157.0, "sentiment": ""}, {"id": 86342350, "text": "6.19.17 Elliott Wave Updates For F.A.N.G. - $FB $AMZN $NFLX $GOOGL   http://wavegenius.com/6-19-17-elliott-wave-updates-for-f-a-n-g-fb-amzn", "time": 1497923118.0, "sentiment": ""}, {"id": 86342174, "text": "$AMZN I never saw a stock that traded up after buying a firm.  I have seen it all now.  LOLOLOL", "time": 1497923043.0, "sentiment": "Bearish"}, {"id": 86342163, "text": "$DMRC.........Heads up!.........$DMRC &amp; $AMZN news just posted on AmeriTrade streamer news........$100 here we come", "time": 1497923040.0, "sentiment": ""}, {"id": 86342112, "text": "What Comes First -- $AAPL At $1 Trillion Market Cap, Or Recession? $GOOGL $MSFT $FB $AMZN $BRK.B $TSLA\n\nhttp://buff.ly/2spEqZM", "time": 1497923016.0, "sentiment": ""}, {"id": 86342078, "text": "http://www.investing.com/analysis/amazon-buys-whole-foods;takes-bite-out-of-brick-and-mortar-groceries-200195900 $amzn", "time": 1497923000.0, "sentiment": ""}, {"id": 86341818, "text": "United Natural Foods Investors Have &#39;Misplaced Comfort&#39; Following Amazon\u2013Whole Foods Tie Up https://benzinga.com/z/9625741 $UNFI $AMZN $WFM", "time": 1497922886.0, "sentiment": ""}, {"id": 86341745, "text": "$DRMC already partners with $WMT &amp; $HPQ on disruptive blockchain barcode. Barrons today says $AMZN deal next?", "time": 1497922851.0, "sentiment": ""}, {"id": 86341727, "text": "$AMZN Clock is ticking for these guys PR SPHS,GERN and MNKD", "time": 1497922842.0, "sentiment": "Bullish"}, {"id": 86341726, "text": "$AMZN GrubHub is Next!!", "time": 1497922844.0, "sentiment": ""}, {"id": 86341721, "text": "DryShips: Rank #1 As Worst Stock In Nasdaq https://seekingalpha.com/article/4082438?source=ansh $AAPL, $AMZN, $ARNA, $CXRX, $FB, $GOOG, $GOOGL, $MBOT, $MSFT, $OPTT,", "time": 1497922838.0, "sentiment": ""}, {"id": 86341449, "text": "$COST Stock deserves to go down 20% because $amzn bought $wfm", "time": 1497922712.0, "sentiment": ""}, {"id": 86341238, "text": "$PLUG $AMZN Amazon CEO at Tec Summit &amp; Meeting with President Trump TODAY - Groceries And The Mobility Puzzle http://www.fuelcellhydrogen.net/2017/06/groceries-and-mobility-puzzle.html", "time": 1497922601.0, "sentiment": "Bullish"}, {"id": 86341216, "text": "$AMZN If it bounces back from $990 then possibly EOD 995-998.", "time": 1497922594.0, "sentiment": "Bullish"}, {"id": 86341208, "text": "$AMZN some of the bears here were bulls in the morning lol. ANYWAYS this should close over $1,000 today.", "time": 1497922591.0, "sentiment": "Bullish"}, {"id": 86341151, "text": "$AMZN Hey did you guys here AMZN bought $WFM??", "time": 1497922570.0, "sentiment": ""}, {"id": 86341118, "text": "Why Amazon&#39;s Move Might Not Have Big Effect on Costco... http://marketrealist.com/?p=2154229 $WMT $COST $AMZN $WFM $SPX-INDEX $SPY", "time": 1497922549.0, "sentiment": ""}, {"id": 86341067, "text": "$AMZN testing support at $990", "time": 1497922530.0, "sentiment": "Bullish"}, {"id": 86341037, "text": "@StockNewbb My criticism was about the ridiculous &quot;food domination&quot; claim. I have nothing against $AMZN", "time": 1497922515.0, "sentiment": ""}, {"id": 86341020, "text": "$AMZN Back nearing lows.", "time": 1497922507.0, "sentiment": ""}, {"id": 86340999, "text": "Stable Amazon $AMZN Turns Suddenly Volatile June 19 https://afraidtotrade-blog.tumblr.com/post/162013926651/stable-amazon-amzn-turns-suddenly-volatile-june-19 $$", "time": 1497922494.0, "sentiment": ""}, {"id": 86340992, "text": "Spirit Realty And The Block-Deal Frenzy https://benzinga.com/z/9620204 $SRC $WFM $AMZN", "time": 1497922488.0, "sentiment": ""}, {"id": 86340801, "text": "@StockNewbb That has nothing to do with &quot;food domination&quot;. Sure $AMZN will find a way to sell other stuff at $WFM stores", "time": 1497922394.0, "sentiment": ""}, {"id": 86340745, "text": "$AMZN going to drop end of day.", "time": 1497922364.0, "sentiment": "Bearish"}, {"id": 86340720, "text": "$DMRC blockChain barcode. Forbes out now with $AMZN article. $DMRC over $100 soon. https://www.forbes.com/sites/howardhyu/2017/06/19/why-ma-strategy-and-your-retail-experience-just-changed-forever-amazon-swallows-whole-foods/#26ad1dca14da", "time": 1497922351.0, "sentiment": ""}, {"id": 86340672, "text": "Dump piece of $cost coming out - making the case they are FINISHED now that $amzn owns $wfm, ridiculous but wall st believes", "time": 1497922331.0, "sentiment": ""}, {"id": 86340658, "text": "$AMZN $QQQ #FANG &lt;STUDY the Charts&gt; Pullback - Time !  Retracement Levels = 979 - 983", "time": 1497922325.0, "sentiment": ""}, {"id": 86340656, "text": "@lucyyeslucy Not shorting because I&#39;m not smart enough to time it.  Wouldn&#39;t go long either, though. $AMZN", "time": 1497922323.0, "sentiment": ""}, {"id": 86340611, "text": "$AMZN Not me, long and strong right through the capture of global grocery profits. Bezos voted best CEO in the world in 2014. This is why.", "time": 1497922302.0, "sentiment": ""}, {"id": 86340565, "text": "$PLUG the $AMZN WHOLE FOODS deal is going through.", "time": 1497922278.0, "sentiment": "Bullish"}, {"id": 86340488, "text": "If $tsla cant rally then nothing will - its the momentum darling $aapl $nvda $amzn", "time": 1497922244.0, "sentiment": ""}, {"id": 86340469, "text": "$AMZN How long before Mac is shown the door", "time": 1497922235.0, "sentiment": ""}, {"id": 86340454, "text": "Amazon and PayPal just digging into Banks profits and opportunity. Fun to watch (long both ) $pypl $amzn  http://blog.starpointllp.com/blog/?p=4680", "time": 1497922230.0, "sentiment": ""}, {"id": 86340398, "text": "$TGT $WMT $KR and $cost Honestly I think Bezos will make it work ( its Bezos here not Joe Who) so he will steal a part of the pie $amzn", "time": 1497922211.0, "sentiment": ""}, {"id": 86340296, "text": "$AMZN looks weak on the intraday in for puts", "time": 1497922156.0, "sentiment": ""}, {"id": 86340284, "text": "@PhillySteaks @lucyyeslucy $AMZN credibility?... I am an absolute newbie... Still learning... Credibility..will talk about that after 5 yrs", "time": 1497922150.0, "sentiment": ""}, {"id": 86339878, "text": "@lucyyeslucy I use $AMZN all the time but I will never buy my fresh veggies or meat online!!! or at $WFM when you can buy organic elsewhere", "time": 1497922001.0, "sentiment": ""}, {"id": 86339622, "text": "@ijeffc $amzn i prefer to trust jeff bezos than a guy like you who is so afraid to lose money on his dropping shares, he bashed bezos $cost", "time": 1497921883.0, "sentiment": ""}, {"id": 86339618, "text": "$BABA $FB $AAPL $GOOGL $AMZN $SQ $V      ---  VERY GOOD", "time": 1497921881.0, "sentiment": "Bullish"}, {"id": 86339088, "text": "Why Top Tech Companies Have Less Recession Risk  $AMZN $MSFT $NFLX $AAPL $GOOG $GOOGL\n\nhttp://buff.ly/2spiKwC", "time": 1497921652.0, "sentiment": ""}, {"id": 86338691, "text": "$AMZN talking heads and pumpers saying $AMZN will dominate the food/grocery market. Yet $WFM has only 1% of grocery market!", "time": 1497921489.0, "sentiment": ""}, {"id": 86338440, "text": "$AMZN The Three Things That Allow Amazon To Keep Shifting Ahead Of The Competition https://www.forbes.com/sites/allenadamson/2017/06/19/the-three-things-that-allow-amazon-to-keep-shifting-ahead-of-the-competition/#524100b838d4", "time": 1497921390.0, "sentiment": "Bullish"}, {"id": 86338054, "text": "$AMZN Fair value is closer to $200. Great company, but not good enough for the P/E to be an outrageous 200.", "time": 1497921225.0, "sentiment": ""}, {"id": 86337861, "text": "$AMZN Doesn&#39;t like $1,000", "time": 1497921144.0, "sentiment": ""}, {"id": 86337597, "text": "$AMZN Amazon might expand Europe auto unit. according to FT https://stocknews.com/news/amzn-amazon-might-expand-europe-auto-unit-according-to-ft/", "time": 1497921023.0, "sentiment": ""}, {"id": 86337541, "text": "$AMZN Looks like Dan Niles was right on to short this", "time": 1497920996.0, "sentiment": "Bearish"}, {"id": 86337402, "text": "@ChengizKhan $AMZN is there some news that it might get blocked?", "time": 1497920937.0, "sentiment": ""}, {"id": 86337273, "text": "Why (/why not) will $NFLX maintain its customer base over the next 5 years. Personally, I don&#39;t see a competitive advantage? $AMZN $GOOG", "time": 1497920890.0, "sentiment": ""}, {"id": 86337264, "text": "$amzn i called a close at 1005... its a bit hard to get now but i d love a close at 1000$+ lets see. I was too greedy maybe...", "time": 1497920887.0, "sentiment": "Bullish"}, {"id": 86337198, "text": "Whole Foods: A Bidding War \nhttps://seekingalpha.com/article/4082408?source=ansh $WFM, $AMZN, $COST, $KR, $SVU, $TGT, $WMT", "time": 1497920854.0, "sentiment": ""}, {"id": 86337062, "text": "@ap2003 @lucyyeslucy 100% of the time? Soooo...$AMZN ends at $1005 today? That&#39;s the lucy call.", "time": 1497920799.0, "sentiment": ""}, {"id": 86336988, "text": "equal-weight chart of 10 biggest stocks by mky cap in United States $AAPL $GOOG $MSFT $XOM $BRKB $AMZN $JNJ $FB $GE", "time": 1497920766.0, "sentiment": ""}, {"id": 86336944, "text": "@PhillySteaks @lucyyeslucy $AMZN so understand what needs to be understood and please ignore the rest.", "time": 1497920745.0, "sentiment": ""}, {"id": 86336786, "text": "@PhillySteaks @lucyyeslucy $AMZN In my experience lucy has been right 100% of the time.", "time": 1497920672.0, "sentiment": ""}, {"id": 86336603, "text": "$AMZN Rumour has it that Aamzon will buy out Grubhub next!! FYI:", "time": 1497920595.0, "sentiment": ""}, {"id": 86336592, "text": "$AMZN breaking news buying $SHAK they want to make burgers now and deliver them like jimmy Johns... LMAO It&#39;s going to be great again!", "time": 1497920590.0, "sentiment": ""}, {"id": 86336501, "text": "Dropbox Building Private Network to Speed Up File Access $AMZN http://dlvr.it/PNVYj9", "time": 1497920551.0, "sentiment": ""}, {"id": 86336468, "text": "$AMZN (Grubhub as next Amazon Buyout target) Amazon could order GrubHub for \u2018dessert\u2019 after Whole Foods main course http://on.mktw.net/2rJaEC5", "time": 1497920536.0, "sentiment": ""}, {"id": 86336398, "text": "$AMZN such a tight channel....explode already", "time": 1497920507.0, "sentiment": "Bullish"}, {"id": 86336207, "text": "$WFM newest recipients of the Midas touch, I see. $AMZN", "time": 1497920431.0, "sentiment": ""}, {"id": 86336160, "text": "@lucyyeslucy @veyceh I agree Don&#39;t think $AMZN is even a retailer. AWS is big, they are like a service for the internet collecting a tax", "time": 1497920415.0, "sentiment": ""}, {"id": 86336122, "text": "Paid Subscribers to http://muathe.com/ can log on NOW to view the latest analysis/alerts on; $SPY $ES_F $TSLA and $AMZN. Abundance!", "time": 1497920400.0, "sentiment": ""}, {"id": 86335996, "text": "$AMZN just dark pool controlling price, wants more accumulation at $997.50, it&#39;s a bargain here.", "time": 1497920337.0, "sentiment": "Bullish"}, {"id": 86335899, "text": "We made this point to our subscribers Friday Night. $WFM $AMZN https://seekingalpha.com/article/4082389-might-whole-foods-get-higher-bid", "time": 1497920298.0, "sentiment": ""}, {"id": 86335873, "text": "$AMZN looking forward to low prices at Whole Foods", "time": 1497920290.0, "sentiment": ""}, {"id": 86335824, "text": "$AMZN Sell this before the BIG CRASH.", "time": 1497920262.0, "sentiment": "Bearish"}, {"id": 86335823, "text": "Time For Value? Focus On Utilities\n https://seekingalpha.com/article/4082404?source=ansh $WEC, $AAPL, $AMZN, $CELG, $GLD, $IBB, $NFLX, $SLV, $SPY, $TLT, $VUSTX, $WFM", "time": 1497920261.0, "sentiment": ""}, {"id": 86335809, "text": "Amazon&#39;s Whole Foods Bid Has WideSpanning Implications For Transportation Companies\nhttps://www.benzinga.com/analyst-ratings/analyst-color/17/06/9625838/amazons-bid-for-whole-foods-has-wide-spanning-implicatio $XPO $ODFL $WERN $FDX $AMZN $WFM", "time": 1497920258.0, "sentiment": ""}, {"id": 86335595, "text": "@lucyyeslucy because neither was a buy on Friday. The buy was $KR. Why don&#39;t you talk about that? Your $AMZN call was also garbage.", "time": 1497920166.0, "sentiment": ""}, {"id": 86335577, "text": "Strategy Analytics: Amazon dominates Wi-Fi speaker market https://seekingalpha.com/news/3274314?source=ansh $AMZN, $AAPL", "time": 1497920157.0, "sentiment": ""}, {"id": 86335381, "text": "Report Sees IOT Platform Market Surpassing $1.8B by 2022 $WIT, $PTC, $AMZN, $MSFT, $GOOG, $CSCO, $SAP, $GE, $T, $IBM http://crweworld.com/newsroom/prnewswire?rkey=20170619NE18935&amp;filter=10284", "time": 1497920064.0, "sentiment": ""}, {"id": 86335276, "text": "$amzn of course its gonna be hard but we are talking about Jeff Bezos here!. thats the point . Dont underestimate this guy. Anyone but him", "time": 1497920021.0, "sentiment": ""}, {"id": 86335191, "text": "@lucyyeslucy Sure am glad I didn&#39;t buy those $KR puts lol. $AMZN is ending today at $1005 too right? lol Knucklehead.", "time": 1497919986.0, "sentiment": ""}, {"id": 86335031, "text": "@TheStreet dont underestimate Bezos he will develop his idea and make it work. The point is not where is it now its where its Going! $amzn", "time": 1497919910.0, "sentiment": ""}, {"id": 86334830, "text": "$DMRC &amp; $AMZN news....Link: http://www.barrons.com/articles/auto-draftdigimarc-could-speed-check-out-for-amazon-whole-foods-says-needham-1497880546", "time": 1497919819.0, "sentiment": ""}, {"id": 86334770, "text": "$AMZN / $WFM merger huge for all green grocery\u2019s validating Americas interest in eating healthier for less HELP www.wefunder.com/bchi", "time": 1497919792.0, "sentiment": ""}, {"id": 86334744, "text": "$SPY daily chart here shows the casino game still goes on.... $AAPL $AMZN $GOOGL $FB", "time": 1497919780.0, "sentiment": ""}, {"id": 86334743, "text": "$DMRC blcokchain partner with $WMT. Now Barrons posting article saying $AMZN deal on tap. Incredible news.", "time": 1497919783.0, "sentiment": ""}, {"id": 86334630, "text": "$AMZN Treasury yields climb as Fed\u2019s Dudley reinforces rate-hike plan, stocks rise http://on.mktw.net/2rJfBuB", "time": 1497919724.0, "sentiment": ""}, {"id": 86334620, "text": "$AMZN Rare option strategy is risk protected and returned 10-fold AMZN stock over 6-mos http://bit.ly/AMZN_sps", "time": 1497919717.0, "sentiment": "Bullish"}, {"id": 86334549, "text": "$AMZN will open high tomorrow", "time": 1497919684.0, "sentiment": "Bullish"}, {"id": 86334495, "text": "$AMZN I think people are coming back from Lunch and going Long!", "time": 1497919663.0, "sentiment": ""}, {"id": 86334432, "text": "Why Amazon&#39;s Consumption of Whole Foods May Cause Indigestion $AMZN http://dlvr.it/PNVQDM", "time": 1497919635.0, "sentiment": ""}, {"id": 86334306, "text": "@veyceh Glad you like the TOP 5 ROE Stocks. Some people think $BABA could be the next $AMZN IDK but their stock doing well. Have a great day", "time": 1497919572.0, "sentiment": ""}, {"id": 86334293, "text": "How These 3 Retailers Are Outperforming The Sector https://benzinga.com/z/9621344 $HD $COST $ULTA $XRT $AMZN $LOW", "time": 1497919567.0, "sentiment": ""}, {"id": 86334255, "text": "$AMZN lets all leave amazon to buy workday!! lmao..real men of genius..mr amazon seller workday buyyyerrrr", "time": 1497919552.0, "sentiment": ""}, {"id": 86334224, "text": "$AMZN Kushner sounded like a demented bot. .William Jennings Bryan need not worry.", "time": 1497919537.0, "sentiment": ""}, {"id": 86334185, "text": "@Stirkrazy the problem with $cost is you have to admit and accept that $amzn is taking a part of your pie. Get used to it ,no choice here", "time": 1497919516.0, "sentiment": ""}, {"id": 86334062, "text": "No. 1 mutual fund, which made a killing off $AMZN &amp; $TSLA, is now focused on these stocks http://on.mktw.net/2sPnHl6 $INTU $ULTI $WDAY", "time": 1497919457.0, "sentiment": ""}, {"id": 86334048, "text": "$DMRC BlockChain deal with $AMZN? Barrons article just out....$DMRC a $100+ on that news.", "time": 1497919451.0, "sentiment": ""}, {"id": 86333959, "text": "$AMZN do you ever just sit and think?? what balls it takes to short leaders while market is up almost 20 pts???", "time": 1497919411.0, "sentiment": "Bullish"}, {"id": 86333831, "text": "$AMZN power hour will tell which way this is goin", "time": 1497919345.0, "sentiment": "Bullish"}, {"id": 86333824, "text": "$BBRY everyone is too busy talking about $AMZN when you can buy almost 100 shares of this versus 1 of $AMZN .. Under the $RADAR for now", "time": 1497919342.0, "sentiment": "Bullish"}, {"id": 86333701, "text": "$AMZN $WFM holy boredom Batman!", "time": 1497919283.0, "sentiment": ""}, {"id": 86333668, "text": "$AMZN the dip buy right now is this.", "time": 1497919272.0, "sentiment": "Bullish"}, {"id": 86333630, "text": "3 Most Unshortable Stocks?  $AAPL $AMZN $FB $GOOG $GOOGL $MSFT $NFLX $YHOO\n\nhttp://buff.ly/2rFkDbw", "time": 1497919254.0, "sentiment": ""}, {"id": 86333626, "text": "$AMZN headline should read Jared Kushnor puts tech CEOS to sleep.", "time": 1497919252.0, "sentiment": ""}, {"id": 86333411, "text": "$RAD Difficult for $AMZN to fully enter drugs without buying physical stores. Groceries were similar. Why they bought $WFM", "time": 1497919158.0, "sentiment": ""}, {"id": 86333318, "text": "$AMZN watch $WFM deal fall through and the stock crashes.", "time": 1497919118.0, "sentiment": ""}, {"id": 86333305, "text": "$QQQ kushner moving the needle! $NVDA $MU $AMZN $AMD $AAOI", "time": 1497919111.0, "sentiment": "Bullish"}, {"id": 86333177, "text": "$AMZN Nasdaq still spiking up", "time": 1497919057.0, "sentiment": ""}, {"id": 86333144, "text": "Whole Foods Stock Signals Another Bidder Is Coming, But Who? $WFM $AMZN http://bit.ly/2sI1AfU $KR $TGT $WMT $COST", "time": 1497919045.0, "sentiment": ""}, {"id": 86333082, "text": "$AMZN f the shorts", "time": 1497919014.0, "sentiment": ""}, {"id": 86332971, "text": "$AMD read about the $AMZN $WFM deal and $GS role.... and tell me this doesn&#39;t reek of the same scent. If it walks like a duck... #buyout", "time": 1497918967.0, "sentiment": "Bullish"}, {"id": 86332940, "text": "$RAD I don&#39;t like $AMZN but they could be a player in the future if $WBA doesn&#39;t buy. So could China or secret Trump conglomerate.  :~)", "time": 1497918953.0, "sentiment": ""}, {"id": 86332803, "text": "These 3 Internet Giants Are Flashing Potential Buy Signals  $AMZN $AAPL $GOOGL $FB $AVGO  http://bit.ly/2sI38qm http://bit.ly/ChipsTTS", "time": 1497918891.0, "sentiment": ""}, {"id": 86332658, "text": "$AMZN $SPY $WMT $KR ....Heres what Ill Do....YOU R Blocked...Why....Because I stamped it that way.", "time": 1497918832.0, "sentiment": ""}, {"id": 86332579, "text": "$AMZN Nasdaq spiking! http://www.marketwatch.com/investing/index/comp", "time": 1497918806.0, "sentiment": ""}, {"id": 86332504, "text": "$AMZN a couple legs up for some balance...", "time": 1497918774.0, "sentiment": "Bullish"}, {"id": 86332473, "text": "$QQQ all of the Nasdaq leaders are starting to squeeze....silly tech doubters =D $AAPL $AMZN $FB $GOOG $AMD $NVDA $MSFT", "time": 1497918763.0, "sentiment": "Bullish"}, {"id": 86332270, "text": "$AAPL $AMZN Apple is not Amazon.", "time": 1497918672.0, "sentiment": ""}, {"id": 86332234, "text": "@phspman Kroger already has delivery. Amazon also already had grocery delivery before Whole Foods purchase and nobody used it. $KR $AMZN", "time": 1497918659.0, "sentiment": ""}, {"id": 86332083, "text": "$AMZN $AAPL everything paying out today. Amzn puts and aapl calls", "time": 1497918596.0, "sentiment": ""}, {"id": 86332072, "text": "$AAPL $AMZN is going down again. Not a good sign. Another big drop in tech seems imminent, imo.", "time": 1497918592.0, "sentiment": ""}, {"id": 86331611, "text": "Rite Aid $RAD Gains on Amazon $AMZN, Other Speculation https://www.streetinsider.com/Mergers+and+Acquisitions/Rite+Aid+%28RAD%29+Gains+on+Amazon+%28AMZN%29%2C+Other+Speculation/13023829.html", "time": 1497918407.0, "sentiment": ""}, {"id": 86331195, "text": "$FB $AMZN $AAPL $GOOGL plenty say Buy the Dip but only few (including me\ud83d\ude0e) can say Bought the Dip. Only the latter matters.\u2728\ud83d\ude01\u2728", "time": 1497918215.0, "sentiment": ""}, {"id": 86330919, "text": "MKM: $TGT most vulnerable to $AMZN $WFM deal", "time": 1497918089.0, "sentiment": ""}, {"id": 86330764, "text": "Might Whole Foods Get A Higher Bid? \nhttps://seekingalpha.com/article/4082389?source=ansh $WFM, $AMZN", "time": 1497918013.0, "sentiment": ""}, {"id": 86330665, "text": "$AMZN *Yawns* I may have seen the funniest bears&#39; posts here today - &#39;960 tomorrow&#39;, &#39;920 by EOW&#39;....they don&#39;t get tired!", "time": 1497917978.0, "sentiment": "Bullish"}, {"id": 86330528, "text": "$AMZN Some Quant obviously likes selling this at 1000.00 honestly who wouldn&#39;t", "time": 1497917913.0, "sentiment": ""}, {"id": 86330501, "text": "$AMZN Go Amaon to 1000 and then 2000", "time": 1497917905.0, "sentiment": ""}, {"id": 86330345, "text": "$COST This is a buy it &amp; forget about it safe stock as long as not a dipshit daytrader. Bet the book is already out for $AMZN to buy COST", "time": 1497917842.0, "sentiment": ""}, {"id": 86330311, "text": "$AMZN Amazon\u2019s Whole Foods acquisition makes online grocery \u2018prime\u2019 for acceleration http://on.mktw.net/2rJfoYn  MW today", "time": 1497917829.0, "sentiment": ""}, {"id": 86330286, "text": "Consumer Trends Of The Future: Retail, Tech, Restaurants, Apparel  $AMZN $WMT $NKE $ADDYY $GOOG $AAPL $FB $SNAP\n\nhttp://buff.ly/2rtunl1", "time": 1497917815.0, "sentiment": ""}, {"id": 86330126, "text": "@profit_guru I trade $amzn only and I felt sorry for $COST and $TGT so I decided to advice them on premarket to buy puts for a rough week", "time": 1497917749.0, "sentiment": ""}, {"id": 86330083, "text": "$QQQ $FB $AAPL $AMZN $NFLX $GOOG bwahahahahaha based on what? hopes dreams and fairy dust?", "time": 1497917731.0, "sentiment": ""}, {"id": 86329956, "text": "@helios_01 $NFLX $AMZN . For sure $AMZN, well IMHO", "time": 1497917669.0, "sentiment": ""}, {"id": 86329929, "text": "$AMZN fading back down again...told yall!  960s by Wednesday, guaranteed and book it!!", "time": 1497917661.0, "sentiment": ""}, {"id": 86329914, "text": "Is Kroger&#39;s Sell-Off A Buying Opportunity? https://benzinga.com/z/9624828 $KR $AMZN $WFM", "time": 1497917655.0, "sentiment": ""}, {"id": 86329747, "text": "Could Amazon Become the Next Big Thing in Fintech? $AMZN http://dlvr.it/PNV1pn", "time": 1497917590.0, "sentiment": ""}, {"id": 86329735, "text": "Lookout Netflix;  Here Comes Apple https://seekingalpha.com/article/4082360-lookout-netflix-comes-apple?source=tweet $AAPL $AMZN $P $CMCSA $NFLX", "time": 1497917587.0, "sentiment": ""}, {"id": 86329571, "text": "$AMZN $KR $COST $WMT $WFM &quot;prime is great for lots of things, but not fresh groceries. Think mashed pears, spoogie lettuce, squishy bananas", "time": 1497917510.0, "sentiment": ""}, {"id": 86329195, "text": "$AMZN sorry guys, I bought today and it&#39;s my fault it went down. =(", "time": 1497917352.0, "sentiment": ""}, {"id": 86329100, "text": "$QQQ $FB $AAPL $AMZN $NFLX $GOOG all of them will hit ATH by EOW!", "time": 1497917311.0, "sentiment": "Bullish"}, {"id": 86328743, "text": "@StevePattersonTrading @JHONBRYAN I shorted $AMZN last week and most def made money! Long today, also made money. Probably short again soon", "time": 1497917149.0, "sentiment": ""}]