[{"id": 86771514, "text": "$NVDA and $NFLX are two stock to short.  $AMZN and $BIIB are two stocks to buy more of.", "time": 1498180717.0, "sentiment": ""}, {"id": 86770730, "text": "$AMZN up a whole 1.65? Surely you jest", "time": 1498180459.0, "sentiment": ""}, {"id": 86770201, "text": "$AMZN sooo appl has fipped from deep red to green..is this a sign of things to come today. hmmmm", "time": 1498180262.0, "sentiment": "Bullish"}, {"id": 86770123, "text": "@FourTwentyZero RIght, because $GOOG $NFLX and $AMZN are such losers. Please cherry pick some more.", "time": 1498180235.0, "sentiment": ""}, {"id": 86769515, "text": "Twitch and Blizzard sign a deal to bring big e-sports events to the streaming service: http://ow.ly/brqq30cODhh $AMZN $ATVI", "time": 1498180025.0, "sentiment": ""}, {"id": 86769385, "text": "A Message For Uber: You Can&#39;t Scale Bad Culture https://benzinga.com/z/9641888 $AAPL $AMZN $FB", "time": 1498179990.0, "sentiment": ""}, {"id": 86769283, "text": "$KR Going red. Look at $COST. $AMZN will rule the retail and grocery space.", "time": 1498179955.0, "sentiment": "Bearish"}, {"id": 86769207, "text": "Here are the stocks everyone was talking about AFTER Amazon acquired Whole Foods https://blog.stocktwits.com/clean-up-in-aisle-five-13ea9e5cbbe7\n\n$COST $WFM $AMZN $KR", "time": 1498179932.0, "sentiment": ""}, {"id": 86769188, "text": "I am bullish on $AMZN with a target price of $1050.0 in 6 mos. on Vetr! http://bit.ly/2sYOGev", "time": 1498179926.0, "sentiment": "Bullish"}, {"id": 86769143, "text": "$AMZN  60 Minutes to  Power Hour!! Go Amzn!", "time": 1498179911.0, "sentiment": ""}, {"id": 86768701, "text": "$COST if you cannot beat them join them. Sell $COST buy $AMZN", "time": 1498179765.0, "sentiment": ""}, {"id": 86768339, "text": "$AMZN $googl choke flounder and fail wow whats going on", "time": 1498179637.0, "sentiment": ""}, {"id": 86768099, "text": "$FOSL .. glad I sold my puts yesterday for a 200%profit .. Glad I covered my $AMD shorts today. Phew..lucky timing . $AMZN should buy $FOSL", "time": 1498179561.0, "sentiment": ""}, {"id": 86767969, "text": "$AMZN this .70 cent range is thrilling i must say. ive drank 4 beers and its been locked in same 70 cents ;/", "time": 1498179518.0, "sentiment": ""}, {"id": 86767853, "text": "Is the market open today? $googl $aapl $amzn", "time": 1498179481.0, "sentiment": ""}, {"id": 86766467, "text": "$AMZN bet $20 this POS drops below $1K again", "time": 1498179023.0, "sentiment": ""}, {"id": 86766326, "text": "$AMZN possible breakout coming around 1330 CST. Trendline around $1012 though so won&#39;t reach ATR daily target.", "time": 1498178972.0, "sentiment": "Bullish"}, {"id": 86766104, "text": "$QQQ upper channel entry &amp; above its 10ma. $AAPL $NFLX $GOOG $AMZN $PCLN $MSFT $NVDA $SPY Bullish.", "time": 1498178887.0, "sentiment": ""}, {"id": 86765543, "text": "6.22.17 Elliott Wave Updates For F.A.N.G. - $FB $AMZN $NFLX $GOOGL   http://wavegenius.com/6-22-17-elliott-wave-updates-for-f-a-n-g-fb-amzn", "time": 1498178686.0, "sentiment": ""}, {"id": 86765297, "text": "$AMZN push motha lovas!", "time": 1498178594.0, "sentiment": ""}, {"id": 86764733, "text": "@REALALOY Oh Boy... $AMZN or $WMT Buying into #RADAR????", "time": 1498178402.0, "sentiment": "Bullish"}, {"id": 86764571, "text": "$AMZN Go Amazon!", "time": 1498178348.0, "sentiment": ""}, {"id": 86764521, "text": "The Everything Bubble from Jared Dillian, AKA 10th Man http://biiwii.com/wp/the-everything-bubble/ $SPY $EEM $AMZN $GOOGL $NFLX $FB", "time": 1498178331.0, "sentiment": ""}, {"id": 86764493, "text": "$AMZN As a reminder Amazon&#39;s famous &quot;Power Hour&quot; starts at 3:00 PM ET today and ends at Bell or 4:00 PM ET", "time": 1498178322.0, "sentiment": ""}, {"id": 86764122, "text": "$AMZN breakout coming", "time": 1498178194.0, "sentiment": "Bullish"}, {"id": 86764105, "text": "How Amazon\u2019s Deal Will Affect the Grocery Segment http://marketrealist.com/?p=2160827 $AMZN $WFM $WMT $SPX-INDEX", "time": 1498178189.0, "sentiment": ""}, {"id": 86763671, "text": "$AMZN Can we retest 1005 Amzn ?", "time": 1498178051.0, "sentiment": ""}, {"id": 86763279, "text": "$AAOI $NVDA Strong Buy Price Target $250; Short Squeeze Imminent http://nasdaqnewsreports.blogspot.hk/2017/06/aaoi-strong-buy-price-target-250.html $ACIA $AMZN $MSFT $FB $QQQ", "time": 1498177933.0, "sentiment": "Bullish"}, {"id": 86763249, "text": "Something is building... $AMZN, $AAPL, $FB acting weak. Market not pushing up as hard as normal. Wouldn&#39;t be shocked of a down move", "time": 1498177921.0, "sentiment": ""}, {"id": 86762749, "text": "$AMZN I think we&#39;re doing this dance until the power hour.", "time": 1498177787.0, "sentiment": "Bullish"}, {"id": 86762581, "text": "$SPY when is the $AMZN Split ?", "time": 1498177738.0, "sentiment": "Bullish"}, {"id": 86762367, "text": "$$AMZN 10-year financial summary stockrow.com/AMZN", "time": 1498177664.0, "sentiment": "Bullish"}, {"id": 86762020, "text": "$BBRY ER in morning... going to be Bigly YUGE!!! #RADAR #HYPERVISOR #QNX #IOT #EOT .. DO your DD... Come Over $APPL $AMZN $ORCL $AMD $NVDA", "time": 1498177558.0, "sentiment": "Bullish"}, {"id": 86762014, "text": "Costco: Store Of Value   http://bit.ly/2sYsnFL  $COST $AMZN $WMT $TGT $WFM  @costco", "time": 1498177557.0, "sentiment": ""}, {"id": 86761274, "text": "Hourly chart of $COST. Not a bounce in sight since the $AMZN news broke.", "time": 1498177333.0, "sentiment": ""}, {"id": 86761053, "text": "$AMZN how are not at 1009 yet lol..damn you summertime!", "time": 1498177275.0, "sentiment": ""}, {"id": 86760752, "text": "$AMZN Respectable Amzn! No Complaints! Go Bezos!", "time": 1498177182.0, "sentiment": ""}, {"id": 86759461, "text": "$AMZN imo, think we are back to the times when market goes down a lil bit in the morning, and then gradually goes up the rest of the day", "time": 1498176773.0, "sentiment": ""}, {"id": 86759053, "text": "$AMZN should become like $GOOGL and start verging into health sciences. $XON would be a great acquisition for $AMZN to continue its growth", "time": 1498176658.0, "sentiment": ""}, {"id": 86758203, "text": "Here&#39;s One Surprising Sector Likely to Get Bulldozed By the Amazon Whole Foods Mega Deal $AMZN http://dlvr.it/PPJ2R4", "time": 1498176431.0, "sentiment": ""}, {"id": 86757922, "text": "$AMZN pop!", "time": 1498176358.0, "sentiment": "Bullish"}, {"id": 86757908, "text": "$AMZN EUR/USD:Profit for five days + 81%", "time": 1498176356.0, "sentiment": ""}, {"id": 86756651, "text": "$AMZN taking over tv through prime with Amazon channels", "time": 1498175979.0, "sentiment": "Bullish"}, {"id": 86756457, "text": "$AMZN here it comes", "time": 1498175917.0, "sentiment": "Bullish"}, {"id": 86755953, "text": "Tickers mentioned in Thursday&#39;s linfkest: https://abnormalreturns.com/2017/06/22/thursday-links-complaining-is-not-a-strategy/ $EEM $IEMG $SPY $BRKA $BRKB $WMT $AMZN $UBER", "time": 1498175761.0, "sentiment": ""}, {"id": 86755692, "text": "$RAD $WBA $AMZN Pessimistic Article Crain&#39;s Chicago BJ. But astute comment by blogger Joe.  http://www.chicagobusiness.com/article/20170621/BLOGS10/170629977/walgreens-pessina-needs-a-back-up-if-ftc-blocks-rite-aid-deal", "time": 1498175687.0, "sentiment": "Bullish"}, {"id": 86755431, "text": "$SPY $QQQ $AMZN $AAPL $DIA So far so good...", "time": 1498175604.0, "sentiment": ""}, {"id": 86755348, "text": "$SPY $AAPL $AMZN $UVXY When Bears get married to their short position and then see all the money bulls are making", "time": 1498175582.0, "sentiment": ""}, {"id": 86755205, "text": "$AMZN Lunch is over!", "time": 1498175540.0, "sentiment": "Bullish"}, {"id": 86754991, "text": "$QQQ $FB $AAPL $AMZN $NFLX $GOOG do you have some basis for this analysis? Didn&#39;t think so.", "time": 1498175478.0, "sentiment": ""}, {"id": 86754912, "text": "$AMZN 1004 re tested Kudos Amzn!", "time": 1498175454.0, "sentiment": ""}, {"id": 86754315, "text": "$AMZN Can we go back to 1005 Amzn?? Nasdaq really spiking!", "time": 1498175282.0, "sentiment": ""}, {"id": 86754166, "text": "$AMZN took the loss,fighting the VWAP to the upside watching here for calls", "time": 1498175234.0, "sentiment": ""}, {"id": 86753795, "text": "$AMZN hourly chart is bullish as hell..bollies tight looks ready to try for new high or retest", "time": 1498175118.0, "sentiment": ""}, {"id": 86753675, "text": "$AMZN  #Amazon&#39;s Acquisitions Create Adverse Reactions http://www.talkmarkets.com/content/stocks--equities/amazons-acquisitions-create-adverse-reactions?post=139653 $WFM latest article from @sethmarcus", "time": 1498175086.0, "sentiment": ""}, {"id": 86753445, "text": "$AMZN https://www.bloomberg.com/energy  Nasdaq spiking FANGs in sync", "time": 1498175016.0, "sentiment": ""}, {"id": 86753310, "text": "$QQQ $FB $AAPL $AMZN $NFLX $GOOG 4th of July all will hit ATH again!", "time": 1498174976.0, "sentiment": "Bullish"}, {"id": 86752362, "text": "Dicks Sporting Goods Inc Could Be Amazon\u2019s Next Target $DKS $AMZN $FL $HIBB $WFM $NKE http://bit.ly/2sYCD0z", "time": 1498174698.0, "sentiment": ""}, {"id": 86751289, "text": "Is Costco Wholesale Corporation the Next Target for Amazon? http://bit.ly/2sZN7g9 $COST $AMZN $WFM", "time": 1498174392.0, "sentiment": ""}, {"id": 86751262, "text": "$AMZN Usually don&#39;t respond to posts like this. Any reason why you think $AMZN would lose $142B in mkt cap when making a $14B purchase?", "time": 1498174382.0, "sentiment": ""}, {"id": 86751044, "text": "$AMZN Groceries already overpriced at AMZN, now they buy Whole Paycheck as the answer? This is a fool&#39;s bet!", "time": 1498174323.0, "sentiment": "Bearish"}, {"id": 86750469, "text": "Dicks Sporting Goods Could Be Amazon&#39;s Next Target $DKS $AMZN - http://investorplace.com/2017/06/dicks-sporting-goods-inc-dks-stock-amzn-target/", "time": 1498174152.0, "sentiment": ""}, {"id": 86750415, "text": "$RAD this is a good target for $AMZN buy out to get in pharmacy.", "time": 1498174136.0, "sentiment": ""}, {"id": 86749820, "text": "$RAD What are the odds of not a merger between pharmacies, but an independent buyer stepping up? $AXP $AMZN $M", "time": 1498173966.0, "sentiment": "Bullish"}, {"id": 86749773, "text": "$AMZN", "time": 1498173947.0, "sentiment": "Bullish"}, {"id": 86749744, "text": "$RAD $AMZN $WBA $CVS Interesting view by Mizuho Securities USA LLC Ann Hynes https://msusa.bluematrix.com/docs/pdf/747395ab-b092-4081-bbdf-7fb523bb13fd.pdf", "time": 1498173936.0, "sentiment": "Bullish"}, {"id": 86749742, "text": "$AMZN https://www.bloomberg.com/energy  Nasdaq green , rallying", "time": 1498173936.0, "sentiment": ""}, {"id": 86749613, "text": "$AMZN https://www.bloomberg.com/energy  WTI/Brent crude +up 1.5%", "time": 1498173900.0, "sentiment": ""}, {"id": 86749407, "text": "$AMZN wake up sleepy ticker", "time": 1498173845.0, "sentiment": ""}, {"id": 86749017, "text": "$AMZN will stay in the money for $1000 calls. Good place to pick em up right now here.", "time": 1498173746.0, "sentiment": "Bullish"}, {"id": 86748880, "text": "$AMZN Let&#39;s get it over with already...", "time": 1498173704.0, "sentiment": ""}, {"id": 86748780, "text": "$FB Bounced this morning to clean 145.55 HOD. Clean top reversal back down to VWAP. $AMZN Reversed bigly. $GOOGL Chopster.", "time": 1498173676.0, "sentiment": ""}, {"id": 86748380, "text": "$RAD$WBA  $AMZN that would be A-Ok with me. If Walgreens Can&#39;t Close Rite Aid Deal, Amazon Has An Opening  https://www.forbes.com/sites/brucejapsen/2017/06/20/if-walgreens-cant-close-rite-aid-amazon-has-an-opening/#207862367d44", "time": 1498173555.0, "sentiment": "Bullish"}, {"id": 86748042, "text": "$AMZN alright already the paint is dry lets go yeesh $googl $aapl $spy", "time": 1498173463.0, "sentiment": ""}, {"id": 86747887, "text": "$AMZN Whole Foods will lose Amazon a lot of money!! They are a dying grocery chain. Why do you think they sold themselves ? $700.00 Target", "time": 1498173422.0, "sentiment": "Bearish"}, {"id": 86747657, "text": "@IlluminatiInvestments @doug5007 I firmly believe that $AMZN will be down 150-200 pts some day. Just like $CMG ppl will start to think.", "time": 1498173365.0, "sentiment": ""}, {"id": 86747438, "text": "$COST #Costco: Store of Value https://seekingalpha.com/article/4083201-costco-store-value $XRT $AMZN", "time": 1498173300.0, "sentiment": ""}, {"id": 86747394, "text": "$AMZN This will rally hard into the close. Shorts don&#39;t want no part of that train.\ud83d\ude82", "time": 1498173284.0, "sentiment": "Bullish"}, {"id": 86747279, "text": "$AMZN Going to $800. Whole Foods will lose them big money @Bob_TheBuilder", "time": 1498173249.0, "sentiment": "Bearish"}, {"id": 86746997, "text": "$WMT can&#39;t wi. Head to head with $AMZN so trying to lampoon AWS, blood in the water. Wally sounds very scared", "time": 1498173171.0, "sentiment": "Bearish"}, {"id": 86746972, "text": "$AMZN going down", "time": 1498173166.0, "sentiment": "Bearish"}, {"id": 86746566, "text": "$AMZN Amzn we had some reports today ( GDP indicators). Crude is green +up and Nasdaq is rallying!! You really can rally now Amazon!", "time": 1498173032.0, "sentiment": ""}, {"id": 86745138, "text": "@KurtisRichI went once in March. It was empty,I bought an iron, as I drove awayI was checking $AMZN to see if it was cheaper there. It was:(", "time": 1498172604.0, "sentiment": ""}, {"id": 86745096, "text": "@Young87 @StankyPigano $SKX made a deal with $AMZN he can order a fine set of shoes there!", "time": 1498172587.0, "sentiment": "Bullish"}, {"id": 86744976, "text": "$AMZN What kind of newsflow could possible come out to push this higher lol", "time": 1498172552.0, "sentiment": ""}, {"id": 86744966, "text": "$AMZN very strong breakout coming", "time": 1498172548.0, "sentiment": "Bullish"}, {"id": 86744923, "text": "$AMZN lifeless pile of poo", "time": 1498172533.0, "sentiment": ""}, {"id": 86744566, "text": "$AMZN cup and handle formation?", "time": 1498172410.0, "sentiment": "Bullish"}, {"id": 86744364, "text": "$AMZN MACD getting ready to cross. When it does.....to the moon!!!", "time": 1498172355.0, "sentiment": "Bullish"}, {"id": 86744113, "text": "$AMZN when is the stock split?", "time": 1498172268.0, "sentiment": "Bullish"}, {"id": 86744108, "text": "$HAIN says $AMZN deal for $WFM will give more exposure: CNBC interview.", "time": 1498172269.0, "sentiment": ""}, {"id": 86743667, "text": "Bed Bath &amp; Beyond - Priced For Performance Or Value Trap? \nhttps://seekingalpha.com/article/4083211?source=ansh $BBBY, $AMZN", "time": 1498172140.0, "sentiment": ""}, {"id": 86743306, "text": "The Market Expects A War Over Whole Foods https://seekingalpha.com/article/4083229?source=ansh $WFM, $AMZN, $COST, $KR, $WMT", "time": 1498172030.0, "sentiment": ""}, {"id": 86742570, "text": "$AMZN Amazon&#39;s new Echo will let you see who&#39;s at your front door\nhttp://www.cnbc.com/id/104545307.    \n\nAlexa show me the fkn money!", "time": 1498171811.0, "sentiment": "Bullish"}, {"id": 86742314, "text": "@Parallelism any news that $AMZN is entering pharmacy space could send $O down much more due to heavy rev exposure to $WBA, $CVS, $RAD", "time": 1498171741.0, "sentiment": "Bearish"}, {"id": 86742229, "text": "$AMZN 1020", "time": 1498171714.0, "sentiment": "Bullish"}, {"id": 86742029, "text": "998 $AMZN", "time": 1498171657.0, "sentiment": ""}, {"id": 86741949, "text": "How Amazon\u2019s Deal with Whole Foods Could Impact Retailers http://marketrealist.com/?p=2160796 $AMZN $WFM $KR $WMT $COST", "time": 1498171630.0, "sentiment": ""}, {"id": 86741906, "text": "short $AMZN", "time": 1498171623.0, "sentiment": "Bearish"}, {"id": 86741729, "text": "$AMZN in weekly puts for a scalp", "time": 1498171569.0, "sentiment": ""}, {"id": 86741359, "text": "How big is bitcoin, really? This chart puts it all in perspective $AAPL $AMZN @billgates http://on.mktw.net/2rVQHIf", "time": 1498171467.0, "sentiment": ""}, {"id": 86741284, "text": "Amazon Buys Whole Foods. Now What? - A Rangeley Capital Discussion \nhttps://seekingalpha.com/article/4083231?source=ansh $AMZN, $AAPL, $FB, $GOOG, $GOOGL, $WFM", "time": 1498171444.0, "sentiment": ""}, {"id": 86741230, "text": "$AMZN Dr. crusher off the run up to 1007 then dropping and going red, may be it for the week, 995 pin tomorrow", "time": 1498171429.0, "sentiment": ""}, {"id": 86741187, "text": "$AMZN dropping on weak volume...don&#39;t let it fool you..it&#39;ll be back.", "time": 1498171422.0, "sentiment": "Bullish"}, {"id": 86740994, "text": "@vonGr Wish I had the coin for $TSLA or $AMZN", "time": 1498171370.0, "sentiment": ""}, {"id": 86740877, "text": "Commerce Secretary Ross Doesn&#39;t See Anti-Trust Issues in Amazon, Whole Foods Tie Up $AMZN http://dlvr.it/PPH2DY", "time": 1498171337.0, "sentiment": ""}, {"id": 86740827, "text": "Reduce Positions in 6 Tech Stocks Losing Mojo $AMZN http://dlvr.it/PPH204", "time": 1498171330.0, "sentiment": ""}, {"id": 86740554, "text": "$AMZN 6/2/98: 2-for-1 stock split\n1/5/99: 3-for-1 stock split\n9/2/99: 2-for-1 stock split", "time": 1498171252.0, "sentiment": "Bullish"}, {"id": 86740545, "text": "$AMZN Options pin for tomorrow??? $1020", "time": 1498171248.0, "sentiment": "Bullish"}, {"id": 86740543, "text": "$AMZN stock split ?", "time": 1498171249.0, "sentiment": "Bullish"}, {"id": 86740401, "text": "still waiting on 998 $AMZN", "time": 1498171215.0, "sentiment": ""}, {"id": 86740327, "text": "red!!! holy shat $amzn", "time": 1498171200.0, "sentiment": ""}, {"id": 86740264, "text": "$GILD wait wait wait. $amzn can&#39;t be buying this too right? No way this can be attributed to milligan", "time": 1498171182.0, "sentiment": ""}, {"id": 86740155, "text": "damn - $amzn gave it all back. Havnt seen it fail like this in some tome.", "time": 1498171143.0, "sentiment": ""}, {"id": 86740099, "text": "Here\u2019s what 239 Estimize analysts believe $AMZN will report for Q2 2017 revenue [Reporting 07/27 AMC]\nhttp://www.estimize.com/intro/amzn?utm_content=AMZN&amp;amp;utm_medium=eps_update&amp;amp;utm_source=stocktwits#chart=historical", "time": 1498171129.0, "sentiment": ""}, {"id": 86739930, "text": "$COST $WMT  $TGT buyers on $AMZN news last week not happy. RETAIL death.", "time": 1498171083.0, "sentiment": ""}, {"id": 86739832, "text": "$AMZN get long before it&#39;s late", "time": 1498171058.0, "sentiment": "Bullish"}, {"id": 86739705, "text": "BTO $AMZN weekly $1002.5 put. Filled 4.50. $SPY", "time": 1498171021.0, "sentiment": ""}, {"id": 86739657, "text": "@zaxoanl Reports earnings 06/29; $NKE restructures, plans on selling directly on $AMZN; Zacks Research has a &#39;Sell&#39; rating; No Position", "time": 1498171001.0, "sentiment": ""}, {"id": 86739312, "text": "Amazon&#39;s Latest Echo Lets Users Tap into Cameras Around their House $AMZN http://dlvr.it/PPGxVR", "time": 1498170909.0, "sentiment": ""}, {"id": 86739300, "text": "wow FANG had the life sucked out of them lately $fb $amzn $nflx $googl $aapl", "time": 1498170905.0, "sentiment": ""}, {"id": 86739126, "text": "All the companies in Jeff Bezos\u2019s empire, in one (large) chart $AMZN @jeffbezos @amazon http://on.mktw.net/2sYhIe4", "time": 1498170850.0, "sentiment": ""}, {"id": 86739084, "text": "Buying Macy&#39;s Right Now: Activist Investor Or Acquirer Likely\n https://seekingalpha.com/article/4083225?source=ansh $M, $AMZN", "time": 1498170837.0, "sentiment": ""}, {"id": 86739045, "text": "$AMZN  if you are short amzn, you are short brain cells.  I just learned you can hire a house cleaner from amzn home services.", "time": 1498170826.0, "sentiment": ""}, {"id": 86738319, "text": "Why Sheryl Sandberg Won&#39;t Leave Facebook For Uber https://benzinga.com/z/9641493 $AMZN $CVS $EBAY $FB $GOOG $F", "time": 1498170628.0, "sentiment": ""}, {"id": 86738309, "text": "$AMZN we are going to 1015 today", "time": 1498170628.0, "sentiment": "Bullish"}, {"id": 86738000, "text": "$AMZN Looks like bounce is done.  Pullback to 990 in the cards.", "time": 1498170539.0, "sentiment": ""}, {"id": 86737620, "text": "Amazon Isn&#39;t Going to Run Over This Retailer, Jim Cramer Reveals $AMZN $PVH $NKE @jimcramer http://bit.ly/2suorLj", "time": 1498170434.0, "sentiment": ""}, {"id": 86737492, "text": "$Amzn, in 100 shares", "time": 1498170397.0, "sentiment": "Bullish"}, {"id": 86737471, "text": "Analyst: Kroger Should Outmuscle Amazon And Bid For Whole Foods https://benzinga.com/z/9636690 $AMZN $KR $WFM", "time": 1498170396.0, "sentiment": ""}, {"id": 86737403, "text": "$AMZN Has split 3 times. I don&#39;t recall them ever talking about it in advance. So if a split comes, it&#39;ll prob. be a surprise. Now $1000 sh?", "time": 1498170377.0, "sentiment": ""}, {"id": 86736910, "text": "$AMZN Kroger Raises dividend plus one billion buyback!!! Stock going parablolic", "time": 1498170226.0, "sentiment": "Bullish"}, {"id": 86736752, "text": "Will you marry me $AMZN ???", "time": 1498170182.0, "sentiment": ""}, {"id": 86736003, "text": "ATM $$$ from tech energy and all else to dump into biotech. $qqq $xle $xlk $xlf $spy $uso $ibb $aapl $amzn $googl $fb", "time": 1498169984.0, "sentiment": ""}, {"id": 86735712, "text": "$amzn if they bought ikea lol", "time": 1498169902.0, "sentiment": ""}, {"id": 86734944, "text": "Amazon&#39;s $AMZN Prime Air Taking Over the Skies in Cincinnati - Baird https://www.streetinsider.com/Analyst+Comments/Amazons+%28AMZN%29+Prime+Air+Taking+Over+the+Skies+in+Cincinnati+-+Baird/13036180.html", "time": 1498169697.0, "sentiment": ""}, {"id": 86734810, "text": "$AMZN I&#39;ll be back at 995-999 :)", "time": 1498169660.0, "sentiment": ""}, {"id": 86733589, "text": "$AMZN  l@@king like 1,010.00 1,015,00 2day on this one...", "time": 1498169328.0, "sentiment": "Bullish"}, {"id": 86733550, "text": "@thecrowdiswrong @doug5007 Yup, partying like it&#39;s 1999. $AMZN playing the role $CSCO did back then.", "time": 1498169312.0, "sentiment": "Bearish"}, {"id": 86732745, "text": "$AMZN split coming soon", "time": 1498169066.0, "sentiment": "Bullish"}, {"id": 86732645, "text": "$AMZN any thoughts on a split yet. Thx", "time": 1498169034.0, "sentiment": "Bullish"}, {"id": 86732590, "text": "$AMZN $googl Unreal - these each just FAILED hard", "time": 1498169014.0, "sentiment": ""}, {"id": 86732544, "text": "Share an idea on $AMZN  weibo news is why you own Amzn not baba", "time": 1498169003.0, "sentiment": ""}, {"id": 86732347, "text": "Jobless claims data offers relief for #consumer #stocks but $AMZN #ecommerce should continue to pressure #retail. Pair $XLY long $XRT short?", "time": 1498168944.0, "sentiment": ""}, {"id": 86732238, "text": "$AMZN its boom time", "time": 1498168914.0, "sentiment": "Bullish"}, {"id": 86732170, "text": "$AMZN It will close under $1000.", "time": 1498168885.0, "sentiment": "Bearish"}, {"id": 86732162, "text": "$AMZN &quot;You can now watch your smart home camera from an Amazon Echo Show&quot; great news!", "time": 1498168882.0, "sentiment": "Bullish"}, {"id": 86731993, "text": "$AMZN when is the next earnings release?", "time": 1498168832.0, "sentiment": ""}, {"id": 86731340, "text": "$UAA it&#39;s just a matter of time before $AMZN buys an athletic apparel company. $UAA would be perfect for that.", "time": 1498168662.0, "sentiment": "Bullish"}, {"id": 86731337, "text": "$AMZN wait till they buy IKEA BOOM", "time": 1498168662.0, "sentiment": "Bullish"}]