[{"id": 87706046, "text": "Estimize revenue expectations are 0.12% higher than that of Wall Street for $AMZN Q2 [Reporting 07/27 AMC]\nhttp://www.estimize.com/intro/amzn?utm_content=AMZN&amp;amp;utm_medium=eps_update&amp;amp;utm_source=stocktwits#chart=historical", "time": 1498954525.0, "sentiment": ""}, {"id": 87704950, "text": "Week in review: How Trump&#39;s policies moved stocks - $AMZN - http://thefly.com/permalinks/entry.php/AMZNid2573869", "time": 1498951844.0, "sentiment": ""}, {"id": 87704833, "text": "Nike&#39;s US Business &#39;Disturbing&#39;: One Analyst Remains Cautious Despite Earnings Beat, Stock Run https://benzinga.com/z/9679367 $ADDYY $AMZN $FINL", "time": 1498951564.0, "sentiment": ""}, {"id": 87704689, "text": "Tech Companies: Innovative But Damaging To Your Portfolio? $AMZN $AAPL $GOOG $GOOGL $MSFT $FB $BABA $TCEHY  http://buff.ly/2tYYbHI", "time": 1498951168.0, "sentiment": ""}, {"id": 87704190, "text": "$AMZN $Uber $FB $BABA $AirBnB all are disruptive in its own sense and transformed peoples life irreversibly.", "time": 1498949936.0, "sentiment": ""}, {"id": 87704031, "text": "For The Content Hungry: Cloud Or Cable? https://benzinga.com/z/9660603 $AMZN $CBS $CMCSA", "time": 1498949657.0, "sentiment": ""}, {"id": 87703977, "text": "@Scorpio244 $AMZN People in general think Amazon is expensive and risky. But then ER comes and they GROW again (BTW ER is July26)", "time": 1498949549.0, "sentiment": "Bullish"}, {"id": 87703927, "text": "@TheKeaton $AMZN But dont ask me my gain since then, I hate to brag", "time": 1498949480.0, "sentiment": ""}, {"id": 87703915, "text": "@TheKeaton $AMZN I started to invest in amzn in 2008 and hold a core position (plus day trade) so for me its a reality (almost 10 years)", "time": 1498949464.0, "sentiment": ""}, {"id": 87703630, "text": "@April0505 @NeonJoeee $AMZN had a spiker at 1008 Friday. I see it going close to there before dropping again. Long then short imo", "time": 1498948868.0, "sentiment": ""}, {"id": 87703607, "text": "$JD comparing $amzn,$baba, and $jd charts similar pattern online retail sector is pulling back for awhile", "time": 1498948815.0, "sentiment": ""}, {"id": 87703419, "text": "$AMZN OI for maturity 07/07/2017. 980.00 Highest put. 1000.00 Highest call. http://bit.ly/2trXNnQ", "time": 1498948405.0, "sentiment": ""}, {"id": 87703282, "text": "(+23.3%) YPT BASKET OF 80 #STOCKS INTO &#39;17 \n$AVGO $BLUE $AMZN $PAYC $RHT $NOW $IPGP       \nhttp://yourpersonaltrader.squarespace.com/", "time": 1498948037.0, "sentiment": ""}, {"id": 87702724, "text": "$fb $amzn $nflx $googl $xlk $xlv $celg $vrtx $alxn $regn $ibb", "time": 1498946547.0, "sentiment": ""}, {"id": 87702489, "text": "If you had one investment to invest in &amp; not check the price for a decade, what would it be?\n\n$SPY $AAPL $AMZN $TSLA $FB $BTCUSD $JNUG $AMD", "time": 1498946008.0, "sentiment": ""}, {"id": 87702148, "text": "$COST could $WFM  be Achilles heel for $AMZN? Success strategy in Online  may not work on a physical store. $Cost thrives", "time": 1498945244.0, "sentiment": "Bullish"}, {"id": 87701667, "text": "Three Percent of S&amp;P Make Up Half Its Gains  $SPY $AAPL $GOOG $GOOGL $AMZN $MSFT  http://buff.ly/2u70j0p", "time": 1498943868.0, "sentiment": ""}, {"id": 87701541, "text": "Why $AMZN Should By $TSLA http://buff.ly/2txVFv8", "time": 1498943544.0, "sentiment": ""}, {"id": 87701067, "text": "2017\n$AMZN few stores \ud83c\udfea\n$Uber self driving cars \ud83d\ude97\n$FB creates no content \u270f\ufe0f\n$BABA no inventory \ud83d\udcda\n$AirBnB no real estate \nBitcoin no Gold", "time": 1498942205.0, "sentiment": ""}, {"id": 87700875, "text": "$SHOP $FB $AMZN $AAPL $BABA https://www.fool.com/investing/2017/06/30/could-shopify-be-a-millionaire-maker-stock.aspx Next millionaire maker stock!", "time": 1498941646.0, "sentiment": "Bullish"}, {"id": 87700034, "text": "$AMZN Pre Holiday trade tends to be thin, with a magnified Volatility", "time": 1498939173.0, "sentiment": ""}, {"id": 87700014, "text": "$AMZN Monday 1/2 Day NYSE closed at 1:00 PM ET, Tuesday Closed all day https://www.nyse.com/markets/hours-calendars", "time": 1498939112.0, "sentiment": ""}, {"id": 87699926, "text": "Why FANG &amp; Biotech Are Not As Expensive As You Think $fb $amzn $nflx $googl $xlk $xlv $celg $vrtx $alxn $regn $ibb  https://mottcapitalmanagement.com/fang-biotech-not-expensive-think/", "time": 1498938814.0, "sentiment": ""}, {"id": 87699462, "text": "Estimize EPS expectations are 9.20% higher than that of Wall Street for $AMZN Q2 [Reporting 07/27 AMC]\nhttp://www.estimize.com/intro/amzn?utm_content=AMZN&amp;amp;utm_medium=eps_update&amp;amp;utm_source=stocktwits#chart=historical", "time": 1498937248.0, "sentiment": ""}, {"id": 87699437, "text": "$AMZN So many big-name companies rely on AWS that if it went down, everything would be in chaos. https://stocknews.com/news/amzn-how-amazon-com-inc-amzn-aws-controls-the-internet/", "time": 1498937152.0, "sentiment": ""}, {"id": 87698840, "text": "$AMZN with Jul 4th landing on a Tuesday...I wonder how this is going to do next week with alot of traders taking the whole week off...", "time": 1498934146.0, "sentiment": ""}, {"id": 87697169, "text": "Nike After Earnings - The Important Things To Know $NKE https://seekingalpha.com/article/4085226-nike-earnings-important-things-know $ADDYY $UA $UAA $AMZN", "time": 1498921945.0, "sentiment": "Bullish"}, {"id": 87696939, "text": "$AMZN estimates distribution - here\u2019s what 251 Estimize analysts are expecting $AMZN to report for Q2 [Reporting 07/27 AMC]\nhttp://www.estimize.com/intro/amzn?utm_content=AMZN&amp;amp;utm_medium=eps_update&amp;amp;utm_source=stocktwits#chart=historical", "time": 1498919792.0, "sentiment": ""}, {"id": 87696003, "text": "$AMZN ..$NKE ...$ZACKS \u2b05 $FAKE $ANALYSTS $DONT $TRADE $ON $ZACKS $GARBAGE $PROPAGANDA", "time": 1498914286.0, "sentiment": "Bullish"}, {"id": 87695844, "text": "$AMZN ...finzine $ZACKS $SEEKING $ALPHA ...$GARBAGE $FAKE $NEWS", "time": 1498913598.0, "sentiment": ""}, {"id": 87695820, "text": "$AMZN $FAKE $NEWS", "time": 1498913524.0, "sentiment": ""}, {"id": 87695798, "text": "$amzn finzine\u2b07FAKE NEWS", "time": 1498913456.0, "sentiment": "Bullish"}, {"id": 87695589, "text": "$AMZN ....$NKE..STILL RUNNING NXT WEEK..IN THE PAINT FOR 18MONTHS TIME FOR LIFT OFF\ud83d\udcb2\ud83d\udcb2\ud83d\udcb2\ud83d\udcb2\ud83d\udcb2", "time": 1498912668.0, "sentiment": "Bullish"}, {"id": 87695555, "text": "@Bullybeard  $AMZN believes quality service. They make things right. #customerforlife", "time": 1498912547.0, "sentiment": ""}, {"id": 87695061, "text": "Some of our trades this week $PIR $WOR $CAMP $SCHN $AVAV $NKE $RAD $KBH $MU $AMZN $FB $GOOG $NFLX $TSLA $VIX $IBB", "time": 1498910750.0, "sentiment": ""}, {"id": 87694587, "text": "@DaffyBucks @weikoko @theswift @TradeTuik @gman99 people love to draw the analogy between $SHOP and $AMZN. i don&#39;t fully support it", "time": 1498909300.0, "sentiment": ""}, {"id": 87694012, "text": "$FB and $AMZN strongest of fang right now, $GOOG and $NFLX acting weaker.", "time": 1498907346.0, "sentiment": ""}, {"id": 87693105, "text": "$AMZN ha ha - Amazon $4 higher from closing bell, in finishing the after hours session", "time": 1498904956.0, "sentiment": "Bullish"}, {"id": 87692560, "text": "$AMZN has done nothing but impress me as a consumer. Saving time and money. The world needs it!", "time": 1498903769.0, "sentiment": ""}, {"id": 87692463, "text": "@Thorgood lmfao. He definitely isn&#39;t. I think @Checksmate meant plain view charges. Plenty of ways to hide the fees. $AMZN", "time": 1498903538.0, "sentiment": ""}, {"id": 87692454, "text": "$AMZN $GOOGL $AAPL looks like sell in May and come back in November holds true here", "time": 1498903513.0, "sentiment": "Bearish"}, {"id": 87692426, "text": "$AMZN don&#39;t worry - you&#39;ll pay for it somehow. Bezos is not running a charity.", "time": 1498903436.0, "sentiment": ""}, {"id": 87692035, "text": "$amzn volume from today for next wk expy $spy $qqq", "time": 1498902454.0, "sentiment": ""}, {"id": 87691973, "text": "Here\u2019s what 251 Estimize analysts believe $AMZN will report for Q2 2017 revenue [Reporting 07/27 AMC]\nhttp://www.estimize.com/intro/amzn?utm_content=AMZN&amp;amp;utm_medium=eps_update&amp;amp;utm_source=stocktwits#chart=historical", "time": 1498902329.0, "sentiment": ""}, {"id": 87691242, "text": "$AMZN $SNAP $FB $CAT $SPY $QQQ $FN $GOOGL $DD $C $GS $CQQQ $XLK $EWW $IBB $WIX $RUT $TLT $GDX $AAPL $NFLX $SPUX", "time": 1498900754.0, "sentiment": ""}, {"id": 87690714, "text": "$AMZN that i can see for sure", "time": 1498899755.0, "sentiment": ""}, {"id": 87690577, "text": "$AMZN disappointing day 14 lol....next week finally the 960 crack below...to new lows seen in a while...", "time": 1498899470.0, "sentiment": "Bearish"}, {"id": 87690465, "text": "$AMZN Amazon is going to own the world....scary", "time": 1498899266.0, "sentiment": ""}, {"id": 87689889, "text": "$AMZN fake news", "time": 1498898129.0, "sentiment": ""}, {"id": 87689849, "text": "$AMZN..I LOVE 30\ud83d\udcb2 days..$patienc", "time": 1498898076.0, "sentiment": ""}, {"id": 87689781, "text": "@Overide5 And to answer your question I have zero interest in $RAD or $WBA. My only interest in this space is $AMZN.", "time": 1498897995.0, "sentiment": ""}, {"id": 87689735, "text": "$AMZN Amazon Prime Day alone on July 11th is worth about $25 to this stock price!", "time": 1498897890.0, "sentiment": "Bullish"}, {"id": 87689070, "text": "@TechnicalCapital my fear is the entire Nasdaq will get washed with $AMZN $GOOGL $NFLX .", "time": 1498896691.0, "sentiment": ""}, {"id": 87688860, "text": "Save Money; How to Mark a Market Top: Best of Kass $AMZN http://dlvr.it/PRM5qr", "time": 1498896306.0, "sentiment": ""}, {"id": 87688125, "text": "$AMZN (A Bull Analysis) &quot;Amazon.com, Inc. Stock Is Still a Buy for the Long-Term&quot;  http://bit.ly/2sbm9OG @investorplace", "time": 1498895125.0, "sentiment": ""}, {"id": 87688087, "text": "$AMZN Amazon has a secret weapon that is crushing the competition (AMZN) -  customer loyalty http://markets.businessinsider.com/news/1002139961", "time": 1498895057.0, "sentiment": ""}, {"id": 87688012, "text": "$AMZN very similar price action last year this time popped $40 in early July from low in end of June", "time": 1498894944.0, "sentiment": "Bullish"}, {"id": 87687699, "text": "$AAPL $AMD $AMZN $CHFS His first trade with us and profited. Come trade with us FREE TRIAL: https://goo.gl/MTpKJ6", "time": 1498894475.0, "sentiment": ""}, {"id": 87687523, "text": "$AMZN secret weapon. http://markets.businessinsider.com/news/stocks/amazon-stock-price-loyalty-secret-weapon-2017-6-1002139961", "time": 1498894221.0, "sentiment": "Bullish"}, {"id": 87687489, "text": "$INTC sold in after hours for a loss. Haunting  last hour of trade in $AMZN $GOOGL $QQQ", "time": 1498894173.0, "sentiment": ""}, {"id": 87687083, "text": "$AMZN Just learning the rope", "time": 1498893611.0, "sentiment": ""}, {"id": 87686977, "text": "@Muratti00 best play on a stock is $amzn short short it&#39;s gonna play catch up to googl", "time": 1498893464.0, "sentiment": ""}, {"id": 87686846, "text": "@Muratti00 $amzn puts are in sale gotta get em before they skyrocket they are buying puts I have been watching and we are trading", "time": 1498893297.0, "sentiment": ""}, {"id": 87686702, "text": "@Muratti00 $amzn", "time": 1498893119.0, "sentiment": ""}, {"id": 87686577, "text": "@Goombah spammer Blocked. $amzn $fb $nflx $aapl", "time": 1498892933.0, "sentiment": ""}, {"id": 87686569, "text": "$NVDA $AMD $AMZN $GOOGL $AAPL $MU $WDC $SOXX basically says investing in non-tech like investing in horse &amp; buggy at industrial rev. :-)", "time": 1498892920.0, "sentiment": ""}, {"id": 87686520, "text": "$xlk $amzn $nflx $fb $googl $nvda $amd $spy $xlv $swks $msft", "time": 1498892847.0, "sentiment": ""}, {"id": 87686218, "text": "Market Summary: $GOOGL, $FB, $AMZN all three large caps headed DOWN means we are in for a MONSTER CORRECTION SOON! GO TO CASH!", "time": 1498892411.0, "sentiment": "Bearish"}, {"id": 87685716, "text": "$AMZN Rough week. We will see if this uptrend line acts as support. Could be trouble if not", "time": 1498891740.0, "sentiment": ""}, {"id": 87684812, "text": "$FB $AAPL $NFLX $GOOG $AMZN Part of a huge Sector Rotation into  $VRX  pfft been saying this since 12 bucks. Or keep investing in ATH&#39;s GL!", "time": 1498890339.0, "sentiment": "Bullish"}, {"id": 87684084, "text": "$RAD $AMZN Amazon would be wise to buy Rite Aid, an analyst says http://www.barrons.com/articles/retail-addiction-amazon-is-primed-for-another-purchase-1498835890 via @BarronsNext", "time": 1498889525.0, "sentiment": ""}, {"id": 87683655, "text": "$AMZN Daily targets. Projection review vs TodayActual. Stats on site. 100% fees to charity.", "time": 1498888992.0, "sentiment": ""}, {"id": 87683421, "text": "$AAPL $AMZN $AMD $MU $NVDA", "time": 1498888724.0, "sentiment": ""}, {"id": 87683029, "text": "$amzn $qqq $spy this is the most crazy post of all time. You think that is winning lolol that&#39;s funny stuff", "time": 1498888232.0, "sentiment": ""}, {"id": 87682970, "text": "Why $AMZN Prime Day 2017 Could Blow the Past 2 Yrs Out of the Water http://bit.ly/2ttJ4cd bit.ly/2APRSCC", "time": 1498888164.0, "sentiment": ""}, {"id": 87682758, "text": "Target takes on Amazon by upping its booze selection $TGT $AMZN https://yhoo.it/2tv37Xg", "time": 1498887915.0, "sentiment": ""}, {"id": 87682493, "text": "19 Stocks for 2nd Half http://bit.ly/2ttDI0k $LRCX $NVDA $INTC $PFE $ENZ $C $WFC $KEY $AMZN $USAT $AMN $DY $GVA $T $VZ $ED $COST $WMT $SFM", "time": 1498887612.0, "sentiment": ""}, {"id": 87682468, "text": "$V $FB $MA $GOOG $BABA $AMZN I guess these have to go down sometimes - patience - Bullish", "time": 1498887581.0, "sentiment": ""}, {"id": 87682355, "text": "@TheWeekendInvestor tough week right? Good to see mote people holding, $AMZN and $GOOG with significant declines, more to pain to come?", "time": 1498887443.0, "sentiment": "Bullish"}, {"id": 87682205, "text": "$AMD $BABA $CARA $DRYS $DIS $EBIO $FB $GOOG $HTBX $IBM $LABU $MSFT $NFLX $AMZN $PLUG $RAD $SNAP Smoke&#39;EN\u2764\ufe0f\ud83d\ude1c", "time": 1498887253.0, "sentiment": ""}, {"id": 87682157, "text": "19 Stocks Our Columnists Like for 2017&#39;s Second Half $AMZN http://dlvr.it/PRKxgf", "time": 1498887189.0, "sentiment": ""}, {"id": 87681787, "text": "$AMZN Remember when the Amazon Fire Phone was going to kill the iPhone? $AAPL Kill grocery biz now too? $COST $WFM https://www.cnet.com/news/fire-phone-one-year-later-why-amazons-smartphone-flamed-out/", "time": 1498886772.0, "sentiment": ""}, {"id": 87681770, "text": "Which Of These June Winners Show Strength Amid Market Weakness? http://ow.ly/OhWd30dcVnq $MOAT $AMZN $GILD $MCK $SBUX $DIS $IWO $KITE $CTLT", "time": 1498886745.0, "sentiment": ""}, {"id": 87680965, "text": "$AAPL $AMZN $AMD $MU $NVDA Tech - likely upcoming week breakout as earning season begins (wed-fri)", "time": 1498885910.0, "sentiment": ""}, {"id": 87680946, "text": "$NKE $AAPL $GOOGL $FB $AMZN $TSLA $MSFT ...$ZACKS $FAKE $NEWS $FAKE $ANALYST $NKE \ud83d\udcb2100 $BLUE $CHIP", "time": 1498885885.0, "sentiment": ""}, {"id": 87680924, "text": "$AMZN $DIS $NKE $SBUX $GOOG $WFC $BABA $AAPL $XOM $NFLX $PFE $BRK.B  @howardlindzon  All I do is hold ....", "time": 1498885863.0, "sentiment": ""}, {"id": 87680749, "text": "$AMZN  this is just sick!  I saw it coming and sold my options or I&#39;d be PISSED!!", "time": 1498885678.0, "sentiment": ""}, {"id": 87680419, "text": "@EitherDirection earnings were good but they have some issues that lie ahead like the rest of retail $amzn deal good but Amzn gonna", "time": 1498885328.0, "sentiment": ""}, {"id": 87680413, "text": "$AMZN ...back to  $chool", "time": 1498885322.0, "sentiment": ""}, {"id": 87680207, "text": "$AMZN ...Need a $MUFFLER $AZO DOWN 30%YTD $AMZN DISRUPTIVE", "time": 1498885104.0, "sentiment": "Bullish"}, {"id": 87680156, "text": "Here\u2019s what 251 Estimize analysts believe $AMZN will report for Q2 2017 EPS [Reporting 07/27 AMC]\nhttp://www.estimize.com/intro/amzn?utm_content=AMZN&amp;amp;utm_medium=eps_update&amp;amp;utm_source=stocktwits#chart=historical", "time": 1498885047.0, "sentiment": ""}, {"id": 87680148, "text": "$AMZN ....$WMF..NO CASHIERS FOR $PRIME $CUSTOMERS", "time": 1498885040.0, "sentiment": "Bullish"}, {"id": 87680014, "text": "$AMZN $KR ...WILL BE SCRAPING THEIR SHOPPING $CART $WEEKEND ...$COST THE FOLLOWING $WEEK", "time": 1498884913.0, "sentiment": "Bullish"}, {"id": 87679986, "text": "$AMZN http://www.businessinsider.com/r-us-fund-managers-seek-consumer-stocks-that-amazon-cant-conquer-2017-6", "time": 1498884887.0, "sentiment": "Bullish"}, {"id": 87679894, "text": "$AMZN $NKE .......DAY TRADERS NEED A JOB $AMZN FULFILLMENT CENTER BOXING $NKE $GEAR ...LMFAO $BUM", "time": 1498884795.0, "sentiment": "Bullish"}, {"id": 87679765, "text": "$AMZN here is an example how vertical spreads save lives", "time": 1498884664.0, "sentiment": ""}, {"id": 87679552, "text": "$SPX $SPX $AMZN Most terrifying chart in 2017.", "time": 1498884425.0, "sentiment": ""}, {"id": 87678932, "text": "$AAPL started tech downtrend on June7, today action postiive for $MSFT $AAPL, $GOOGL $AMZN should turn next week.. end of Q2 positive", "time": 1498883852.0, "sentiment": ""}, {"id": 87678839, "text": "$AMZN ....$NKE..$PHIL $KNIGHT $HOE $DOG !! LEARN $OMINGTHING", "time": 1498883785.0, "sentiment": "Bullish"}, {"id": 87678752, "text": "$AMZN ....$GOOMBAH $REAL $NKE $HARE $HOLDER ....$TRADERS $HORT $PEENY $TOCKS ...YOU GOT $BURNED $UCKERS", "time": 1498883708.0, "sentiment": "Bullish"}, {"id": 87678594, "text": "$AMZN ..$NKE...$MARK $PARKER $GOD $ENT ... $THANK $YOU $IR", "time": 1498883577.0, "sentiment": "Bullish"}, {"id": 87678523, "text": "$NKE..$TINKER HATFIELD $DRAKE $MARK $PARKER. ..TO BE CONTINUED. ...$AMZN $NKE $VERY", "time": 1498883516.0, "sentiment": "Bullish"}, {"id": 87678382, "text": "$AMZN. ...$ALEXA..$NKE SOCK$ $PLEASE", "time": 1498883392.0, "sentiment": "Bullish"}, {"id": 87678290, "text": "$AMZN ....$WARDROBE", "time": 1498883317.0, "sentiment": "Bullish"}, {"id": 87678256, "text": "$AMZN ...NEED A WIPER BLADE ? $ASK $ALEXA...", "time": 1498883290.0, "sentiment": "Bullish"}, {"id": 87678172, "text": "$AMZN ...$AWS...$WATCH $OUT", "time": 1498883232.0, "sentiment": "Bullish"}, {"id": 87678079, "text": "$AMZN ...$NKE..STILL RUNNING $TRONG...$TOP $DOW $COMPONENT $THIS $YEAR $WATCH", "time": 1498883157.0, "sentiment": "Bullish"}, {"id": 87677940, "text": "$AMZN $KIDS 35% GAIN SINCE LAST 15% CORRECTION! ! WE WANT THAT !! $RELAX ...$BUYS SOME $NKE FOR YOUR $LADY !! ITS $UMMER TIME NO VOL. $AMZN", "time": 1498883040.0, "sentiment": "Bullish"}, {"id": 87677633, "text": "$AMZN StocksTracker shows this up over $12 ah. I know that&#39;s not right but what a tease", "time": 1498882803.0, "sentiment": ""}, {"id": 87677469, "text": "$AMZN what happens next week with this stock? Anyone know? Ideas?  I don&#39;t want to feel anymore pain", "time": 1498882671.0, "sentiment": ""}, {"id": 87677261, "text": "$AMZN Fascinating...", "time": 1498882528.0, "sentiment": ""}, {"id": 87676939, "text": "$AMZN ...$NKE. .1M AH VOL. $59.28", "time": 1498882312.0, "sentiment": "Bullish"}, {"id": 87676908, "text": "@Aggiebucks us an Arsehole extraordinaire. BLOCK. Top right drop down. Posts vomit. $cc $amat $baba $amzn $qqq $snap", "time": 1498882286.0, "sentiment": ""}, {"id": 87676259, "text": "Weekly weakly weak.\nJoeBalls us never wrong.\nMarket Guru Savant Extrordinaire $amzn $qqq $spy", "time": 1498881837.0, "sentiment": "Bearish"}, {"id": 87675996, "text": "$amzn change in dierection", "time": 1498881642.0, "sentiment": "Bearish"}, {"id": 87675664, "text": "Better Buy: Amazon.com, Inc. vs. Microsoft https://aff.whotrades.com/t/b/r3w2p/ $AAPL $AMZN $MSFT", "time": 1498881419.0, "sentiment": ""}, {"id": 87675578, "text": "Down Week Ends on Shaky Note https://www.briefing.com/investor/markets/stock-market-update/2017/6/30/down-week-ends-on-shaky-note.htm $SPX $COMPQ $XLI $XLF $XLE $NKE $AMZN $XRT $DJT $MU", "time": 1498881366.0, "sentiment": ""}, {"id": 87675431, "text": "Wal-Mart Aims to Hit Amazon Where It Hurts https://aff.whotrades.com/t/b/5gghj/ $AMZN $WMT $WFM $GME $NFLX", "time": 1498881283.0, "sentiment": ""}, {"id": 87675057, "text": "$GES Retail still seeing repercussions of $AMZN", "time": 1498881054.0, "sentiment": ""}, {"id": 87674752, "text": "Why FANG &amp; Biotech Are Not As Expensive As You Think $xlk $amzn $nflx $fb $googl $nvda $amd $spy  $xlv $swks $msft https://mottcapitalmanagement.com/fang-biotech-not-expensive-think/", "time": 1498880876.0, "sentiment": ""}, {"id": 87673565, "text": "@t44 dont make bull look like greedy fool, but it will be 1k soon july11 prime yes but also ER july26 . $amzn", "time": 1498880208.0, "sentiment": ""}, {"id": 87673559, "text": "How AT&amp;amp;T Views the Time Warner Opportunities http://marketrealist.com/?p=2177457 $AMZN $JPM $NFLX $T $TWX", "time": 1498880206.0, "sentiment": ""}, {"id": 87673412, "text": "@Mau_Sotomayor easy to draw that but ER is july 26 ... prime day is july 11 this can change the draw picasso $amzn", "time": 1498880134.0, "sentiment": ""}, {"id": 87673317, "text": "@Jentsang lol you shorted it all week dont pretend to be a bull on hold you spit on $amzn all week long", "time": 1498880086.0, "sentiment": ""}, {"id": 87673197, "text": "$AMZN ...$AAPL. $FB $TSLA $GOOGL $MSFT $NKE ....$TRADEREQUITIES. ...$WATCH $IT", "time": 1498880024.0, "sentiment": "Bullish"}, {"id": 87672991, "text": "$AMZN TRADEREQUITIES $real $deal $pls $follow", "time": 1498879922.0, "sentiment": "Bullish"}, {"id": 87672853, "text": "$AMZN it&#39;ll be at least $1,030 by Amazon Prime Day,July 11th.", "time": 1498879847.0, "sentiment": "Bullish"}, {"id": 87672809, "text": "$AMZN. ...TRADEREQUITIES ....i like", "time": 1498879827.0, "sentiment": "Bullish"}, {"id": 87672593, "text": "$AMZN ....$FINZINE $FAKE $GARBAGE $PROPAGANDA", "time": 1498879764.0, "sentiment": "Bullish"}, {"id": 87672487, "text": "$AMZN $NKE ...TRADEREQUITIES. ..$REAL $NEWS $GREAT $JOB", "time": 1498879710.0, "sentiment": "Bullish"}, {"id": 87672169, "text": "$AMZN Too risky atm to get back in. Probably lower on Monday thanks to algos/low volume/shor tday.", "time": 1498879548.0, "sentiment": "Bearish"}, {"id": 87672120, "text": "$AMZN Go Bezos Go Aamzon Happy Fourth of July All!", "time": 1498879524.0, "sentiment": ""}, {"id": 87671997, "text": "$AMZN Why we had a Bond/Stock selloff this week", "time": 1498879467.0, "sentiment": ""}, {"id": 87671717, "text": "$AMZN Yea This is good stock-!!!! Just a generalized angst (Fear) regarding further Interest rate hikes and angst whether Trump will succeed", "time": 1498879334.0, "sentiment": ""}, {"id": 87671633, "text": "$AMZN too much risk. Will buy lower.", "time": 1498879287.0, "sentiment": ""}, {"id": 87671569, "text": "$COST Happy 4th of July folks - let&#39;s make Costco great again. $AMZN means nothing", "time": 1498879260.0, "sentiment": ""}, {"id": 87671378, "text": "$AMZN Wall Street bought all the Tech Growth stocks for their books today. Don&#39;t be fooled to have sold.", "time": 1498879170.0, "sentiment": "Bullish"}, {"id": 87670958, "text": "$AMZN IMO we test the 927 FLASH low, my gut tells me we stop just short of it 930&#39;s- Forms a strong DOUBLE Bottom, then runup b4 ER to 990+", "time": 1498879002.0, "sentiment": "Bullish"}, {"id": 87670936, "text": "$AMZN amzn short. short", "time": 1498878992.0, "sentiment": "Bearish"}, {"id": 87670624, "text": "$AMD $BABA $CARA $DRYS $DIS $EBIO $FB $GOOG $HTBX $IBM $LABU $MSFT $NFLX $AMZN $PLUG $RAD $SNAP \nGangsta Boo, you up today?", "time": 1498878888.0, "sentiment": ""}, {"id": 87670531, "text": "$AMZN if I was patient enough to hold until July 11th,just a week from Tuesday. It&#39;ll hit $1,030 on that day.", "time": 1498878852.0, "sentiment": "Bullish"}, {"id": 87670108, "text": "$AMZN in the meantime, bulldozer caveman stock $CAT is at all time highs. There&#39;s the short for some of you miserable troll perma bears.", "time": 1498878698.0, "sentiment": ""}, {"id": 87670046, "text": "$AMZN  Todays Low 49 pts from high @ 21 days, 3 weeks from low 927, 969 is 42 up and 2 time 21: MOB here, 967 is 5 pts below 50%: Gann Range", "time": 1498878671.0, "sentiment": ""}, {"id": 87669997, "text": "$AMZN what happen, sold off at the close.", "time": 1498878652.0, "sentiment": ""}, {"id": 87669854, "text": "$NKE ....ALEXA A ROLL OF TOILET PAPER FOR THE $BEAR $HIT $PLEASE ....$AMZN $ NKE ...$UCKERS", "time": 1498878603.0, "sentiment": "Bullish"}, {"id": 87669465, "text": "$NKE ...last 30days $loud and $clear up 10% I TOLD YOU $HATERS...$ALEXA...DINNER ON ME $HONEY $AMZN $NKE ...$UPER LONG $BYE $HATERS", "time": 1498878470.0, "sentiment": "Bullish"}, {"id": 87669222, "text": "$AMZN  Have Low 7/10 and Big One 8/14, Big Cycles are Rolling Over, Like Waves on Beach", "time": 1498878376.0, "sentiment": ""}, {"id": 87669183, "text": "$AMZN Dropped below the 50", "time": 1498878360.0, "sentiment": ""}, {"id": 87669180, "text": "$AMZN i&#39;d love to buy this under 950! Easy money", "time": 1498878359.0, "sentiment": ""}, {"id": 87669111, "text": "$GOOG $AMZN these two were getting thrown out", "time": 1498878335.0, "sentiment": ""}]