[{"id": 88128216, "text": "$AMZN that I posted earlier just triggerd long - $QQQ", "time": 1499465498.0, "sentiment": ""}, {"id": 88127896, "text": "$AMZN we broke 975! Gear up! Bulls are rolling.", "time": 1499465398.0, "sentiment": "Bullish"}, {"id": 88127831, "text": "$AMZN amazon will buck their own trend.....with 10 for 1 stock split! Will go up another 20% easily", "time": 1499465380.0, "sentiment": ""}, {"id": 88127768, "text": "@YFNspiderman82 I like $AMZN and a small position, but people are fickle. Whoever is on top today may not be tomorrow. $APRN seems boutique", "time": 1499465362.0, "sentiment": ""}, {"id": 88127742, "text": "The street...seeking alpha ZACKS GARBAGE! ! FAKE NEWS !! BEWARE! $AMZN $NKE $JPM $BX $GS $FB $CG $BA $GOOGL $AAPL ....MARKETWATCH real news", "time": 1499465354.0, "sentiment": ""}, {"id": 88127593, "text": "@nerdtechie Cool, for me it is $AMD &amp; $AMZN. I still got few $AAPL for just in case it does the unexpected and takes off. Got  $BABA today.", "time": 1499465307.0, "sentiment": ""}, {"id": 88127573, "text": "$AMZN nice ,", "time": 1499465302.0, "sentiment": "Bullish"}, {"id": 88127165, "text": "@linlee888 But definitely $FB and $AMZN are on my top plays in tech", "time": 1499465185.0, "sentiment": ""}, {"id": 88127151, "text": "Looking to lose \ud83d\udcb2 from bad research analysts at zacks garbage. Com!! $AMZN $NKE take a nap kids!", "time": 1499465179.0, "sentiment": ""}, {"id": 88126724, "text": "Zacks terrible research team!! A sell rating the MOAT $NKE take a walk BUMS garbage analysts at zacks.com ! $AMZN $NKE", "time": 1499465055.0, "sentiment": ""}, {"id": 88126116, "text": "Takeaways From The Amazon/Whole Foods Deal $AMZN $WFM $KR $GS http://bit.ly/2ty3Dl7 @bbolan1 @zacks", "time": 1499464892.0, "sentiment": ""}, {"id": 88126082, "text": "$AMZN $WFM ....garbage news!! Sell rating on $nke nice trick move! Hey amzn is hiring better than being a liar!", "time": 1499464881.0, "sentiment": ""}, {"id": 88125734, "text": "$AMZN. .marketwatch great source dude !", "time": 1499464781.0, "sentiment": ""}, {"id": 88125697, "text": "How Big Is the Moat Protecting Costco Wholesale Corporation  Stock? http://bit.ly/2tpcsiT $COST $AMZN $WFM", "time": 1499464771.0, "sentiment": ""}, {"id": 88125668, "text": "What if $MSFT $AMZN got some Justice Dept style love one day? MS-NBC and WAPO maybe gonna be an albatross. Give smcaps like $OKTA a chance.", "time": 1499464761.0, "sentiment": ""}, {"id": 88125609, "text": "$AMZN flagging to go higher", "time": 1499464745.0, "sentiment": ""}, {"id": 88125568, "text": "$AMZN (Friday Stock Thesis) Stock market climbs as U.S. adds 222,000 jobs  June http://on.mktw.net/2sNVOKY", "time": 1499464732.0, "sentiment": ""}, {"id": 88125452, "text": "Zacks garbage research analysts pumping tickers on here\u2b07 FAKE GARBAGE NEWS $AMZN ...GOOD MORNING  ALEXA", "time": 1499464701.0, "sentiment": "Bullish"}, {"id": 88125424, "text": "Amazon, Whole Foods: The Deal That Almost Wasn&#39;t? $AMZN http://dlvr.it/PSwFVp", "time": 1499464693.0, "sentiment": ""}, {"id": 88125300, "text": "3 Reasons Rite Aid Corporation Stock Still Has a Chance $RAD $FRED $WBA http://bit.ly/2txVZr7 $CVS $AMZN", "time": 1499464656.0, "sentiment": ""}, {"id": 88125088, "text": "Zacks garbage analysts \u2b07 $amzn", "time": 1499464585.0, "sentiment": "Bullish"}, {"id": 88124956, "text": "$AMZN Break that 975! Come on bulls! Hit it again!", "time": 1499464551.0, "sentiment": "Bullish"}, {"id": 88124893, "text": "Thank your local fulfillment centers for todays jobs number! $AMZN =SECULAR!", "time": 1499464532.0, "sentiment": "Bullish"}, {"id": 88124743, "text": "Takeaways From The $AMZN / $WFM Deal - July 7, 2017 - Zacks.com https://www.zacks.com/commentary/120620/takeaways-from-the-amzn-wfm-deal?cid=SM-stocktwits-HL-120620", "time": 1499464484.0, "sentiment": ""}, {"id": 88121774, "text": "TRUMP... PUTIN ..two goombahs !! $AMZN $NKE....still running !! vapor max SWEET kixs!! $amzn \ud83d\udcb2prime", "time": 1499463642.0, "sentiment": "Bullish"}, {"id": 88121038, "text": "\ud83d\udcb2A.W.S !! no competition!  $AMZN \u00d7 $NKE = CONGLOMERATE", "time": 1499463448.0, "sentiment": "Bullish"}, {"id": 88120629, "text": "Oracle Set to Take On the Highly Competitive Cloud Space http://marketrealist.com/?p=2175755 $AMZN $EPI $GOOG $MSFT $ORCL", "time": 1499463344.0, "sentiment": ""}, {"id": 88120389, "text": "$RNVA this is like buying $TSLA or $AMZN guys. buy it and forget it. go long on this. it will pay your kids college.", "time": 1499463275.0, "sentiment": ""}, {"id": 88120243, "text": "Need to cover your losses shorting $nke $amzn juSt ask ALEXA !! \ud83d\udcb2PRIME \ud83d\udcb2DAY 7/10/17 9PM", "time": 1499463236.0, "sentiment": "Bullish"}, {"id": 88119814, "text": "ALEXA...start the coffee pot ! $NKE $AMZN fresh powder", "time": 1499463118.0, "sentiment": "Bullish"}, {"id": 88119639, "text": "We were busy making money in other stocks that were breaking out...$975 is the technical breakout for $AMZN", "time": 1499463064.0, "sentiment": ""}, {"id": 88119306, "text": "$AAPL looks like pre earnings tech rally $goog $fb $nflx $amzn $COMPQ", "time": 1499462979.0, "sentiment": "Bullish"}, {"id": 88119202, "text": "Amazon $AMZN Testing Post-2015 Up Trendline (again) ~965 #TrendlineWednesday", "time": 1499462951.0, "sentiment": ""}, {"id": 88119057, "text": "$AMZN $895 more likely than $985", "time": 1499462910.0, "sentiment": ""}, {"id": 88118734, "text": "$amzn will close at $985!", "time": 1499462821.0, "sentiment": "Bullish"}, {"id": 88117827, "text": "$WFM $AMZN http://www.cnbc.com/2017/07/07/deal-drama-amazon-whole-foods.html", "time": 1499462585.0, "sentiment": ""}, {"id": 88117404, "text": "$AMZN IMO They will try to pin this to 970 but this will go to 980.", "time": 1499462492.0, "sentiment": ""}, {"id": 88116844, "text": "$AMZN The Volume isnt there yet...", "time": 1499462339.0, "sentiment": "Bullish"}, {"id": 88116209, "text": "@mwdoney  $amzn $975 maybe the top for today but watch out on ER July 26 then it will rise a lot", "time": 1499462169.0, "sentiment": ""}, {"id": 88116141, "text": "$TSLA wait for all those $GOOGL $AMZN and $MSFT cloud data centers to run on solar power ..", "time": 1499462156.0, "sentiment": "Bullish"}, {"id": 88115843, "text": "$AMZN $WF  hey it&#39;s not $WF it&#39;s $WFM try to type the good ticker next time", "time": 1499462080.0, "sentiment": ""}, {"id": 88115558, "text": "$AMZN algos trying to play short and see if it sticks. Not this time", "time": 1499462005.0, "sentiment": ""}, {"id": 88114522, "text": "$AMZN $950 by 09:50 (PST)", "time": 1499461731.0, "sentiment": ""}, {"id": 88114469, "text": "$AAPL $fb $nflx $goog $amzn tech buying", "time": 1499461716.0, "sentiment": "Bullish"}, {"id": 88114234, "text": "$AMZN 15min inside", "time": 1499461656.0, "sentiment": ""}, {"id": 88114212, "text": "$SPY Earnings begin and great wage/job #&#39;s Again 100-200 unemployed German&#39;s will not stop $AMZN,GOOGL,NFLX,AAPL. CNBC protest-smoke no fire", "time": 1499461649.0, "sentiment": ""}, {"id": 88114134, "text": "$AMZN this was here pre $WF, company is worth more now, why would you sell here.  Perspective.", "time": 1499461634.0, "sentiment": "Bullish"}, {"id": 88113163, "text": "@blackzer0  it will be there after ER only not before and ER is June 26 thanks $AMZN", "time": 1499461396.0, "sentiment": ""}, {"id": 88112659, "text": "@hardrawd @RickM @VAlegacy  businesses grows and we benefit from that if we buy their stock ... we are not here to judge competition $amzn", "time": 1499461268.0, "sentiment": ""}, {"id": 88112325, "text": "@Omjaidurgi  Big caps companies are the best and ER will remind this to wall street when they beat $amzn er is july 26", "time": 1499461182.0, "sentiment": ""}, {"id": 88111923, "text": "$AMZN ha ha ha", "time": 1499461081.0, "sentiment": ""}, {"id": 88111745, "text": "$AMZN $WFM  of course whole foods is very happy with the deal it&#39;s a dream come true for them", "time": 1499461035.0, "sentiment": ""}, {"id": 88111603, "text": "$AMZN $975 is the key... if it can break above that, it should do a little running.", "time": 1499460999.0, "sentiment": ""}, {"id": 88111530, "text": "$AMD $AAPL $AMZN All my A&#39;s!", "time": 1499460981.0, "sentiment": "Bullish"}, {"id": 88111321, "text": "$AAOI $NVDA  $FB $V $AMZN  $BABA  --  NICE", "time": 1499460925.0, "sentiment": "Bullish"}, {"id": 88111138, "text": "@Bwiz are you putta your f mind? Prime day july 11 and er july26 ... sell off is over , big boys come back to big cap cos they GrOW  $amzn", "time": 1499460878.0, "sentiment": "Bullish"}, {"id": 88110872, "text": "$AMZN I called 975 way before the market open , I TOLD YOU", "time": 1499460815.0, "sentiment": "Bullish"}, {"id": 88109896, "text": "$AMZN pull back to 960s", "time": 1499460567.0, "sentiment": ""}, {"id": 88109665, "text": "$NTDOY switch in stock at $AMZN now for prime members", "time": 1499460510.0, "sentiment": ""}, {"id": 88108035, "text": "$AMZN clearing 975 would be good", "time": 1499460086.0, "sentiment": "Bullish"}, {"id": 88107971, "text": "Whole Foods sought $45 per share offer from Amazon\nhttp://www.reuters.com/article/us-whole-foods-m-a-amazon-com-idUSKBN19S1XV\n$AMZN $WFM", "time": 1499460069.0, "sentiment": ""}, {"id": 88107322, "text": "$FB $AMZN $PYPL $AAOI $NFLX  ---   VERY GOOD", "time": 1499459882.0, "sentiment": "Bullish"}, {"id": 88107258, "text": "@RickM  @VAlegacy it does if it wants to keep increasing whatever little profit it may manage to eek out. Otherwise $amzn will still eat up", "time": 1499459861.0, "sentiment": ""}, {"id": 88107067, "text": "$AMZN Clean pop out gate.", "time": 1499459807.0, "sentiment": ""}, {"id": 88106455, "text": "Amazon.com Inc (NASDAQ:AMZN) stock is available at a discount ahead of the Prime Day sales. $AMZN https://amigobulls.com/articles/2017-07-07-should-you-buy-amazon-stock-going-into-the-prime-day-sales-amazon-com-inc", "time": 1499459621.0, "sentiment": ""}, {"id": 88106244, "text": "$AMZN above cloud...whatever that means...", "time": 1499459556.0, "sentiment": ""}, {"id": 88106174, "text": "A proxy filing indicates that $WFM originally asked $AMZN for $45/share. The resulting $42 offer from Amazon was its &quot;best and final offer.&quot;", "time": 1499459535.0, "sentiment": ""}, {"id": 88106133, "text": "I like $AMZN long over $975", "time": 1499459521.0, "sentiment": ""}, {"id": 88105680, "text": "$AMZN analysts on Estimize are expecting -14.33% YoY EPS growth for Q2, down from 38.32% in Q1 [Reporting 07/27 AMC]\nhttp://www.estimize.com/intro/amzn?utm_content=AMZN&amp;amp;utm_medium=eps_update&amp;amp;utm_source=stocktwits#chart=historical", "time": 1499459358.0, "sentiment": ""}, {"id": 88105366, "text": "$WFM countered $AMZN at $45 per share, had another interested party http://bit.ly/2tQm5bn", "time": 1499459231.0, "sentiment": ""}, {"id": 88104870, "text": "$AMZN when will this fade to red? $950 by 09:50.", "time": 1499459009.0, "sentiment": ""}, {"id": 88104293, "text": "The Retail Apocalypse Is Still Holding Back the U.S. Jobs Market $AMZN http://dlvr.it/PSvB2y", "time": 1499458752.0, "sentiment": ""}, {"id": 88103407, "text": "$AMZN 1000 by tuesday", "time": 1499458314.0, "sentiment": ""}, {"id": 88102844, "text": "Why Groupon Is Stepping Up Its Marketing Efforts http://marketrealist.com/?p=2185274 $AMZN $EBAY $GRPN $NDX-INDEX $YELP", "time": 1499458028.0, "sentiment": ""}, {"id": 88102561, "text": "$BABA $TSLA $SNAP $FB $AAPL $AMZN $NVDA $AMD Alibaba $300 Price Target   https://www.highkeyinvesting.com/single-post/2017/07/07/Alibaba-300---Price-Target-2019", "time": 1499457877.0, "sentiment": "Bullish"}, {"id": 88102312, "text": "@Ss2bull $AMZN is for &amp;FAG", "time": 1499457729.0, "sentiment": ""}, {"id": 88102021, "text": "$WFM Had Several Other Bidders, Wanted $45/Share; $AMZN Didn&#39;t Want to Engage in a Multiparty Sale Process https://www.streetinsider.com/Mergers+and+Acquisitions/Whole+Foods+Market+%28WFM%29+Had+Several+Other+Bidders%2C+Wanted+%2445Share%3B+Amazon+%28AMZN%29+Didnt+Want+to+Engage+in+a+Multiparty+Sale+Process/13079068.html", "time": 1499457578.0, "sentiment": ""}, {"id": 88100850, "text": "Interesting to see $AMZN and some other big tech names holding up well while the S&amp;P taking a harsher hit. Change from the last few weeks.", "time": 1499456890.0, "sentiment": ""}, {"id": 88100678, "text": "100 Women, Downtown Boxing Gym Unite To Help Detroit Students&#39; Reading Skills https://benzinga.com/z/9741220 $ALLY $AMZN", "time": 1499456789.0, "sentiment": ""}, {"id": 88100675, "text": "$AMZN.  Nasdaq green", "time": 1499456787.0, "sentiment": ""}, {"id": 88100588, "text": "$AMZN good payroll report", "time": 1499456735.0, "sentiment": ""}, {"id": 88100514, "text": "$AMZN great jobs report", "time": 1499456695.0, "sentiment": "Bullish"}, {"id": 88100397, "text": "Share an idea on $AMZN. 222k. \ud83c\udd9a 178k payroll NFp Nasdaq very", "time": 1499456617.0, "sentiment": ""}, {"id": 88100185, "text": "Stocks hit the bottom or near bottom: $P PT 10. $AMZN PT 1000, $SODA PT 55, $GPRE PT 24, $NVDA 153 in the short term. 170 by end of Aug.", "time": 1499456490.0, "sentiment": "Bullish"}, {"id": 88099929, "text": "$AMZN looking for clues above 980", "time": 1499456340.0, "sentiment": "Bullish"}, {"id": 88099769, "text": "@VAlegacy @RickM it simply cannot compete with $amzn.", "time": 1499456238.0, "sentiment": ""}, {"id": 88099741, "text": "$AMZN Thursday Night Football could jumpstart Amazon&#39;s burgeoning advertising business. https://stocknews.com/news/amzn-how-football-could-propel-amazon-com-inc-amzn-ad-business/", "time": 1499456221.0, "sentiment": ""}, {"id": 88099454, "text": "$AMZN Solid Jobs Report 222,000 vs Expected 179,000.", "time": 1499456054.0, "sentiment": "Bullish"}, {"id": 88099400, "text": "$AMZN $1050 PT, 6 months", "time": 1499456021.0, "sentiment": "Bullish"}, {"id": 88099315, "text": "$AMZN that&#39;s the stuff", "time": 1499455971.0, "sentiment": "Bullish"}, {"id": 88099012, "text": "$AMZN (+0.2% pre) Amazon Prime Membership Up 35% As Big Shopping Day Coming - IBD\n\nhttp://ooc.bz/l/13661", "time": 1499455803.0, "sentiment": ""}, {"id": 88098824, "text": "obscure accounting change could boost  $AMZN $SBUX $WMT profits by hundreds of millions of dollars http://www.marketwatch.com/story/the-obscure-accounting-change-could-jolt-amazon-starbucks-wal-mart-profits-by-hundreds-of-millions-of-dollars-2017-06-28?mg=prod/accounts-mw", "time": 1499455664.0, "sentiment": ""}, {"id": 88098792, "text": "$AMZN stocktwits team please fix your laggy pre market price changes", "time": 1499455637.0, "sentiment": ""}, {"id": 88098581, "text": "$AMZN", "time": 1499455480.0, "sentiment": "Bullish"}, {"id": 88098463, "text": "$AMZN Good news on the horizon.", "time": 1499455388.0, "sentiment": "Bullish"}, {"id": 88097920, "text": "$AMZN high open interest range is 960.00 to 980.00 for option expiration 07/14/2017. http://bit.ly/2uy6kTI", "time": 1499454913.0, "sentiment": ""}, {"id": 88097894, "text": "Craig-Hallum downgraded $DMRC to Hold citing the run-up in shares post $AMZN acquisition of $WFM http://bit.ly/2sx4nFK", "time": 1499454889.0, "sentiment": ""}, {"id": 88097635, "text": "$AMZN not looking good", "time": 1499454668.0, "sentiment": "Bullish"}, {"id": 88097518, "text": "After buying HSN for $2.1B, $LMCA will become the 3rd largest e-commerce company in North America - $AMZN $WMT", "time": 1499454586.0, "sentiment": ""}, {"id": 88097380, "text": "$AMZN Markets setting up for rough next week. How resistant is AMZN to significant market dip? Was bearish, now neutral +.", "time": 1499454466.0, "sentiment": ""}, {"id": 88097299, "text": "$RAD clearly today is the day $amzn reveals its tender offer for RAD - pps jumps to $6.  And I am out.", "time": 1499454387.0, "sentiment": "Bullish"}, {"id": 88097294, "text": "$AMZN down on 450 shares PM.", "time": 1499454384.0, "sentiment": ""}, {"id": 88097025, "text": "$PLUG $AMZN https://www.google.com/amp/www.cbsnews.com/amp/news/3-things-you-should-know-about-amazon-prime-day/", "time": 1499454103.0, "sentiment": ""}, {"id": 88095858, "text": "Groupon: 1 Less-Talked-about Shift http://marketrealist.com/?p=2185246 $AMZN $EBAY $GRPN $WMT $YELP", "time": 1499452649.0, "sentiment": ""}, {"id": 88095835, "text": "What Does Amazon\u2019s Debt Valuation Convey? http://marketrealist.com/?p=2182326 $AMZN $BABA $EBAY $SQ $TWTR", "time": 1499452623.0, "sentiment": ""}, {"id": 88095819, "text": "$AMZN $970+ open after Jobs Report...", "time": 1499452611.0, "sentiment": ""}, {"id": 88095809, "text": "What Made Amazon a Leader in the DBaaS Space? http://marketrealist.com/?p=2175647 $AMZN $MSFT $ORCL", "time": 1499452602.0, "sentiment": ""}, {"id": 88095752, "text": "Early morning Press Releases $SINA $YIN $ANGO $CYD $AMZN $NAT $MRK $SPWR $TOT $DCM $CGG $IRCP $IRS $ATVI $HOPE $CHRW https://marketchameleon.com/PressReleases", "time": 1499452531.0, "sentiment": ""}, {"id": 88095543, "text": "$AMZN Latest Press Releases https://marketchameleon.com/Overview/AMZN/DailyCharts/", "time": 1499452271.0, "sentiment": ""}, {"id": 88095107, "text": "$APRN If you are of the long view, take note. Good entry here, post-IPO. Same with $SNAP and similar good weakness for $AMZN entry", "time": 1499451732.0, "sentiment": "Bullish"}, {"id": 88094906, "text": "$SPY $QQQ $AAPL $NFLX $AMZN $FB https://youtu.be/kDGu5bwz0o0", "time": 1499451413.0, "sentiment": ""}, {"id": 88094696, "text": "$AMZN is this the amount in your account ? Hahahaha", "time": 1499451110.0, "sentiment": ""}, {"id": 88094590, "text": "$AMZN UPS survey indicates Amazon holds a commanding lead as the top destination for initial product searches. https://stocknews.com/news/amzn-amazon-com-inc-amzn-dominates-google-as-a-product-search-engine/", "time": 1499450925.0, "sentiment": ""}, {"id": 88094378, "text": "@amigobulls ahead of prime day july11 PLUS ER jul26 dont forget ER !!!!! $amzn", "time": 1499450565.0, "sentiment": ""}, {"id": 88094325, "text": "$AMZN $975 today", "time": 1499450461.0, "sentiment": "Bullish"}, {"id": 88094273, "text": "$AMZN tech sell off is over... when ER comes and remind us all that they are the best , they grow and sell more everyday !!!!", "time": 1499450387.0, "sentiment": "Bullish"}, {"id": 88094241, "text": "$AMZN $975 today. Firm will realise that big cap are the best when mid cap or little are out of breath. The big cap sell off on tech is over", "time": 1499450319.0, "sentiment": ""}, {"id": 88094233, "text": "$AMZN", "time": 1499450308.0, "sentiment": "Bullish"}, {"id": 88094111, "text": "Jim Cramer Gives His Opinion On Hain Celestial, Kraft Heinz And Kroger https://benzinga.com/z/9749182 $AMZN $HAIN $KHC $MDLZ $KR", "time": 1499450055.0, "sentiment": ""}, {"id": 88093783, "text": "$AMZN let&#39;s move up today", "time": 1499449315.0, "sentiment": "Bullish"}, {"id": 88093605, "text": "$AMZN Interesting set-up: stock still above kumo, got a doji &amp; significant JUL 1000 call buying activity yesterday... likely going back up!!", "time": 1499448891.0, "sentiment": ""}, {"id": 88093562, "text": "Should You Buy Amazon Stock Now, Ahead Of Prime Day? $AMZN https://amigobulls.com/articles/2017-07-07-should-you-buy-amazon-stock-going-into-the-prime-day-sales-amazon-com-inc", "time": 1499448787.0, "sentiment": ""}, {"id": 88093322, "text": "$SPX investors shouldn&#39;t be concerned about falling tech #stocks \n\nhttp://bearmarket.net/stock-market-on-july-7-2017-thoughts-and-outlook/\n\n$SPY $AMZN $GOOGL $AAPL $NFLX $TSLA $IWM $NDX", "time": 1499448011.0, "sentiment": ""}, {"id": 88093305, "text": "$AMZN how low does this go today?", "time": 1499447967.0, "sentiment": ""}, {"id": 88093180, "text": "$SPY $AMZN $FB $GOOG  Cycle Timing has today as Low of Minor Magnitude, Always Wavelength Variation, but Time is Here: Time More Impt Price", "time": 1499447528.0, "sentiment": ""}, {"id": 88093178, "text": "Study shows $AMZN U.S. Prime membership reaches 85M, GeekWire reports http://bit.ly/2tN2E35", "time": 1499447516.0, "sentiment": ""}, {"id": 88093059, "text": "$AMZN announces Prime Now promotion for Prime Day http://bit.ly/2tTKNHj", "time": 1499447153.0, "sentiment": ""}, {"id": 88092144, "text": "$AMZN support for $NOK Lee with Samsung experience &amp; much more.", "time": 1499443481.0, "sentiment": ""}, {"id": 88091869, "text": "Estimize revenue expectations are 0.64% higher than that of Wall Street for $AMZN Q2 [Reporting 07/27 AMC]\nhttp://www.estimize.com/intro/amzn?utm_content=AMZN&amp;amp;utm_medium=eps_update&amp;amp;utm_source=stocktwits#chart=historical", "time": 1499441897.0, "sentiment": ""}, {"id": 88090850, "text": "$AMZN Holding higher Tom.", "time": 1499436450.0, "sentiment": ""}, {"id": 88090517, "text": "$TSLA How about this chart I posted 3 weeks ago. $QQQ, $NFLX, $AAPL, $GOOGL, $FB, $AMZN, $VXX, $UVXY, $SVXY", "time": 1499435300.0, "sentiment": ""}, {"id": 88090399, "text": "$SPY downside is limited. Get ready to move higher. $IWM, $QQQ. $TSLA, $AAPL, $AMZN, $NFLX, $VXX, $UVXY, $VIX, $TVIX, $", "time": 1499435007.0, "sentiment": "Bullish"}, {"id": 88090101, "text": "$ROST $ROST $AMZN $TGT $TJX Whats the deal with Ross? Why is it tanking like this", "time": 1499434034.0, "sentiment": ""}, {"id": 88089687, "text": "$amzn $nok Amazon Stock Analysis: Amazon Is Subsidizing A Nokia Android Phone https://app.quuu.co/r/yb-pgn", "time": 1499432673.0, "sentiment": ""}, {"id": 88089508, "text": "$AMZN Past years prime week didn&#39;t do much for the stock price. Amazon will always be a winner but not in the short term with tech bleeding", "time": 1499432135.0, "sentiment": "Bearish"}, {"id": 88088532, "text": "Share an idea on $TSLA call me crazy but looking at $amzn as short term bullish play and $baba as a longer term opp", "time": 1499429652.0, "sentiment": "Bullish"}, {"id": 88087994, "text": "$ROST TJX vs $AMZN Over the longer term, I am confident the off-price sector will remain a strong segment of retail as consumers seek value.", "time": 1499428517.0, "sentiment": ""}, {"id": 88087976, "text": "$AMZN let&#39;s rally! 977 Friday!", "time": 1499428493.0, "sentiment": "Bullish"}, {"id": 88087793, "text": "$APRN $AMZN $WFM $FIT $GRPN $SNAP &quot;Blue Apron: another failed #unicorn? Analysis: https://xgreedandfear.blogspot.pe/2017/07/blue-apron-otro-fallido-unicornio.html", "time": 1499428162.0, "sentiment": ""}, {"id": 88087701, "text": "$AMZN is not developing its own wine, Recode says http://bit.ly/2sPjCcI", "time": 1499428037.0, "sentiment": ""}, {"id": 88086879, "text": "$AAOI only has 1 bill market cap while in the forefront of a critical technology component. It has $AMZN and $MSFT as clients. Undervalued.", "time": 1499426639.0, "sentiment": "Bullish"}, {"id": 88086547, "text": "$TSLA not $AMZN, but it is a bad ass none the less. Look at AMZN chart end of 2013, look familiar, see what happens, rest is history?", "time": 1499426160.0, "sentiment": ""}, {"id": 88086461, "text": "Tech mergers and acquisitions to improve products and services, using AI solutions $BBRY $FEYE $GOOG $AMZN $MSFT http://www3.weforum.org/docs/WEF_White_Paper_Technology_Innovation_Future_of_Production_2017.pdf", "time": 1499426031.0, "sentiment": ""}, {"id": 88086377, "text": "$amzn..$PLUG if you ever need a loan ? Just ASK? $AMZN +$PLUG sounds logical .", "time": 1499425904.0, "sentiment": "Bullish"}, {"id": 88086279, "text": "$AMZN...i like $plug kids !! Buying 1k shs in the morning! Straight up no options ! WHY? 2BUCKS IM IN !!!", "time": 1499425769.0, "sentiment": "Bullish"}, {"id": 88085689, "text": "Friday&#39;s Watch Part 1: $AMD $AAPL $AMZN $CNAT $APHB $AVEO $AAOI $CELG $AAL $AVGO $BABA $BGNE $BZUN $CERC $FB \u263a\ufe0f\ud83d\ude18", "time": 1499424931.0, "sentiment": ""}, {"id": 88085340, "text": "$AMZN ...potential M&amp;A $PLUG $DISH $RAD ...just saying! $AMZN ...home auto life rv trailer!  NEED A SMALL BUSINESS LOAN A.W.\ud83d\udcb2  PRIME\ud83d\udcb2 GO\ud83d\udcb2", "time": 1499424445.0, "sentiment": "Bullish"}, {"id": 88085331, "text": "Estimize EPS expectations are 10.74% higher than that of Wall Street for $AMZN Q2 [Reporting 07/27 AMC]\nhttp://www.estimize.com/intro/amzn?utm_content=AMZN&amp;amp;utm_medium=eps_update&amp;amp;utm_source=stocktwits#chart=historical", "time": 1499424441.0, "sentiment": ""}, {"id": 88085166, "text": "Need a air freshner for that stench in your car ? ASK ALEXA ! $AZO $AAP $ORLY lastest victims!  Lmfao ! $AMZN =SECULAR ! KIDS NEED A BOOK ?", "time": 1499424196.0, "sentiment": "Bullish"}, {"id": 88085156, "text": "$AMZN Prime Day/Night starts on Monday night July 10th, to da moon baby!!!", "time": 1499424182.0, "sentiment": "Bullish"}]