[{"id": 90070558, "text": "$AMZN Bezos you&#39;re such a boss.", "time": 1501191383.0, "sentiment": ""}, {"id": 90070453, "text": "@FlynancialAnalyst nm those $AAPL $AMZN fades were weak af lmao", "time": 1501191349.0, "sentiment": ""}, {"id": 90070365, "text": "$TDOC Yikes. No position but woulda thought $AMZN wouldve scooped these guys up instead.", "time": 1501191322.0, "sentiment": ""}, {"id": 90069820, "text": "$SPY CCI Indicator Explained: Better than RSI? https://www.youtube.com/watch?v=DdDhFt2ZsaQ&amp;fmt=22 $AMZN", "time": 1501191181.0, "sentiment": ""}, {"id": 90069765, "text": "$AMZN already priced in big time..good puck anyways :) bullish in the long run", "time": 1501191177.0, "sentiment": ""}, {"id": 90069664, "text": "$TDOC buy us out $AMZN", "time": 1501191141.0, "sentiment": "Bullish"}, {"id": 90069431, "text": "$AMZN is it possible it&#39;s already priced in...be careful out there \ud83d\udc4d\ud83c\udfff", "time": 1501191072.0, "sentiment": ""}, {"id": 90069388, "text": "@3mg4 Hey $AMZN still has reported ER yet. So Monday should be a fucking marathon. $BABA", "time": 1501191062.0, "sentiment": "Bullish"}, {"id": 90069346, "text": "@Contrarian00 they do you just can&#39;t track it $FB $AMZN $GOOG ,are valuable Bc they know what the individual wants#advertising with insight", "time": 1501191052.0, "sentiment": "Bullish"}, {"id": 90069208, "text": "$ORLY heading to $180s nothing to be excited about here.. CRASH AND BURN $amzn killing all auto retailers.", "time": 1501191029.0, "sentiment": "Bearish"}, {"id": 90068649, "text": "Playing those $AMZN earnings!", "time": 1501190886.0, "sentiment": ""}, {"id": 90068598, "text": "$AMZN $INTC $SBUX report tonight ... full list below.", "time": 1501190863.0, "sentiment": ""}, {"id": 90068581, "text": "$AMZN analysts on Estimize are expecting -15.75% YoY EPS growth for Q2, down from 38.32% in Q1 [Reporting Today 07/27 AMC]\nhttp://www.estimize.com/intro/amzn?utm_content=AMZN&amp;amp;utm_medium=eps_update&amp;amp;utm_source=stocktwits#chart=historical", "time": 1501190860.0, "sentiment": ""}, {"id": 90068289, "text": "$AMZN so tempted to short this here...", "time": 1501190792.0, "sentiment": ""}, {"id": 90068210, "text": "$JD I&#39;m in with a good size long position. Strong buy here followers! \u261e https://www.wsj.com/articles/jd-coms-growth-outpaces-chinas-e-commerce-market-1501072430?mod=yahoo_hs&amp;yptr=yahoo\n$AMZN $GOOGL $BABA", "time": 1501190773.0, "sentiment": "Bullish"}, {"id": 90067966, "text": "but didnt $AMZN buy something couple weeks back", "time": 1501190706.0, "sentiment": ""}, {"id": 90067943, "text": "$PLUG what if AMZN announces something today $AMZN earnings", "time": 1501190702.0, "sentiment": ""}, {"id": 90067860, "text": "$AMZN Hats off to the current richest man in the world", "time": 1501190683.0, "sentiment": "Bullish"}, {"id": 90067842, "text": "$AMZN is today?", "time": 1501190679.0, "sentiment": ""}, {"id": 90067820, "text": "$AMZN what kind of move is the options market pricing into this stock after report?", "time": 1501190674.0, "sentiment": ""}, {"id": 90067788, "text": "$AMZN is going to rip just like $FB after earnings. Weak dollar is a HUGE catalyst", "time": 1501190665.0, "sentiment": ""}, {"id": 90067713, "text": "$AMZN Could AMZN announce a stock split, who knows Bezos always zigs when others zag, if that happened, shorts apoplectic", "time": 1501190646.0, "sentiment": ""}, {"id": 90067595, "text": "$CL_F long to 49:25 let&#39;s see what mama bear had in store for us - long $6e and $NQ_F $AMZN as well", "time": 1501190612.0, "sentiment": "Bullish"}, {"id": 90067581, "text": "@MoneyGoose AWS makes a lot of money every quarter for $AMZN. Their cloud business takes center stage for earnings.", "time": 1501190617.0, "sentiment": ""}, {"id": 90067285, "text": "$UPS it is tied $AMZN secular ecomm growth along with $V $MA  $FDX .. buy on weakness..", "time": 1501190535.0, "sentiment": ""}, {"id": 90067091, "text": "Sprouts Farmers Up 15% After Dipping On Amazon-Whole Foods News; &#39;Pristine&#39; Q2 Will Keep Them There https://benzinga.com/z/9831855 $SFM $AMZN $WFM", "time": 1501190485.0, "sentiment": ""}, {"id": 90066956, "text": "$AMZN Buy buy buy...earning should shoot this above  $1200 tomorrow. Still reasonable.  Lots of good news and expect S. American news.", "time": 1501190457.0, "sentiment": "Bullish"}, {"id": 90066906, "text": "$FB $AMZN earnings tomorrow will continue $FB rally", "time": 1501190436.0, "sentiment": "Bullish"}, {"id": 90066876, "text": "$amzn $fb $nflx $goog QE party end &quot;soon&quot;\ud83d\udeab QE capitulation implosion..\n&lt;zerohedge&gt;\n\nPrepare &quot;Contraction Party&quot; \ud83d\udeab De-Fang", "time": 1501190430.0, "sentiment": "Bearish"}, {"id": 90066871, "text": "$EXPE  you could play $PCLN off expe&#39;s earning; play $BABA off $BIDU&#39;s earning; play retailer names off $AMZN&#39;s earning", "time": 1501190429.0, "sentiment": ""}, {"id": 90066863, "text": "$AMZN ER already priced in?", "time": 1501190428.0, "sentiment": ""}, {"id": 90066747, "text": "$AMZN This company, Amazon..Is that like, the place in South America?..Is that where he got the name from? Just curious", "time": 1501190395.0, "sentiment": ""}, {"id": 90066629, "text": "$AMZN Long this one too. FAANG will rock earnings this season aparently.", "time": 1501190364.0, "sentiment": "Bullish"}, {"id": 90066585, "text": "$AMZN $1,063 is the resistant level for both weekly and monthly chart. Where it closes today before earnings is key.", "time": 1501190353.0, "sentiment": ""}, {"id": 90066433, "text": "$AMZN: After Q2 earnings, investors will be paying attention to the company&#39;s  recent initiatives, such as Whole Foods acquisition.", "time": 1501190315.0, "sentiment": "Bullish"}, {"id": 90066385, "text": "$AMZN monster", "time": 1501190304.0, "sentiment": ""}, {"id": 90066384, "text": "$AMZN  could see $1125 tomorrow if similar to $FB", "time": 1501190303.0, "sentiment": "Bullish"}, {"id": 90066364, "text": "i think $AMZN will touch pm highs", "time": 1501190298.0, "sentiment": ""}, {"id": 90066284, "text": "$AMZN", "time": 1501190272.0, "sentiment": ""}, {"id": 90066250, "text": "$AMZN Picked OTM cheap calls...wee wee up we go!", "time": 1501190264.0, "sentiment": "Bullish"}, {"id": 90066200, "text": "$AMZN bezos before and after, lol", "time": 1501190254.0, "sentiment": "Bullish"}, {"id": 90066186, "text": "$TSLA $AMZN $NVDA $GOOG $FB $AAPL $NFLX boeing up another 8 pts. wow. that is 30 points in 2 days folks. amazing for a dow 30 stock", "time": 1501190251.0, "sentiment": ""}, {"id": 90066185, "text": "take a look at $AMZN", "time": 1501190250.0, "sentiment": ""}, {"id": 90066031, "text": "$AAOI $MSFT azure + $FB + $AMZN aws growth data centers great $$$$ for AAOI", "time": 1501190206.0, "sentiment": ""}, {"id": 90065813, "text": "$AMZN: The Butterfly Effect, released by Audible, an Amazon&#39;s subsidiary, the leading provider of premium digital spoken audio information", "time": 1501190148.0, "sentiment": "Bullish"}, {"id": 90065672, "text": "$FB $AMZN $GOOG $AAPL  who will stick out their neck to try to compete with these guys,  they have so many people that love them", "time": 1501190114.0, "sentiment": ""}, {"id": 90065635, "text": "$AMZN sold some covered calls. Feel comfortable selling above 1100.", "time": 1501190106.0, "sentiment": ""}, {"id": 90065279, "text": "$GOOG can google make the push like $FB $AMZN  upwards?", "time": 1501190020.0, "sentiment": ""}, {"id": 90065192, "text": "$AMZN Jeff Bezos surpasses bill gates as the richest man in the world ... http://www.cnbc.com/2017/07/27/jeff-bezos-is-set-to-become-the-worlds-richest-man.html", "time": 1501189999.0, "sentiment": ""}, {"id": 90065157, "text": "$AMZN waiting to get in before the big bounce!!", "time": 1501189992.0, "sentiment": "Bullish"}, {"id": 90064933, "text": "Video Streaming Is Coming To Nintendo Switch https://benzinga.com/z/9831876 $NTDOY $AAPL $AMZN $GOOG $NFLX $SNE $MSFT", "time": 1501189944.0, "sentiment": ""}, {"id": 90064614, "text": "$AMZN: Amazon a Threat to Mastercard and Visa per Barrons", "time": 1501189856.0, "sentiment": "Bullish"}, {"id": 90064561, "text": "$AMZN as an aside, I like the risk reward of FNMAT, a FNMA preferred should they privatize the Fannie and Freddie", "time": 1501189842.0, "sentiment": ""}, {"id": 90064363, "text": "$AMZN if amazon fails...tech will start to get heavy.", "time": 1501189801.0, "sentiment": ""}, {"id": 90064309, "text": "$AMZN Bezos looks like Dr Evil... congrats on making it to the top of the food chain.", "time": 1501189790.0, "sentiment": ""}, {"id": 90064167, "text": "$FB $AMZN $GOOG $AAPL   can any other company ever unsurp the 4 kings?", "time": 1501189753.0, "sentiment": ""}, {"id": 90064146, "text": "If $tsla can go to $300 and $amzn to $1,000 then $Baba can go to $200 minimum. That is my PT $200", "time": 1501189748.0, "sentiment": "Bullish"}, {"id": 90064052, "text": "@sinv  $AMZN #bullish #biggerpharma", "time": 1501189722.0, "sentiment": "Bullish"}, {"id": 90064022, "text": "Amazon&#39;s Price to Sales ratio at a 10-year high heading into earnings. Expectations elevated. $AMZN", "time": 1501189713.0, "sentiment": ""}, {"id": 90063904, "text": "$AMZN: Amazon to host first job fair on August 2nd with 50,000 U.S. jobs to fill.", "time": 1501189685.0, "sentiment": "Bullish"}, {"id": 90063883, "text": "$SPY $SPX - Outside gap up list for SP500 $FB $AMZN $ALXN $GILD $PYPL $VZ $BA $ORLY", "time": 1501189680.0, "sentiment": "Bullish"}, {"id": 90063711, "text": "$AMZN: &#39;Dunkirk&#39; director Christopher Nolan rips Netflix, praises Amazon.", "time": 1501189631.0, "sentiment": "Bullish"}, {"id": 90063252, "text": "$AMZN: Tech and banks will remain Wall Street&#39;s stock leaders through 2017, Goldman says.", "time": 1501189526.0, "sentiment": "Bullish"}, {"id": 90063045, "text": "$AMZN: Amazon&#39;s market capitalization above $500 billion for the first time.", "time": 1501189466.0, "sentiment": "Bullish"}, {"id": 90062987, "text": "Great article for the upcoming #AR boom, $GOOG $FB $AAPL $VUZI $AMZN $SNE #SmartGlasses #Wearables #VR ...  http://briefmobile.com/vuzix-nasdaqvuzi-and-the-massive-ar-market/", "time": 1501189452.0, "sentiment": "Bullish"}, {"id": 90062849, "text": "$AAOI  $AMZN hiring 50,000 new workers,  $FB and AMZN expanding data centers,  is good for AAOI", "time": 1501189425.0, "sentiment": ""}, {"id": 90062829, "text": "$AMZN: Amazon joins the $500 billion club.", "time": 1501189414.0, "sentiment": "Bullish"}, {"id": 90062576, "text": "$AMZN: Announced the launch of Prime Now in Singapore, which offers free 2-hour delivery on tens of thousands of items from your phone.", "time": 1501189346.0, "sentiment": "Bullish"}, {"id": 90062532, "text": "Positions: $amzn $optt $plug $fcel $insg rock on", "time": 1501189333.0, "sentiment": "Bullish"}, {"id": 90062465, "text": "What to Expect From Amazon Earnings Tonight $AMZN http://dlvr.it/PYw2dC", "time": 1501189312.0, "sentiment": ""}, {"id": 90062350, "text": "$amzn best stock in the world. Put 75% of my portfolio in it in 2017 and boy was that a good call", "time": 1501189287.0, "sentiment": "Bullish"}, {"id": 90062327, "text": "$AMZN Just Stay Long !!! Own AAPL,EW,TSLA,WDAY &amp; NVDA too. Bears will have a few minutes of success but trend is for higher prices !!!", "time": 1501189279.0, "sentiment": ""}, {"id": 90062138, "text": "$AMZN could be bounce play", "time": 1501189237.0, "sentiment": ""}, {"id": 90062097, "text": "Commentary: Retail&#39;s Most Profitable Square Footage - $AMZN, $TIF, $LULU, $AAPL http://crweworld.com/article/news-provided-by-pr-newswire/121607/retails-most-profitable-square-footage", "time": 1501189227.0, "sentiment": ""}, {"id": 90061999, "text": "$AAOI  MY PT=150 $FB $BABA $AMZN $BIDU $PYPL", "time": 1501189199.0, "sentiment": "Bullish"}, {"id": 90061997, "text": "Best Stock for the Next Ten Years: Amazon or Alphabet? http://charlessizemore.com/best-stock-next-ten-years-amazon-alphabet/ $GOOGL $AMZN", "time": 1501189198.0, "sentiment": ""}, {"id": 90061839, "text": "$AMZN  There is Great Resistance here, crossing would be amazing, esp on closing basis", "time": 1501189161.0, "sentiment": ""}, {"id": 90061586, "text": "$AMZN hangs around 1065 area, earnings move of 5% takes it to 1118-1120 area", "time": 1501189099.0, "sentiment": ""}, {"id": 90061434, "text": "Estimize revenue expectations are 0.43% higher than that of Wall Street for $AMZN Q2 [Reporting Today 07/27 AMC]\nhttp://www.estimize.com/intro/amzn?utm_content=AMZN&amp;amp;utm_medium=eps_update&amp;amp;utm_source=stocktwits#chart=historical", "time": 1501189066.0, "sentiment": ""}, {"id": 90061347, "text": "$AMZN  Winter 2016- Spring 2017 Line of The Tops Struck: 1069.69, tops taken very impt", "time": 1501189046.0, "sentiment": ""}, {"id": 90061178, "text": "@howardlindzon $TWTR is very poorly run. The profitable trades are still the obvious ones. Long $FB. Long $AMZN. Long $MSFT.", "time": 1501189001.0, "sentiment": "Bullish"}, {"id": 90061089, "text": "$AMZN I thought earnings were after the close, hard to tell judging by price action.... Bezos literally became the richest man today.", "time": 1501188975.0, "sentiment": ""}, {"id": 90060860, "text": "$AMZN feels like they brought it up to bring it down, to sell calls at open.", "time": 1501188915.0, "sentiment": ""}, {"id": 90060279, "text": "$AMZN Trump hates Bezos and AMZN and will target their deceptive pricing practices. Get ready for a FTC probe and a haircut!", "time": 1501188788.0, "sentiment": "Bearish"}, {"id": 90060159, "text": "$MSFT Wall Street new style, fake drop quick buy and shooting higher. $FB $AMZN $AAPL $GOOGL $NFLX $SPY", "time": 1501188755.0, "sentiment": ""}, {"id": 90059986, "text": "$AMZN Keep it clean.", "time": 1501188713.0, "sentiment": ""}, {"id": 90059799, "text": "$AMZN http://www.cnbc.com/2017/07/27/amazon-is-on-its-way-to-becoming-a-2000-stock-says-leading-analyst.html", "time": 1501188662.0, "sentiment": ""}, {"id": 90059472, "text": "Analyst: Amazon Will Beat Apple To Be First Trillion Dollar Value Company https://benzinga.com/z/9831291 $AAPL $AMZN $WFM", "time": 1501188591.0, "sentiment": ""}, {"id": 90059394, "text": "$AMZN Jeff Bezos is the world\u2019s richest man http://www.cnbc.com/2017/07/27/jeff-bezos-is-set-to-become-the-worlds-richest-man.html", "time": 1501188569.0, "sentiment": ""}, {"id": 90059343, "text": "$AMZN ER priced in? Same was said of FB and that moved nicely higher", "time": 1501188565.0, "sentiment": ""}, {"id": 90059163, "text": "$AMZN $ FB", "time": 1501188509.0, "sentiment": ""}, {"id": 90059028, "text": "$AMZN Cash ready to BTFD after ER", "time": 1501188475.0, "sentiment": "Bearish"}, {"id": 90059001, "text": "$AMZN pumped up the last couple days - earnings already priced in?", "time": 1501188468.0, "sentiment": ""}, {"id": 90058950, "text": "$AMZN :)", "time": 1501188457.0, "sentiment": ""}, {"id": 90058779, "text": "$GNC mother of short squeeze $APRN $SNAP $AAOI $NVDA $AMZN $BWLD $CMG", "time": 1501188415.0, "sentiment": "Bullish"}, {"id": 90058225, "text": "$AMZN  &quot;Alexa, make me RICH!&quot;", "time": 1501188298.0, "sentiment": "Bullish"}, {"id": 90057839, "text": "@naveenturga $AMZN great company, expecting earnings not to disappoint. Up 20% from 3/31 earnings, great run, but that may also be a concern", "time": 1501188198.0, "sentiment": "Bullish"}, {"id": 90057630, "text": "U.S. Fabulous 5 Tech firms $AMZN $FB $GOOGL $MSFT $APPL at collective value of more +3T,more than the GDP of France", "time": 1501188148.0, "sentiment": ""}, {"id": 90057597, "text": "$AMZN &quot;dumb money&quot;...lol, Dumb money has been pretty smart and right....uncharted territory only need to look at FB", "time": 1501188143.0, "sentiment": ""}, {"id": 90057528, "text": "$AMZN yes take us with you Bezos! http://www.cnbc.com/2017/07/27/jeff-bezos-is-set-to-become-the-worlds-richest-man.html", "time": 1501188124.0, "sentiment": ""}, {"id": 90057464, "text": "$AMZN buy amazon ..never sell ..until needed...hand over to your children ..", "time": 1501188112.0, "sentiment": "Bullish"}, {"id": 90057141, "text": "$AMZN DUMB money chasing Amazon", "time": 1501188035.0, "sentiment": ""}, {"id": 90056784, "text": "$SPY $QQQ $FB $AMZN Bubble it on up!", "time": 1501187965.0, "sentiment": ""}, {"id": 90056759, "text": "Amazon.com vs Alphabet: Which Is the Best 10-Year Bet? $AMZN $GOOG $GOOGL - http://investorplace.com/2017/07/amazon-com-inc-amzn-vs-alphabet-inc-googl-the-best-10-year-bet/", "time": 1501187953.0, "sentiment": ""}, {"id": 90056714, "text": "$AMZN Congratulations Jeff Bezos on becoming worlds wealthiest person", "time": 1501187940.0, "sentiment": ""}, {"id": 90056504, "text": "$AMZN $1100 by 2morrow!!", "time": 1501187885.0, "sentiment": "Bullish"}, {"id": 90056196, "text": "PM #earnings $AMZN $INTC $SBUX $WDC $BIDU $EA $UCTT $FSLR $EXPE $CY $ALGN $KTOS $MAT $WIX   http://eps.sh/cal", "time": 1501187813.0, "sentiment": ""}, {"id": 90056167, "text": "@MoneyMakerr - Everyone is in $AMZN.  $GOOG dead.  Ad problems on Youtube.", "time": 1501187813.0, "sentiment": ""}, {"id": 90056119, "text": "$AMZN what time er? please", "time": 1501187792.0, "sentiment": "Bullish"}, {"id": 90056086, "text": "$AKAM could be a potential acquisition target for $AMZN, $MSFT, $NFLX or $CRM. I&#39;ll hold it through mid-2018.", "time": 1501187784.0, "sentiment": ""}, {"id": 90056054, "text": "$AMZN Amazon&#39;s stock on track to hit record high for 4th-straight session\n\n7/27/17, 6:09 AM\n(END) Dow Jones Newswires\n\n07-27-17 0909ET", "time": 1501187775.0, "sentiment": ""}, {"id": 90055644, "text": "$AMZN Jeff Bezos is set to become the world\u2019s richest man http://www.cnbc.com/2017/07/27/jeff-bezos-is-set-to-become-the-worlds-richest-man.html", "time": 1501187653.0, "sentiment": ""}, {"id": 90055631, "text": "$AMZN Bezos Prime comin&#39; to get y&#39;all", "time": 1501187650.0, "sentiment": ""}, {"id": 90055618, "text": "$AMZN another day another 1%.  Sick money.", "time": 1501187647.0, "sentiment": "Bullish"}, {"id": 90055604, "text": "$AMZN Bezos worlds richest man", "time": 1501187643.0, "sentiment": ""}, {"id": 90055339, "text": "$FB $BABA $AMZN $AAOI $KITE $CELG $PYPL $V $AAPL -----------  BEST", "time": 1501187569.0, "sentiment": "Bullish"}, {"id": 90055239, "text": "Bezos Surpasses Gates as World&#39;s Richest in Intraday Trading - Bloomberg $AMZN $MSFT", "time": 1501187541.0, "sentiment": ""}, {"id": 90055159, "text": "$AMZN will probably be joining the $2,000 club along with PCLN even if earnings &quot;bad&quot;.  Any shares up for sell will be bought like crack.", "time": 1501187514.0, "sentiment": "Bullish"}, {"id": 90055093, "text": "$AMZN straight CAISH @mooseknuckler", "time": 1501187492.0, "sentiment": ""}, {"id": 90055067, "text": "$BIDU $AMZN tonight, wraps up big earnings. Does market have enough catalysts post that? I say NO $SPY", "time": 1501187484.0, "sentiment": ""}, {"id": 90055050, "text": "$BABA $AMZN...Can&#39;t wait for the inevitable merger - BABAZN!", "time": 1501187477.0, "sentiment": "Bullish"}, {"id": 90054966, "text": "@Ackleman901 No way. Only good ER so far for Internet stock except $AMZN", "time": 1501187452.0, "sentiment": ""}, {"id": 90054964, "text": "$AMZN burn Kass burn!!", "time": 1501187452.0, "sentiment": "Bullish"}, {"id": 90054821, "text": "A new daily high at $1070.75 was just reached for $AMZN.    #AMZN", "time": 1501187427.0, "sentiment": ""}, {"id": 90054762, "text": "A new daily high at $1069.55 was just reached for $AMZN.    #AMZN", "time": 1501187420.0, "sentiment": ""}, {"id": 90054722, "text": "Today&#39;s technical trading ideas are Amazon, Tesla and Valeant stocks. #Buy, #Sell or #Hold? $AMZN $VRX $TSLA https://amigobulls.com/articles/2017-07-27-hold-amazon-stock-buy-tesla-stock-sell-valeant-stock-todays-technical-trading-ideas", "time": 1501187403.0, "sentiment": ""}, {"id": 90054717, "text": "#Alibaba Stock Is Facing A Fresh Threat From #Amazon.com Inc $BABA $AMZN https://amigobulls.com/articles/2017-07-26-alibaba-stock-is-facing-a-fresh-threat-from-amazon-com-inc", "time": 1501187402.0, "sentiment": ""}, {"id": 90054649, "text": "$AMZN pretty mad I didn&#39;t pull the trigger when it pulled back around $950 a week or so ago...might be a while til it dips now", "time": 1501187376.0, "sentiment": ""}, {"id": 90054552, "text": "$FB $PYPL $AMZN $IBB $GILD $TSLA Model 3 hand over party tomorrow...https://twitter.com/TeslaMotors/status/890349578913849344", "time": 1501187349.0, "sentiment": "Bullish"}, {"id": 90054270, "text": "Estimize EPS expectations are 7.43% higher than that of Wall Street for $AMZN Q2 [Reporting Today 07/27 AMC]\nhttp://www.estimize.com/intro/amzn?utm_content=AMZN&amp;amp;utm_medium=eps_update&amp;amp;utm_source=stocktwits#chart=historical", "time": 1501187254.0, "sentiment": ""}, {"id": 90054084, "text": "$AMZN Analyst James Cakmak says Amazon stock will double in coming years if regulators approve the Whole Foods dea\u2026 https://stocknews.com/news/amzn-analyst-amazon-com-inc-amzn-will-double-if-whole-foods-deal/", "time": 1501187205.0, "sentiment": ""}, {"id": 90054040, "text": "$AMZN might be volatile today dont buy too fast good luck everyone", "time": 1501187191.0, "sentiment": ""}, {"id": 90053911, "text": "$AMZN Will go up more after ER.", "time": 1501187155.0, "sentiment": ""}, {"id": 90053556, "text": "$AMZN The FB story a must read. It really pictures impressive grwoth throught every year. Zuckerberg, Sandberg al Berg s know their play", "time": 1501187031.0, "sentiment": ""}, {"id": 90053415, "text": "$AMZN dang I am at that point where I don&#39;t know if I can chase it and get back in amzn today or add to goog. Ugh!", "time": 1501186971.0, "sentiment": ""}, {"id": 90053394, "text": "$AMZN  The most  valuable company in planet.", "time": 1501186968.0, "sentiment": "Bullish"}, {"id": 90053312, "text": "Amazon CEO Jeff Bezos Could Soon Become The World&#39;s Richest Man $AMZN http://dlvr.it/PYvcSW", "time": 1501186930.0, "sentiment": ""}, {"id": 90053272, "text": "$AMZN Earnings History  https://marketchameleon.com/Overview/AMZN/Earnings/", "time": 1501186925.0, "sentiment": ""}, {"id": 90053149, "text": "@tino_iq $AMZN", "time": 1501186874.0, "sentiment": ""}, {"id": 90052966, "text": "Brief Video to Help Prepare You for Today: http://marketchess.com/2017/07/26/stock-market-recap-07-26-17-video $AMZN $FB $IWM $QQQ $SPY", "time": 1501186816.0, "sentiment": ""}, {"id": 90052786, "text": "PREMARKET VOLUME MOVERS $FB $ALXN $PYPL $XLNX $GILD $CELG $AMZN $GOOGL $T ....", "time": 1501186765.0, "sentiment": "Bullish"}, {"id": 90052737, "text": "$AMZN looks like $1100 today is inevitable, $1130 is a strong possibility. It&#39;s a steal in pre-market at $1,070.New #1 company in the world!", "time": 1501186742.0, "sentiment": "Bullish"}, {"id": 90052651, "text": "$GOOG Adds New Partners To Further Develop The Smart Home Ecosystem https://t.co/vYqIQUdDz9 $AMZN", "time": 1501186712.0, "sentiment": ""}, {"id": 90052634, "text": "all the profit taking from $FB $AMZN $PYPL $PCLN come in to $TSLA...MODEL 3 Big Event tomorrow.....any surprise will put TSLA at ATH.", "time": 1501186703.0, "sentiment": "Bullish"}, {"id": 90052619, "text": "$GSAT has global harmonized spectrum thus a global partner $goog $amzn", "time": 1501186698.0, "sentiment": "Bullish"}, {"id": 90052084, "text": "$AMZN Bezos will become the richest man on the planet today", "time": 1501186516.0, "sentiment": ""}, {"id": 90051954, "text": "$AMZN if AMZN follows FB and  up 10%, AMZN will be 1170 tomorrow morning", "time": 1501186455.0, "sentiment": ""}, {"id": 90051867, "text": "$AMZN what time is earnings?", "time": 1501186420.0, "sentiment": ""}, {"id": 90051737, "text": "$AMZN results tonight should provide a pop for $SHOP tomorrow.", "time": 1501186370.0, "sentiment": "Bullish"}, {"id": 90051697, "text": "$AMZN ..tis true. Some want to own a $1250 stock under $1100. The insanity continues because....Amazon is our future. Pay up soon!  $$$$$", "time": 1501186351.0, "sentiment": ""}]