[{"id": 90159243, "text": "$AMZN We are so fucked lol... This wasn&#39;t a regular miss.. this is a HUGE miss", "time": 1501218816.0, "sentiment": ""}, {"id": 90159227, "text": "$AMZN Will they split? Pretty disapppointed. They need to stick to their core and stop overspending.", "time": 1501218810.0, "sentiment": "Bullish"}, {"id": 90159212, "text": "$AMZN   The bubble is going to burst !", "time": 1501218801.0, "sentiment": "Bearish"}, {"id": 90159199, "text": "$AMZN It&#39;s doesn&#39;t take a rocket scientist or talking mouth BS analyst to figure a correction will come. duh, bullish lol", "time": 1501218796.0, "sentiment": ""}, {"id": 90159107, "text": "$AMZN I don&#39;t understand what bears are expecting? If you sold st 1080 level, you will still have chance to exit.. \nDO NOT TRY TO SHORT NOW", "time": 1501218756.0, "sentiment": "Bullish"}, {"id": 90159102, "text": "$AMZN pull back for sure", "time": 1501218754.0, "sentiment": ""}, {"id": 90159064, "text": "$AMZN healthy pull back guys", "time": 1501218737.0, "sentiment": "Bullish"}, {"id": 90159016, "text": "$AMZN $Googl Bloomberg was 50% Right", "time": 1501218709.0, "sentiment": ""}, {"id": 90159011, "text": "$AAPL pretty obvious this is a miss on ER too, insiders know it more profit taking tomorrow in tech!! $AMZN $FB $NFLX $GOOG $SPY $QQQ $XLK", "time": 1501218708.0, "sentiment": "Bearish"}, {"id": 90159000, "text": "$AMZN Can you imagine the price action if any other company, including the rest of FANG, if EPS was a miss by $1.00 ?", "time": 1501218703.0, "sentiment": "Bearish"}, {"id": 90158994, "text": "$AMZN hey dont rise too fast i need to average down tomorrow", "time": 1501218700.0, "sentiment": ""}, {"id": 90158993, "text": "@rcmb85 @GoodNewsBull I think once $AMZN finalizes its purchase of $WFM this next quarter, it will be huge.", "time": 1501218700.0, "sentiment": "Bullish"}, {"id": 90158989, "text": "$AMZN what time are they giving guidance?", "time": 1501218699.0, "sentiment": "Bullish"}, {"id": 90158929, "text": "$AMZN $AAPL $GOOG get your selling done b4 the weekend!!", "time": 1501218668.0, "sentiment": "Bearish"}, {"id": 90158927, "text": "$AMZN 850???", "time": 1501218668.0, "sentiment": "Bearish"}, {"id": 90158908, "text": "$AMZN Ah scardey cats pipe down the market has gone up so much a little down time wont kill u.  Look u could own $SNAP lol", "time": 1501218652.0, "sentiment": ""}, {"id": 90158865, "text": "$SNAP unconfirmed indication from $AMZN", "time": 1501218627.0, "sentiment": "Bullish"}, {"id": 90158853, "text": "$AMZN the monster grows and grows...where it stops no one knows!", "time": 1501218621.0, "sentiment": "Bullish"}, {"id": 90158836, "text": "$AMZN it is really big question how Wall Street and Cramer value this stock, they use magic metrics and methods to upload shares", "time": 1501218610.0, "sentiment": ""}, {"id": 90158826, "text": "The only metric they missed on was the one they care least about, EPS; if this was any other company -10%, but $AMZN may go red to green", "time": 1501218606.0, "sentiment": ""}, {"id": 90158792, "text": "$AMZN Missed hard at ATH, bears deserve sub $980", "time": 1501218585.0, "sentiment": "Bearish"}, {"id": 90158775, "text": "$AMZN may hit $800s tomorrow, really bad results", "time": 1501218572.0, "sentiment": "Bearish"}, {"id": 90158773, "text": "$AMZN TRUMP ADMIN GOES AFTER AMAZON BYE TECH!! $AAPL $FB $NFLX $GOOG https://finance.yahoo.com/video/trump-goes-amazon-bezos-171158278.html $SPY $QQQ $XLK", "time": 1501218571.0, "sentiment": "Bearish"}, {"id": 90158768, "text": "$SBUX 50c on 2000s : $AMZN 8.3pts on 120s. SBUX just moved 7pts. Fun to dream but not really my price range anyway.", "time": 1501218569.0, "sentiment": ""}, {"id": 90158731, "text": "$AMZN Amazon royalist will always be royal. Can&#39;t change them. $1060 tomorrow", "time": 1501218552.0, "sentiment": "Bullish"}, {"id": 90158699, "text": "$AMZN a bit #extreme. More like $900 range", "time": 1501218539.0, "sentiment": ""}, {"id": 90158696, "text": "$AMZN $WFM $AAOI", "time": 1501218538.0, "sentiment": ""}, {"id": 90158689, "text": "$AMZN looks like 2% hit could be the worst of it, tomorrow will tell. After hour and premarket are just a joke anyway.", "time": 1501218536.0, "sentiment": ""}, {"id": 90158663, "text": "$AMZN Will Walmart bounce tomorrow? The DOW held nicely today.", "time": 1501218524.0, "sentiment": ""}, {"id": 90158646, "text": "$AMZN buy buy buy", "time": 1501218516.0, "sentiment": "Bullish"}, {"id": 90158645, "text": "$AMZN Keep buying, make money.", "time": 1501218515.0, "sentiment": "Bullish"}, {"id": 90158636, "text": "$AMZN Tanks after CC sorry hopeful bulls", "time": 1501218511.0, "sentiment": ""}, {"id": 90158609, "text": "$AMZN how f*ed up is cnbc? Breaking news all day how Jeff is the richest person, now how he was briefly...i mean who gives a f*ck seriously", "time": 1501218501.0, "sentiment": "Bearish"}, {"id": 90158594, "text": "@dragstang86 $AMZN is coming back up", "time": 1501218491.0, "sentiment": ""}, {"id": 90158570, "text": "$AMZN this is the biggest joke of them all...lmao", "time": 1501218476.0, "sentiment": ""}, {"id": 90158534, "text": "$fb $amzn $nflx $googl  : out of every stock , buy bitcoin u will be rich!", "time": 1501218457.0, "sentiment": "Bullish"}, {"id": 90158504, "text": "$AMZN Gaining some ground already - boolish.  In the money I should change my logo lol", "time": 1501218440.0, "sentiment": ""}, {"id": 90158438, "text": "$AMZN dropping now after the call  $124 was high during call, end of call $121... Down to $115 within 5 minutes of end", "time": 1501218407.0, "sentiment": ""}, {"id": 90158423, "text": "$AMZN it&#39;s taking the market down tomorrow nothing will be sparred", "time": 1501218398.0, "sentiment": ""}, {"id": 90158410, "text": "$AMZN I didn&#39;t short into the ER, but this ought to fall lower imo", "time": 1501218393.0, "sentiment": ""}, {"id": 90158385, "text": "$AMZN Probably another sell off tomorrow...thanks to AMZN..LOL", "time": 1501218383.0, "sentiment": ""}, {"id": 90158381, "text": "$AMZN Cramer the bozo, or baffoon is trying everything he can to pump it back up but even he knows that the game is over, WS is in sell mode", "time": 1501218381.0, "sentiment": "Bearish"}, {"id": 90158344, "text": "$AMZN that why we call FANG look the shape.  Fb up.  Amzn down.  Netflix up. Google down.. haha.  Buy baba or apple is up.", "time": 1501218365.0, "sentiment": "Bullish"}, {"id": 90158333, "text": "$AMZN see you at $500", "time": 1501218361.0, "sentiment": "Bearish"}, {"id": 90158327, "text": "$AMZN good candidate for dumbest post of the day", "time": 1501218357.0, "sentiment": ""}, {"id": 90158322, "text": "$AMZN very good QTR cheap", "time": 1501218356.0, "sentiment": "Bullish"}, {"id": 90158280, "text": "$AMZN reported -77.53% YoY EPS growth for Q2, down from 38.32% in Q1 and lower than the Estimize community expected.\nhttp://www.estimize.com/intro/amzn?utm_content=AMZN&amp;amp;utm_medium=eps_update&amp;amp;utm_source=stocktwits#chart=historical", "time": 1501218333.0, "sentiment": ""}, {"id": 90158278, "text": "$AMZN the market always comes back but we ran up let it correct amzn is no different", "time": 1501218331.0, "sentiment": ""}, {"id": 90158244, "text": "$AMZN why didn&#39;t our CEO show? Even Elon mumbles his way through a CC!", "time": 1501218315.0, "sentiment": ""}, {"id": 90158192, "text": "$AMZN People just dont seem to understand there isn&#39;t the money out there to push this stock up anymore...great stock or not OVERVALUED..", "time": 1501218291.0, "sentiment": ""}, {"id": 90158167, "text": "$AMZN bitcoin vs $amzn, I vote bitcoin", "time": 1501218273.0, "sentiment": "Bullish"}, {"id": 90158162, "text": "$NXPI, $AMZN Web Services Launch Cooperation in IoT http://crweworld.com/article/news-provided-by-globenewswire/121658/nxp-and-amazon-web-services-launch-cooperation-in-iot", "time": 1501218272.0, "sentiment": ""}, {"id": 90158140, "text": "$KR i love $KR , i found items from vitacost run by kroger are way cheaper than ones from $AMZN. Wow!!", "time": 1501218258.0, "sentiment": "Bullish"}, {"id": 90158124, "text": "$AMZN and I&#39;m ok with that lol", "time": 1501218255.0, "sentiment": "Bullish"}, {"id": 90158112, "text": "$GOOG $AMZN $NFLX $MSFT $DCTH $FB  I hope these great stocks don&#39;t correct too much in the upcoming weeks.", "time": 1501218245.0, "sentiment": ""}, {"id": 90158097, "text": "$AMZN this definitely going to $950", "time": 1501218240.0, "sentiment": ""}, {"id": 90158074, "text": "$AMZN will be up high tomorrow. Hahhahahaha.  The big setup sold today and buy in.  High high.  Hint hint", "time": 1501218227.0, "sentiment": "Bullish"}, {"id": 90158070, "text": "$AMZN UP and UP", "time": 1501218224.0, "sentiment": "Bullish"}, {"id": 90158068, "text": "$AMZN DOWN DOWN DOWN.... I&#39;LL BUY @ 850", "time": 1501218224.0, "sentiment": "Bearish"}, {"id": 90158051, "text": "$AMZN $NQ_F $QQQ 5900 futures may be support, watch til open, best", "time": 1501218215.0, "sentiment": ""}, {"id": 90158032, "text": "$AMZN buy AT&amp;T", "time": 1501218209.0, "sentiment": ""}, {"id": 90158016, "text": "$AMZN ready to see more crying from bulls tomorrow", "time": 1501218200.0, "sentiment": ""}, {"id": 90158014, "text": "$AMZN have no fear bag holders! I mean investors... we&#39;re here to help, we&#39;ve come in peace \u270c\ud83c\udffc", "time": 1501218198.0, "sentiment": "Bearish"}, {"id": 90158011, "text": "$AMZN fuck", "time": 1501218198.0, "sentiment": ""}, {"id": 90157995, "text": "$AMZN BTFD. AWS growing like crazy, and it is killing all of the brick and mortars and will become the one stop shop for everyone", "time": 1501218189.0, "sentiment": "Bullish"}, {"id": 90157984, "text": "$AMZN they issued 7 Mln additional shares for 7 bln and have free cash flow 10 bln. People support their growth )))", "time": 1501218186.0, "sentiment": ""}, {"id": 90157972, "text": "$AMZN $QQQ just crash already...this market needs a correction", "time": 1501218181.0, "sentiment": "Bearish"}, {"id": 90157964, "text": "$AMZN hahahaha", "time": 1501218177.0, "sentiment": ""}, {"id": 90157946, "text": "$TWTR $AMZN $AMZN hard to say where it goes from here", "time": 1501218169.0, "sentiment": ""}, {"id": 90157940, "text": "$AMZN", "time": 1501218168.0, "sentiment": ""}, {"id": 90157933, "text": "$AMZN ***QUESTION FOR ALL U FOLKS*** \n&quot;Operating expenses rose 28.2 % to $37.33 billion in Q2&quot;\n\nHow do you spend 37.33B in 3 months?!?!?", "time": 1501218163.0, "sentiment": ""}, {"id": 90157930, "text": "$AMZN Bezos is too busy blowing coke in Hollywood or at the gym to instill some mojo??", "time": 1501218164.0, "sentiment": "Bullish"}, {"id": 90157912, "text": "@vixkrieg $AMZN - Yeah I do; club cards to $COST and Sam&#39;s Club @ $WMT two of the only other big retailers still standing", "time": 1501218153.0, "sentiment": ""}, {"id": 90157890, "text": "$JNUG  Lousy tech earnings from $AMZN and $TWTR will drive money into gold and miners tomorrow.", "time": 1501218145.0, "sentiment": "Bullish"}, {"id": 90157882, "text": "$TWTR $AMZN $AMZN ride it out.", "time": 1501218142.0, "sentiment": ""}, {"id": 90157872, "text": "$AMZN how was the conference call?", "time": 1501218134.0, "sentiment": ""}, {"id": 90157866, "text": "$AMZN spending more is bullish??", "time": 1501218130.0, "sentiment": ""}, {"id": 90157857, "text": "Amazon&#39;s Earnings Miss, but Nothing Can Stop AWS $AMZN http://dlvr.it/PZ1Lb1", "time": 1501218128.0, "sentiment": ""}, {"id": 90157839, "text": "$AMZN eastern time zone done. Now time for European and Asian markets to beat it down further.", "time": 1501218118.0, "sentiment": "Bearish"}, {"id": 90157836, "text": "$AMZN NOTHING IMPRESSIVE.... GOING DOWN NOW............", "time": 1501218118.0, "sentiment": "Bearish"}, {"id": 90157825, "text": "$AMZN ... And the crowd goes wild.", "time": 1501218114.0, "sentiment": ""}, {"id": 90157813, "text": "$AMZN with all these buildings opening up in Q3, you&#39;re crazy NOT to be bullish. Smh.", "time": 1501218109.0, "sentiment": "Bullish"}, {"id": 90157807, "text": "$AMZN I&#39;m bullish and I hated that call", "time": 1501218107.0, "sentiment": ""}, {"id": 90157748, "text": "$AMZN lol that&#39;s it??", "time": 1501218084.0, "sentiment": ""}, {"id": 90157712, "text": "$AMZN 1080 tomorrow !!! :-) sorry i had to say that joke", "time": 1501218067.0, "sentiment": "Bullish"}, {"id": 90157683, "text": "@rusr2 Made most of it shorting $TWTR @ $17.5 &amp; $AMZN @ $1080; gave most of it back longing $AMZN @ $1045 - $1055", "time": 1501218050.0, "sentiment": ""}, {"id": 90157680, "text": "$AMZN plans to hire another 50,000 people to work in its fulfillment centers, with 80% full-time roles.", "time": 1501218048.0, "sentiment": "Bullish"}, {"id": 90157674, "text": "$SQ I thought this has more upside potential then $AMZN tomorrow.", "time": 1501218047.0, "sentiment": ""}, {"id": 90157666, "text": "$AMZN options destroyed tomorrow", "time": 1501218040.0, "sentiment": ""}, {"id": 90157664, "text": "$AMZN this reminds me of the dot com days everyone was so sure then", "time": 1501218041.0, "sentiment": ""}, {"id": 90157661, "text": "$AMZN monopoly fleecing 80 mil Prime subscribers. Do you pay to enter a store before you even start shopping? Something to think about. $SPY", "time": 1501218040.0, "sentiment": ""}, {"id": 90157649, "text": "$AMZN sht. Great. Thanks AMZN. I lost 1.2k today here. I bet on the wrong horse. Sht happens \ud83d\ude16", "time": 1501218034.0, "sentiment": ""}, {"id": 90157624, "text": "$AMZN what are you even buying here? Where are the FCFs?", "time": 1501218021.0, "sentiment": ""}, {"id": 90157621, "text": "$AMZN short cover will take it to 52 week high again tomorrow", "time": 1501218019.0, "sentiment": "Bullish"}, {"id": 90157619, "text": "$AMZN would not be surprised if green tomorrow", "time": 1501218017.0, "sentiment": ""}, {"id": 90157615, "text": "$AMZN am I right or am I rite ;) you guys decide which one haha. Oh bears now whaaaat.", "time": 1501218019.0, "sentiment": ""}, {"id": 90157600, "text": "$AMZN $RAD They should have gotten into pharmacy retailer first instead of grocery, margin will be even slimmer...", "time": 1501218010.0, "sentiment": ""}, {"id": 90157526, "text": "$AMZN buy so you can sell at 950 tomorrow", "time": 1501217972.0, "sentiment": ""}, {"id": 90157507, "text": "$AMZN did Bezos sneeze i the call? It went up 10 bucks", "time": 1501217964.0, "sentiment": ""}, {"id": 90157502, "text": "$AMZN yeah the Internet is just a fad... We will be back to ordering shit from the Sears catalogue soon.", "time": 1501217963.0, "sentiment": ""}, {"id": 90157495, "text": "$AMZN street too kind for such larg miss.The sell lots but little profits.LNKD missed by pennies and got cut 50% until takeover", "time": 1501217960.0, "sentiment": ""}, {"id": 90157428, "text": "$AMZN here&#39;s your only chance to buy, all you turd complainers, you have a chance, so get in...", "time": 1501217919.0, "sentiment": "Bullish"}, {"id": 90157382, "text": "$AMZN I can live with even $50 down.  Bullish", "time": 1501217900.0, "sentiment": ""}, {"id": 90157377, "text": "$AMZN gets a free pass no matter what.  Always some analyst who says this is great for long term.", "time": 1501217896.0, "sentiment": ""}, {"id": 90157324, "text": "$AMZN it&#39;s declining year over year, not going to be there core for very long", "time": 1501217878.0, "sentiment": ""}, {"id": 90157321, "text": "$AMZN come om Jefferies analyst...roast em&#39;", "time": 1501217876.0, "sentiment": "Bearish"}, {"id": 90157300, "text": "$AMZN  down only 2.2%, not much , after huge gains ytd !", "time": 1501217862.0, "sentiment": ""}, {"id": 90157285, "text": "$AMZN lol \ud83d\ude02 pretty soon this too fad will fade.", "time": 1501217859.0, "sentiment": ""}, {"id": 90157275, "text": "$AMZN the pendulum always swings. Best Buy and Target have the same prices, in some cases are cheeper. Bye Felicia", "time": 1501217856.0, "sentiment": "Bearish"}, {"id": 90157271, "text": "$AMZN I&#39;ve seen worse scavengers than Bezo - Bullish", "time": 1501217856.0, "sentiment": ""}, {"id": 90157261, "text": "$AMZN $123... Tested $124... Wants $125", "time": 1501217851.0, "sentiment": ""}, {"id": 90157237, "text": "$AMZN bears are coming out all united today lol. This will change in a few days.", "time": 1501217840.0, "sentiment": "Bullish"}, {"id": 90157189, "text": "$AAOI $AMZN cc positive or negative for $AAOI?? Anyone know?", "time": 1501217816.0, "sentiment": ""}, {"id": 90157171, "text": "$AMZN Amazon and Walmart whats&#39;s the difference nothing both are one big warehouse....stock price will soon catch up to actual company price", "time": 1501217807.0, "sentiment": ""}, {"id": 90157169, "text": "$AMZN lol, look at those bears getting desperate.", "time": 1501217805.0, "sentiment": ""}, {"id": 90157152, "text": "$AMZN Web Services exceeded expected revenue, hitting $4.1 billion. But spending a lot of money and not bringing in the profits", "time": 1501217799.0, "sentiment": ""}, {"id": 90157137, "text": "$AMZN buy bitcoin", "time": 1501217795.0, "sentiment": "Bullish"}, {"id": 90157127, "text": "Share an idea on $AMZN i dont like jeff bexos the person but i like his hustle.  wife uses my credit card on this site to much. LOL $AMZN", "time": 1501217789.0, "sentiment": "Bullish"}, {"id": 90157121, "text": "$AMZN &quot;Q3 is slower&quot; -CFO", "time": 1501217787.0, "sentiment": "Bearish"}, {"id": 90157085, "text": "$AMZN   Big miss !  38 billion and .40 cents a share ?", "time": 1501217770.0, "sentiment": "Bearish"}, {"id": 90157055, "text": "$AMZN wth going back up. Who is buying this horrible earnings?", "time": 1501217755.0, "sentiment": ""}, {"id": 90157034, "text": "$AMZN this man is so smart we r like monkeys, he knows what and when to say. Why would bears try him?", "time": 1501217746.0, "sentiment": "Bullish"}, {"id": 90157001, "text": "$AMZN if you made money today how did you do it? If not have a nice big cup of shut the @:&quot;&amp; up", "time": 1501217733.0, "sentiment": ""}, {"id": 90156988, "text": "Fast Company: Is this the end of the insane $AMZN stock bonanza?http://bit.ly/2uHlIOo", "time": 1501217729.0, "sentiment": ""}, {"id": 90156969, "text": "$AMZN hold or sell?", "time": 1501217720.0, "sentiment": ""}, {"id": 90156953, "text": "$AMZN cramer won&#39;t be in tomorrow", "time": 1501217713.0, "sentiment": ""}, {"id": 90156932, "text": "$AMZN under 1000 tomorrow. Bet on it. I already did.", "time": 1501217702.0, "sentiment": "Bearish"}, {"id": 90156916, "text": "$AMZN just wait until regular hour stop limits are hit", "time": 1501217689.0, "sentiment": "Bearish"}, {"id": 90156911, "text": "$AMZN", "time": 1501217689.0, "sentiment": "Bullish"}, {"id": 90156893, "text": "$AMZN Link to call, pls", "time": 1501217680.0, "sentiment": ""}, {"id": 90156876, "text": "$AMZN your in a mist of a tech selloff......comeon", "time": 1501217672.0, "sentiment": ""}, {"id": 90156866, "text": "$AMZN 256 days low 2moro, 2day at 255 is a cycle low time, Prices to 256 days: 1008.25, 1016.125, 1024 balance on res/sup Angles, Gann sq 9", "time": 1501217667.0, "sentiment": ""}, {"id": 90156847, "text": "$AMZN in Europe we are also watching..", "time": 1501217657.0, "sentiment": ""}, {"id": 90156838, "text": "$AMZN Remember whatever fool/bear is laughing the winner, bullish person, has the last laugh.  He Haw Arkansas", "time": 1501217656.0, "sentiment": ""}, {"id": 90156830, "text": "$AMZN 3-digit price of this stock is history, you&#39;ll never see it again", "time": 1501217652.0, "sentiment": "Bullish"}, {"id": 90156792, "text": "$AMZN solid logic here \ud83d\ude44", "time": 1501217635.0, "sentiment": ""}, {"id": 90156790, "text": "$AMZN Worthless", "time": 1501217635.0, "sentiment": "Bearish"}, {"id": 90156784, "text": "$AMZN echo show is so cool", "time": 1501217632.0, "sentiment": "Bullish"}, {"id": 90156773, "text": "$AMZN Echo going the way of media center it seems", "time": 1501217628.0, "sentiment": "Bullish"}, {"id": 90156736, "text": "$AMZN so many trolls bitter for not getting in under $1000, but AMZN said &quot;SEE YA&quot; to that, AGAIN only up from this point on", "time": 1501217612.0, "sentiment": "Bullish"}, {"id": 90156704, "text": "$AMZN once over 1025 you might as well give up bears $1018 held. Sucks to suck", "time": 1501217603.0, "sentiment": "Bullish"}, {"id": 90156703, "text": "$AMZN $1,085 tomorrow screenshot this message", "time": 1501217600.0, "sentiment": "Bullish"}, {"id": 90156697, "text": "$AMZN ok, the babe is coming back to 1024 now", "time": 1501217597.0, "sentiment": ""}, {"id": 90156677, "text": "$AMZN Saying on Fast Money that the creep Marko Kolanovic made the market go down today.  So he can buy the dips.", "time": 1501217591.0, "sentiment": ""}, {"id": 90156650, "text": "$AMZN no where but up", "time": 1501217584.0, "sentiment": "Bullish"}, {"id": 90156638, "text": "$AMZN EU opens tomorrow: everybody wanna sell !!!!", "time": 1501217580.0, "sentiment": "Bearish"}, {"id": 90156588, "text": "$AMZN we all know amazon had an amazing quarter and is going to continue to grow so why sell. if its overpriced to you then don&#39;t buy", "time": 1501217564.0, "sentiment": ""}, {"id": 90156584, "text": "$AMZN Someone amazon prime this guy a new mic", "time": 1501217564.0, "sentiment": ""}, {"id": 90156563, "text": "$AMZN in other news this dude&#39;s microphone suuuuucks", "time": 1501217553.0, "sentiment": ""}, {"id": 90156558, "text": "$AMZN $1024", "time": 1501217551.0, "sentiment": "Bullish"}]