[{"id": 92180852, "text": "Early movers: $TGT $UNH $MYL $FB $AMZN $GOOGL $WFC $URBN $A $VZ $BMY $AAPL $AIG $FCAU $BHP $KSU http://cnb.cx/2uOYLb0 @cnbc", "time": 1502913922.0, "sentiment": ""}, {"id": 92180740, "text": "I am not against mass marketing, I just do not subscribe to it. $AMZN is not my &quot;cup of tea&quot;  Paul", "time": 1502913880.0, "sentiment": ""}, {"id": 92180664, "text": "$AMZN would love to see a green ramp on open... just a big \ud83d\udd95\ud83c\udffbto Trump.", "time": 1502913840.0, "sentiment": ""}, {"id": 92180557, "text": "$AMZN he&#39;s picking a fight with the wrong brand. More than half of US households will have Prime by end of year. @lamonicabuzz $qqq", "time": 1502913780.0, "sentiment": ""}, {"id": 92180547, "text": "$TGT exec &#39;Amazon prime day did not effect sales, sales were the same as every other day&#39; $AMZN $WMT $COST", "time": 1502913777.0, "sentiment": "Bullish"}, {"id": 92180497, "text": "$QQQ $NQ_F $AMZN $AAPL $FB $GOOGL $SPY $VXX Triple top possibly on deck today. Never underestimate the bounce.", "time": 1502913741.0, "sentiment": ""}, {"id": 92180354, "text": "$AMZN I&#39;m waiting for the story to break on the administration making money from positions before Trump tweets.", "time": 1502913658.0, "sentiment": ""}, {"id": 92180330, "text": "#Target Finally Shows a Glimmer of Promise in Q2 #Earnings $TGT $WMT $AMZN http://investorplace.com/2017/08/target-corporation-tgt-stock-q2-earnings/", "time": 1502913642.0, "sentiment": "Bullish"}, {"id": 92180207, "text": "Good Morning, everyone! Another day to grow and learn but first, coffee!!!  \ud83d\ude0d\ud83d\ude0d\u2615  $ES_F  $FIT  $TSLA $AMZN", "time": 1502913578.0, "sentiment": ""}, {"id": 92180198, "text": "WISDOM $AMD $INTC $NVDA $STUDY $NVDA $FB $AAPL $AMZN $NFLX $GOOGL $TSLA $SNAP $GPRO $HTZ $BTC.X $ETH.X $LTC.X $XRP.X", "time": 1502913571.0, "sentiment": "Bullish"}, {"id": 92180185, "text": "Long Watches: $URBN, $DEO, $A, $BABA, $TGT, $HD, $MYL, $FSLR, $AABA! Short Watches: $AMZN, $YY, $NFLX, $VIAV!", "time": 1502913567.0, "sentiment": ""}, {"id": 92180182, "text": "$AMZN just flush the pos already", "time": 1502913562.0, "sentiment": ""}, {"id": 92180179, "text": "$amzn Trump is more worried now that Bezos will quit his board.", "time": 1502913558.0, "sentiment": ""}, {"id": 92180140, "text": "Watching: $TGT $URBN - 2nd Watch: $AMZN $USO $VXX $SPY $DJIA $GDX $BTCUSD $ETHUSD #Trading #Earnings #Crypto", "time": 1502913537.0, "sentiment": ""}, {"id": 92180116, "text": "$AMZN no profits for 80 consecutive quarters - AMZN empire but of the backs of dumb shareholders and regulators. It ends now.", "time": 1502913528.0, "sentiment": "Bearish"}, {"id": 92180065, "text": "$AMZN bring it", "time": 1502913499.0, "sentiment": ""}, {"id": 92180039, "text": "$AMZN BTFD", "time": 1502913489.0, "sentiment": ""}, {"id": 92180024, "text": "$TGT $amzn people are buying, and it&#39;s back to school time. Amazon also has Prime at a student rate now. $qqq", "time": 1502913480.0, "sentiment": "Bullish"}, {"id": 92179998, "text": "$AMZN Bezos is like giant raptor killer and trump is a measly t-rex with those little hands.", "time": 1502913462.0, "sentiment": "Bullish"}, {"id": 92179973, "text": "$AMZN DoJ about to file an anti-trust suit against corporate welfare queen Amazon.", "time": 1502913450.0, "sentiment": "Bearish"}, {"id": 92179853, "text": "@ally5 Won&#39;t be long before you can but cereal on $AMZN!", "time": 1502913395.0, "sentiment": ""}, {"id": 92179812, "text": "$AMZN trump wouldn&#39;t have the same position if he owned Amazon. Trumpazon", "time": 1502913368.0, "sentiment": "Bullish"}, {"id": 92179788, "text": "$AMZN What the ... Trump knocked my baby down with a tweet.. This is the future.. Amazon the only people I see hiring in my city.. Not $WMT", "time": 1502913354.0, "sentiment": ""}, {"id": 92179739, "text": "$AMZN will never be Rodeo Drive, Bond Street, 5th Avenue, Rue Ste Honore Fraubourg, Via Monteleone and personal service, its for lazy peeps", "time": 1502913328.0, "sentiment": ""}, {"id": 92179669, "text": "$AMZN I really hope trump shorted this yday expecting his empty words would have an effect, the only show trump should  have been on is..", "time": 1502913283.0, "sentiment": ""}, {"id": 92179563, "text": "$AMZN $SPY How does this society rid of Neo-Nazis, White Supremacists, KKK, etc. - Pure Animals in Human Body!", "time": 1502913223.0, "sentiment": ""}, {"id": 92179486, "text": "@PaulEbeling and white nationalist terrorist are &quot;fine people&quot;. $AMZN has dominated all businesses it has went into. long time long", "time": 1502913175.0, "sentiment": "Bullish"}, {"id": 92179470, "text": "$AMZN I&#39;m going to BUY more today, to show a middle finget to the White Nationalist Sympathizer Trump!", "time": 1502913167.0, "sentiment": ""}, {"id": 92179343, "text": "$AMZN Bailiff whack his pee pee.", "time": 1502913101.0, "sentiment": "Bearish"}, {"id": 92179328, "text": "Today&#39;s actionable gappers: $STDT $BIIB $URBN $A $PFGC $MDXG $EXEL $NEFF $AMZN $VIAV $GLD $SPY $QQQ", "time": 1502913091.0, "sentiment": ""}, {"id": 92179316, "text": "$AMZN guess the dip won&#39;t be that big now that pre-market movers have eased up... Still great opportunity to get in on it for a re-bound.", "time": 1502913087.0, "sentiment": "Bullish"}, {"id": 92179307, "text": "$AMZN first time i agree with trump, Amazon is still a good stock but trump has a point", "time": 1502913076.0, "sentiment": "Bullish"}, {"id": 92179254, "text": "$AMZN Reaction to Colbert&#39;s AMZN comment about trump&#39; lack of spine?", "time": 1502913051.0, "sentiment": ""}, {"id": 92179030, "text": "$AMZN 1. No such thing as &quot;internet tax&quot;; 2. AMZN has collected and paid state sales taxes for years; 3. DJT just wrong about this.", "time": 1502912934.0, "sentiment": ""}, {"id": 92178999, "text": "$AMZN america was a better place b4 the likes of amazon and all this on line buying trash", "time": 1502912917.0, "sentiment": ""}, {"id": 92178983, "text": "Prediction:  $AMZN  will close up today in spite of comments made by our imbecile president.", "time": 1502912909.0, "sentiment": "Bullish"}, {"id": 92178841, "text": "$AMZN anti trust law coming", "time": 1502912820.0, "sentiment": "Bearish"}, {"id": 92178810, "text": "$RAD If that 60 days clause is true, more likely the FTC will wait for another suitor before making a decision, $TGT $AMZN $WMT $FRED $KR", "time": 1502912799.0, "sentiment": ""}, {"id": 92178722, "text": "Amazon ($AMZN) is damaging to tax paying US retailers, cities and states in the US are being hurt, jobs being lost. I do not buy from Amazon", "time": 1502912740.0, "sentiment": "Bearish"}, {"id": 92178708, "text": "$AMZN $BABA because these swings are so huge. I have made a killing on this baby. With puts and calls.", "time": 1502912732.0, "sentiment": ""}, {"id": 92178693, "text": "$AMZN lets go green to show the alt right president that the people of America still rule this country and not him", "time": 1502912724.0, "sentiment": "Bullish"}, {"id": 92178544, "text": "$AMZN another focus short for our team today", "time": 1502912639.0, "sentiment": ""}, {"id": 92178521, "text": "Why in the world would you invest in $AMZN when you could invest in $BABA with lower valuation and no monopoly risk?", "time": 1502912627.0, "sentiment": ""}, {"id": 92178376, "text": "$AMZN Anti-trust case is brewing, or tax loophole will be closed.", "time": 1502912538.0, "sentiment": "Bearish"}, {"id": 92178349, "text": "$AMZN sounds like you need to buy a straddle opt.", "time": 1502912521.0, "sentiment": ""}, {"id": 92178258, "text": "$AMZN Are we back at $1080 yet?", "time": 1502912461.0, "sentiment": ""}, {"id": 92178172, "text": "$AMZN There is an old saying, any free publicity is good publicity!", "time": 1502912405.0, "sentiment": "Bullish"}, {"id": 92178057, "text": "$AMZN Amazon stock on sale today, 10% off, get yours now!", "time": 1502912336.0, "sentiment": "Bullish"}, {"id": 92178028, "text": "$AMZN who is ready to see $1000 today?", "time": 1502912308.0, "sentiment": "Bullish"}, {"id": 92178015, "text": "@Bullwhocares just read report, yes better than expected. Presidents attack on $AMZN this morning might help them also.", "time": 1502912299.0, "sentiment": ""}, {"id": 92177997, "text": "$AMZN Trump is dilusional. Nobody paying attention to him anyway.", "time": 1502912291.0, "sentiment": "Bullish"}, {"id": 92177989, "text": "$AMZN Amazon performance will be soft as bondholders buy puts and sell short to hedge their positions", "time": 1502912285.0, "sentiment": ""}, {"id": 92177930, "text": "$AMZN #Trump&#39;s Tweet is uninformed and irrelevant to trading.  Amazon is now down just 0.22%. Meaningless noise. see pr", "time": 1502912242.0, "sentiment": ""}, {"id": 92177927, "text": "$AMZN last Trump tweet on AMZN shows he is not true republican.  wasn&#39;t business war? Eat your competitors or be eaten by them?", "time": 1502912237.0, "sentiment": ""}, {"id": 92177850, "text": "$AMZN Trump to make american great again by going after Amazon lol... like to see how this plays out", "time": 1502912188.0, "sentiment": ""}, {"id": 92177792, "text": "The Market In 5 Minutes https://benzinga.com/z/9938635 $AAPL $FCAU $AMZN $SHOO $CBI $PAYX $DKS $SPY", "time": 1502912149.0, "sentiment": ""}, {"id": 92177690, "text": "$AMZN I&#39;m split as to which side to take... CNBC Trumping about Amazon, but then the CNBC effect would theoretically make it bounce...  hmmm", "time": 1502912090.0, "sentiment": ""}, {"id": 92177639, "text": "$AMZN Trump doesn&#39;t like WaPo. Let&#39;s not pretend this is anything other than political. Amazon is hiring 10s of thousands this year.", "time": 1502912048.0, "sentiment": ""}, {"id": 92177606, "text": "Trump tweets that Amazon causes job losses; Amazon initiated at SunTrust \nhttps://seekingalpha.com/news/3289801?source=ansh $AMZN, $FB, $GOOG, $GOOGL", "time": 1502912030.0, "sentiment": ""}, {"id": 92177581, "text": "$AMZN Bezos messed up with the Washington post, now he&#39;s got trump going after him", "time": 1502912015.0, "sentiment": "Bearish"}, {"id": 92177540, "text": "$AMZN Trump&#39;s tweet should have also said that $GOOG and $FB are also evil because of the job loss in offline media publishers", "time": 1502911995.0, "sentiment": ""}, {"id": 92177488, "text": "$AMZN really!!!! Sometimes... juyst be quiet!!! There is much wisdom in being silent!!!", "time": 1502911950.0, "sentiment": ""}, {"id": 92177487, "text": "@aushark $AMZN - It&#39;s not the stock. It&#39;s the fact that it has made Bezos a LOT richer than Trump. Battle of the weenie sizes...", "time": 1502911949.0, "sentiment": ""}, {"id": 92177477, "text": "Your Morning Short Float Report:\n\n$TGT 7.85% (43M shares)\n$AMZN 0.98% (4.7M shares)\n$URBN 14.49% (16.9M shares)\n$MDXG 18.86% (21.2M shares)", "time": 1502911945.0, "sentiment": ""}, {"id": 92177370, "text": "$AMZN trump does not like this stock lol", "time": 1502911870.0, "sentiment": ""}, {"id": 92177340, "text": "$AMZN remember me? Yeah! NEVER FORGET.", "time": 1502911849.0, "sentiment": "Bearish"}, {"id": 92177252, "text": "$AMZN no prob. I&#39;ll just add a little more", "time": 1502911786.0, "sentiment": "Bullish"}, {"id": 92177237, "text": "$AMZN antitrust makes no sense. Amzn does not have large concentration in any market. So after breakup, each dept have even smaller market?", "time": 1502911779.0, "sentiment": ""}, {"id": 92177173, "text": "$AAPL p/e 17.85\n$FB p/e 37.52\n$AMZN p/e 245.68", "time": 1502911721.0, "sentiment": "Bullish"}, {"id": 92177132, "text": "$AMZN mr president, it&#39;s called progress. Did you think &quot;making America great again&quot; meant bringing back the local hardware/grocery store?", "time": 1502911696.0, "sentiment": ""}, {"id": 92177124, "text": "$AMZN opening bell, this tick is fkd...", "time": 1502911690.0, "sentiment": ""}, {"id": 92177096, "text": "$TGT exec &quot;number 1 retailer for swimwear in the US&quot; $WMT $AMZN $SHLD $JCP $M $KSS $COST", "time": 1502911674.0, "sentiment": ""}, {"id": 92177077, "text": "Amazon&#39;s stock slips after President Trump tweet that company is doing &#39;great damage&#39;\nhttp://feeds.marketwatch.com/~r/marketwatch/marketpulse/~3/TYLhGaboC7k/story.aspx\n$AMZN $WFM", "time": 1502911659.0, "sentiment": ""}, {"id": 92176977, "text": "$AMZN shorts never learn lol", "time": 1502911584.0, "sentiment": "Bullish"}, {"id": 92176973, "text": "$URBN CEO blames $AMZN lack of &#39;regard to bottomline&#39; for margin plunge. No sir your price/fashion disconnect with your shopper are to blame", "time": 1502911583.0, "sentiment": ""}, {"id": 92176746, "text": "$AMZN thank you trump. I was looking for an entry point. I can always count on my president!", "time": 1502911404.0, "sentiment": "Bullish"}, {"id": 92176744, "text": "Market Recon: $SPX $RUT $ZN_F $ZB_F $TNX $AMZN $TSLA $C $KEY $WFC $JPM $TGT $LB $DJT https://www.thestreet.com/story/14273180/1/don-t-price-out-the-worst-case-fed-scenario-market-recon.html", "time": 1502911402.0, "sentiment": ""}, {"id": 92176598, "text": "$AMZN amazon is evil it&#39;s gonna tank.", "time": 1502911285.0, "sentiment": "Bullish"}, {"id": 92176597, "text": "$AMZN Been saying it was coming, writing has been on the wall for a while now.", "time": 1502911285.0, "sentiment": "Bearish"}, {"id": 92176586, "text": "$AMZN where are the Trumpkins going to shop? They hate $TGT, $AMZN and $WMT &#39;s leadership is blasting Trump. Resort to homemade goods?", "time": 1502911277.0, "sentiment": "Bullish"}, {"id": 92176561, "text": "$AMZN Trump is short big money controls the world", "time": 1502911257.0, "sentiment": "Bearish"}, {"id": 92176546, "text": "$AMZN washingmachines are evil too we coild be washing laundry by hand , just ban washingmashines and that will create so many jobs !", "time": 1502911245.0, "sentiment": ""}, {"id": 92176504, "text": "$AMZN LOVE \u2764\ufe0f LOVE \u2764\ufe0f LOVE \u2764\ufe0f OUR PRESIDENT!!", "time": 1502911223.0, "sentiment": ""}, {"id": 92176408, "text": "$AMZN come on politics now, trumps a idiot Obama was idiot. Bush was a idiot. Billy C was a idiot. Go to twitter, but sell before you leave.", "time": 1502911157.0, "sentiment": "Bullish"}, {"id": 92176404, "text": "$AMZN Trump is right AMZN is evil.", "time": 1502911153.0, "sentiment": ""}, {"id": 92176394, "text": "$TGT Target expanding &quot;Target Restock&quot; $5 next day shipping for 15,000+ items $WMT $AMZN $HD $CVS $SHLD $JCP $M $KSS $COST", "time": 1502911149.0, "sentiment": "Bullish"}, {"id": 92176366, "text": "$AMZN I think president himsef needs some money and after this tweet he&#39;l be bying the dip. LoL", "time": 1502911135.0, "sentiment": ""}, {"id": 92176338, "text": "$AMZN has anyone ever seen the inside of an $AMZN warehouse? https://youtu.be/JXkMevbjga4 Trump is right about jobs being lost.", "time": 1502911112.0, "sentiment": ""}, {"id": 92176252, "text": "Estimize revenue expectations are 1.18% lower than that of Wall Street for $AMZN Q3 [Reporting 10/26 AMC]\nhttp://www.estimize.com/intro/amzn?utm_content=AMZN&amp;amp;utm_medium=eps_update&amp;amp;utm_source=stocktwits#chart=historical", "time": 1502911045.0, "sentiment": ""}, {"id": 92176251, "text": "$AMZN BREAKING NEWS: Bezos now coming for Trumps job", "time": 1502911049.0, "sentiment": ""}, {"id": 92176222, "text": "$AMZN antitrust concern overblown. While Amzn getting big, they dont have any large concentration in any particular market.", "time": 1502911020.0, "sentiment": ""}, {"id": 92176197, "text": "$TGT Exec on earnings: Store pickup volume over 30% increase from last year so far. Plan to offer drive thru service. $WMT $AMZN $CVS  $COST", "time": 1502911007.0, "sentiment": "Bullish"}, {"id": 92176192, "text": "$AMZN I remember when the market cared what Trump said, now his words are meaningless.", "time": 1502910999.0, "sentiment": "Bullish"}, {"id": 92176184, "text": "$AMZN so much noise. Pointless.", "time": 1502910999.0, "sentiment": "Bullish"}, {"id": 92176152, "text": "$AMZN Trump isn&#39;t wrong - and it&#39;s still good news for investors, they are lean. Would it hurt anyone to just admit when he&#39;s right?", "time": 1502910972.0, "sentiment": ""}, {"id": 92176135, "text": "$AMZN trump is attacking Amazon because he got stop trying to attack North Korea", "time": 1502910956.0, "sentiment": "Bullish"}, {"id": 92176129, "text": "$AMZN going to get whacked", "time": 1502910950.0, "sentiment": "Bearish"}, {"id": 92176115, "text": "$AMZN has proven poor performance with or w/o trump tweet. Couldn&#39;t stay above 985 yesterday. Tweet hasn&#39;t changed anything.", "time": 1502910934.0, "sentiment": ""}, {"id": 92176028, "text": "$AMZN (-0.3% pre) Amazon&#39;s Instant Pickup points could be ideal for grabbing meds, says pharmacy expert - CNBC\n\nhttp://ooc.bz/l/15011", "time": 1502910864.0, "sentiment": ""}, {"id": 92176001, "text": "$AMZN Trump can&#39;t even figure out if Nazis are good or bad. How is he qualifies to say Amazon is bad?", "time": 1502910836.0, "sentiment": "Bullish"}, {"id": 92175995, "text": "$AMZN if this idiot Prwsident would tweet a couple more times i could buy more $amzn\n  PLEASE?!", "time": 1502910835.0, "sentiment": "Bullish"}, {"id": 92175988, "text": "$AMZN sell you morons sell I need to and to my holdings and flip the rest.", "time": 1502910824.0, "sentiment": ""}, {"id": 92175987, "text": "$TGT and $WMT releasing quarterly reports soon, with the knock down of brick and mortar due to $AMZN expect bearish results to occur.", "time": 1502910820.0, "sentiment": "Bearish"}, {"id": 92175982, "text": "$AMZN lol ok Donnie, I think you have bigger fish to fry right now", "time": 1502910821.0, "sentiment": "Bullish"}, {"id": 92175981, "text": "$AMZN ouch! weekly calls gonna suffer", "time": 1502910821.0, "sentiment": ""}, {"id": 92175966, "text": "$AMZN (-0.3% pre) Why Amazon\u2019s seven-part bond deal is a bargain - MW\n\nhttp://ooc.bz/l/14993", "time": 1502910811.0, "sentiment": ""}, {"id": 92175955, "text": "$AMZN only ones happy r those with long puts, imho, we shall see if buyers swoop in today or this gets sold when market opens...", "time": 1502910803.0, "sentiment": ""}, {"id": 92175872, "text": "$AMZN oooook.", "time": 1502910742.0, "sentiment": ""}, {"id": 92175854, "text": "$AMZN (-0.3% pre) Trump rips Amazon, says it causes &#39;great damage to tax paying retailers&#39;; shares drop - CNBC\n\nhttp://ooc.bz/l/15010", "time": 1502910736.0, "sentiment": ""}, {"id": 92175850, "text": "$AMZN i would bet my house on the fact that Trump family loaded up on AMZN puts before tweet. Most corrupt family in the world", "time": 1502910733.0, "sentiment": "Bullish"}, {"id": 92175815, "text": "$AMZN Trump thinks AMZN is BAD for jobs!!! Yes Lucy Yes!!!!!", "time": 1502910711.0, "sentiment": "Bearish"}, {"id": 92175807, "text": "$AMZN Trump did similar thing about other companies in the past. I don&#39;t think this is going to make any difference for longs..", "time": 1502910706.0, "sentiment": ""}, {"id": 92175796, "text": "$TGT CEO on earnings: &quot;well positioned to emerge as one of the winners in retail&quot; &quot;while other competitors shrink&quot; $WMT $AMZN $HD $CVS $COST", "time": 1502910700.0, "sentiment": "Bullish"}, {"id": 92175757, "text": "$AMZN Whhhhyyyyy", "time": 1502910672.0, "sentiment": ""}, {"id": 92175613, "text": "$AMZN uh oh", "time": 1502910556.0, "sentiment": "Bearish"}, {"id": 92175519, "text": "$TGT CEO on earnings call: &quot;Target online sales growth surpass all competitors, at 32% growth this quarter&quot; $WMT $AMZN $HD $CVS $SHLD  $COST", "time": 1502910492.0, "sentiment": "Bullish"}, {"id": 92175443, "text": "$AMZN going $500 antitrust coming!!!!", "time": 1502910425.0, "sentiment": "Bearish"}, {"id": 92175419, "text": "$AMZN Trump And Dump. Not even the president can bring down Amazon stock 1 percent I will buy on this dip", "time": 1502910398.0, "sentiment": "Bullish"}, {"id": 92175317, "text": "$AMZN $TGT", "time": 1502910311.0, "sentiment": ""}, {"id": 92175174, "text": "$GOOG and $AMZN carry a lot of risk if U ask me. Both use questionable business tactics. $NFLX carries the most fundamental risk $SPY $QQQ", "time": 1502910192.0, "sentiment": ""}, {"id": 92175151, "text": "Target saw better traffic. But finding balance between sales &amp; margin in age of $AMZN is tough. EBIT rate worse despite better sales $TGT", "time": 1502910181.0, "sentiment": ""}, {"id": 92175108, "text": "$AMZN will be split in half by government. Easy money on downside here. Can&#39;t get to big or trump will shoot you down.", "time": 1502910143.0, "sentiment": "Bearish"}, {"id": 92175101, "text": "$AMZN I&#39;m on it for a quick rebound day trade. Getting in at hopefully around 973 and offloading at 980ish. But let&#39;s see what happens ...", "time": 1502910139.0, "sentiment": "Bullish"}, {"id": 92174982, "text": "$AMZN $TGT $URBN #EXEL $BIIB $PAYX $UDR $HD $ZION $TEVA $GPT Morning briefing: market news, upgrades.downgrades 8.16 http://www.precisiontrade365.com/morning-briefing-market-news-upgradesdowngrades-8-16-17/", "time": 1502910040.0, "sentiment": ""}, {"id": 92174909, "text": "$AMZN Trump said buy more..  50,000 jobs opening last month..  hahhahahha.  What?. Big  fish eats small fish that the rule.  Wahoo.", "time": 1502909971.0, "sentiment": "Bullish"}, {"id": 92174802, "text": "Potential option premium generated by implementing the buy-write $AMZN $FB $TSLA $GOOG $GOOGL $TWTR $AAPL $SPY $CSCO https://marketchameleon.com/volReports/optionbuywrite", "time": 1502909868.0, "sentiment": ""}, {"id": 92174799, "text": "@lino412 @kazumi68 cause you know where the price was going if you did ...and obviously you dont $AMZN just a punk on here", "time": 1502909863.0, "sentiment": "Bearish"}, {"id": 92174767, "text": "$AMZN Antitrust ! Antirust ! Antirust !", "time": 1502909831.0, "sentiment": "Bearish"}, {"id": 92174727, "text": "Amazon accused by Trump of damaging &#39;tax paying retailers&#39; - $AMZN - http://thefly.com/permalinks/entry.php/AMZNid2597212", "time": 1502909789.0, "sentiment": ""}, {"id": 92174703, "text": "$AMZN will be green by 9:45", "time": 1502909767.0, "sentiment": ""}, {"id": 92174674, "text": "$TGT Target is climbing again as we get closer to the earnings call. Expect good news from CEO $WMT $AMZN $HD $CVS $SHLD $JCP $M $KSS $COST", "time": 1502909730.0, "sentiment": "Bullish"}, {"id": 92174670, "text": "$AMZN  Monopoly. Job killer. Tax evader. Privacy invader. Run by a One world liberal totalitarian. Risk anyone??", "time": 1502909729.0, "sentiment": ""}, {"id": 92174621, "text": "$SPY $TNA $FAS $IWM $IYT Need to change, companies cannot be using $1 labor offshore and sell stuff in America, $AMZN $AAPL $TGT $WMT", "time": 1502909675.0, "sentiment": ""}, {"id": 92174611, "text": "Most Active in Pre Market $IWM $BBVA $AMZN $IAU $IAU $GLD $SPXU $DEO YY https://marketchameleon.com/Reports/PremarketTrading", "time": 1502909664.0, "sentiment": ""}, {"id": 92174601, "text": "$AMZN  &quot;Alexa, order more Bezos Dome Polish, and the shine the Beezer&quot;", "time": 1502909649.0, "sentiment": ""}, {"id": 92174597, "text": "$AMZN the President&#39;s tweet affected the pre-market but it is on the way up again.  It just shows that there is an upward trend.", "time": 1502909646.0, "sentiment": "Bullish"}, {"id": 92174581, "text": "$AMZN Trumps tweets no longer matter. He&#39;s a paper tiger and more importantly not even close to Bezos when in the intelligent dept", "time": 1502909632.0, "sentiment": "Bullish"}, {"id": 92174544, "text": "$AMZN  Shine the Beezer!  Amazon = tax evader, job killer, data skimmer/privacy invader !!", "time": 1502909599.0, "sentiment": ""}, {"id": 92174511, "text": "$AMD Tech is where it&#39;s @ with all of Suntrust&#39;s upgrades $QQQ $GOOG $FB $AMZN", "time": 1502909563.0, "sentiment": "Bullish"}, {"id": 92174493, "text": "$AMZN trump is shorting it.", "time": 1502909549.0, "sentiment": ""}, {"id": 92174409, "text": "$AMZN  If the man on the hill texted towards mr. benzo he&#39;s gonna make it green very green, don&#39;t piss off money... You&#39;ll make it move", "time": 1502909484.0, "sentiment": "Bullish"}, {"id": 92174339, "text": "Trump is long $AAPL and holding $AMZN puts \ud83d\ude02\ud83d\ude02", "time": 1502909419.0, "sentiment": ""}, {"id": 92174333, "text": "$AMZN enough of this nonsense. When are we getting back to 1000? Today?", "time": 1502909413.0, "sentiment": "Bullish"}, {"id": 92174302, "text": "$AMZN thats all it took, Jeff pops off, trump jumps off \ud83e\udd23\ud83e\udd23", "time": 1502909385.0, "sentiment": ""}, {"id": 92174297, "text": "@MLTech Trump has been told they charge sales tax. Short on memory for sure. Raining in $AMZN aggressive tactics the problem", "time": 1502909383.0, "sentiment": ""}, {"id": 92174252, "text": "$AMZN pay attention, he will be asked today about the tweet and push $amzn to big fall, this man won&#39;t stop with one tweet", "time": 1502909337.0, "sentiment": ""}, {"id": 92174242, "text": "$AMZN why do investors accept such ridiculous valuation?", "time": 1502909326.0, "sentiment": "Bearish"}, {"id": 92174200, "text": "SunTrust started coverage of $AMZN with a $1,220 price target and a Buy rating.  http://bit.ly/2uOklwB", "time": 1502909288.0, "sentiment": ""}, {"id": 92174153, "text": "$AMZN I new it was just a matter of time before someone from the gov goes after amzn but that&#39;s capitalism", "time": 1502909254.0, "sentiment": ""}, {"id": 92174131, "text": "$TGT Trump is attacking Amazon $AMZN and defending retail $COST $WMT $HD $CVS $M $JCP $BABA $SHLD $KSS", "time": 1502909226.0, "sentiment": "Bullish"}]