[{"id": 93000771, "text": "$AMZN every dollar down is 10 up soon, the BIGGEST GIFT being given in the entire stock market is to push Amazon dwn.MARK CUBAN largst postn", "time": 1503609061.0, "sentiment": "Bullish"}, {"id": 93000643, "text": "no way this is helping $AMZN today", "time": 1503609023.0, "sentiment": ""}, {"id": 93000533, "text": "$AMZN Never fight the trend... and the trend now is Sell, sell....", "time": 1503608987.0, "sentiment": "Bearish"}, {"id": 93000497, "text": "$AMZN http://www.marketwatch.com/investing/index/comp  Nasdaq took another dip", "time": 1503608973.0, "sentiment": ""}, {"id": 93000426, "text": "$AMZN between here and the 200DAY at 900$ will be adding to my position, which ain&#39;t smallllllllllllllll", "time": 1503608951.0, "sentiment": "Bullish"}, {"id": 93000389, "text": "$AMZN   wiggle, wiggle, flush", "time": 1503608941.0, "sentiment": "Bearish"}, {"id": 93000377, "text": "The Market In 5 Minutes https://benzinga.com/z/9971644 $AMZN $WFM $CMG $CRM $PETS $EV $PTLA $TEVA $SPY", "time": 1503608936.0, "sentiment": ""}, {"id": 93000361, "text": "$AMZN Via OptionsHawk.com - Amazon (AMZN)\ufeff opening buy of 500 October $910 calls for $59, nearly $3M trade. AMZN\u2026 https://stocknews.com/news/amzn-via-optionshawk-com-amazon-amzn%ef%bb%bf-opening-buy-of-500-october/", "time": 1503608932.0, "sentiment": ""}, {"id": 93000319, "text": "$AMZN here we go again the gr8 amajon", "time": 1503608921.0, "sentiment": ""}, {"id": 93000305, "text": "$AMZN need a push off the cliff now @danshep55", "time": 1503608917.0, "sentiment": "Bearish"}, {"id": 93000304, "text": "$AMZN The 940 puts purchased yesterday are up 53%", "time": 1503608917.0, "sentiment": ""}, {"id": 93000284, "text": "$AMZN riding the ETF &#39;brain out&#39; Amazon buying policy wave right here\ud83d\udd95", "time": 1503608911.0, "sentiment": ""}, {"id": 93000221, "text": "$AMZN Can&#39;t wait until this gets back to 985 so I can get out of it", "time": 1503608896.0, "sentiment": ""}, {"id": 93000199, "text": "$AMZN OOOOOOOPS, an actual professional in retail is slightly changing sentiment in Amazon, grows sales faster than all of retail, ALGOS\ud83d\udc42\ud83d\udc42", "time": 1503608889.0, "sentiment": "Bullish"}, {"id": 92999929, "text": "$amzn crackable", "time": 1503608796.0, "sentiment": ""}, {"id": 92999870, "text": "$AMZN ALL OF UUUUU***IF U THINK EVERY PUT BUYER IS TIMING TO COVER at $900 while every long is timing 900$, chances it won&#39;t happen 97%", "time": 1503608777.0, "sentiment": "Bullish"}, {"id": 92999744, "text": "$AMZN bought some 945 calls here", "time": 1503608735.0, "sentiment": ""}, {"id": 92999637, "text": "$AMZN adding to short position on a break of the lows @ $945.", "time": 1503608701.0, "sentiment": "Bearish"}, {"id": 92999569, "text": "$AMZN 950 is done. That was the last straw. Goodbye AMZN", "time": 1503608682.0, "sentiment": ""}, {"id": 92999563, "text": "$SPY lady before me in airport line obsessively checking stock prices on phone. Owns $AMZN $AAPL. Might be a sign to go all cash now", "time": 1503608680.0, "sentiment": "Bearish"}, {"id": 92999512, "text": "Techs are sick every Thursday $AMZN $NFLX $FB $GOOGL  $TSLA . $QQQ", "time": 1503608663.0, "sentiment": ""}, {"id": 92999427, "text": "$AMZN 945 cracks it&#39;s a waterfall", "time": 1503608640.0, "sentiment": "Bearish"}, {"id": 92999372, "text": "$AMZN the only thing that will change the trend is more negativity and more put buyers and shortsellers. PATIENCE", "time": 1503608622.0, "sentiment": "Bullish"}, {"id": 92999233, "text": "$amzn . watch 948 confirmation .. daily test 945 with water fall after", "time": 1503608580.0, "sentiment": ""}, {"id": 92999211, "text": "$AMZN I would not be surprised to see this turn after Jim Cramer got ma and pa to buy puts, someone will rip retail on the other side", "time": 1503608571.0, "sentiment": "Bullish"}, {"id": 92999172, "text": "Oh yeah.. Feel that pain $AMZN  $FB $GOOGL $NFLX $MSFT $QQQ $SPY", "time": 1503608557.0, "sentiment": ""}, {"id": 92998318, "text": "FIND #BuyWrites to improve YIELD $SPY $MSFT $AAPL $TSLA $PCLN $NFLX $TWTR $FB $IBM $C $GS $MA $AMX $IWM $QQQ $AMZN https://marketchameleon.com/volReports/optionbuywrite", "time": 1503608312.0, "sentiment": ""}, {"id": 92998170, "text": "$TSLA $BABA $AAPL $NVDA $NFLX $GOOGL $AMZN $AAOI .", "time": 1503608270.0, "sentiment": "Bearish"}, {"id": 92997868, "text": "$AMZN $qqq $spy Prime will be in more than half of US households by end of year (bloomberg). Still a buy.", "time": 1503608193.0, "sentiment": "Bullish"}, {"id": 92997851, "text": "$AMZN investors look ahead to (Jackson Hole) monetary-policy cues http://on.mktw.net/2vi4C97", "time": 1503608190.0, "sentiment": ""}, {"id": 92997799, "text": "$AMZN he&#39;s gonna have everyone ditching American stocks seriously , this guy is a train wreck he&#39;s killing our gains daily", "time": 1503608176.0, "sentiment": ""}, {"id": 92997674, "text": "$AMZN quick 1k on puts!  See you tomorrow guys!", "time": 1503608140.0, "sentiment": ""}, {"id": 92997667, "text": "$AMZN man Trump threatening to shut down the gov , real good for the American economy , bleed off continues . What an asshole that guy is", "time": 1503608138.0, "sentiment": ""}, {"id": 92997188, "text": "$AMZN when the market correction is complete. This will be in the 660&#39;s. Mark it.", "time": 1503608019.0, "sentiment": "Bearish"}, {"id": 92997116, "text": "$AMZN ITS FINE. @1SIMPLETRADER", "time": 1503608001.0, "sentiment": "Bearish"}, {"id": 92997092, "text": "@Connery $AMZN  \ud83d\ude02\ud83d\ude02\ud83d\ude02 but but the deal went through with Whole Foods.... lol bye to 900&#39;s soon!", "time": 1503607993.0, "sentiment": "Bearish"}, {"id": 92996992, "text": "$AMZN  Feds deliver papers and lecture THur thru Saturday at Jackson Hole", "time": 1503607967.0, "sentiment": ""}, {"id": 92996967, "text": "$AMZN everyone in retail is reactive to Amazon. Doesn&#39;t that say something?", "time": 1503607961.0, "sentiment": ""}, {"id": 92996955, "text": "$AMZN Gunna bleed all day", "time": 1503607958.0, "sentiment": ""}, {"id": 92996867, "text": "U.S. govt won&#39;t stop $AMZN $13.7B takeover of Whole Foods, a deal that has massive implications for both e-commerce &amp; how we shop for food.", "time": 1503607935.0, "sentiment": ""}, {"id": 92996835, "text": "$AMZN pos stock", "time": 1503607925.0, "sentiment": ""}, {"id": 92996744, "text": "$AMZN 946 is a huge level if it breaks then we see 925 fast and then 900", "time": 1503607900.0, "sentiment": ""}, {"id": 92996693, "text": "$AMZN Nasdaq Red Jacksohn Hole anxieties (Yellen/Draghi speak on FRiday) http://www.marketwatch.com/investing/index/comp", "time": 1503607884.0, "sentiment": ""}, {"id": 92996633, "text": "$AMZN anyone know why the markets looking like it&#39;s\nGoing to tank today , any numbers out", "time": 1503607868.0, "sentiment": ""}, {"id": 92996467, "text": "$AMZN they just wanted it to touch the support yet another time! Last chance to cover shorts, this has been the bottom REPEATEDLY.", "time": 1503607821.0, "sentiment": "Bullish"}, {"id": 92996414, "text": "$AMZN nothing like having a company and having the PRESIDENT beat you down ?? How is that ok", "time": 1503607809.0, "sentiment": ""}, {"id": 92996326, "text": "$qqq wow amazon just keeps dipping. If anything the WFM deal closed and makes it stronger. Watching $amzn $aapl today.", "time": 1503607784.0, "sentiment": ""}, {"id": 92996287, "text": "$AMZN grabbed +10 move stop to flat now", "time": 1503607773.0, "sentiment": ""}, {"id": 92996267, "text": "$AMZN has been in a free fall ever since it broke and held below 1000. who knows where the next bottom will be? $Trump might take em out", "time": 1503607768.0, "sentiment": ""}, {"id": 92996236, "text": "$AMZN WMT is ignorant that ALEXA is FAR more than just ordering products! It&#39;s a AI Bot. There is no competition, WMT is delusional.", "time": 1503607758.0, "sentiment": "Bullish"}, {"id": 92996174, "text": "$AMZN bailed 1k at 960.... never went for the Whole Foods act... better would have been rad and reformed Rx business.. maybe helped people", "time": 1503607740.0, "sentiment": ""}, {"id": 92996127, "text": "$AMZN just getting pounded lately , what&#39;s up with the nasdaq", "time": 1503607726.0, "sentiment": ""}, {"id": 92996109, "text": "$AMZN this is going to 900 first...LOOK at the chart...warned everyone...pick it up under 900", "time": 1503607721.0, "sentiment": ""}, {"id": 92996072, "text": "MASSIVE VOLUME SELLING $AMZN", "time": 1503607710.0, "sentiment": ""}, {"id": 92996019, "text": "$AMZN 9/5, if we are at 908.03 or 946.21 we will balance the sell off from 847.21-710.10 in % or Price respectively", "time": 1503607693.0, "sentiment": ""}, {"id": 92996006, "text": "$AMZN Well done on the execution, Mr. Buster", "time": 1503607688.0, "sentiment": ""}, {"id": 92995939, "text": "$AMZN what if this just ABSOLUTELY dumped out?", "time": 1503607672.0, "sentiment": "Bearish"}, {"id": 92995886, "text": "$AMZN Nasdaq may go red/flat http://www.marketwatch.com/investing/index/comp", "time": 1503607658.0, "sentiment": ""}, {"id": 92995792, "text": "$AMZN i was bullish and got hammered. Good luck to u if ur still bullish", "time": 1503607633.0, "sentiment": ""}, {"id": 92995774, "text": "@nerdtechie Yes, it&#39;s so much easier to trade few great names. That&#39;s what I decided to do. I just bought $AMZN puts expiring this Friday.", "time": 1503607627.0, "sentiment": ""}, {"id": 92995715, "text": "$amzn getting whalloped. $qqq $SPY", "time": 1503607607.0, "sentiment": "Bearish"}, {"id": 92995713, "text": "$AMZN out half the short +10 ..actionable trade @chessNwine  thanks", "time": 1503607606.0, "sentiment": "Bearish"}, {"id": 92995705, "text": "$AMZN  collapsing ?", "time": 1503607603.0, "sentiment": "Bearish"}, {"id": 92995680, "text": "$AMZN i knew it. priced in", "time": 1503607596.0, "sentiment": ""}, {"id": 92995592, "text": "$AMZN in at $950.83 for 72 shares. Should bounce back quickly to 960", "time": 1503607573.0, "sentiment": "Bullish"}, {"id": 92995410, "text": "$AMZN Nasdaq really dipping FaNGS in sync http://www.marketwatch.com/investing/index/comp", "time": 1503607526.0, "sentiment": ""}, {"id": 92995369, "text": "$AMZN like I said,  next stop $750", "time": 1503607517.0, "sentiment": "Bearish"}, {"id": 92995180, "text": "$AMZN pretty weak early on.", "time": 1503607469.0, "sentiment": ""}, {"id": 92995113, "text": "$AMZN Liking more bitcoin than this manipulation here.", "time": 1503607452.0, "sentiment": "Bullish"}, {"id": 92994908, "text": "$SPY $amzn i know someone just bought calls at open $nflx", "time": 1503607401.0, "sentiment": ""}, {"id": 92994890, "text": "$AMZN all this bashing, might get it near the 200day, the amount of buying that would come in, it would be momentary", "time": 1503607397.0, "sentiment": ""}, {"id": 92994842, "text": "$AMZN right here BUY", "time": 1503607379.0, "sentiment": "Bullish"}, {"id": 92994814, "text": "$AMZN This is where you BUY Amzn", "time": 1503607373.0, "sentiment": "Bullish"}, {"id": 92994778, "text": "$AMZN mmk", "time": 1503607361.0, "sentiment": ""}, {"id": 92994774, "text": "$AMZN here is how i got 945.75 today, if it happens itll be 50% Time, 25% Price, There are 2 Time Angle hits today", "time": 1503607359.0, "sentiment": ""}, {"id": 92994645, "text": "Watch out for massive breakdown in $amzn. $SPY", "time": 1503607324.0, "sentiment": "Bearish"}, {"id": 92994607, "text": "$AMZN next stop $750", "time": 1503607311.0, "sentiment": "Bearish"}, {"id": 92994565, "text": "$AMZN http://www.marketwatch.com/investing/index/comp   Nasdaq dipping FANGS in sync", "time": 1503607300.0, "sentiment": ""}, {"id": 92994439, "text": "$amzn scary. narrative getting really scary.", "time": 1503607265.0, "sentiment": ""}, {"id": 92994336, "text": "$AMZN Jackson Hole Anxieties?", "time": 1503607235.0, "sentiment": ""}, {"id": 92994169, "text": "$GOOGL this is gonna follow $AMZN down.", "time": 1503607178.0, "sentiment": "Bearish"}, {"id": 92994159, "text": "$AMZN is googl going to finally pass this?", "time": 1503607174.0, "sentiment": ""}, {"id": 92994148, "text": "$AMZN come on  bulls. Call us idiots again... Laugh at us now. Where you at ?", "time": 1503607172.0, "sentiment": "Bearish"}, {"id": 92993750, "text": "They selling $AMZN hard.", "time": 1503607057.0, "sentiment": ""}, {"id": 92993606, "text": "$AMZN Ass**** cramer. he made money &amp; now he wants to buy at low again. dont give a damn about him LONG $AMZN. They are coming in ad busines", "time": 1503607015.0, "sentiment": "Bullish"}, {"id": 92993345, "text": "$AMZN down down down!!!!!!!!!", "time": 1503606929.0, "sentiment": "Bearish"}, {"id": 92993336, "text": "It&#39;s Not Amazon&#39;s Fault https://benzinga.com/z/9971296 $AAPL $AMZN $NOK $VZ", "time": 1503606927.0, "sentiment": ""}, {"id": 92993279, "text": "$AMZN Camer Fang Video??", "time": 1503606911.0, "sentiment": ""}, {"id": 92993184, "text": "$AMZN could double its market cap by 2020 https://seekingalpha.com/article/4090762-amazon-double-market-cap-2020", "time": 1503606879.0, "sentiment": ""}, {"id": 92993183, "text": "@AlexanderHandleton @maryneffer @April0505 @reez007 @PerSE @Stockcat01 Now watch FANG like $AMZN $SPY $VIX", "time": 1503606878.0, "sentiment": ""}, {"id": 92993030, "text": "$AMZN all green except amzn. Brick and mortar rules! O&#39;doyle rules!", "time": 1503606823.0, "sentiment": "Bullish"}, {"id": 92992928, "text": "$AMZN not looking good. Are you afraid this big bubble may break?", "time": 1503606786.0, "sentiment": ""}, {"id": 92992920, "text": "$AMZN lol told ya. This thing is doomed. Only FANG stock that is red. Garbage", "time": 1503606784.0, "sentiment": ""}, {"id": 92992215, "text": "$AMZN lol going to open red.", "time": 1503606529.0, "sentiment": ""}, {"id": 92992213, "text": "$AMZN 2 Minutes to Bell", "time": 1503606528.0, "sentiment": ""}, {"id": 92992138, "text": "Impinj Shares Down 50% In 2 Months, But KeyBanc Still Doesn&#39;t Want You To Buy https://benzinga.com/z/9968201 $AMZN $PI", "time": 1503606496.0, "sentiment": ""}, {"id": 92992064, "text": "$AMZN here comes the drop. Get ready", "time": 1503606467.0, "sentiment": ""}, {"id": 92991698, "text": "$AMZN Amazon Studios Greenlights Fifth Season of Jill Soloway&#39;s Golden Globe Award and Multi-Emmy Award Winning Series Transparent", "time": 1503606302.0, "sentiment": "Bullish"}, {"id": 92991537, "text": "$AMZN Cramer with a follow up bash after yesterday, lol. Charitable trust own Walmart, does not own Amzn, makes sense, talking his book", "time": 1503606235.0, "sentiment": "Bullish"}, {"id": 92991440, "text": "$RAD So $AMZN can buy $WFM and it is to no detriment of the consumer but $WBA buying $RAD was?  FTC is a farce.", "time": 1503606198.0, "sentiment": ""}, {"id": 92990949, "text": "$BABA I wonder if this will ever be another $AMZN", "time": 1503605963.0, "sentiment": ""}, {"id": 92990496, "text": "$AMZN 15 minutes to Bell", "time": 1503605743.0, "sentiment": ""}, {"id": 92990142, "text": "$AAOI Has been setting up for higher prices. $GOOG, $PCLN, $AMZN, $NFLX $AAPL all doing well from entry a week ago.", "time": 1503605577.0, "sentiment": "Bullish"}, {"id": 92990010, "text": "$AMZN last night was either AH buyers loading up before a pop, or they will sell at open and this will crash sub 950. Let&#39;s see", "time": 1503605510.0, "sentiment": ""}, {"id": 92989854, "text": "$amzn $qqq great longer-term buy at this level with $wfm deal done, easier 365 delivery and strong presence in fast-growth areas", "time": 1503605413.0, "sentiment": "Bullish"}, {"id": 92989773, "text": "9am Press Releases $AMZN $GS $HIVE $MYO $CMCSA $RUN $RST $DTRM $MITL $COST $INVE $AVID $BKFS $SCSC  $INFO $NAV $BNFT https://marketchameleon.com/PressReleases", "time": 1503605371.0, "sentiment": ""}, {"id": 92989505, "text": "$AMZN I guess Amazon doesn&#39;t need to worry about 1-click patent expiring, now that they have Echo devices", "time": 1503605242.0, "sentiment": ""}, {"id": 92989249, "text": "@Sonofsam @Clocknight $amzn has almost no marketshare compared to $jd in Asia.", "time": 1503605090.0, "sentiment": "Bullish"}, {"id": 92988968, "text": "ACJ Wk 34 Members https://antichartjunk.com/2017/08/18/week-34-82117/ $AMAT $GOOGL $HUBS $LOGM $MCHP $STM $SWKS $TSLA $ZBRA $AMZN + still have work to do.", "time": 1503604920.0, "sentiment": ""}, {"id": 92988765, "text": "$AMZN chart or no chart, even Buffet praised Bezos at their share holder meeting  and admitted to blowing buying at $30. Google it.", "time": 1503604788.0, "sentiment": "Bullish"}, {"id": 92988686, "text": "$BABA Could still extend higher toward 185$ before starting a 3 waves pullback #Elliottwave $AMZN $AAPL", "time": 1503604739.0, "sentiment": ""}, {"id": 92988478, "text": "$AMZN this is my all in play.", "time": 1503604599.0, "sentiment": "Bullish"}, {"id": 92988476, "text": "@jleso internet / $AMZN killing retail", "time": 1503604599.0, "sentiment": ""}, {"id": 92988374, "text": "$AMZN has made our predicted low - see our free detailed analysis at http://www.matrixtrade.com/stocks/amzn/", "time": 1503604540.0, "sentiment": ""}, {"id": 92988328, "text": "I wonder if companies like brandless.com can make a dent in $AMZN  revenues.", "time": 1503604514.0, "sentiment": ""}, {"id": 92988318, "text": "$TWTR anti Trump brigade led by Bejos $AMZN should make a bid very soon . Analyst believe celebrity/trump twitter acc are worth billions", "time": 1503604506.0, "sentiment": "Bullish"}, {"id": 92988083, "text": "$LZB Seeks To Work With $AMZN To Reach Out To Millennials https://t.co/q81r28SxyS", "time": 1503604366.0, "sentiment": ""}, {"id": 92987830, "text": "Sequence of returns matters in retirement planning http://www.dividendgrowthinvestor.com/2017/08/sequence-of-returns-matters-in.html $AMZN $O", "time": 1503604204.0, "sentiment": ""}, {"id": 92987746, "text": "Gang War: Market Recon. $AMZN $WMT $GOOGL $TGT $NVDA $AVGO $SPX $RUT $DAL $LUV $DJT $ANF $VMW $BURL https://www.thestreet.com/story/14282535/1/in-retailers-gang-war-i-am-rooting-for-walmart-market-recon.html", "time": 1503604156.0, "sentiment": ""}, {"id": 92987727, "text": "Early movers: $TIF $DLTR $ANF $SHLD $HRL $SIG $CMG $SJM $DKS $TEVA $HPQ $WSM $PVH $GES $AMZN $RTN $AZN $F $GE $LMT http://cnb.cx/2viVMb5", "time": 1503604140.0, "sentiment": ""}, {"id": 92987108, "text": "$AMZN this sleeping giant is about to wake up", "time": 1503603746.0, "sentiment": ""}, {"id": 92986911, "text": "$AMZN fighting for $JWN or settle for $ULTA ? -", "time": 1503603624.0, "sentiment": "Bullish"}, {"id": 92986831, "text": "&#39;Amazoning&#39; narrative on retail not going away but slew of strong Qs from variety of players should give pause $WSM $DLTR $PVH $GES $AMZN", "time": 1503603575.0, "sentiment": ""}, {"id": 92986599, "text": "@Clocknight $JD is literally the $AMZN of China.  I think the CEO of $JD needs to get on CNBC to disclose the difference in business models.", "time": 1503603407.0, "sentiment": "Bullish"}, {"id": 92986355, "text": "$AMZN Analytics from &quot;check-in&quot; app Foursquare have identified Nordstrom as the next best retail takeover target\u2026 https://stocknews.com/news/amzn-is-nordstrom-the-next-acquisition-target-for-amazon-com-inc-amzn/", "time": 1503603234.0, "sentiment": ""}, {"id": 92986132, "text": "$AMZN  Jobless Claims 234K vs 238K Expected", "time": 1503603068.0, "sentiment": ""}, {"id": 92985743, "text": "$AMZN Jobless Claims in 5 Minutes FX Signal event", "time": 1503602777.0, "sentiment": ""}, {"id": 92985592, "text": "$JWN (+0.5% pre) Amazon $AMZN &amp; WalMart $WMT may be fighting over Nordstrom next, Foursquare says \n\nor $ULTA $LOW\n\nhttp://ooc.bz/l/15250", "time": 1503602657.0, "sentiment": ""}, {"id": 92985396, "text": "$WFM (+0.7% pre) Amazon $AMZN deal for Whole Foods wins U.S. regulatory, shareholder approvals - Reuters\n\nhttp://ooc.bz/l/15249", "time": 1503602507.0, "sentiment": ""}, {"id": 92985289, "text": "@russellkbrett Load and clear, dump $AMZN and buy retails, $DSW beat, now $ANF", "time": 1503602433.0, "sentiment": ""}, {"id": 92984913, "text": "$AMZN 960.73 CNBC Amzn https://www.cnbc.com/quotes/?symbol=AMZN", "time": 1503602091.0, "sentiment": ""}, {"id": 92984841, "text": "$AMZN Jacksonhole Hole Fed retreat THur thru Sat (Yellen &amp; Draghi speak Friday)", "time": 1503602033.0, "sentiment": ""}, {"id": 92984782, "text": "$AMZN Futures steady ahead of Jackson Hole meeting (Nasdaq Green in Pre Bell)  https://reut.rs/2itDd1V", "time": 1503601979.0, "sentiment": ""}, {"id": 92984707, "text": "$AMZN my last night action means nothing. Who could have guessed?", "time": 1503601915.0, "sentiment": ""}, {"id": 92984703, "text": "$AMZN vs $MU tale of 2 opposites. $MU verge of breakout, expanding business and tech, $AMZN burning cash and ready for breakdown.", "time": 1503601908.0, "sentiment": "Bearish"}, {"id": 92984396, "text": "$AMZN Can Get Hit In The Short Term - https://seekingalpha.com/article/4101548-amazon-can-get-hit-short-term-cramers-mad-money-8-23-17", "time": 1503601654.0, "sentiment": ""}, {"id": 92984250, "text": "$BABA $AMZN $460B market cap. Still 4 times cheaper than Amzn", "time": 1503601532.0, "sentiment": ""}, {"id": 92984200, "text": "$WSM posted 3% comps, acceleration in web sales &amp; a turnaround at Pottery Barn despite Amazoning &amp; lately, Wayfairing fears $W $AMZN $RH", "time": 1503601506.0, "sentiment": ""}, {"id": 92984103, "text": "$AMZN Grocery bus. high spoilage, low margins. Will bite AMZN. Real value is in the leases in affluent areas. Fairway went BK last year.", "time": 1503601437.0, "sentiment": ""}, {"id": 92983895, "text": "Dick&#39;s Sporting Goods downgraded as Nike, Under Armour and Adidas increase direct-to-consumer sales\nhttp://feeds.marketwatch.com/~r/marketwatch/marketpulse/~3/-W3YjdJwJ5o/story.aspx\n$SPX $AMZN $DKS $NKE $UAA $ADDYY", "time": 1503601294.0, "sentiment": ""}, {"id": 92983717, "text": "$AMZN https://www.bloomberg.com/markets/economic-calendar  Jobless Claims @ 8:30 AM Existing Home Sales @ 10:00 AM . Fed PhDs deliver academic papers thru Sat (J. Hole)", "time": 1503601147.0, "sentiment": ""}, {"id": 92983654, "text": "$AMZN there it goes $960.73", "time": 1503601072.0, "sentiment": "Bullish"}, {"id": 92983593, "text": "$AMZN remember cramer bashing apple days before it finally blasted through 120 .... I sure do ! nothing like the cramer fade", "time": 1503600996.0, "sentiment": ""}, {"id": 92983590, "text": "$AMZN World stocks steady; focus on Jackson Hole keeps market cautious (Nasdaq Green in Thur Pre Bell) https://reut.rs/2vpWT8e", "time": 1503600991.0, "sentiment": ""}, {"id": 92983514, "text": "$AMZN seems that it is stuck here at $960. We need to give it a little punch higher!!!", "time": 1503600914.0, "sentiment": "Bullish"}, {"id": 92983279, "text": "$AMZN we break $965 watch out. Exit stop will be $974!! Shorts will then be getting squeezed.", "time": 1503600654.0, "sentiment": "Bullish"}, {"id": 92983112, "text": "In Retailers&#39; Gang War, I Am Rooting for Walmart: Market Recon $AMZN http://dlvr.it/PhGvV0", "time": 1503600496.0, "sentiment": ""}, {"id": 92983100, "text": "$AMZN we are going to be up $6-$8 today!!!! Anyone else want to throw some more bas news at us!!!", "time": 1503600490.0, "sentiment": "Bullish"}, {"id": 92983070, "text": "Market Recon: Gang War. $WMT $AMZN $GOOGL $NVDA $TGT $LUV $DAL $ANF $SJM $SHLD $TIF $AVGO $ULTA https://www.thestreet.com/story/14282535/1/in-retailers-gang-war-i-am-rooting-for-walmart-market-recon.html", "time": 1503600459.0, "sentiment": ""}, {"id": 92982552, "text": "$AMZN  Fake news Bezos is torpedoing his propaganda $ source (hint: it&#39;s Amzn). He needs to dump the Wash Post and get back to work.", "time": 1503599854.0, "sentiment": ""}]