[{"id": 93108388, "text": "$AMZN retail tumbled with just a guacamole promotion, expect more", "time": 1503691830.0, "sentiment": "Bullish"}, {"id": 93108315, "text": "$AMZN $WFM $TGT $COST $WMT read comment section 2better understand why AMZN is doing what it&#39;s doing &amp; why it has little chance of success", "time": 1503691785.0, "sentiment": ""}, {"id": 93108225, "text": "Amazon&#39;s Acquisitions Create Adverse Reactions   $AMZN Also $WFM  $TGT  $COST  $WMT https://goo.gl/C3j3Ug", "time": 1503691741.0, "sentiment": ""}, {"id": 93108069, "text": "$spy $qqq $amzn excellent news", "time": 1503691671.0, "sentiment": ""}, {"id": 93107817, "text": "$AMZN the model is about convenience not price...Jet.com has better pricing and no fee, go and compare!", "time": 1503691534.0, "sentiment": ""}, {"id": 93107735, "text": "@Patientrade $AMZN What metric are you using for your $450 stock price, fundamental, technical, or other?", "time": 1503691485.0, "sentiment": ""}, {"id": 93107538, "text": "Friday&#39;s Vital Data: #Amazon, #Facebook and American Airlines $AMZN $FB $AAL http://investorplace.com/2017/08/fridays-vital-data-amazon-com-inc-amzn-facebook-inc-fb-american-airlines-group-inc-aal/", "time": 1503691396.0, "sentiment": ""}, {"id": 93107415, "text": "$AMZN 563 days 474 Low, 563 is a 20 day cycle, JM Hurst, $955 is Hurst Value Also, I have 3 Other Cycle Hitting Today, 959.61 Big Sq9 level", "time": 1503691313.0, "sentiment": ""}, {"id": 93107129, "text": "$AMZN should begin a rise, would expect estimates on Prime growth to accelerate $aapl $qqq", "time": 1503691154.0, "sentiment": ""}, {"id": 93106687, "text": "$spy $qqq $amzn it could be a strong day- Cohn confirms he&#39;s stayng to the FT, Trump and Congr to work together on tax plan next week", "time": 1503690896.0, "sentiment": ""}, {"id": 93106450, "text": "$AMZN swing top, reactions back can be bought", "time": 1503690753.0, "sentiment": ""}, {"id": 93106448, "text": "$XXII $AMZN we are a baby $AMZN", "time": 1503690752.0, "sentiment": ""}, {"id": 93106428, "text": "$AMZN From Top hasnt rallied more than 2 days impulsive, higher high, higher low &amp; no swing high crossed, when it rallies 3 days &amp; crosses..", "time": 1503690736.0, "sentiment": ""}, {"id": 93106352, "text": "Early movers: $BIG $SBUX $TWTR $ADSK $AVGO $PSTG $SPLK $GME $ULTA $AMZN $FCAU $INFY $DFT http://cnb.cx/2wMu4ao http://bit.ly/TheTickTV", "time": 1503690691.0, "sentiment": ""}, {"id": 93106149, "text": "$AMZN oh my AMZN lowed avocados prices. whop di do. vegan liberals celebrating. Why not lower prices of real food like meats, chicken, etc?", "time": 1503690553.0, "sentiment": "Bearish"}, {"id": 93105159, "text": "@sethmarcus @waizen maybe if $amzn buy $cost or $tgt I will be more worried about $wmt", "time": 1503689892.0, "sentiment": ""}, {"id": 93105156, "text": "$Amzn they only reason WFM will cut prices is because Amazon is under ZERO pressure from shareholders to turn profits", "time": 1503689890.0, "sentiment": ""}, {"id": 93104928, "text": "$AMZN headed back to $450", "time": 1503689753.0, "sentiment": "Bearish"}, {"id": 93104852, "text": "$AMZN go ahead and trade your customer base at Whole Foods for wal mart customer , that&#39;s genius....not", "time": 1503689699.0, "sentiment": "Bearish"}, {"id": 93104715, "text": "$AMZN $fb solid for a long time to come....", "time": 1503689619.0, "sentiment": "Bullish"}, {"id": 93104652, "text": "$AMZN perpetual money losing machine", "time": 1503689579.0, "sentiment": "Bearish"}, {"id": 93104290, "text": "Wayfair shares rise after Stifel upgrades the stock to buy\nhttp://feeds.marketwatch.com/~r/marketwatch/marketpulse/~3/iGqWNRXjD5w/story.aspx\n$SPX $AMZN $W", "time": 1503689314.0, "sentiment": ""}, {"id": 93104285, "text": "The looming war between Alibaba and Amazon https://www.youtube.com/watch?v=1S0GkilkC_0 $BABA $AMZN", "time": 1503689313.0, "sentiment": ""}, {"id": 93104283, "text": "Amazon $AMZN Could Grow to $1T Market Cap Over Next 5 Years, With AWS Bringing in $55B+ in Revs - Jefferies https://www.streetinsider.com/Analyst+Comments/Amazon+(AMZN)+Could+Grow+to+$1T+Market+Cap+Over+Next+5+Years,+With+AWS+Bringing+in+$55B++in+Revs+-+Jefferies/13237585.html", "time": 1503689310.0, "sentiment": ""}, {"id": 93104084, "text": "$AMZN Zon should split 10 for 1. All new retail stockholders likely to become WF customers. Millions of new shareholders .", "time": 1503689147.0, "sentiment": ""}, {"id": 93103903, "text": "@Askalot And Amazon 450 PE. I bought $KR for a short term trade. But who would you rather buy for a multi year hold? I&#39;d have to go $AMZN", "time": 1503689009.0, "sentiment": ""}, {"id": 93103514, "text": "$TGT $amzn $wmt how many compares the prices of banana or oranges online when going to supermarket?", "time": 1503688674.0, "sentiment": ""}, {"id": 93103409, "text": "Patientrade what are you talking about? That&#39;s the silliest thing I&#39;ve ever heard.  Need to do some DueDilly if you want to discuss $AMZN", "time": 1503688595.0, "sentiment": "Bullish"}, {"id": 93103236, "text": "$AMZN Whole Foods made it because middle class didn&#39;t want to shop the circus at wal mart. If you mess w that you will lose the customer", "time": 1503688462.0, "sentiment": "Bearish"}, {"id": 93103158, "text": "$AMZN how&#39;s that dividend working out for you", "time": 1503688405.0, "sentiment": "Bearish"}, {"id": 93102801, "text": "Market Recon: $SPX $RUT $AMZN $WMT $GOOGL $SIG #BURL $DLTR $BIG $CL_F $RB_F https://www.thestreet.com/story/14283962/1/hurricane-harvey-eclipses-jackson-hole-meeting-market-recon.html", "time": 1503688095.0, "sentiment": ""}, {"id": 93102782, "text": "$KR swing trade turned on us thanks to Bezos $AMZN wow we didn&#39;t see it coming", "time": 1503688078.0, "sentiment": ""}, {"id": 93102351, "text": "$KR are people going to trust $AMZN distribution pick&amp;pull to select their fresh meat and produce?", "time": 1503687706.0, "sentiment": ""}, {"id": 93102326, "text": "$GOOGL If over $946 rips higher and $AMZN 960 , $FB needs 170 $AAPL 161 . Could be a great FANG day.", "time": 1503687678.0, "sentiment": "Bullish"}, {"id": 93102280, "text": "@bhargavs  $AMZN needs to pull back right here technically or spend little time over 957.", "time": 1503687630.0, "sentiment": ""}, {"id": 93102125, "text": "#Amazon.com, Inc.(AMZN) Stock: Further #Correction Or A #Bounce Back? $AMZN https://amigobulls.com/articles/2017-08-25-amazon-com-inc-amzn-stock-further-correction-or-a-bounce-back", "time": 1503687489.0, "sentiment": ""}, {"id": 93101910, "text": "$AMD $STUDY $FB $AAPL $TSLA $NFLX $AMZN $BTC.X $ETH.X $LTC.X $XRP.X", "time": 1503687277.0, "sentiment": "Bullish"}, {"id": 93101799, "text": "$AMZN lower prices on wholefoods.  Clear winning strategy.  Now all wholefoods shoppers will become prime members to get discount.  #bullish", "time": 1503687120.0, "sentiment": "Bullish"}, {"id": 93101552, "text": "$SPY What happened Thurs was a lot of folks went Short when they got a &quot;hot tip&quot; for this guy. $AAPL $AMZN $BABA $FB", "time": 1503686796.0, "sentiment": "Bullish"}, {"id": 93101527, "text": "Amazon-Whole Foods: Everything You Need To Know As A Shopper And Prime Member https://benzinga.com/z/9973382 $AMZN $WFM $KR $COST $SFM $IMKTA", "time": 1503686771.0, "sentiment": ""}, {"id": 93101519, "text": "$RAD iskeku $AMZN 9/1", "time": 1503686766.0, "sentiment": "Bullish"}, {"id": 93101369, "text": "Trade of the Day: #Amazon Isn&#39;t in the Clear $AMZN $COST $KR http://investorplace.com/2017/08/amazon-dot-com-inc-amzn-stock-isnt-in-the-clear/", "time": 1503686580.0, "sentiment": "Bearish"}, {"id": 93101302, "text": "$BABA https://marketexclusive.com/analyst-upgrades-jd-com-incadr-nasdaqjd-buy/2017/08/\nMKM has maintained a Buy rating on Alibaba with a price target of $220 $AMZN (Heads up $KTOS fellow followers)", "time": 1503686498.0, "sentiment": "Bullish"}, {"id": 93101267, "text": "$AMZN squeeze them mofo today", "time": 1503686462.0, "sentiment": ""}, {"id": 93101177, "text": "Amazon + Whole Foods? - A-hole Foods? | $AMZN | buy $TGT $COST $WMT", "time": 1503686345.0, "sentiment": ""}, {"id": 93100758, "text": "Janet, Mario &amp; Harvey - 5 Things You Must Know Before the Market Opens Friday http://bit.ly/2vctsLG $BIG $MRO $SSNLF $Q $WFM $AMZN $SBAC", "time": 1503685835.0, "sentiment": ""}, {"id": 93100538, "text": "The discounts at Whole Foods could help solve Amazon Prime&#39;s biggest headache $WFM $AMZN http://cnb.cx/2xyBgnH http://bit.ly/TheTickTV", "time": 1503685619.0, "sentiment": ""}, {"id": 93100444, "text": "It can end up as false beliefs as $AMZN can go 100% AI/computer vision in Amazon Go, not using RFID at all. $PI", "time": 1503685474.0, "sentiment": ""}, {"id": 93100413, "text": "I am really afraid on this correlation between $PI and $AMZN Go/ $AMZN-$WFM news as I am really not sure if RFID will be used in Amazon Go.", "time": 1503685442.0, "sentiment": ""}, {"id": 93100374, "text": "$PI rallied yesterday on the news that $WFM-$AMZN deal will be closed on Monday.", "time": 1503685365.0, "sentiment": ""}, {"id": 93099592, "text": "$AMZN When AMZN enters a sector, it doesn&#39;t make much profit. But one thing is for sure \u2013 it&#39;s competitors will go bankrupt. \ud83d\ude42", "time": 1503684202.0, "sentiment": ""}, {"id": 93099546, "text": "MARKET RECON: Harvey, Jackson Hole .. $SPX $RUT $AMZN $GOOGL $WMT $KR $COST $SIG $BURL $DLTR $BIG https://www.thestreet.com/story/14283962/1/hurricane-harvey-eclipses-jackson-hole-meeting-market-recon.html", "time": 1503684144.0, "sentiment": ""}, {"id": 93099537, "text": "$AMZN ha ha this is a hilarious bear trap. Lol", "time": 1503684132.0, "sentiment": ""}, {"id": 93099449, "text": "Hurricane Harvey Eclipses Jackson Hole Meeting: Market Recon $AMZN http://dlvr.it/PhW6vf", "time": 1503684005.0, "sentiment": ""}, {"id": 93099031, "text": "Amazon Is Secretly Becoming a Bank $AMZN http://dlvr.it/PhW0h0", "time": 1503683165.0, "sentiment": ""}, {"id": 93099022, "text": "$AMZN Amazon plans to lower prices for many Whole Foods items, and offer discounts there for Prime members. https://stocknews.com/news/amzn-amazon-com-inc-amzn-unveils-price-cutting-strategy-for-whole-foods/", "time": 1503683121.0, "sentiment": ""}, {"id": 93098882, "text": "$AMZN futures going sky high..clearly an over reaction to the fed speech later today. Lol", "time": 1503682804.0, "sentiment": ""}, {"id": 93098847, "text": "$AMZN Company has added the ability for UK users to pay for products and services on its e-commerce platform using\u2026 https://stocknews.com/news/amzn-company-has-added-the-ability-for-uk-users-to-pay/", "time": 1503682696.0, "sentiment": ""}, {"id": 93098505, "text": "$AMZN analysts on Estimize are expecting 25.30% YoY revenue growth for Q3, up from 24.84% in Q2 [Reporting 10/26 AMC]\nhttp://www.estimize.com/intro/amzn?utm_content=AMZN&amp;amp;utm_medium=eps_update&amp;amp;utm_source=stocktwits#chart=historical", "time": 1503681747.0, "sentiment": ""}, {"id": 93098498, "text": "$AMZN $WFM Amazon to cut Whole Foods prices https://www.reuters.com/article/us-whole-foods-m-a-amazon-idUSKCN1B42AJ", "time": 1503681729.0, "sentiment": ""}, {"id": 93098156, "text": "$QNET Nasdaq &#39;Net Index +ve 4/5 days, next #FANGS join in &amp;/or earning fades stop 2 push market higher - $SPY $QQQ $FB $AMZN $NFLX $GOOGL", "time": 1503680635.0, "sentiment": ""}, {"id": 93098135, "text": "Damage Has Been Inflicted on Amazon $AMZN http://dlvr.it/PhVZKr", "time": 1503680585.0, "sentiment": ""}, {"id": 93098068, "text": "$AMZN is phenomenal.  Generations going forward.  Get past the August/September market effect.  Then it&#39;s a Merry Christmas", "time": 1503680344.0, "sentiment": "Bullish"}, {"id": 93098063, "text": "$AMZN Its almost gotten to the point that that the market is gonna do it&#39;s correction whether Yellen has good speech or not. Lol", "time": 1503680327.0, "sentiment": ""}, {"id": 93098059, "text": "$AMZN Want back in here but that last quarter was plain awful. 870$ I assume is next support", "time": 1503680312.0, "sentiment": ""}, {"id": 93098031, "text": "$AMZN futures green in premarket today but was the same yesterday during premarket ..at some point before or after speech it will go red.", "time": 1503680200.0, "sentiment": ""}, {"id": 93097932, "text": "$TGT $wmt I don&#39;t think any of u will look for egg price online at $amzn first before buying at local walmart right?", "time": 1503679811.0, "sentiment": ""}, {"id": 93097907, "text": "$TGT $wmt I mean $amzn can sell eggs for .50 cent and Walmart can still sell at .55 as grocery shopper care more about the location first", "time": 1503679707.0, "sentiment": ""}, {"id": 93097844, "text": "$TGT $wmt I think $amzn is great for items that is easily priceable. For grocery, price and quality is much harder to comp. Walmart ftw", "time": 1503679514.0, "sentiment": ""}, {"id": 93097498, "text": "@dexterdakota $AMZN grew on US sales.  There are 4-5 Chinese people for every 1 American.  $BABA $2T mktcap = $850 SP not out of question.", "time": 1503678787.0, "sentiment": ""}, {"id": 93097372, "text": "$AMZN All I know its august and September is coming next week. Amazon stock will not go up in a downtrend market", "time": 1503678330.0, "sentiment": ""}, {"id": 93097259, "text": "$AMZN initially I had doubts about buying $WFM I thought it was wrong step but now after looking progress it was best move for more growth", "time": 1503677913.0, "sentiment": "Bullish"}, {"id": 93097040, "text": "$AMZN The Dow Transports and Russell look extremely bearish here...I expect the Markets to really crack Monday after hurricane Harvey", "time": 1503676939.0, "sentiment": ""}, {"id": 93096866, "text": "As a grocery shopper at $KR I can tell you that $AMZN &amp;WF is not much interesting to shoppers.My brands,Food &amp;drugs are local.", "time": 1503676060.0, "sentiment": ""}, {"id": 93096692, "text": "$AMZN good news for $CMG http://www.marketwatch.com/story/amazon-and-whole-foods-will-cut-prices-of-avocados-and-kale-to-mark-close-of-deal-2017-08-24?siteid=yhoof2&amp;yptr=yahoo", "time": 1503674785.0, "sentiment": "Bullish"}, {"id": 93096004, "text": "$AMZN said Prime members will receive additional savings and in-store benefits as well.", "time": 1503671406.0, "sentiment": ""}, {"id": 93095978, "text": "$AMZN said that its takeover of $WFM will close on Monday, and its first order of business will be to make some items more affordable", "time": 1503671271.0, "sentiment": ""}, {"id": 93095935, "text": "$KR, $SFM, $COST, $TGT, $WMT stocks fall as $AMZN plans Monday price cut at $WFM http://bit.ly/2ivkK5t  http://nyti.ms/2vkhmMn", "time": 1503671069.0, "sentiment": ""}, {"id": 93095288, "text": "$AMZN I will not hold over weekend tho", "time": 1503668074.0, "sentiment": ""}, {"id": 93094582, "text": "$AMZN Anyone else see $200 price slice in the next 150 days?", "time": 1503665925.0, "sentiment": "Bearish"}, {"id": 93094148, "text": "$AMZN analysts on Estimize are expecting 12.95% YoY EPS growth for Q3, up from -77.53% in Q2 [Reporting 10/26 AMC]\nhttp://www.estimize.com/intro/amzn?utm_content=AMZN&amp;amp;utm_medium=eps_update&amp;amp;utm_source=stocktwits#chart=historical", "time": 1503664287.0, "sentiment": ""}, {"id": 93093177, "text": "$AMZN AMZN will say it added record number of prime members because of whole foods..", "time": 1503661858.0, "sentiment": ""}, {"id": 93093148, "text": "$AMZN This is trading at A) just under $1000 a share, B) at a P/E of 240+ and C) a P/B of almost 20. It takes balls to buy with that in mind", "time": 1503661801.0, "sentiment": "Bearish"}, {"id": 93093121, "text": "$AMZN If not tomorrow, monday rally is for sure..imho", "time": 1503661758.0, "sentiment": ""}, {"id": 93093097, "text": "Friday&#39;s Watch Part 1: $AMZN $AAPL $AMD $ADMS $BABA $FB $CMG $GOOGL $ADBE $AGN $AVGO $COST $ANF $BA $CRM \u263a\ufe0f\ud83d\ude18", "time": 1503661714.0, "sentiment": ""}, {"id": 93093077, "text": "$AMZN Monday headlines will be all about record Whole Food sales day for any retailer. cheap eggs,beef,bananas..every one&#39;s gonna be there", "time": 1503661646.0, "sentiment": ""}, {"id": 93093074, "text": "$AMZN @scheplick as a former avocado rancher, i am offended", "time": 1503661640.0, "sentiment": ""}, {"id": 93092930, "text": "Sold my $AMZN calls from today from 2.5-6 great trade, but I should&#39;ve sold at 8 to lock in more profits. Got greedy, lesson learned.", "time": 1503661405.0, "sentiment": ""}, {"id": 93092888, "text": "$AMZN could get ESPN from $DIS stream sports and sell tickets.", "time": 1503661297.0, "sentiment": ""}, {"id": 93092794, "text": "$AMZN multiple indicators lining up here. Stochastic divergence, falling wedge, TL bounce. Next week is tech week", "time": 1503661128.0, "sentiment": "Bullish"}, {"id": 93091954, "text": "Price Moves vs Expected Moves $UVXY $VXX $BAC $EEM $AMD $HYG $TSLA $AAPL $BABA $FB $AMZN $SNAP http://tinyurl.com/y7zbwhgq", "time": 1503659478.0, "sentiment": ""}, {"id": 93091780, "text": "$AMZN", "time": 1503659154.0, "sentiment": "Bearish"}, {"id": 93091574, "text": "#Amazon going to slash prices at Whole Foods (Whole Paycheck). $AMZN $WFM http://trde.it/2xhGsx6", "time": 1503658813.0, "sentiment": ""}, {"id": 93091573, "text": "$SPY Wouldn&#39;t wanna be long $AMZN bezos got crushed by $AAPL with fire phone now hes got whole world after him", "time": 1503658812.0, "sentiment": "Bearish"}, {"id": 93091521, "text": "$SPY $AMZN watch for retailers to start partnering with $GOOGL to put bezos in dumpster. Spread too thin, to much enemies", "time": 1503658731.0, "sentiment": "Bearish"}, {"id": 93091452, "text": "$AMZN Amazon is against best AI company on the planet lol. $GOOGL bezos spreading himself too thin", "time": 1503658632.0, "sentiment": "Bearish"}, {"id": 93091443, "text": "@EliTrader agreed.  This is bad for America in the long run.  $AMZN had a good run but the greed is starting to show in poorer Prime service", "time": 1503658615.0, "sentiment": ""}, {"id": 93091422, "text": "$SPY $SPX $IWM $RUT $QQQ $COMPQ $AAPL $USO $XLE $AMZN futures as of now before Yellen speech tomorrow", "time": 1503658578.0, "sentiment": "Bullish"}, {"id": 93091420, "text": "$AMZN if Amazon starts getting pressured by $GOOGL and $MSFT in cloud they won&#39;t be able to keep up.", "time": 1503658577.0, "sentiment": "Bearish"}, {"id": 93091332, "text": "$AMZN I sure hope you are right. I I need a 15 to 20 point move", "time": 1503658435.0, "sentiment": ""}, {"id": 93091277, "text": "$AMD $FB $AAPL $AMZN $TSLA\nAmd&#39;rs\nHERE IS THE TIM COOK IN AUSTIN RUMOR https://www.macrumors.com/2017/08/24/tim-cook-in-austin-announcement-rumor/", "time": 1503658343.0, "sentiment": "Bullish"}, {"id": 93091268, "text": "$AMZN $WFM merger is a last grasp at growth before investor disappointment finally takes its P/E down to realistic levels.  PT $190", "time": 1503658323.0, "sentiment": ""}, {"id": 93091265, "text": "$AMZN what is really going on with Amazon ever since I bought it at $976 it has gone down. Good thing I write calls to offset the stock drop", "time": 1503658314.0, "sentiment": ""}, {"id": 93091020, "text": "$AMZN Getting out of its area of understanding. Going down from here.", "time": 1503657868.0, "sentiment": "Bearish"}, {"id": 93091003, "text": "$amzn $LOW I don&#39;t see a large acquisition in $amzn future, but I can see $googl teaming up with them. Alot of product moving to $low stores", "time": 1503657847.0, "sentiment": ""}, {"id": 93090600, "text": "$COST $KR Unfortunately dead money until next earnings as investors will need some insight on the $AMZN impact.", "time": 1503657236.0, "sentiment": ""}, {"id": 93090536, "text": "$KR $AMZN $WFM So now AMZN Is spending $15 Billion plus to compete selling groceries w/ a 1% or 2% margin? Look 4 fund managers to sell AMZN", "time": 1503657146.0, "sentiment": ""}, {"id": 93090397, "text": "$KR $AMZN $WFM never had a chance going heads up w/ KR.  Even if WFM cuts its prices in half they&#39;re still the highest on the planet.", "time": 1503656907.0, "sentiment": ""}, {"id": 93090287, "text": "$KR $WFM $AMZN The 1 thing Jeff didn&#39;t count on is just how ruthless $KR can get. There&#39;s a reason Kroger is #1 in this sector.", "time": 1503656709.0, "sentiment": "Bullish"}, {"id": 93089938, "text": "$AMZN I have had these lines drawn for a long time. price pushed up exactly on trend line. So far holding.", "time": 1503656077.0, "sentiment": "Bullish"}, {"id": 93089385, "text": "$AMZN Overvalued Perfection priced in", "time": 1503655198.0, "sentiment": "Bearish"}, {"id": 93089233, "text": "$KR, $WFM, $AMZN There are thin margins in this sector &amp; the % of shoppers willing 2 write a blank check 4 groceries is extremely limited", "time": 1503654989.0, "sentiment": "Bearish"}, {"id": 93089170, "text": "$aapl $fb $amzn Yellen is going to leave her job like a boss, and said interest will jump 5% immediately!", "time": 1503654893.0, "sentiment": ""}, {"id": 93089093, "text": "$Q, $WFM, $AMZN, $CHTR, $DD, $SBAC, $DOW - Spot Movements in S&amp;P 100, S&amp;P 500 http://crweworld.com/newsroom/prnewswire?rkey=20170824NY73162&amp;filter=10284", "time": 1503654797.0, "sentiment": ""}, {"id": 93089001, "text": "$AMZN buy now not even its $1000+ in few days.", "time": 1503654665.0, "sentiment": "Bullish"}, {"id": 93088091, "text": "$kr $AMZN price war. Good for consumers. I&#39;m happy.", "time": 1503653467.0, "sentiment": ""}, {"id": 93088071, "text": "@Sir_Staxx @JohnTT @Pentagon I know you hate liberals. So that means you hate $TSLA $FB $AMZN $AAPL $SBUX $INTC $JNJ $MSFT $GOOGL etc.??", "time": 1503653443.0, "sentiment": ""}, {"id": 93088047, "text": "$AAPL $AMZN  $GOOGL $KR $WMT  for more update visit us @ www.outlawstocks.com", "time": 1503653407.0, "sentiment": ""}, {"id": 93087990, "text": "$AMD $STUDY $NVDA $FB $AAPL $AMZN $GOOGL $NFLX $INTC $TSLA $JD $BABA $BIDU $SNAP $TWTR $BTC.X $ETH.X $LTC.X $XRP.X", "time": 1503653328.0, "sentiment": "Bullish"}, {"id": 93087959, "text": "$AAPL $FB $AMZN $NFLX $DJIA $BABA I just Realized that the DOW is floating at 22,000 it will break 23,000 soon BULLMARKET of a LIFETIME!", "time": 1503653295.0, "sentiment": "Bullish"}, {"id": 93087859, "text": "Big Call Buyers $JNJ $MPC $JD $MU $GNRC $ADBE $MRK $ULTA $DAR $VIPS $VSI $CLB $X $OMC $ALNY $GRA $APO $AMZN $AAL $UNVR $TGT $VALE $ABX $CTRP", "time": 1503653157.0, "sentiment": ""}, {"id": 93087597, "text": "$COST &amp; another kick to the curb by $amzn announcement. The beast has spoken.", "time": 1503652863.0, "sentiment": ""}, {"id": 93087506, "text": "Charts suggests extreme bad breath for $AMZN Or bounce for $XLP Too soon to call &amp; not a timing factor for trade", "time": 1503652722.0, "sentiment": ""}, {"id": 93087490, "text": "$AMZN  FYI..... AH lows = $941 \u270c\ud83c\udffb", "time": 1503652695.0, "sentiment": "Bearish"}, {"id": 93087290, "text": "$SFM The 1st flush in June was thx2 $amzn as well as today&#39;s. No position but i shop here weekly. Tempting here.", "time": 1503652483.0, "sentiment": ""}, {"id": 93087189, "text": "That sector is now in the hands of $TSLA  and $AMZN seems to believe in $PLUG if you are future minded.", "time": 1503652374.0, "sentiment": ""}, {"id": 93087184, "text": "$SPY Lets get a quick -25 % so those kids in $AMZN $AAPL $FB $NFLX $NVDA can learn what a margin call is. Let&#39;s see August 2015? Let him OUT", "time": 1503652365.0, "sentiment": "Bearish"}, {"id": 93086788, "text": "$COST vs. $AMZN = reality check", "time": 1503651862.0, "sentiment": ""}, {"id": 93086629, "text": "$AMZN already do majority of my in store shopping at $WMT. Going to work harder  to do same with my online shopping", "time": 1503651696.0, "sentiment": ""}, {"id": 93086460, "text": "$AMZN $VRX $CMG watch what amzn does with Whole Foods!!! In a year (or maybe less) amzn will be a 1200 stock", "time": 1503651526.0, "sentiment": ""}, {"id": 93086334, "text": "$AMZN Bulls will say this is a discount all the way to $0.00 they don&#39;t make money. Look back at 1999 World Com - Same Thing #amazon", "time": 1503651354.0, "sentiment": "Bearish"}, {"id": 93086295, "text": "$AMZN 240 PE For A Company that doesn&#39;t make money - Is this a Ponzi scheme \ud83d\udcb0 #amazon", "time": 1503651304.0, "sentiment": "Bearish"}, {"id": 93086131, "text": "$AMZN Good to see all the bears on the loose here. I know it will be heading back up soon now.", "time": 1503651101.0, "sentiment": "Bullish"}, {"id": 93085857, "text": "$AMZN discount spree start with avocado\ud83d\ude42", "time": 1503650712.0, "sentiment": "Bullish"}, {"id": 93085782, "text": "$BABA growth in India via the #Paytm route enough to Challenge $AMZN ? https://www.bloomberg.com/amp/news/articles/2017-07-25/alibaba-paytm-are-said-in-talks-to-invest-in-india-s-bigbasket", "time": 1503650617.0, "sentiment": ""}, {"id": 93085231, "text": "well being in a &quot;7&quot; year might be scary, but one consolation for @scheplick @michaelbozzello $AMZN is about to chop avocado prices next Mon", "time": 1503649945.0, "sentiment": ""}, {"id": 93085215, "text": "$AAPL $MSFT $GOOG $AMZN $FB $IBM $INTC $QQQ $SMH $TSLA $NFLX $KLAC", "time": 1503649919.0, "sentiment": ""}, {"id": 93085075, "text": "I see similarities in $COST and $TJX with their $AMZN defense, the same way TJ has done well Costco will be fine", "time": 1503649781.0, "sentiment": "Bullish"}, {"id": 93084971, "text": "No respectable talking head on CNBC is going to admif that $AMZN $NFLX $TSLA have climbed far beyond reasonable bounds. Rembr 1999?", "time": 1503649678.0, "sentiment": "Bearish"}, {"id": 93084711, "text": "$COST paid for than damn thats a game changer. One of my only gripes with Costco is the lines. Regardless...ill never support $AMZN", "time": 1503649376.0, "sentiment": ""}, {"id": 93084686, "text": "$COST I rlly like this company and their way of doing things but if $AMZN creates this tech where you just walk out the store and stuff is..", "time": 1503649342.0, "sentiment": ""}, {"id": 93084003, "text": "$AMZN cancelled prime membership after 4 years being a loyal member.. Service has gone to worse in last few months", "time": 1503648630.0, "sentiment": "Bearish"}, {"id": 93083845, "text": "$IBB $XBI $AAPL $AMZN $NVDA $AMD $MSFT $GOOG $GS $DIS $SNAP $FB $MU $NFLX $BABA $TSLA $GPRO down the bitch goes", "time": 1503648499.0, "sentiment": ""}, {"id": 93083343, "text": "$QQQ $NDX $FB $AMZN $GOOG $AAPL Mutual Funds Will Do 2 Things: Pile Into Tech, Fade Donald Trump.. https://heisenbergreport.com/2017/08/24/mutual-funds-will-do-2-things-pile-into-tech-fade-donald-trump/", "time": 1503648015.0, "sentiment": ""}, {"id": 93082776, "text": "$AMZN closing the Whole Foods deal next week sent $KR Kroger down 7.5% today. I think this may just be the tip of the iceberg for this group", "time": 1503647492.0, "sentiment": ""}, {"id": 93082766, "text": "Costco Is Playing a Dangerous Game With the Web - Bloomberg $cost $amzn  http://www.bloomberg.com/news/articles/2017-08-24/costco-is-playing-a-dangerous-game-with-the-web", "time": 1503647481.0, "sentiment": ""}, {"id": 93082497, "text": "$AMZN - we saw some more news from Amazon today, as it looks as if the deal to buy Whole Foods will close next week", "time": 1503647197.0, "sentiment": ""}, {"id": 93082370, "text": "$IBB $XBI $AAPL $AMZN $NVDA $AMD $MSFT $GOOG $GS $DIS $SNAP $FB $ $MU $NFLX $BABA $TSLA $GPRO Check this out folks:", "time": 1503647072.0, "sentiment": ""}, {"id": 93082078, "text": "Estimize revenue expectations are 0.16% lower than that of Wall Street for $AMZN Q3 [Reporting 10/26 AMC]\nhttp://www.estimize.com/intro/amzn?utm_content=AMZN&amp;amp;utm_medium=eps_update&amp;amp;utm_source=stocktwits#chart=historical", "time": 1503646825.0, "sentiment": ""}, {"id": 93081688, "text": "Good speculation that $amzn would buy $LOW https://medium.com/foursquare-direct/which-companies-will-amazon-and-walmart-acquire-next-88992c3b81b1\nWhich Companies Will Amazon and Walmart Acquire Next? - Medium", "time": 1503646458.0, "sentiment": ""}]