[{"id": 93235163, "text": "Weekend Edition is here: https://youtu.be/r1R7LAGJCkY\n\n$SPY $QQQ $IWM $FAZ $GLD $USO $UUP $GBTC $FB $AMZN $NFLX $GOOG $AAPL $TSLA $GS $JPM $BAC", "time": 1503893651.0, "sentiment": ""}, {"id": 93235000, "text": "$TSLA Fossil fuel subsidies are a staggering $5 tn per year https://amp.theguardian.com/environment/climate-consensus-97-per-cent/2017/aug/07/fossil-fuel-subsidies-are-a-staggering-5-tn-per-year $OIL  $AAPL  $XOM  $QQQ  $AMZN", "time": 1503893261.0, "sentiment": ""}, {"id": 93234331, "text": "$AMZN expensive; wait", "time": 1503891845.0, "sentiment": ""}, {"id": 93234315, "text": "$AMZN stock exprnsive right now", "time": 1503891817.0, "sentiment": ""}, {"id": 93233957, "text": "Estimize revenue expectations are 0.09% lower than that of Wall Street for $AMZN Q3 [Reporting 10/26 AMC]\nhttp://www.estimize.com/intro/amzn?utm_content=AMZN&amp;amp;utm_medium=eps_update&amp;amp;utm_source=stocktwits#chart=historical", "time": 1503890905.0, "sentiment": ""}, {"id": 93233772, "text": "$AMZN i just noticed the pattern from 750 to 800 range in week and now 950 to 1000 by next weekend...looks perfect", "time": 1503890402.0, "sentiment": ""}, {"id": 93233697, "text": "$AAPL $XON $TSLA $ZIOP $AET $NEU $XOM $JMP $NVDA $AMZN $BABA $NFLX $FB $RDS.A  $PSX $GOOG iTunes donations", "time": 1503890184.0, "sentiment": "Bullish"}, {"id": 93233263, "text": "$AAOI will $AMZN take their business elsewhere?", "time": 1503888927.0, "sentiment": "Bullish"}, {"id": 93233246, "text": "$AAPL $MSFT $GOOG $AMZN $FB $IBM $INTC $QQQ $SMH $TSLA $NFLX $KLAC", "time": 1503888855.0, "sentiment": ""}, {"id": 93232698, "text": "Free video with setups for Aug 28 &quot;Here Is What I See&quot; $AMZN $FB $NVDA $LL https://www.learnstocks101.com/stock-market-analysis/2017/08/here-what-i-see", "time": 1503887197.0, "sentiment": ""}, {"id": 93232492, "text": "$AAPL $GOOG $GOOGL $AMZN $BABA $FB $NVDA $QQQ $SPY its funny how bears get a few days red and get all excited this is 9+ years give it up.", "time": 1503886643.0, "sentiment": "Bullish"}, {"id": 93232262, "text": "$COST packed everyday! Overreaction on $AMZN s acquisition of $WFM. BUY!!!", "time": 1503886140.0, "sentiment": "Bullish"}, {"id": 93232188, "text": "@jtierney  How can you be bullish on SPY but very bearish on $AMZN, one of SPY&#39;s top holdings?", "time": 1503885976.0, "sentiment": ""}, {"id": 93232182, "text": "$AMD $NVDA $INTC $FB $AAPL $AMZN $NFLX $GOOGL $CRM $SQ $APRN $V $X $TSLA $BABA $BIDU $TWTR $SNAP $GPRO $STUDY $BTC.X $ETH.X $LTC.X $XRP.X", "time": 1503885958.0, "sentiment": "Bullish"}, {"id": 93231582, "text": "$AMZN &quot;strong response&quot; to Prime from Chinese customers since October launch;its figures more than doubling since the beginning of the year", "time": 1503884501.0, "sentiment": "Bullish"}, {"id": 93231544, "text": "$AMZN great entry price here on an up-trending channel.  Good r/r.", "time": 1503884404.0, "sentiment": "Bullish"}, {"id": 93231528, "text": "$AMZN An Amazon spokeswoman said the company has had a &quot;strong response&quot; to Prime from Chinese customers since its launch last October", "time": 1503884368.0, "sentiment": "Bullish"}, {"id": 93231186, "text": "$AMZN No Path to Profitability", "time": 1503883453.0, "sentiment": "Bearish"}, {"id": 93230757, "text": "$AMZN PAYS 13% TAX TOTAL. TIME STAMP 5 MINUTES  https://www.youtube.com/watch?v=IdLJpdKEZuA#t=38.896383", "time": 1503882338.0, "sentiment": "Bearish"}, {"id": 93230597, "text": "Since February 9, 2016, $AMZN bounced off trend 3 times. Currently, it is testing a 4th. Make it or break it Monday!", "time": 1503881914.0, "sentiment": ""}, {"id": 93229213, "text": "$BABA not losing any sleep over $AMZN. Neither should you.", "time": 1503878162.0, "sentiment": ""}, {"id": 93229078, "text": "$AMZN Not worth a single penny. They don&#39;t make money and never will. They are not able to raise margins without losing market share", "time": 1503877806.0, "sentiment": "Bearish"}, {"id": 93229037, "text": "$AMZN fib levels", "time": 1503877711.0, "sentiment": ""}, {"id": 93229030, "text": "Watching: Bearish: $AMZN \u2013 Buy Put Butterfly \u2013 Sept 15:  +900 / -920 / +940, and $AAPL  \u2013 Buy Butterfly \u2013 Sept 15: +155 / -160 / +165", "time": 1503877679.0, "sentiment": ""}, {"id": 93228874, "text": "$AAPL $GOOGL $AMZN $TSLA $PLNC $FB $NVDA $BABA $CME Didn&#39;t make any sense to me.", "time": 1503877332.0, "sentiment": ""}, {"id": 93228701, "text": "Nice overview of the coming weeks markets http://stockmillionaires.com/market-overview-week-ahead-82817-spy-dji-aapl-aa-fcx-mosy-amzn-tsla/ $SPY $DJI $AAPL $MOSY $AMZN $TSLA $AA $FCX", "time": 1503876868.0, "sentiment": "Bullish"}, {"id": 93228168, "text": "Relative weakness of $AMZN stock vs Nasdaq 100 $QQQ  over the past month. A few more percent lower is likely.", "time": 1503875322.0, "sentiment": ""}, {"id": 93227822, "text": "$AMZN recently acquired companies @washingtonpost", "time": 1503874476.0, "sentiment": ""}, {"id": 93227730, "text": "$FB $NVDA $NFLX $GOOG $GOOGL $AMZN $TSLA $AAPL $BABA $C $GS $SPY $QQQ $UVXY https://youtu.be/Fzms7dzzla0 Choosing Strike and Delta correctly", "time": 1503874301.0, "sentiment": ""}, {"id": 93227439, "text": "Estimize EPS expectations are 71.57% higher than that of Wall Street for $AMZN Q3 [Reporting 10/26 AMC]\nhttp://www.estimize.com/intro/amzn?utm_content=AMZN&amp;amp;utm_medium=eps_update&amp;amp;utm_source=stocktwits#chart=historical", "time": 1503873444.0, "sentiment": ""}, {"id": 93227396, "text": "$AMZN Wild week for the shares of Amazon as the stock was quite weak for much of it, only to see a brief rally lat\u2026 https://stocknews.com/news/amzn-wild-week-for-the-shares-of-amazon-as-the-stock/", "time": 1503873307.0, "sentiment": ""}, {"id": 93227199, "text": "$AMD $NVDA $INTC $FB $AAPL $GOOGL $NFLX $TSLA $BABA $BIDU $BZUN $SNAP $TWTR $GPRO $AMZN $BTC.X $ETH.X $LTC.X $XRP.X", "time": 1503872707.0, "sentiment": "Bullish"}, {"id": 93227197, "text": "$TGT 5 Reasons To Sell #Target Before It&#39;s Too Late https://seekingalpha.com/article/4102095-5-reasons-sell-target-late $XRT $AMZN", "time": 1503872704.0, "sentiment": ""}, {"id": 93226799, "text": "$AMZN JMP Securities reiterates Outperform rating, $1125 PT https://stocknews.com/news/amzn-jmp-securities-reiterates-outperform-rating-1125-pt/", "time": 1503871294.0, "sentiment": ""}, {"id": 93226208, "text": "$AAPL $GOOGL $AMZN $TSLA $PLNC $FB $NVDA $BABA $CME", "time": 1503869510.0, "sentiment": "Bearish"}, {"id": 93226100, "text": "$PLUG In 2014 the stock price was 8$ 9$ 7$ .... Was very high after $WMT contract... Nowadays we have $AMZN $WMT but stock price only 2$", "time": 1503869162.0, "sentiment": "Bearish"}, {"id": 93225942, "text": "$AMZN $MCD $DPZ $PZZA $MCD will change menu to adapt. Ronald McDonald may be a clown \ud83e\udd21 but he&#39;s not stupid.", "time": 1503868675.0, "sentiment": ""}, {"id": 93224825, "text": "$BABA Could reach$200 EOY,however,see article  https://seekingalpha.com/article/4101955?source=ansh &quot;next year\u2019s earnings should push BABAstock to $218-$229 range&quot; $AMZN", "time": 1503863967.0, "sentiment": "Bullish"}, {"id": 93224434, "text": "A look back- Amazon May Have Mistake With Whole Foods $wfm $amzn https://mottcapitalmanagement.com/amazon-make-mistake-whole-foods/", "time": 1503861665.0, "sentiment": ""}, {"id": 93224398, "text": "my most widely read post of the quarter Why FANG &amp; Biotech Are Not As Expensive As You Think $amzn $fb $googl $nflx https://mottcapitalmanagement.com/fang-biotech-not-expensive-think/", "time": 1503861456.0, "sentiment": ""}, {"id": 93224331, "text": "$AMZN Amazon is taking a very long-term approach to its Whole Foods acquisition. https://stocknews.com/news/amzn-amazon-com-inc-amzn-will-lose-billions-on-whole-foods-deal/", "time": 1503860906.0, "sentiment": ""}, {"id": 93223849, "text": "Consumer Staples under pressure after US regulators approve $AMZN Whole Foods purchase. Video: https://youtu.be/ZaVzZVUYGNg?t=4m24s $XLP $COST $KR", "time": 1503856726.0, "sentiment": ""}, {"id": 93223794, "text": "$AMZN estimates distribution - here\u2019s what 207 Estimize analysts are expecting $AMZN to report for Q3 [Reporting 10/26 AMC]\nhttp://www.estimize.com/intro/amzn?utm_content=AMZN&amp;amp;utm_medium=eps_update&amp;amp;utm_source=stocktwits#chart=historical", "time": 1503855984.0, "sentiment": ""}, {"id": 93223720, "text": "$JCP Everyone goes to JCP FOR BTS clothes. There&#39;s really no where else to go for normal stuff. Mom&#39;s don&#39;t order clothes on $AMZN", "time": 1503854961.0, "sentiment": ""}, {"id": 93222579, "text": "$AMZN good day.  Won $45K in boxing match!  Time to position more in AMZN, $PLX $PTN $GILD $ETRM  $JNJ $BRK.B", "time": 1503842617.0, "sentiment": "Bullish"}, {"id": 93222029, "text": "$AMZN 192 PE for a company that still doesn&#39;t make money. Seems a lot of hype for a company that can&#39;t raise margins without losing MKCap", "time": 1503839003.0, "sentiment": "Bearish"}, {"id": 93221949, "text": "Here\u2019s what 207 Estimize analysts believe $AMZN will report for Q3 2017 revenue [Reporting 10/26 AMC]\nhttp://www.estimize.com/intro/amzn?utm_content=AMZN&amp;amp;utm_medium=eps_update&amp;amp;utm_source=stocktwits#chart=historical", "time": 1503838524.0, "sentiment": ""}, {"id": 93221356, "text": "@spencemcmaster That&#39;s the point of leading indicators, to judge future growth prospects--which is arguably what $AMZN has ridden to success", "time": 1503835485.0, "sentiment": "Bullish"}, {"id": 93220661, "text": "$AMZN", "time": 1503832518.0, "sentiment": "Bullish"}, {"id": 93220521, "text": "Most valuable startups vs. blockchains $BTC.X $ETH.X $GOOG $AMZN $FB $UBER $WEWORK $AIRBNB", "time": 1503831844.0, "sentiment": ""}, {"id": 93220278, "text": "$AMZN Great summary of Hayden Capital&#39;s letter- structural advantage of Amazon: https://investoralmanac.com/2017/08/19/hayden-capital-2q17-letter-earnings-growth-analytical-edge-amazon-jd-com/", "time": 1503830631.0, "sentiment": "Bullish"}, {"id": 93220093, "text": "$DGLT $AAPL $AMZN $AMZN $ETRM", "time": 1503829571.0, "sentiment": ""}, {"id": 93219492, "text": "$amzn alibaba", "time": 1503826858.0, "sentiment": ""}, {"id": 93219475, "text": "@dennisj no it won&#39;t. but that&#39;s besides the point. you should try amazon wo/ Prime and see how hostile $amzn is to non-Prime members.", "time": 1503826782.0, "sentiment": ""}, {"id": 93219431, "text": "@cehleh you are bullish on $kr ? Is this the stock that drops from $30 to $20 in one month? Geez I prefer $amzn it will bounce soon", "time": 1503826639.0, "sentiment": ""}, {"id": 93219399, "text": "@dennisj $Amzn corrected too much?", "time": 1503826507.0, "sentiment": ""}, {"id": 93219364, "text": "$AMZN $WFM yes i think Whole food is a game changer but many traders underestimate it now as the stock corrected too much. Wait monday.", "time": 1503826305.0, "sentiment": ""}, {"id": 93219336, "text": "$AMZN whole food project is underestimated, as $aapl iphone 1trick poney is overestimated Time to reverse that", "time": 1503826202.0, "sentiment": ""}, {"id": 93218954, "text": "Used be cool but now, their monopoly is palpable. Tactics to get people into Prime so annoying. Now I avoid shopping $amzn whenever possible", "time": 1503824723.0, "sentiment": ""}, {"id": 93218939, "text": "@cehleh I think $AMZN will attract a new crowd to $wfm", "time": 1503824678.0, "sentiment": ""}, {"id": 93218925, "text": "@cehleh I agree with everything you wrote but there are a lot of bookstores that went out of business because of $AMZN.", "time": 1503824628.0, "sentiment": ""}, {"id": 93218762, "text": "$AMZN an article said Amazon was getting 93% downgrades... which are followed by more downgrades per trends??", "time": 1503823955.0, "sentiment": ""}, {"id": 93217948, "text": "Here\u2019s what 206 Estimize analysts believe $AMZN will report for Q3 2017 EPS [Reporting 10/26 AMC]\nhttp://www.estimize.com/intro/amzn?utm_content=AMZN&amp;amp;utm_medium=eps_update&amp;amp;utm_source=stocktwits#chart=historical", "time": 1503821065.0, "sentiment": ""}, {"id": 93217699, "text": "$AMD $STUDY $FB $AAPL $AMZN $NVDA $INTC $TWTR $SNAP is making waves @ QUAKECON! https://twitter.com/AMDRyzen/status/901605037142679552?s=09", "time": 1503820084.0, "sentiment": "Bullish"}, {"id": 93217041, "text": "$AMZN nice simple calculation with low expectations...will add on Monday...below 950 good entry \ud83d\udc4c\ud83d\udc4d", "time": 1503817709.0, "sentiment": ""}, {"id": 93217037, "text": "$FB $NVDA $NFLX $GOOG $GOOGL $AMZN $TLT $TSLA https://youtu.be/uKk65k3IOA8 How to day trade using the first 15min Candles", "time": 1503817693.0, "sentiment": ""}, {"id": 93216881, "text": "Amazon.com&#39;s outperform rating reiterated at JMP Securities. $1,125.00 PT. http://www.marketbeat.com/r/881226 $AMZN", "time": 1503817117.0, "sentiment": ""}, {"id": 93216554, "text": "$AMZN (Monday Amzn to impose EDLP stratagem on WFM) Amazon to cut Whole Foods prices, escalating grocery turf war http://www.streetinsider.com/General+News/Amazon+to+cut+Whole+Foods+prices%2C+escalating+grocery+turf+war/13235524.html", "time": 1503815889.0, "sentiment": ""}, {"id": 93216516, "text": "Share an idea on $AMZN  Amazon Could Grow to $1T Market Cap Over Next 5 Years, With AWS Bringing in $55B+ Jefferies http://www.streetinsider.com/Analyst+Comments/Amazon+%28AMZN%29+Could+Grow+to+%241T+Market+Cap+Over+Next+5+Years%2C+With+AWS+Bringing+in+%2455B%2B+in+Revs+-+Jefferies/13237585.html", "time": 1503815779.0, "sentiment": ""}, {"id": 93216021, "text": "@dennisj Even JB can&#39;t fix Whole Foods. I&#39;ve held $AMZN since 97 so I can sit out some negative garbage from analyst just don&#39;t want massive", "time": 1503814051.0, "sentiment": "Bullish"}, {"id": 93215501, "text": "$COST $AMZN $WMT $KRO $TGT $WFM http://www.talkmarkets.com/content/stocks--equities/amazons-acquisitions-create-adverse-reactions?post=139653", "time": 1503812301.0, "sentiment": ""}, {"id": 93215463, "text": "$COST $AMZN $WMT $KRO $TGT $WFM so while AMZN touts the ability 2 grow Prime through WFM, I would agree. Cuz that&#39;s about all it will grow", "time": 1503812127.0, "sentiment": ""}, {"id": 93215429, "text": "$COST $AMZN $WMT $KRO $TGT $WFM can only slash prices so much until your forced 2 realize the selection needs 2B adjusted as well", "time": 1503812032.0, "sentiment": ""}, {"id": 93215413, "text": "$COST $AMZN $WMT $KRO $TGT $WFM The good news is every article since Thurs outlines that critical detail...or more accurately stated none do", "time": 1503811974.0, "sentiment": ""}, {"id": 93215393, "text": "$COST $AMZN $WMT $KRO $TGT $WFM As such, AMZN can lower WFM prices 2 their heart&#39;s content, that doesn&#39;t change the selection of goods", "time": 1503811897.0, "sentiment": ""}, {"id": 93215370, "text": "$COST $AMZN $WMT $KRO $TGT $WFM name 4 largest CPG providers that own the bulk of the grocery dollars. WFM doesnt sell these CPG products", "time": 1503811848.0, "sentiment": ""}, {"id": 93215352, "text": "$COST $AMZN $WMT $KRO $TGT $WFM only 2 of these names doesn&#39;t own more than 2% of the total grocery category. Why?", "time": 1503811754.0, "sentiment": ""}, {"id": 93214747, "text": "$AMZN Great summary of Wedgewood Partners&#39; 2Q17 Letter - long thesis for Amazon: https://investoralmanac.com/2017/07/22/wedgewood-partners-2q17-letter-market-amazon-oil-the-fab-five-celgene/", "time": 1503809269.0, "sentiment": "Bullish"}, {"id": 93214550, "text": "$KR still Bullish $AMZN WF hypes make me crazy. Majority of families don&#39;t eat brands at Wholefoods, and those brands don&#39;t run commercials", "time": 1503808662.0, "sentiment": "Bullish"}, {"id": 93214260, "text": "$AMZN Oh so you can save 25c for a organic Advacado...Still higher than Trader Joe&#39;s or Sprouts not to mention Costco...", "time": 1503807736.0, "sentiment": "Bearish"}, {"id": 93214197, "text": "$AMZN blows why pay so much for stuff that has no overhead. Its a ripoff. They can keep the goodwill merchandise. It all ends up their also.", "time": 1503807541.0, "sentiment": ""}, {"id": 93213835, "text": "Last time $AMZN fell for 5 consecutive week was in 2016 when Trump won, after been on tear since, I am buying calls on Monday!!!", "time": 1503806273.0, "sentiment": "Bullish"}, {"id": 93213823, "text": "$AMZN and $WMT with the help of $GOOG are going to destroy business like $KR. It may take some time but $kr will be sold or out of business.", "time": 1503806229.0, "sentiment": "Bullish"}, {"id": 93213451, "text": "$AMZN In #Amazon\u2019s early years, Jeff Bezos grilled every job candidate himself https://www.cnbc.com/2017/08/25/why-jeff-bezos-used-to-interview-every-job-candidate-at-amazon-himself.html", "time": 1503804905.0, "sentiment": ""}, {"id": 93213162, "text": "$AMZN  What a route here. Damned coordinated bear raid. Don&#39;t be too greedy bears! Can turn against u at any time!!", "time": 1503803982.0, "sentiment": "Bullish"}, {"id": 93213104, "text": "$AMZN analysts on Estimize are expecting 25.36% YoY revenue growth for Q3, up from 24.84% in Q2 [Reporting 10/26 AMC]\nhttp://www.estimize.com/intro/amzn?utm_content=AMZN&amp;amp;utm_medium=eps_update&amp;amp;utm_source=stocktwits#chart=historical", "time": 1503803787.0, "sentiment": ""}, {"id": 93212486, "text": "$AMZN looking at the monthly  bearish candle, a downside target is projected from hight of candle 1083-954=129-954=824 downside target.", "time": 1503801680.0, "sentiment": "Bearish"}, {"id": 93212304, "text": "Google and Walmart&#39;s partnership against Amazon\n\nhttps://centhrone.com/2017/08/26/google-and-walmarts-partnership-against-amazon/\n\n$amzn $goog $googl $wmt #stockmarket $NDX", "time": 1503801103.0, "sentiment": "Bullish"}, {"id": 93212143, "text": "$AAPL $SPY $AMZN $TSLA $IBB Let&#39;s Get Ready For the Week Ahead 8/28 to 9/1 https://www.youtube.com/watch?v=3zPzyVstXEA&amp;t=58s", "time": 1503800502.0, "sentiment": ""}, {"id": 93212128, "text": "$AMZN Head&amp;Shoulder top breakdown Fri. Projects Downside Target of 803 (Top 1083-Neckline 953=150. 953-150=803?", "time": 1503800457.0, "sentiment": "Bearish"}, {"id": 93212094, "text": "$W #Wayfair Is Set To &#39;Amazon&#39; The Home Furnishing Category https://www.benzinga.com/analyst-ratings/analyst-color/17/08/9977170/wayfair-is-set-to-amazon-the-home-furnishing-category $AMZN", "time": 1503800381.0, "sentiment": ""}, {"id": 93212040, "text": "$AAPL $AMD $BTCUSD $AMZN \ud83d\udcb0\ud83d\ude0e #mgti http://mgtci.com/content/vision/bitcoin/index.html", "time": 1503800244.0, "sentiment": "Bullish"}, {"id": 93211988, "text": "$WFM The Whole Foods Deal: Three Factors Limiting #Amazon&#39;s Power https://www.benzinga.com/analyst-ratings/analyst-color/17/08/9977656/the-whole-foods-deal-three-factors-limiting-amazons-powe $AMZN", "time": 1503800091.0, "sentiment": ""}, {"id": 93211962, "text": "$AAPL $AMZN $BTCUSD &quot;The New Darling of Crypto Currency #mgti start up on OTC. Your welcome ppl.\n\nhttp://oracledispatch.com/2017/08/24/mgt-capital-investments-inc-otcmktsmgti-stays-red-hot/", "time": 1503800014.0, "sentiment": "Bullish"}, {"id": 93211403, "text": "$AMZN $wfm the idea to cut the price down for fresh food, with easy pick up or delivery in this junk food world is pure genius .", "time": 1503798635.0, "sentiment": "Bullish"}, {"id": 93211380, "text": "$Z  $FB  $AMZN  will crush this fake listing website", "time": 1503798556.0, "sentiment": ""}, {"id": 93211326, "text": "@luigirossi223 profits  were re invested to make cie grows more on next ER, nothing wrong with that $amzn $wfm", "time": 1503798425.0, "sentiment": ""}, {"id": 93211325, "text": "$AMZN Needham &amp; Co. sets PT at $1150 https://stocknews.com/news/amzn-needham-co-sets-pt-at-1150/", "time": 1503798421.0, "sentiment": ""}, {"id": 93211295, "text": "@luigirossi223 $amzn $wfm I don&#39;t think Jeff Bezos did a lot of mistake so far , I trust his judgment more than your. WF will be a success", "time": 1503798331.0, "sentiment": ""}, {"id": 93210684, "text": "$AMZN Primes clients are very happy chopping food online", "time": 1503796740.0, "sentiment": "Bullish"}, {"id": 93210643, "text": "$AMZN this beibi is going up on monday!", "time": 1503796615.0, "sentiment": "Bullish"}, {"id": 93210506, "text": "$AMZN and $WFM merger happening &#39;sooner than later&#39; now that the FTC has approved the deal.", "time": 1503796188.0, "sentiment": ""}, {"id": 93210141, "text": "@dennisj $AMZN Is going into huge burn rate as analyst line up 4 a downward revision of EPS. &amp; Down grades to follow. $WFM=Big mistake", "time": 1503795193.0, "sentiment": ""}, {"id": 93210033, "text": "$ULTA Another profit seeking being destroyed by revenue/stock-price  seeking $AMZN . What kind of capitalist system is this? Below China!!!", "time": 1503794883.0, "sentiment": ""}, {"id": 93209830, "text": "$AMZN $TSLA $BABA  not for $TSLA those # of cars aold so far.. i fear they may use the chapter 11 bankruptcy play.", "time": 1503794317.0, "sentiment": ""}, {"id": 93209668, "text": "$AMZN Great summary of Broyhill&#39;s 1H17 Letter- Death of Retail is Exaggerated: https://investoralmanac.com/2017/08/26/broyhill-1h17-letter-market-returns-death-of-retail-dollar-general-cognizant-syntel/", "time": 1503793908.0, "sentiment": "Bearish"}, {"id": 93209484, "text": "$LODE $GOOGL $AMZN", "time": 1503793426.0, "sentiment": ""}, {"id": 93209178, "text": "$AMZN Amzn Support level too. Amazon $amzn finding support like on the $XLY?", "time": 1503792642.0, "sentiment": ""}, {"id": 93209103, "text": "$AMZN Will probably hit 1k again in before in september", "time": 1503792472.0, "sentiment": "Bullish"}, {"id": 93208967, "text": "$AMZN is shit", "time": 1503792141.0, "sentiment": ""}, {"id": 93208905, "text": "$AMZN $MCD $DPZ $PZZA  are losers", "time": 1503792012.0, "sentiment": ""}, {"id": 93208895, "text": "Monday will be a good gap up day for sure $AMZN $TSLA $BABA", "time": 1503791994.0, "sentiment": ""}, {"id": 93208465, "text": "$AMZN than any other company has done, including apple.", "time": 1503790812.0, "sentiment": ""}, {"id": 93208456, "text": "$AMZN too many bears on this board. If you are an investor. This is all just noise, this is the future. It&#39;s building a ecosystem larger", "time": 1503790783.0, "sentiment": ""}, {"id": 93208398, "text": "$cost sells more than $amzn $wfm https://itunes.apple.com/us/podcast/planet-money/id290783428?mt=2&amp;i=1000353242405", "time": 1503790655.0, "sentiment": ""}, {"id": 93207826, "text": "$AMZN looking at this week drop it looks like the great Whole food project is underestimate. While $aapl iphone 1trick poney is overestimate", "time": 1503789204.0, "sentiment": ""}, {"id": 93207775, "text": "$AAPL love apple product got some shares but find strange that a 1trick poney cie hold so well as $amzn drop on a new great project (WF) wtf", "time": 1503789052.0, "sentiment": ""}, {"id": 93206605, "text": "$AMZN analysts on Estimize are expecting 15.92% YoY EPS growth for Q3, up from -77.53% in Q2 [Reporting 10/26 AMC]\nhttp://www.estimize.com/intro/amzn?utm_content=AMZN&amp;amp;utm_medium=eps_update&amp;amp;utm_source=stocktwits#chart=historical", "time": 1503786328.0, "sentiment": ""}, {"id": 93206053, "text": "Amazon.com given $1,150.00 PT by Needham &amp; Company LLC. buy rating. http://www.marketbeat.com/r/881166 $AMZN", "time": 1503785260.0, "sentiment": ""}, {"id": 93205789, "text": "$AMZN I am convinced the Whole food project will,be a huge success,I wonder why the stock is dropping every day. Can you explain why please?", "time": 1503784605.0, "sentiment": ""}, {"id": 93205640, "text": "$LODE https://globenewswire.com/news-release/2017/04/18/961579/0/en/Comstock-Mining-Announces-Google-s-Parent-Investment-In-Northern-Nevada-In-Immediate-Vicinity-of-Comstock-s-Certified-Industrial-Site.html\n$GOOGL $AMZN", "time": 1503784231.0, "sentiment": "Bullish"}, {"id": 93205501, "text": "$AMZN it is very strange that this stock , with Whole food project monday, was red all week even friday. Whats wrong????", "time": 1503783839.0, "sentiment": ""}, {"id": 93205440, "text": "$AMZN Great summary of Hayden Capital&#39;s 2Q17 Letter-  long thesis for Amazon: https://investoralmanac.com/2017/08/19/hayden-capital-2q17-letter-earnings-growth-analytical-edge-amazon-jd-com/", "time": 1503783664.0, "sentiment": "Bullish"}, {"id": 93205201, "text": "$AMZN please come out with Prime fresh meals choosing $3 and $5 kids and $7 and 11 adult as all are prime numbers.  Destroy fast food indus", "time": 1503782889.0, "sentiment": ""}, {"id": 93205030, "text": "$AMZN will help expose all the fake / GMO / plastic food that make people fat and sick.   $MCD $DPZ $PZZA watch out.", "time": 1503782339.0, "sentiment": ""}, {"id": 93204998, "text": "$MCD $DPZ Short 80s garbage fast/fake food as Amazon/WF will help low income families with cheaper healthier options and free delivery $AMZN", "time": 1503782235.0, "sentiment": ""}, {"id": 93204957, "text": "+24.6 %YTD- YPT BASKET of 80 #STOCKS INTO&#39;17\n\n$AVGO $CSGP $GWRE $AMZN $IPGP $NOW $NFLX $ISRG\n\nhttp://yourpersonaltrader.squarespace.com", "time": 1503782105.0, "sentiment": ""}, {"id": 93204146, "text": "than $AMZN, price wise, though they are good w/ buyer protection as well. Better deals on $EBAY though.", "time": 1503779789.0, "sentiment": "Bullish"}, {"id": 93203033, "text": "$AMZN Along with price cuts and exclusive Prime member discounts, Amazon will add Lockers to Whole Foods locations. https://stocknews.com/news/amzn-amazon-com-inc-amzn-whole-foods-acquisition-is-about-more-than/", "time": 1503776131.0, "sentiment": ""}, {"id": 93202113, "text": "$AMZN who cares about Amazon when there&#39;s Monero. I&#39;ll be investing in Monero, not robot world \ud83c\udf0e Support small business", "time": 1503771322.0, "sentiment": ""}, {"id": 93201769, "text": "Estimize revenue expectations are 0.12% lower than that of Wall Street for $AMZN Q3 [Reporting 10/26 AMC]\nhttp://www.estimize.com/intro/amzn?utm_content=AMZN&amp;amp;utm_medium=eps_update&amp;amp;utm_source=stocktwits#chart=historical", "time": 1503768864.0, "sentiment": ""}, {"id": 93201117, "text": "$QQQ $SPY PT 246-48 $AAPL $AMZN $FB $NFLX $FB PT 180 $TSLA PT 400. Updated. AMD/NVDA off the list. Sept20-24th.", "time": 1503763815.0, "sentiment": "Bullish"}, {"id": 93200060, "text": "$AMZN Right, AMZN could have a $1T market cap, right after they open up 1,000 Whole Foods stores on Jupiter.", "time": 1503756222.0, "sentiment": ""}, {"id": 93199623, "text": "$AMZN could grow to $1T market cap over next 5 years, with AWS bringing in $55B+ in revs, Jefferies says http://bit.ly/2wPouUL", "time": 1503753366.0, "sentiment": ""}, {"id": 93199621, "text": "$AMZN selling OTM call vertical spreads, working, not falling for avocado hype", "time": 1503753346.0, "sentiment": "Bearish"}, {"id": 93199133, "text": "Estimize EPS expectations are 79.56% higher than that of Wall Street for $AMZN Q3 [Reporting 10/26 AMC]\nhttp://www.estimize.com/intro/amzn?utm_content=AMZN&amp;amp;utm_medium=eps_update&amp;amp;utm_source=stocktwits#chart=historical", "time": 1503751411.0, "sentiment": ""}, {"id": 93199104, "text": "$AMZN There is no HAMMER... there was a hammer last month before earnings.", "time": 1503751282.0, "sentiment": "Bearish"}, {"id": 93199083, "text": "$AMZN back to $1000 by 9/1", "time": 1503751193.0, "sentiment": "Bullish"}, {"id": 93198646, "text": "@tonytraderdog  Elon Musk $TSLA Jeff Bezos $AmZn and Sergio Marchionne $RACE So hot for all of them. They can fill me up taking it all", "time": 1503749713.0, "sentiment": "Bullish"}, {"id": 93197543, "text": "Price Moves vs Expected Moves $EEM $USO $AAPL $GLD $BAC $AMD $AMZN $FB $TSLA $BABA $VXX $UVXY http://tinyurl.com/y7zbwhgq", "time": 1503746286.0, "sentiment": ""}, {"id": 93197467, "text": "$AMZN hammer off the line on Thurs. But then the red candle closing on it the next day...", "time": 1503746134.0, "sentiment": "Bearish"}, {"id": 93197322, "text": "$KR Gosh, wouldn&#39;t donating old avocados and bananas be better that used as a signup gimic? $AMZN $COST $WFM $WMT", "time": 1503745800.0, "sentiment": "Bullish"}, {"id": 93196159, "text": "$SHLD $amzn Amazon could purchase some goods directly through Sears we know appliances could be anything", "time": 1503742659.0, "sentiment": "Bullish"}, {"id": 93196063, "text": "$SHLD $amzn \nhttp://gizmodo.com/amazon-is-building-a-colossal-warehouse-where-americas-1798441983", "time": 1503742384.0, "sentiment": "Bullish"}, {"id": 93195230, "text": "$AMZN on the 100d .... might be worth a shot long here with a tight stop.", "time": 1503740328.0, "sentiment": ""}, {"id": 93194884, "text": "$AMZN $LOW", "time": 1503739682.0, "sentiment": ""}, {"id": 93194342, "text": "Big Call Buyers $FCAU $URBN $NKTR $DKS $THC $BGC $BIDU $PBYI $IBM $APO $UNVR $AMD $GES $VIAB $AABA $AVGO $GATX $AMZN $AMSC $ZBH $LOW $SBUX", "time": 1503738567.0, "sentiment": ""}, {"id": 93193747, "text": "$AMZN doesn&#39;t this statement call into question the viability of this company?", "time": 1503737297.0, "sentiment": ""}, {"id": 93193600, "text": "$AMZN buy a web service co. that isn&#39;t attached to massive loss making businesses", "time": 1503736955.0, "sentiment": ""}, {"id": 93193124, "text": "$AMZN Remember. AMZN&#39;s main revenue source  today is AWS. A lot of $ flowing in from that. Not as much from retail or Whole Foods.", "time": 1503736005.0, "sentiment": "Bullish"}]