[{"id": 93346650, "text": "$SPY $QQQ $AMZN $NVDA $FB $NFLX $GOGL $TSLA NKgeopolitical tensionsflaring up again with flying \ud83d\ude80ovr Japan/bad news =techs\ud83c\udf88lower to 200MA", "time": 1504004597.0, "sentiment": ""}, {"id": 93346527, "text": "SPY $QQQ $AMZN $NVDA $FB $NFLX $GOGL $TSLA NK geopolitical tensionsflaring up again with flying \ud83d\ude80ovr Japan/bad news =techs\ud83c\udf88lower to 200MA", "time": 1504004376.0, "sentiment": "Bearish"}, {"id": 93345890, "text": "@GoodNewsBull $AMZN Do you have a Whole Foods near you?", "time": 1504003207.0, "sentiment": "Bullish"}, {"id": 93345775, "text": "@GoodNewsBull $AMZN Everyone will have an Alexa Echo now too. I did not know how I managed before without mine.", "time": 1504003034.0, "sentiment": "Bullish"}, {"id": 93345514, "text": "@GoodNewsBull $AMZN", "time": 1504002605.0, "sentiment": "Bullish"}, {"id": 93345352, "text": "$SPY $QQQ  $DIA $JNUG $VIX $AAPL $AMZN $NFLX $FB  much sums up North Korea situation every. Freaking. Time.", "time": 1504002322.0, "sentiment": ""}, {"id": 93344963, "text": "$AMZN Great summary of Broyhill&#39;s 1H17 Letter - Death of Retail Due to Amazon is Exaggerated: https://investoralmanac.com/2017/08/26/broyhill-1h17-letter-market-returns-death-of-retail-dollar-general-cognizant-syntel/", "time": 1504001692.0, "sentiment": "Bearish"}, {"id": 93344679, "text": "$AMZN", "time": 1504001285.0, "sentiment": ""}, {"id": 93344030, "text": "$AMZN - it just takes few days rally to take it back to 1000", "time": 1504000391.0, "sentiment": ""}, {"id": 93343992, "text": "$BABA Rpkk $BABA rev gr 56%, $TCEHY rev gr 58%, $AMZN rev gr 26%. Do the math.", "time": 1504000335.0, "sentiment": ""}, {"id": 93343188, "text": "$AMZN was down another 5% since i called its valuation ridiculous.", "time": 1503999238.0, "sentiment": ""}, {"id": 93343151, "text": "$TWTR $MSFT $AMD $AAPL $tsla $Gpro $SQ $AMZN  MSFT guy here, did you all do a store run to get the lube for tomorrow? Using plunger 4warmup", "time": 1503999188.0, "sentiment": ""}, {"id": 93342953, "text": "$AMZN $COST", "time": 1503998889.0, "sentiment": ""}, {"id": 93342924, "text": "@killuaxkillua @Yair556 @skyhigh_7 I don&#39;t believe $AMZN is worth their valuation at all, but obviously others do. So-I AM wrong -it appears", "time": 1503998839.0, "sentiment": "Bullish"}, {"id": 93342861, "text": "$AMZN I think the biggest victim here is USDA, who now have to explain the difference between Choice, Prime, and Amazon Prime    \ud83d\ude02 $COST", "time": 1503998757.0, "sentiment": ""}, {"id": 93342012, "text": "$AMZN you&#39;re a genius", "time": 1503997671.0, "sentiment": ""}, {"id": 93341667, "text": "$AMZN $WFM $TGT $WMT -", "time": 1503997258.0, "sentiment": ""}, {"id": 93341634, "text": "$AMZN $WFM $TGT $WMT", "time": 1503997212.0, "sentiment": ""}, {"id": 93341600, "text": "$AMZN no position, https://www.youtube.com/watch?v=ramjSchXHgc", "time": 1503997179.0, "sentiment": ""}, {"id": 93341432, "text": "$AMZN go fund me fight for Bryce please help", "time": 1503996972.0, "sentiment": ""}, {"id": 93341333, "text": "$FB $AAPL $DRYS $AMZN $SNAP $TWTR $GOOG $GES $BTC.X #cryptos #alladded  https://www.cityfalcon.com/news/directory?utm_campaign=KO_Stocktwits", "time": 1503996863.0, "sentiment": ""}, {"id": 93340772, "text": "$AMZN I WILL BE HONEST FRIENDS - I LOVE AMAZON! GREAT SELECTION OF BOOKS AND HOUSEHOLD ITEMS. MY GRANDSON TAUGJT ME 2 DAY SHIPPING!", "time": 1503996246.0, "sentiment": "Bullish"}, {"id": 93340566, "text": "Estimize EPS expectations are 59.26% higher than that of Wall Street for $AMZN Q3 [Reporting 10/26 AMC]\nhttp://www.estimize.com/intro/amzn?utm_content=AMZN&amp;amp;utm_medium=eps_update&amp;amp;utm_source=stocktwits#chart=historical", "time": 1503996024.0, "sentiment": ""}, {"id": 93340478, "text": "$AMZN no take whole food slightly overpriced compare to other stores", "time": 1503995937.0, "sentiment": ""}, {"id": 93340426, "text": "$AMZN  $QQQ on the $ICE $CREAM $HEAD $ACHE under cloud pattern watch", "time": 1503995880.0, "sentiment": ""}, {"id": 93340213, "text": "$AMZN http://www.stocksnapshots.org/2017/08/stock-snapshot-of-amazoncom-inc-amzn.html Stock snapshot of Amazon.com Inc (AMZN) $946.02 (+0.08%), 08-28-2017", "time": 1503995652.0, "sentiment": ""}, {"id": 93340166, "text": "What&#39;s next for the #FAANG Market Trade in play. $FB $AMZN $AAPL $NFLX $GOOGL $STUDY  https://youtu.be/QX-TkcmxbvE", "time": 1503995612.0, "sentiment": ""}, {"id": 93339951, "text": "$ULTA wow ulta to announce partnership w $AMZN  boo ya", "time": 1503995376.0, "sentiment": "Bullish"}, {"id": 93339896, "text": "$AMZN Yeah \ud83d\udcaa\ud83c\udffc bullish.", "time": 1503995310.0, "sentiment": ""}, {"id": 93339402, "text": "$AMZN AMZN may not have great Q2 EPS to speak of. But they have done good things for consumers. That in itself is a great EPS.", "time": 1503994816.0, "sentiment": ""}, {"id": 93339220, "text": "@NimaAbbaszadeh according to your H &amp; S eventually $AMZN elevator eventually goes down to $843 FL", "time": 1503994650.0, "sentiment": "Bearish"}, {"id": 93339044, "text": "$AMZN Big data", "time": 1503994462.0, "sentiment": "Bullish"}, {"id": 93338765, "text": "$AMZN weakest of&quot;em all....", "time": 1503994192.0, "sentiment": "Bearish"}, {"id": 93338699, "text": "$AMZN BLOCKS ON [Aug 28, 2017] FOR AMZN", "time": 1503994116.0, "sentiment": ""}, {"id": 93338007, "text": "$AMZN looks kinda toppy", "time": 1503993430.0, "sentiment": "Bearish"}, {"id": 93337493, "text": "$AMZN sell sell sell.... crazy, show me the money first...", "time": 1503992881.0, "sentiment": "Bearish"}, {"id": 93337444, "text": "Best Buy Has No Reason to Exist in the Age of Amazon, Veteran Analyst Warns $AMZN http://dlvr.it/PjGwWh", "time": 1503992824.0, "sentiment": ""}, {"id": 93336656, "text": "@Thankfulness we are almost their for $AMZN!", "time": 1503991958.0, "sentiment": ""}, {"id": 93336648, "text": "@Cybertrader2020 You should&#39;ve waited. I wait for the big moves. $AMZN right now is perfect entry. So perfect.", "time": 1503991949.0, "sentiment": "Bullish"}, {"id": 93336590, "text": "@Thankfulness I sold $ GOOG for $780 gain nothing big! Didn&#39;t like the action, glad I did though! Now waiting for $Amzn to go long, I think", "time": 1503991894.0, "sentiment": ""}, {"id": 93336455, "text": "$AMZN rumor is amazon will open up a whole foods in north Korea and offer prime memberships at a discount price.", "time": 1503991756.0, "sentiment": ""}, {"id": 93336419, "text": "The coming days are not in the hands but in the mouth of Trump $SPY $QQQ $FB $GOOG $AMZN $PYPL $BABA $TSLA", "time": 1503991718.0, "sentiment": ""}, {"id": 93336346, "text": "$AMZN may you find solace in the future stocktits...lmaooooooo", "time": 1503991641.0, "sentiment": ""}, {"id": 93336304, "text": "$AMZN I went to Whole Foods today, and the sign is now Whole Foods | Amazon with a smile underneath. It&#39;s so cool.", "time": 1503991590.0, "sentiment": "Bullish"}, {"id": 93336267, "text": "Market Structure $STUDY $COMPQ $DJIA $SPY $AAPL $GOOGL $AMZN $IBM $GS $CAT $BA  https://youtu.be/EnO0dB_ATi4", "time": 1503991553.0, "sentiment": ""}, {"id": 93336089, "text": "@Thankfulness I sold GOOG 4 a gain.\nNow Waiting 4 $Amzn to settle to start a position, been the weakest out of all the techs!", "time": 1503991364.0, "sentiment": ""}, {"id": 93335944, "text": "#blog rewind what&#39;s up with our market leaders?  $BABA $FB $AAPL $NFLX $GOOGL $AMZN $SPY $QQQ http://www.shortmetina.com/blog/stock-market-leaders", "time": 1503991184.0, "sentiment": ""}, {"id": 93335498, "text": "$AMZN If Jim Cramer is negative or bearish then the time to buy aggressively is now. Mr. Cramer is a clown, both on TV and in real life.", "time": 1503990620.0, "sentiment": "Bullish"}, {"id": 93335092, "text": "$AMZN cramers echo at 3am...shit, coffee, amzn", "time": 1503990125.0, "sentiment": ""}, {"id": 93334840, "text": "Price Returns vs Expected Daily Move $HD $BBY $NFLX $DAL $MCD $DIS $AMZN $COST $WMT $BABA $EXPE $SFM http://tinyurl.com/y7zbwhgq", "time": 1503989843.0, "sentiment": ""}, {"id": 93334815, "text": "$AMZN does the ftc have their ears on?", "time": 1503989810.0, "sentiment": ""}, {"id": 93334673, "text": "$AMZN now let&#39;s talk tariffs and tax evasion", "time": 1503989655.0, "sentiment": ""}, {"id": 93334535, "text": "$AMZN I will show the difference between china and usa via a demonstration of a 30 yr old Milwaukee sawzall and 1 I received at xmas", "time": 1503989508.0, "sentiment": ""}, {"id": 93334464, "text": "Looks like investors have already priced in Amazon.com&#39;s growth $AMZN - https://simplywall.st/NasdaqGS:AMZN/amazoncom/?utm_medium=stocktwits&amp;anchor=intrinsic-value-export#intrinsic-value-export", "time": 1503989430.0, "sentiment": ""}, {"id": 93334263, "text": "$AMZN I get better cloud service riding a fucking airplane", "time": 1503989256.0, "sentiment": ""}, {"id": 93334163, "text": "Dow drops 5 points, $AAPL $AMZN $TSLA chart and Video. https://www.periscope.tv/NaviAvatar", "time": 1503989155.0, "sentiment": ""}, {"id": 93334139, "text": "Here&#39;s What&#39;s Dragging Down Nike, Under Armour Shares After Hours: http://www.investors.com/news/heres-whats-dragging-down-nike-under-armour-shares-after-hours/ $FINL $NKE $UAA $FL $HIBB $DKS $AMZN", "time": 1503989131.0, "sentiment": ""}, {"id": 93334112, "text": "$AMZN anyone listening to Jimbo Cramer is a horse- as- lol", "time": 1503989094.0, "sentiment": ""}, {"id": 93334109, "text": "$AMZN cramer probably gets half or more of his income pumping this trash", "time": 1503989086.0, "sentiment": ""}, {"id": 93333998, "text": "$AMZN how much longer is wall street gonna pay for all this raping of real america courtesy of the Washington post and others...fact", "time": 1503988968.0, "sentiment": ""}, {"id": 93333923, "text": "$AMZN &quot;If they&#39;re going to do all these things they&#39;re really going to crater their gross margins.&quot; Jim Cramer", "time": 1503988897.0, "sentiment": "Bearish"}, {"id": 93333706, "text": "$AMZN made overseas to look American and sold at 100% markup...piss on you", "time": 1503988691.0, "sentiment": ""}, {"id": 93333668, "text": "$AMZN new facilities (Salem Oregon today) are reasons for low margins &#39;for now&#39;, isn&#39;t it good for long? http://www.opiniontrade.com/stock.html?top-search=AMZN", "time": 1503988650.0, "sentiment": ""}, {"id": 93333056, "text": "$AMZN WEEKLY PUTS IS THE AnSWER!!! lol", "time": 1503988070.0, "sentiment": ""}, {"id": 93332899, "text": "$AMZN As if things weren&#39;t bad enough at the moment. Now people will most likely panic tomorrow and sell more cause of NK. Unreal.", "time": 1503987955.0, "sentiment": ""}, {"id": 93332823, "text": "$SPY $AAPL $GOOGL $GOOG $AMZN $FB $NFLX $NVDA $BABA shake out of weak hands. Buy the dips and enjoy the profits come October earnings!", "time": 1503987892.0, "sentiment": "Bullish"}, {"id": 93332672, "text": "$TSLA $aapl $amzn $goog $nvda $nflx $th $msft will crumble at the hell of North Korea news", "time": 1503987758.0, "sentiment": "Bearish"}, {"id": 93332634, "text": "$AMZN Amzn is moving as the stock futures move up and down", "time": 1503987720.0, "sentiment": ""}, {"id": 93332558, "text": "$AMZN go find me.com/fighting-for-bryce", "time": 1503987647.0, "sentiment": ""}, {"id": 93332544, "text": "Best Buy Could Get Lift From Nintendo Switch, Appliances $BBY $NTDOY $SNE $AAPL $AMZN http://bit.ly/2wjukeS http://bit.ly/BBYTTS", "time": 1503987637.0, "sentiment": ""}, {"id": 93332499, "text": "$AMZN up", "time": 1503987605.0, "sentiment": ""}, {"id": 93332471, "text": "$AMZN https://www.gofundme.com/fighting-for-bryce\n\nPlease Help!! Anything would be greatly appreciated.", "time": 1503987578.0, "sentiment": ""}, {"id": 93332283, "text": "$NVDA on this theory $amzn will drop 90%. This guy is a joke! Doesn&#39;t understand trading!!!", "time": 1503987427.0, "sentiment": ""}, {"id": 93332164, "text": "$AMZN DANG S&amp;P futures down to 2429", "time": 1503987329.0, "sentiment": ""}, {"id": 93332067, "text": "$AMZN the same pumpers from over 1020 no shame. your calls already expired go home", "time": 1503987251.0, "sentiment": ""}, {"id": 93331983, "text": "$AMZN Amazon new CEO (ME) LOL!!!!", "time": 1503987181.0, "sentiment": ""}, {"id": 93331933, "text": "$AMZN $500 soon", "time": 1503987144.0, "sentiment": "Bearish"}, {"id": 93331872, "text": "$AMZN tomorrow &gt; $950", "time": 1503987096.0, "sentiment": "Bullish"}, {"id": 93331845, "text": "$AMZN By cutting prices on grocery staples at Whole Foods, e-commerce giant looks to boost traffic at rivals\u2019 expense", "time": 1503987084.0, "sentiment": "Bullish"}, {"id": 93331807, "text": "$AMZN Who&#39;s buying at 941 knowing they can get it cheaper tomorrow?", "time": 1503987053.0, "sentiment": ""}, {"id": 93331761, "text": "$AMZN what happened to Amazon in after-hours to for it to drop so much?", "time": 1503987008.0, "sentiment": "Bullish"}, {"id": 93331580, "text": "$AMZN trump knows what you are doing amzn", "time": 1503986881.0, "sentiment": ""}, {"id": 93331502, "text": "$AMZN $WFM $TGT $WMT\nThe Amazon Effect: How Prices Dropped at Whole Foods\nhttps://www.nytimes.com/2017/08/28/business/amazon-whole-foods-cheaper-prices.html", "time": 1503986813.0, "sentiment": ""}, {"id": 93331270, "text": "$NVDA the NK \ud83d\ude80 occurrence over Japan is possibly a catalyst for MKTs to go lower $QQQ $AMZN", "time": 1503986577.0, "sentiment": "Bearish"}, {"id": 93330989, "text": "$AMZN yea...I know what you are amzn", "time": 1503986336.0, "sentiment": ""}, {"id": 93330841, "text": "$AMZN I don&#39;t partake in your false manufacturing ideas as it matters to American products or phony imports with us names on them", "time": 1503986223.0, "sentiment": ""}, {"id": 93330677, "text": "$AMZN cheap prices.  Buy the drop!!!", "time": 1503986074.0, "sentiment": "Bullish"}, {"id": 93330656, "text": "$AMZN cheap prices.  But the drop!!!", "time": 1503986057.0, "sentiment": "Bullish"}, {"id": 93330534, "text": "{VIDEO} Analysis + Trade Ideas: $FB $AMZN $GOOGL $NFLX $TSLA $PCLN $TWTR -- click link &gt;&gt; http://bit.ly/2wKDOmy", "time": 1503985955.0, "sentiment": ""}, {"id": 93330514, "text": "$SPY $QQQ $UVXY $SVXY $AMZN $BABA $TVIX $VXX $FB $GS $C Remember those days when bad news used to be good news BTFD", "time": 1503985934.0, "sentiment": ""}, {"id": 93330162, "text": "$AMZN amzn millennial s are an educated farse beyond belief...they hate substance but rely on it daily...lmaooooooo", "time": 1503985653.0, "sentiment": ""}, {"id": 93329891, "text": "$AMZN institutions selling into CNBC and general media pumping of Amazon", "time": 1503985426.0, "sentiment": "Bearish"}, {"id": 93329528, "text": "$AMZN I&#39;d rather go to sears...piss on you millennial s", "time": 1503985129.0, "sentiment": ""}, {"id": 93329373, "text": "$AMZN Possible test of $927 and back to 947. That&#39;s the game.", "time": 1503985004.0, "sentiment": ""}, {"id": 93329121, "text": "$AMZN https://www.cnbc.com/quotes/?symbol=amzn  939.00 Dip Buying in Tuesday Pre Bell", "time": 1503984792.0, "sentiment": ""}, {"id": 93329084, "text": "$AMZN bonds...lmaooooooo", "time": 1503984766.0, "sentiment": ""}, {"id": 93329066, "text": "$AMZN Folks N Korea missile flew over Japan. No Harm or Damage!!!", "time": 1503984757.0, "sentiment": ""}, {"id": 93328924, "text": "$AMZN wmt, caterpillar, google all donated to flood relief in tx...what have you done...lowered the price on lettuce at wfm...lmao", "time": 1503984665.0, "sentiment": ""}, {"id": 93328693, "text": "$AMZN Screw it, life is hard", "time": 1503984496.0, "sentiment": ""}, {"id": 93328637, "text": "$AMZN AMAZON WILL LIKELY SEE $900 OR LOWER TOMMORROW", "time": 1503984456.0, "sentiment": "Bearish"}, {"id": 93328572, "text": "$AMZN breaking down in after-hours below 940. Big gap down tomorrow . Downside Target under 900 by Thursday?", "time": 1503984419.0, "sentiment": "Bearish"}, {"id": 93328564, "text": "$AMZN fuck you whole foods idiots", "time": 1503984410.0, "sentiment": ""}, {"id": 93328458, "text": "$AMZN how&#39;s that 500k going donation to the red cross for flood relief in houston going amzn?", "time": 1503984331.0, "sentiment": ""}, {"id": 93328403, "text": "$BABA Im Bullish but not blind. Tonight is not a BTD moment. Let this play out tomorrow. Mrkt is too fragile right now  $AAPL $AMZN $FB $SPY", "time": 1503984301.0, "sentiment": "Bullish"}, {"id": 93328027, "text": "$AMZN when amzn tax status and buyer of falsified products from china,etc come out you&#39;ll wish this shit in your sewer", "time": 1503984032.0, "sentiment": ""}, {"id": 93327925, "text": "$AMZN wow ! markets must not see the whole foods thing as a good idea.", "time": 1503983956.0, "sentiment": ""}, {"id": 93327896, "text": "$AMZN I will pick up some more shares when it goes down to 900", "time": 1503983940.0, "sentiment": "Bullish"}, {"id": 93327836, "text": "$SPY $FB $AAPL $NFLX $AMZN keep selling baby", "time": 1503983895.0, "sentiment": ""}, {"id": 93327826, "text": "$KR Kroger has been cutting prices, too.  Abandon all hope, ye who owns $AMZN", "time": 1503983888.0, "sentiment": ""}, {"id": 93327651, "text": "$AMZN scratching my head as to why $TSLA hardly down", "time": 1503983763.0, "sentiment": ""}, {"id": 93327643, "text": "$AMZN https://www.cnbc.com/quotes/?symbol=amzn  Amzn AH Stats CNBC (Always remember people buy the dip)", "time": 1503983759.0, "sentiment": ""}, {"id": 93327488, "text": "$AMZN wow..getting pounded after hours", "time": 1503983652.0, "sentiment": ""}, {"id": 93327355, "text": "$AMZN may go up 7% if the bull pattern is confirmed. Check confirmation [57%] @ http://bit.ly/23q7xbb . Buy level:950.63", "time": 1503983573.0, "sentiment": ""}, {"id": 93327326, "text": "$AAPL $FB $AMZN $GOOG U.S- South Korean training exercises will be done this week. That will calm tensions down.", "time": 1503983551.0, "sentiment": ""}, {"id": 93327166, "text": "$AMZN  (In other news) Amazon officially owns Whole Foods; here are the products that are getting marked down CNBC http://fw.to/uJTfmnK", "time": 1503983451.0, "sentiment": ""}, {"id": 93327164, "text": "$AMZN way oversold. This can only happen on Wall Street where the pussies are afraid of their own shadow. Buying aggressively!", "time": 1503983451.0, "sentiment": "Bullish"}, {"id": 93327116, "text": "$QNET Nasdaq Internet index broke support noted today home to #FANGS $FB $AMZN $NFLX $GOOGL $PNQI https://t.co/jABc1RdpIl", "time": 1503983421.0, "sentiment": ""}, {"id": 93327082, "text": "$KR $WMT $COST Seems like $AMZN cutting prices at $WFM, $AMZN gonna take over the world of grocery soon and bad news for all other players", "time": 1503983395.0, "sentiment": ""}, {"id": 93326964, "text": "$AMZN Dow futures open more than 100 points lower after North Korea fires missile over Japan CNBC http://fw.to/eTwSoFO 53 Minutes ago", "time": 1503983308.0, "sentiment": ""}, {"id": 93326779, "text": "$AMZN http://www.marketwatch.com/investing/Stock/AMZN  Amzn After Hours stats 103K active L/S volume", "time": 1503983176.0, "sentiment": ""}, {"id": 93326702, "text": "$AMZN oh no!ran out of stupid dip buyers! the amzn bubble is bursting! But but they bought whole foods and tech liberals get cheap avocados!", "time": 1503983128.0, "sentiment": "Bearish"}, {"id": 93326664, "text": "$AMZN Yea People will buy the dip of value stocks like Amzn!!", "time": 1503983103.0, "sentiment": ""}, {"id": 93326634, "text": "$AMZN Abe Says North Korea Missile Appears to Have Passed Over Japan https://www.bloomberg.com/news/articles/2017-08-28/north-korea-fires-missile-yonhap-reports via @business", "time": 1503983079.0, "sentiment": ""}, {"id": 93326591, "text": "$AMZN can&#39;t login to TDA. Not sure if it&#39;s nuke related. What a mess.", "time": 1503983041.0, "sentiment": "Bearish"}, {"id": 93326563, "text": "$AMZN trolls taking advantage of zero volume in after hours. They have to cover after all. Shorting this here is the #1 dumbest trade.", "time": 1503983026.0, "sentiment": "Bullish"}, {"id": 93326547, "text": "A new daily low at $939.09 was just reached for $AMZN.    #AMZN", "time": 1503983020.0, "sentiment": ""}, {"id": 93326381, "text": "$AMZN \ud83d\ude80 game changer", "time": 1503982902.0, "sentiment": ""}, {"id": 93326299, "text": "$AMZN now I see why calls were so cheap...someone knew what was up..nukes...not AMZN", "time": 1503982844.0, "sentiment": ""}, {"id": 93326150, "text": "$AMZN http://www.marketwatch.com/investing/Stock/AMZN  Amazon 940.76 in AH", "time": 1503982731.0, "sentiment": ""}, {"id": 93326118, "text": "$AMZN cutting whole food prices 43% on the first day (how?),could this be a burden on net profit in coming quarters, http://www.opiniontrade.com/stock.html?top-search=AMZN", "time": 1503982714.0, "sentiment": ""}, {"id": 93326047, "text": "China Growth/Momo some flush today- $MOMO $WUBA $SINA $ BITA --&gt; &quot;..Growth/Momo flush likely soon - $PNQI $FB $AMZN https://t.co/jABc1RdpIl", "time": 1503982686.0, "sentiment": ""}, {"id": 93325954, "text": "$AMZN North Korea test-fires ballistic missile over northern Japan: reports mW http://on.mktw.net/2vmv4CH", "time": 1503982638.0, "sentiment": ""}, {"id": 93325605, "text": "$AMZN everyone will panic and sell now. Maybe this will rush the eventual correction now", "time": 1503982401.0, "sentiment": ""}, {"id": 93325570, "text": "$SPY $FB $AAPL $NFLX $AMZN $TSLA BREAKING NEWS: Kim Jong Un makes headlines again because he likes to feel relevant.. sound familiar?", "time": 1503982381.0, "sentiment": ""}, {"id": 93325504, "text": "$AMZN", "time": 1503982340.0, "sentiment": ""}, {"id": 93325347, "text": "$AMZN when a missile hits a Whole Foods location then I&#39;ll be concerned", "time": 1503982231.0, "sentiment": "Bullish"}, {"id": 93325333, "text": "$AMZN getting bloodied AH", "time": 1503982222.0, "sentiment": ""}, {"id": 93325255, "text": "$AMZN long af", "time": 1503982172.0, "sentiment": "Bullish"}, {"id": 93325226, "text": "$AMZN missiles back in news. Time to short.", "time": 1503982153.0, "sentiment": "Bearish"}, {"id": 93325125, "text": "A new daily low at $940.25 was just reached for $AMZN.    #AMZN", "time": 1503982084.0, "sentiment": ""}, {"id": 93325102, "text": "$SPY $FB $AAPL $NFLX $AMZN $TSLA the N. Korean missle broke into pieces and fell in the water. Why does the market react to this shit", "time": 1503982070.0, "sentiment": ""}, {"id": 93324806, "text": "$AMZN possibly a threat of retaliation with that missle  over Japan. You know Trump will be opening his mouth about that soon. Lol", "time": 1503981890.0, "sentiment": ""}, {"id": 93324776, "text": "$SPY $GOOG $AAPL $FB $AMZN $NFLX Kim Jung Fat Fuck going to give everyone a chance to BTFD in about a week.", "time": 1503981874.0, "sentiment": ""}, {"id": 93324392, "text": "Here&#39;s Everything That&#39;s Changed At Whole Foods After The Amazon Takeover $WFM $AMZN http://bit.ly/2vDSVce", "time": 1503981628.0, "sentiment": ""}, {"id": 93324378, "text": "$SPY Buy $UVXY Going to $60 Fat guy launch missile over Japan $VXX $QQQ $AAPL $AMZN", "time": 1503981620.0, "sentiment": ""}, {"id": 93324236, "text": "$AMZN Big short. Under no circumstances do I use Amazon lol", "time": 1503981523.0, "sentiment": "Bearish"}, {"id": 93324152, "text": "$AMZN North Korea just fired a middle over Japan. Stocks will be in the crapper tomorrow", "time": 1503981470.0, "sentiment": "Bearish"}, {"id": 93324031, "text": "$AMZN theres no foreseeable event that would make me buy the echo and use Amazon ecosystem. Its designed to leech data from you\n$SPY", "time": 1503981376.0, "sentiment": "Bearish"}, {"id": 93323991, "text": "$AMZN Why after hours at 998?", "time": 1503981355.0, "sentiment": ""}, {"id": 93323806, "text": "Top Analyst Has 10 Incredible Internet Predictions for 2017 and Beyond http://bit.ly/2wjBsb0 $FB $GOOGL $AMZN $TTD $SNAP $ATVI $EA $TTWO", "time": 1503981223.0, "sentiment": ""}]