[{"id": 95038297, "text": "EU to raise taxes on global internet firms. $GOOG $FB $AMZN $AAPL $SPY", "time": 1505599229.0, "sentiment": ""}, {"id": 95038290, "text": "$FB $AMZN $AAPL $GOOGL  - Waiting for pullback in next 2 weeks to add into earnings. Need one good red day. Holding cash for now :)", "time": 1505599216.0, "sentiment": ""}, {"id": 95037948, "text": "$AMZN a split would be sooooo awesome", "time": 1505598468.0, "sentiment": ""}, {"id": 95037771, "text": "$AMZN Next week 1000+", "time": 1505598136.0, "sentiment": "Bullish"}, {"id": 95037579, "text": "$AMZN Jeff this is a non brainer.", "time": 1505597680.0, "sentiment": ""}, {"id": 95037563, "text": "$AMZN Folks gotta eat. So why not buy where you are part owner? Split will help in so many ways.", "time": 1505597647.0, "sentiment": ""}, {"id": 95037517, "text": "$AMZN Jeff split stock 10 x 1 and create millions of new WF retail customers. Folks will switch b/c of their financial interests.", "time": 1505597564.0, "sentiment": ""}, {"id": 95037480, "text": "Poll Shows Netflix Remains The King Of Content https://benzinga.com/z/10048564 $NFLX $AMZN $CBS $TWX", "time": 1505597476.0, "sentiment": ""}, {"id": 95036658, "text": "Tickers mentioned in Saturday&#39;s linkfest: https://abnormalreturns.com/2017/09/16/saturday-links-humility-and-decency/ $RACE $TAN $JETS $AMZN $AAPL $NSRGY $FIZZ $DIS", "time": 1505595456.0, "sentiment": ""}, {"id": 95035522, "text": "$AMZN I think as long as folks like me sell tons of put spreads, this will not go up by much.", "time": 1505592762.0, "sentiment": ""}, {"id": 95034789, "text": "$AMZN deleting 1-star rating on Hillary&#39;s new book???   Wow!! Even the ratings now are rigged!  That&#39;s how Dems work!", "time": 1505590588.0, "sentiment": ""}, {"id": 95034496, "text": "@TrumpClimateChange Because Buffet didnt buy $AMZN  or $BTC.X", "time": 1505589446.0, "sentiment": ""}, {"id": 95034091, "text": "GROWTH TAKING BACKSEAT TO VALUE IN SEPTEMBER IGX:IVX - $DIA $QQQ $SPY - $FB $AMZN $NFLX $GOOGL http://yourpersonaltrader.squarespace.com", "time": 1505587764.0, "sentiment": ""}, {"id": 95033970, "text": "Estimize EPS expectations are 60.96% higher than that of Wall Street for $AMZN Q3 [Reporting 10/26 AMC]\nhttp://www.estimize.com/intro/amzn?utm_content=AMZN&amp;amp;utm_medium=eps_update&amp;amp;utm_source=stocktwits#chart=historical", "time": 1505587148.0, "sentiment": ""}, {"id": 95033721, "text": "$AMZN Amazon&#39;s power is so big that it&#39;s throwing off U.S. economic data. https://stocknews.com/news/amzn-amazon-com-inc-amzn-has-big-influence-over-retail-sales-data/", "time": 1505586003.0, "sentiment": ""}, {"id": 95032458, "text": "Growth And Value In Retail: Tractor Supply Company  https://seekingalpha.com/article/4107370-growth-value-retail-tractor-supply-company $TSCO $AMZN", "time": 1505577079.0, "sentiment": "Bullish"}, {"id": 95032297, "text": "Amazon.com&#39;s buy rating reiterated at UBS AG. $1,200.00 PT. http://www.marketbeat.com/r/891642 $AMZN", "time": 1505575702.0, "sentiment": ""}, {"id": 95031858, "text": "$PLUG We wait for that news so Long didn&#39;t COME\n  biswajit I will advise hold and sit tight. $AMZN is working, &amp; may be AM will retire soon", "time": 1505572407.0, "sentiment": ""}, {"id": 95031462, "text": "$AMZN estimates distribution - here\u2019s what 221 Estimize analysts are expecting $AMZN to report for Q3 [Reporting 10/26 AMC]\nhttp://www.estimize.com/intro/amzn?utm_content=AMZN&amp;amp;utm_medium=eps_update&amp;amp;utm_source=stocktwits#chart=historical", "time": 1505569710.0, "sentiment": ""}, {"id": 95031271, "text": "$FB $AMZN $NFLX $GOOGL market makers sure did sell FANG into that strength early in  day.. rest up &amp; consolidate before ER run up in 3 weeks", "time": 1505568976.0, "sentiment": ""}, {"id": 95030402, "text": "@PAAZCA  @BigDogSF How this stock moving is almost like $GBTC $TSLA $NFLX $AMZN Any positive news can move this stocks over 10% unbelievable", "time": 1505565501.0, "sentiment": ""}, {"id": 95030237, "text": "@PAAZCA @BigDogSF Casino stock&#39;s are like $GBTC $TSLA $AMZN. U have no idea ... my point of view", "time": 1505564858.0, "sentiment": ""}, {"id": 95029308, "text": "$AAPL $AMZN why Can&#39;t the market just be open 24 hrs a DAY would be so much FUN :)", "time": 1505562478.0, "sentiment": "Bullish"}, {"id": 95027771, "text": "@Thankfulness I know how could he missed $AMZN!!!!!!!", "time": 1505559020.0, "sentiment": "Bullish"}, {"id": 95027729, "text": "$AMZN just bought 5 shares on my 5k credit card with 25% rate but playing returns via value albritrage!", "time": 1505558932.0, "sentiment": "Bullish"}, {"id": 95027702, "text": "$RAD I&#39;m not sure why so many people have been throwing around $AMZN as a purchaser of the remaining stores, when $FRED is far more likely.", "time": 1505558854.0, "sentiment": ""}, {"id": 95027374, "text": "$AMZN never stops surprising", "time": 1505558193.0, "sentiment": ""}, {"id": 95026370, "text": "$AMZN close price 986.79", "time": 1505556461.0, "sentiment": ""}, {"id": 95026067, "text": "$AMZN close price 986.79.", "time": 1505556010.0, "sentiment": ""}, {"id": 95025886, "text": "$AMZN do you sell adult human sized muzzles?", "time": 1505555702.0, "sentiment": ""}, {"id": 95025862, "text": "$AMZN Alexa says buy by bye?", "time": 1505555657.0, "sentiment": "Bullish"}, {"id": 95025842, "text": "$AMZN can I get my Prozac via rad on prime now? Do they take margin credits?", "time": 1505555621.0, "sentiment": "Bullish"}, {"id": 95024748, "text": "$RAD they&#39;re gonna sell to $AMZN", "time": 1505553647.0, "sentiment": ""}, {"id": 95024549, "text": "I bought a dehydrator on $AMZN , what won&#39;t I buy on that website", "time": 1505553372.0, "sentiment": ""}, {"id": 95024312, "text": "$ma $v $fb $amzn $celg $atvi\nMy top 6 holdings. Hopefully, will hold many more yrs and pass down to the kids!", "time": 1505553041.0, "sentiment": ""}, {"id": 95023295, "text": "Here\u2019s what 221 Estimize analysts believe $AMZN will report for Q3 2017 revenue [Reporting 10/26 AMC]\nhttp://www.estimize.com/intro/amzn?utm_content=AMZN&amp;amp;utm_medium=eps_update&amp;amp;utm_source=stocktwits#chart=historical", "time": 1505551326.0, "sentiment": ""}, {"id": 95022728, "text": "$AMZN Come network with other investors on socialwallstreet com. It&#39;s all free for everyone", "time": 1505550394.0, "sentiment": ""}, {"id": 95022588, "text": "@jedjones @biswajit the breakthrough in cost with the carbon catalysts means soon $AMZN (or $PLUG ) will come knocking. So many drones \ud83d\udca5\ud83d\udca5", "time": 1505550115.0, "sentiment": "Bullish"}, {"id": 95021803, "text": "$OBCI real fundamental buyer showed up late day to close it up 4.82. Any news here and it cld explode. still believe $AMZN is selling a lot", "time": 1505548848.0, "sentiment": "Bullish"}, {"id": 95021354, "text": "$AMZN wow ! went to a brand new whole foods / 365 in Akron , Ohio.    not impressed. it&#39;s not even as nice as a giant eagle or kroger.", "time": 1505548216.0, "sentiment": ""}, {"id": 95015708, "text": "@mesh7 There were no Porsches and BMW&#39;s (in same space) for AMZN to compete against. $AMZN still doesn&#39;t make money.  $TSLA is a joke.", "time": 1505541185.0, "sentiment": "Bearish"}, {"id": 95015562, "text": "$AMZN your weekend trading tip: if you see me post that I own it- you should buy it.", "time": 1505541043.0, "sentiment": ""}, {"id": 95015302, "text": "$AMZN 847.21-710.1 Low&lt; Range $137, Broke out on day 138 from 847, Breakout equalled Range, add 138 to 847.21: $985.21, Big Geometry Here", "time": 1505540784.0, "sentiment": ""}, {"id": 95014442, "text": "ShadowTrader Video 09.17.17 - Is it all one big poor high?  https://youtu.be/-Q5KPP3op5k  $COR, $GLD, $NVDA, $AMZN", "time": 1505539968.0, "sentiment": ""}, {"id": 95013247, "text": "\ud83d\udd25 FRIDAY&#39;S ACTIVE FLOW: $AAPL $NVDA $ORCL $TSLA $BAC $ORCL $AMD $T $FB $MSFT $AMZN $MU $NFLX $EFX $BABA $MSFT $MU $VRX $TWTR $FCX $BA $INTC", "time": 1505538832.0, "sentiment": ""}, {"id": 95011978, "text": "@KJJ773 @chrisFoxx got lucky this week. Still holding calls on: $aapl, $fb, $amzn, $nflx &amp; lots of $tsla", "time": 1505537798.0, "sentiment": ""}, {"id": 95011385, "text": "$AMZN The momentum up bound strikes me on this one... I think Monday - Wednesday is going to be a big buy again.", "time": 1505537363.0, "sentiment": ""}, {"id": 95010997, "text": "@ruffryders I think that inverse head and shoulders was completed more or less today on $QQQ $AMZN etc", "time": 1505537039.0, "sentiment": "Bullish"}, {"id": 95008698, "text": "$nvda $tsla $amd  $amzn New WhatsApp group for stock picking and stock ideas &gt;&gt; https://chat.whatsapp.com/4UscaEa8jjIHCPh8iKM4HS  enjoy", "time": 1505535530.0, "sentiment": ""}, {"id": 95008602, "text": "test-ogrAMZN  $AMZN", "time": 1505535474.0, "sentiment": "Bullish"}, {"id": 95008319, "text": "@blackandlew I would like to see it. Put $AMZN Go and lockers in the Store. They get EnvisionsRX alse ready for Amazon Prime members.Winning", "time": 1505535321.0, "sentiment": ""}, {"id": 95007233, "text": "$AMZN $1021 Big money is exchanging shares as a result of options expiration Quad Witching today. Shows up on charts", "time": 1505534620.0, "sentiment": ""}, {"id": 95006581, "text": "is $PI the secret sauce in the $AMZN bricks and mortar front, and so buyout candidate for competitors?", "time": 1505534232.0, "sentiment": ""}, {"id": 95006531, "text": "@AllInOnPoverty  @albertvancouver Yep, crazy to buy these guys if you want a cloud play. $CRM, $AMZN, $MSFT, $GOOGL much better choices.", "time": 1505534208.0, "sentiment": ""}, {"id": 95006323, "text": "$AMZN why does it say $1021.47 in after hours on the chart?", "time": 1505534100.0, "sentiment": ""}, {"id": 95006269, "text": "A new daily high at $1021.47 was just reached for $AMZN.    #AMZN", "time": 1505534069.0, "sentiment": ""}, {"id": 95006169, "text": "$AMZN hedgies and MMs are definitely aware of all the puts being sold", "time": 1505534005.0, "sentiment": ""}, {"id": 95006054, "text": "$ORCL You guys are really betting on the wrong horse if this is your cloud play. $AMZN $MSFT and even $GOOG have them incredibly outclassed", "time": 1505533955.0, "sentiment": "Bearish"}, {"id": 95005896, "text": "Here\u2019s what 221 Estimize analysts believe $AMZN will report for Q3 2017 EPS [Reporting 10/26 AMC]\nhttp://www.estimize.com/intro/amzn?utm_content=AMZN&amp;amp;utm_medium=eps_update&amp;amp;utm_source=stocktwits#chart=historical", "time": 1505533868.0, "sentiment": ""}, {"id": 95004796, "text": "$RAD will the future bring 365 brand  products to rite Aid? Wouldn&#39;t that be amazing or $AMZN they want in #pharma", "time": 1505533284.0, "sentiment": ""}, {"id": 95003760, "text": "$GOOGL out\n\n$AMZN in", "time": 1505532785.0, "sentiment": ""}, {"id": 95003525, "text": "$SPY $DIA $QQQ $TSLA $FB $AMZN $NVDA This market is too easy, buy the dips and sell the rips. Let em ride.", "time": 1505532683.0, "sentiment": "Bullish"}, {"id": 95002586, "text": "$AMZN reloading early next week. stay tuned.", "time": 1505532280.0, "sentiment": "Bullish"}, {"id": 95000233, "text": "$NVDA Look at the way they &quot;pinned&quot; $AMZN all day.   lmao", "time": 1505531440.0, "sentiment": "Bullish"}, {"id": 94999059, "text": "@nerdtechie Same here. Holding $NVDA $TSLA $AAPL $BABA &amp; $AMZN. Ohh, did get some $GLD for the weekend safety cushion.", "time": 1505531106.0, "sentiment": ""}, {"id": 94998012, "text": "$AMZN Grabbed a 9/25 $995. call", "time": 1505530878.0, "sentiment": "Bullish"}, {"id": 94997698, "text": "$AMZN $GOOG stupid and weak stocks, green day but these two are red", "time": 1505530813.0, "sentiment": ""}, {"id": 94996770, "text": "$AMZN Trump  didn&#39;t made a tweet about N. Korea missile launch so he is preparing in secret to start the War. SELL!", "time": 1505530542.0, "sentiment": "Bearish"}, {"id": 94996753, "text": "The Apple Event: New Products And The Tech Sector&#39;s Push Into Healthcare https://benzinga.com/z/10064825 $AAPL $AMZN $FIT $GRMN $GOOG $IBM", "time": 1505530535.0, "sentiment": ""}, {"id": 94995943, "text": "$AMZN timely exit. going lower. flat for now. will review once this finds a decent landing pad (not yet).", "time": 1505530317.0, "sentiment": ""}, {"id": 94995343, "text": "$AMZN stayed above 987 that is good sign next target \ud83c\udfaf is 1030 for buying signal... my valuation PT 1575 all parts some", "time": 1505530135.0, "sentiment": "Bullish"}, {"id": 94995160, "text": "$AMZN $4 for the 1000 C next week? Insane buy.", "time": 1505530081.0, "sentiment": "Bullish"}, {"id": 94995069, "text": "$AMZN Ummm...wrong board.", "time": 1505530048.0, "sentiment": ""}, {"id": 94994851, "text": "$AMZN   N. Korea did launch another missile &amp; US markets shrugged it off on Friday!!", "time": 1505529973.0, "sentiment": ""}, {"id": 94994307, "text": "$AMZN Bulls getting scared of the weekend", "time": 1505529785.0, "sentiment": "Bearish"}, {"id": 94993873, "text": "$AMZN Elon Musk\u200f (Tweet)  Tesla Semi truck unveil &amp; test ride tentatively scheduled for Oct 26th in Hawthorne. (Just FYI)\n\n T", "time": 1505529645.0, "sentiment": ""}, {"id": 94992979, "text": "$AMZN FTSE 100 ends at 4\u00bd-month low as pound soars . Sterling leaps after BOE signals a rate hike is coming http://on.mktw.net/2x7BmVT", "time": 1505529347.0, "sentiment": ""}, {"id": 94992501, "text": "$AMZN Hurricane Harvey slams U.S. retail sales, industrial output http://www.streetinsider.com/Economic+Data/Hurricane+Harvey+slams+U.S.+retail+sales%2C+industrial+output/13299894.html via @Street_Insider", "time": 1505529179.0, "sentiment": ""}, {"id": 94992041, "text": "$AMZN Wal-Mart to build new home office http://on.mktw.net/2xFCbXs", "time": 1505529020.0, "sentiment": ""}, {"id": 94991930, "text": "$AMZN Stock market edges to all-time highs as tech shares gain  (Retail Sales/N Korea shrugged off) http://on.mktw.net/2y3at3j", "time": 1505528978.0, "sentiment": ""}, {"id": 94991841, "text": "NFL Looking for Better TV Ratings on Weekend Without Hurricanes $AMZN http://dlvr.it/PnGTVT", "time": 1505528944.0, "sentiment": ""}, {"id": 94991279, "text": "$BLUE $JUNO $CELG $GILD   I have been learning a lot from Moley since I first started investing/trading . Bot $TSLA $AMZN $AAPL ..etc after", "time": 1505528749.0, "sentiment": ""}, {"id": 94991078, "text": "$NVDA Out calls, wish I bought more. Holding $FB and $AMZN calls over weekend.", "time": 1505528668.0, "sentiment": ""}, {"id": 94990530, "text": "$AMZN oh well...\ud83d\udc4f\ud83c\udffb\ud83d\udc4f\ud83c\udffb\ud83d\udc4f\ud83c\udffb for the option writers. Algos own this into the close. @ninjaman \ud83d\udd95\ud83c\udffb \ud83d\ude02 have a nice weekend all", "time": 1505528468.0, "sentiment": ""}, {"id": 94990274, "text": "$AMZN the upper shadows of each body of a 1 min candle is long. WS is keeping this below $989 on purpose. It wants to fly, but WS won&#39;t let", "time": 1505528374.0, "sentiment": ""}, {"id": 94990219, "text": "Pure Luck in Trading || https://www.sharpetrade.com/pure-luck-plays-a-part-in-trading-sharpe-trade-llc-as-wall-st-warriors-academy-doing-well-in-2017-and-offer-a-short-term-trading-course/ || $STUDY $SGG $QQQ $APPL $AMZN #investing #trading #luck #wallst #warrior #academy #etf", "time": 1505528352.0, "sentiment": ""}, {"id": 94989402, "text": "$AMZN \ud83d\ude80", "time": 1505528011.0, "sentiment": ""}, {"id": 94989353, "text": "$AMZN crash comes soon.", "time": 1505527987.0, "sentiment": ""}, {"id": 94989264, "text": "$AMZN I&#39;m out don&#39;t trust the weekend", "time": 1505527953.0, "sentiment": ""}, {"id": 94989077, "text": "$AMZN  I don&#39;t know when it will move , media almost cover it on daily basis", "time": 1505527882.0, "sentiment": ""}, {"id": 94988849, "text": "$AMZN  this stock is wild to trade in morning - drop fast bounce fast", "time": 1505527803.0, "sentiment": ""}, {"id": 94988846, "text": "$AMZN  October 25th (??) Tesla will announce Model Y SUV!! Check Musk tweets", "time": 1505527799.0, "sentiment": ""}, {"id": 94988840, "text": "$AMZN just hanging out right above the 50 day. Huge Time Suck. LET&quot;S GO !!!! already!", "time": 1505527798.0, "sentiment": "Bullish"}, {"id": 94988310, "text": "$AMZN How about 1000+ next week!!!", "time": 1505527594.0, "sentiment": ""}, {"id": 94988293, "text": "$AMZN I&#39;m ready to strangle Wall Street for making the Nasdaq a flat day. Thanks for NVDA &amp; TSLA already have shares.", "time": 1505527588.0, "sentiment": ""}, {"id": 94988264, "text": "$AMZN very uninspiring", "time": 1505527578.0, "sentiment": ""}, {"id": 94988239, "text": "Taking 20% of my tech money off the table $AAPL $NVDA $AMZN $NFLX $FB moving money into $VIAB $GE", "time": 1505527570.0, "sentiment": ""}, {"id": 94988209, "text": "$AMZN US markets shrugging off N Korea and weak US retail sales !!", "time": 1505527562.0, "sentiment": ""}, {"id": 94988026, "text": "$AMZN This is value Stock! Right now major issue is Trump-Bezos tension &amp; possibility of HHI Monopoly Govt investigation (Look at Google-EU)", "time": 1505527495.0, "sentiment": ""}, {"id": 94987904, "text": "$AMZN Can we pin $995 EOD ? Better believe it, Just do it!", "time": 1505527452.0, "sentiment": "Bullish"}, {"id": 94987668, "text": "$AMZN when will it take off!?", "time": 1505527363.0, "sentiment": "Bullish"}, {"id": 94986457, "text": "$NVDA 56\u7f8e\u91d1\u5df2\u7ecf\u63d0\u9192\u4e70\u5165\u4e86\uff0c\u7ffb\u4e863\u500d\u591a\uff0c\u6211\u4eec\u5fae\u4fe1\u7fa4\u6fc0\u70c8\u8ba8\u8bba\u7740\uff0c\u52a0\u6211\u5fae\u4fe1 meigu88 \u62c9\u4f60\u8fdb\u7fa4 $AMD $INTC $AAPL $FB $BABA $JD $TSLA $AMZN", "time": 1505526910.0, "sentiment": "Bullish"}, {"id": 94985793, "text": "$AMZN grocery store trading at 250 pe!!!", "time": 1505526675.0, "sentiment": ""}, {"id": 94985046, "text": "OptionVolumeReport $SPY $QQQ $AAPL $IWM $NVDA $ORCL $BAC $AMD $FB $GDX $TSLA $BABA $VXX $T $AMZN $MSFT $VXX $T $AMZN https://marketchameleon.com/Reports/optionVolumeReport", "time": 1505526410.0, "sentiment": ""}, {"id": 94984948, "text": "$AMZN this dip gives us a nice buying opportunity.  Next week it should be on 1000+ level.", "time": 1505526385.0, "sentiment": "Bullish"}, {"id": 94984657, "text": "$AMZN Guess it was AMZN that was going to rest today. Hope I&#39;m not wrong again like I was with $TSLA.  :)", "time": 1505526275.0, "sentiment": ""}, {"id": 94984207, "text": "$AMZN Damn it, even $DIS has greater swings today than AMZN.  F* You Wall Street.", "time": 1505526087.0, "sentiment": ""}, {"id": 94983535, "text": "$TSLA $NVDA $UVXY $MRTX $JDST $TVIX $ICPT $GPRO $SQ $FB $AAPL $AMZN $AMD $CHK $VRX $EFX $MU \n&gt;&gt;&gt;&gt;&gt;It&#39;s happening &amp; Koch Bros can&#39;t stop it!", "time": 1505525822.0, "sentiment": ""}, {"id": 94982874, "text": "$AMZN go up POS", "time": 1505525567.0, "sentiment": ""}, {"id": 94981877, "text": "@truber well...that would be the BILLION $ question now wouldnt it? $ORCL specific or are $MSFT/$AMZN etc beating $ORCL. i say $MSFT winning", "time": 1505525209.0, "sentiment": "Bullish"}, {"id": 94981811, "text": "$TSLA $NVDA $UVXY $MRTX $JDST $TVIX $ICPT $GPRO $SQ $FB $AAPL $AMZN $AMD $CHK $VRX $EFX $MU", "time": 1505525187.0, "sentiment": ""}, {"id": 94981520, "text": "$AMZN that&#39;ll do, good dip here folks. Below 988. Ride it back to 1000 next week", "time": 1505525083.0, "sentiment": ""}, {"id": 94981331, "text": "$amzn going into furnish space.. watching out $W $BBBY", "time": 1505524999.0, "sentiment": ""}, {"id": 94980839, "text": "Alibaba is following Amazon&#39;s lead in one big way: http://www.businessinsider.com/alibaba-stock-price-following-amazons-lead-in-one-big-way-2017-9 $BABA $AMZN", "time": 1505524828.0, "sentiment": ""}, {"id": 94979911, "text": "$AMZN garbage", "time": 1505524472.0, "sentiment": ""}, {"id": 94979818, "text": "@HomelessStockTrader ever implies all time. so better than $AAPL $AMZN $MSFT ? :D", "time": 1505524439.0, "sentiment": ""}, {"id": 94979481, "text": "$AMZN", "time": 1505524324.0, "sentiment": "Bullish"}, {"id": 94978608, "text": "$AMZN \ud83d\udc34\ud83d\udca9", "time": 1505523973.0, "sentiment": ""}, {"id": 94978536, "text": "$AAPL $FB $SPY $AMZN $GOOGL $XIV $TVIX https://www.youtube.com/watch?v=VpepJaVT6Zo", "time": 1505523938.0, "sentiment": "Bullish"}, {"id": 94978068, "text": "$AMZN flat close...\ud83d\udd95\ud83c\udffb WS", "time": 1505523746.0, "sentiment": ""}, {"id": 94977674, "text": "$AMZN Thursday Night Football - Never Seen Before: Packers vs. Bears | Amazon Commercial https://www.youtube.com/watch?v=0fpCbemDwRo Great Commercial for AMZN", "time": 1505523601.0, "sentiment": "Bullish"}, {"id": 94977660, "text": "$AMZN Amazon stock price manipulation this week shows power of market mover collusion.", "time": 1505523596.0, "sentiment": ""}, {"id": 94977202, "text": "$AMZN no position in here for now. will come back to play later. QQQs looking dodgy, AAPL gains fading.", "time": 1505523423.0, "sentiment": ""}, {"id": 94977179, "text": "$TSLA $AMZN $DIS $BRK.A &amp; $BRK.B check out HMNY huge potential \ud83d\udcb0\ud83d\udcb0\ud83d\udcb0\ud83d\udcb0\ud83d\udcb0\ud83d\udcb0\ud83d\udcb0\ud83d\udcb0\ud83d\udcb0\ud83d\udcb0\ud83d\udcb0\ud83d\udcb0\ud83d\udcb0\ud83d\udcb0\ud83d\udcb0\ud83d\udcb0\ud83d\udcb0\ud83d\udcb0\ud83d\udcb0\ud83d\udcb0\ud83d\udcb0\ud83d\udcb0\ud83d\udcb0\ud83d\udcb0", "time": 1505523414.0, "sentiment": "Bullish"}, {"id": 94976975, "text": "NEW Blog:  &quot;Are Department Stores Rising From The Ashes?&quot; - https://www.seeitmarket.com/retail-sales-trends-department-stores-rise-from-ashes-17281/  by @SeanDavid  $XRT $AMZN $WMT", "time": 1505523329.0, "sentiment": ""}, {"id": 94975318, "text": "Looking For Amazon-Proof Stocks? Try Henry Schein https://benzinga.com/z/10063836 $AMZN $HSIC", "time": 1505522670.0, "sentiment": ""}, {"id": 94974038, "text": "$AMZN   Wax on , Wax off.", "time": 1505522190.0, "sentiment": "Bearish"}, {"id": 94972712, "text": "$AMZN buttercup...don&#39;t break my heaaaaart!!", "time": 1505521688.0, "sentiment": ""}, {"id": 94971739, "text": "$spy $AMZN wow Oregon suing equifax for 700,000,000,000 billion lol \ud83d\ude02 $efx", "time": 1505521293.0, "sentiment": "Bearish"}, {"id": 94971511, "text": "$AMZN as a shareholder for years, sometimes I think it should have a forward split, a split will help bring in more volume to move the stock", "time": 1505521191.0, "sentiment": ""}, {"id": 94971189, "text": "$AMZN Out of the stocks I own, this is the only one that keeps disappointing over and over. It&#39;s worth way over 1K, but just can&#39;t get there", "time": 1505521058.0, "sentiment": "Bullish"}, {"id": 94970959, "text": "$AMZN $QQQ Note to MM&#39;s: Turn on the bots or no one&#39;s trading today.", "time": 1505520961.0, "sentiment": ""}, {"id": 94970875, "text": "$AMZN it&#39;s crime against humanity, less than $1000.00. what ever i bought from whole food, it will be opened and return today.", "time": 1505520925.0, "sentiment": ""}, {"id": 94970421, "text": "$amzn gonna have to go weekly sheep call hunting when I get back to the screen. Pass the butter??? Buehler...buehler....", "time": 1505520746.0, "sentiment": "Bullish"}, {"id": 94970282, "text": "Looks like Zeus errr I meant $amzn is in a huckleberry now too. \ud83e\udd14\ud83e\udd14\ud83e\udd14\ud83e\udd14\ud83e\udd14\u261d\ufe0f\ud83d\udcb0\ud83d\udcb0\ud83d\udcb0\ud83d\udcb0\ud83e\udd11\ud83e\udd11\ud83e\udd11\ud83e\udd11", "time": 1505520689.0, "sentiment": "Bullish"}, {"id": 94970214, "text": "$AMZN to many people expecting a big move in either direction = flat trading", "time": 1505520656.0, "sentiment": ""}, {"id": 94969645, "text": "$AMZN why can&#39;t you be like $NVDA (nice and clean big moves either direction) instead you just sit there...do something!", "time": 1505520429.0, "sentiment": ""}, {"id": 94969589, "text": "$AMZN if it goes under 988, goodbye", "time": 1505520411.0, "sentiment": ""}, {"id": 94969518, "text": "Shopify: Scarcity, &#39;Fear Of Missing Out&#39; And Catalysts  http://bit.ly/2y4eBQs http://bit.ly/TTSSHOP $SHOP @shopify $AMZN @shopifyplus", "time": 1505520383.0, "sentiment": "Bullish"}, {"id": 94969332, "text": "$AMZN OMG WS let this slip for 2 hours straight. Sitting at the 50 day here. Trying to make a move now. #WallStreetCrackHeads", "time": 1505520303.0, "sentiment": ""}, {"id": 94969025, "text": "$AMZN loss of 990...bye bye", "time": 1505520166.0, "sentiment": "Bearish"}, {"id": 94969014, "text": "$AMZN praying for war and death for profits. Disgusting bears deserve to lose their $$$", "time": 1505520163.0, "sentiment": ""}, {"id": 94968960, "text": "$AMZN", "time": 1505520142.0, "sentiment": "Bearish"}, {"id": 94968411, "text": "$AMZN cmon North Korea!! Daddy needs a new pair of shoes!!", "time": 1505519928.0, "sentiment": "Bearish"}, {"id": 94968194, "text": "$AMZN third $7 reversal swing and possible fourth coming. Good lord you need nerves of steel to ride this out.", "time": 1505519848.0, "sentiment": ""}, {"id": 94967685, "text": "$AMZN oh ya over 250 p/e.  Latest aquisition a grocer.  Seriously the lowest margin business possible.", "time": 1505519629.0, "sentiment": ""}, {"id": 94967498, "text": "$FB $AMZN $GOOGL $NFLX", "time": 1505519559.0, "sentiment": ""}, {"id": 94967486, "text": "$AMZN 993/994 EOD would think we rally about 4 from here", "time": 1505519555.0, "sentiment": "Bullish"}, {"id": 94967375, "text": "$AMZN how much is this trading at again???", "time": 1505519513.0, "sentiment": ""}, {"id": 94967009, "text": "MASSIVE REVERSALS IN TECH $AMZN", "time": 1505519362.0, "sentiment": ""}]