[{"id": 98692072, "text": "$AMZN Just as expected - the fall is continuing @rahagar", "time": 1508794683.0, "sentiment": ""}, {"id": 98691898, "text": "$AMZN this is one of the greatest earnings run of all timel", "time": 1508794630.0, "sentiment": "Bearish"}, {"id": 98691685, "text": "Dividends Help a Portfolio Shine $CSCO $HAL $FB $GOOGL $AAPL $AMZN $NFLX $ADI $XOM $CVX $WNT $$BAC $VALE $SPY $INTC https://marketchameleon.com/Blog/post/2017/10/09/dividends-help-a-portfolio-shine", "time": 1508794561.0, "sentiment": ""}, {"id": 98691626, "text": "5-star analyst Michael Graham from Canaccord Genuity reiterated a Buy on $AMZN.  https://www.tipranks.com/analysts/michael-graham", "time": 1508794544.0, "sentiment": ""}, {"id": 98691599, "text": "$AMZN Bulls:", "time": 1508794537.0, "sentiment": ""}, {"id": 98691394, "text": "$AMZN go 1000 jump short squeeze . Low volume sell so far go green", "time": 1508794473.0, "sentiment": "Bullish"}, {"id": 98691363, "text": "10 Years Later: A Look Back At The iPhone And Kindle https://benzinga.com/z/10177532 $AAPL $AMZN", "time": 1508794461.0, "sentiment": ""}, {"id": 98691315, "text": "$AMZN amazing has not been this weak in a loong time, ESPECIALLY prior to earnings.cOULD THERE BE SOMETHING LURKING IN EARNINGS REPORT?", "time": 1508794442.0, "sentiment": ""}, {"id": 98691271, "text": "$AMZN price gets driven down before earnings. Happens every time", "time": 1508794425.0, "sentiment": ""}, {"id": 98691179, "text": "$AMZN Making bank on puts folks. Enjoy it while it lasts... which will likely be for a while.", "time": 1508794394.0, "sentiment": ""}, {"id": 98691144, "text": "bears laying the smackdown on the fang stocks! $FB $AMZN $NFLX $GOOGL", "time": 1508794385.0, "sentiment": ""}, {"id": 98690725, "text": "6 Ways To Earn 6 Figures Working From Home https://benzinga.com/z/10181398 $AMZN $EBAY", "time": 1508794246.0, "sentiment": ""}, {"id": 98690570, "text": "$AMZN daily gap at 966. 61.8 retrace at 961. Many holder of bags above 1k", "time": 1508794199.0, "sentiment": ""}, {"id": 98690270, "text": "$AMZN just gonna pop bigger on earnings....keep trying shorts but you can&#39;t stop earnings break out", "time": 1508794105.0, "sentiment": "Bullish"}, {"id": 98689955, "text": "$AMZN https://www.marketwatch.com/investing/index/comp  Nasdaq still in dip mode!", "time": 1508794012.0, "sentiment": ""}, {"id": 98689686, "text": "$amzn there she goes", "time": 1508793919.0, "sentiment": ""}, {"id": 98689269, "text": "$AMZN $GOOG $AAPL $BABA another buying opportunity or what?", "time": 1508793754.0, "sentiment": ""}, {"id": 98689163, "text": "$AMZN lol hilarious everyone going on about how bullish this is. it is down over $40 in a week. and over $100 from ath. you do the math.", "time": 1508793722.0, "sentiment": ""}, {"id": 98688908, "text": "$AMZN analysts on Estimize are expecting -77.03% YoY EPS growth for Q3, up from -77.53% in Q2 [Reporting 10/26 AMC]\nhttp://www.estimize.com/intro/amzn?utm_content=AMZN&amp;amp;utm_medium=eps_update&amp;amp;utm_source=stocktwits#chart=historical", "time": 1508793638.0, "sentiment": ""}, {"id": 98688838, "text": "Another thing to consider- recently partnered w/ the tanking $AMZN. Should fall w/ AMZN, willl be temporary. Trust powerhouse stocks $GLUC", "time": 1508793619.0, "sentiment": "Bullish"}, {"id": 98688789, "text": "Key players $AMZN $GOOGL $FB $NFLX all weak today. Some profit taking in tech. $AAPL still seeing buyers.", "time": 1508793602.0, "sentiment": ""}, {"id": 98688582, "text": "$AMZN  Great time to stock up!  \n\nCheck out $AMD....breakout mode soon!  ER set for tomorrow so come make some money;)", "time": 1508793535.0, "sentiment": "Bullish"}, {"id": 98688297, "text": "$AMZN http://www.barrons.com/articles/cisco-to-spend-1-9b-for-software-firm-broadsoft-will-amazon-counter-1508765932", "time": 1508793438.0, "sentiment": ""}, {"id": 98688026, "text": "$AMZN watch and learn bitches", "time": 1508793353.0, "sentiment": ""}, {"id": 98687805, "text": "$AMZN 968-966 shortly... then 954. Then ?", "time": 1508793287.0, "sentiment": ""}, {"id": 98687769, "text": "$AMZN Trump promises \u2018no change\u2019 for 401(k) plans in tax overhaul   http://on.mktw.net/2z1478", "time": 1508793274.0, "sentiment": ""}, {"id": 98687629, "text": "$AMZN shorts getting uncomfortable. Good win but it\u2019s got to be over. ER is gonna have Prime Day, WF will crush, looking at double bottom", "time": 1508793240.0, "sentiment": "Bullish"}, {"id": 98687210, "text": "$AMZN great opp to add some calls", "time": 1508793119.0, "sentiment": ""}, {"id": 98687071, "text": "$MSFT Becomes Part Of The Home-Speaker Party With Invoke https://t.co/Y5L0J4sFMS $AMZN $AAPL $GOOG", "time": 1508793081.0, "sentiment": ""}, {"id": 98686809, "text": "$AMZN dude the same thing happened with $NVDA after last ER. I btd and made an unreasonable amount of money.Same thing happens now. Squeeze", "time": 1508793006.0, "sentiment": "Bullish"}, {"id": 98686761, "text": "$amzn adding puts here 976", "time": 1508792992.0, "sentiment": ""}, {"id": 98686732, "text": "$AMZN N better than the rest..", "time": 1508792983.0, "sentiment": "Bullish"}, {"id": 98686663, "text": "@kev97 $baba $AABA  not only victim this morning. entire $QQQ and #fang getting smacked. $fb $amzn", "time": 1508792955.0, "sentiment": ""}, {"id": 98686421, "text": "Cost to protect downside risk for the next 30 days $TSLA $AMZN $SPY $AAPL $GE $TSLA $TWTR $JCP $AABA $STX $BIDU $fb https://marketchameleon.com/volReports/DownsidePutProtection", "time": 1508792877.0, "sentiment": ""}, {"id": 98686413, "text": "$AMZN Trump to declare opioid crisis this week   http://on.mktw.net/2xZBgNx", "time": 1508792876.0, "sentiment": ""}, {"id": 98686144, "text": "$VERI is now up +22% in 5 days since Citron hit-piece. Up +7.5% today, but low volume. AI Partners = $AMZN web services and $QTM", "time": 1508792800.0, "sentiment": "Bullish"}, {"id": 98686110, "text": "$BABA $FB $AMZN Look at Tech, it&#39;s all getting the same play right now &amp; being hit as some HF are doing the same trade. Thats a good sign", "time": 1508792788.0, "sentiment": "Bullish"}, {"id": 98686053, "text": "$AMZN https://www.marketwatch.com/investing/index/comp   Nasdaq Timber!!", "time": 1508792768.0, "sentiment": ""}, {"id": 98686005, "text": "$amzn will sell some strenght need a bounce PP 965", "time": 1508792756.0, "sentiment": ""}, {"id": 98685855, "text": "$AMZN Green Day comin", "time": 1508792714.0, "sentiment": "Bullish"}, {"id": 98685722, "text": "$AMZN I know I probably sound like the crazy cat lady but. This one is going to 1060 by eow. The selloff is over. And I\u2019m going to Disneywld", "time": 1508792678.0, "sentiment": ""}, {"id": 98685686, "text": "$AMZN baiting some shorts and put buyers lol", "time": 1508792667.0, "sentiment": ""}, {"id": 98685528, "text": "FANGS ARE V RALLYING - get in now or FOREVER HOLD YOUR PEACE $spy $amzn $nflx $fb $GOOGL (short $vxx)", "time": 1508792623.0, "sentiment": "Bullish"}, {"id": 98684771, "text": "@jshambho $AMZN We can only hope it gaps up in the next 3days!!", "time": 1508792408.0, "sentiment": ""}, {"id": 98684725, "text": "$AMZN #InternetRetail sector comp is now available https://link.scoutfin.com/8gyk/t0H2b3HaiH", "time": 1508792404.0, "sentiment": ""}, {"id": 98684656, "text": "#Amazon stock could see another correction if the company misses on the EPS target again. $AMZN https://amigobulls.com/articles/80366-should-you-buy-amazon-stock-going-into-the-earnings-amazon-com-inc", "time": 1508792402.0, "sentiment": ""}, {"id": 98684627, "text": "$AMZN $GOOGL Top Analyst Believes Amazon is the Better Internet Player Than Alphabet http://www.smarteranalyst.com/2017/10/23/top-analyst-believes-amazon-amzn-better-than-alphabet-googl/", "time": 1508792393.0, "sentiment": ""}, {"id": 98684453, "text": "$AMZN so a break down tomoro would overbalance time from low-low downward", "time": 1508792341.0, "sentiment": ""}, {"id": 98684327, "text": "@jshambho $AMZN is highly manipulated!!, and it&#39;s sad", "time": 1508792300.0, "sentiment": ""}, {"id": 98684251, "text": "$AMZN saturday @ 341 days low 710.1 is zone for Hurst 80 day low, zone for a low here based on prior 2 low-lows exact 19 bars 28 days (moon)", "time": 1508792280.0, "sentiment": ""}, {"id": 98684136, "text": "#FANG gang not feeling d love today. money out of them into other sector du jour. $STX etc. $FB $AMZN $NFLX $GOOGL", "time": 1508792249.0, "sentiment": ""}, {"id": 98683466, "text": "$NFLX $AMZN $QQQ buy this dip soon.", "time": 1508792058.0, "sentiment": "Bullish"}, {"id": 98683426, "text": "$AMZN yest, 343 days low 710, 976.75 balances here &amp; 977.03 is 50%, 931.75-1022.31, 1st red (sellers bar) low break", "time": 1508792047.0, "sentiment": ""}, {"id": 98683400, "text": "$AMZN as mentioned, fails t crack 1k again, back t low 900s , __", "time": 1508792042.0, "sentiment": "Bearish"}, {"id": 98683313, "text": "$NFLX $AMZN $GOOGL Clean breakdowns out gate. Sharp declindes.", "time": 1508792019.0, "sentiment": ""}, {"id": 98683268, "text": "$AMZN Amazon says it&#39;s considering Canadian cities for its second headquarters, but President Trump could veto th\u2026 https://stocknews.com/news/amzn-could-trump-influence-amazons-hq2-city-decision-amzn/", "time": 1508792005.0, "sentiment": ""}, {"id": 98682247, "text": "$AMZN Spain Catalan anxieties ??", "time": 1508791731.0, "sentiment": ""}, {"id": 98681871, "text": "BTFD in nasdaq FANG wow what a sale!!!! $qqq $amzn $fb $googl $nflx", "time": 1508791615.0, "sentiment": ""}, {"id": 98681763, "text": "$AMZN miss priced in I guess.", "time": 1508791582.0, "sentiment": ""}, {"id": 98681721, "text": "$AMZN Nasdaq dipping tanking FANGS in sync https://www.marketwatch.com/investing/index/comp", "time": 1508791568.0, "sentiment": ""}, {"id": 98681677, "text": "$AMZN lot of block sells going thru ..", "time": 1508791558.0, "sentiment": ""}, {"id": 98681547, "text": "Amazon Prime Membership Has Almost Doubled Since 2015 https://benzinga.com/z/10210337 $AMZN", "time": 1508791515.0, "sentiment": ""}, {"id": 98681416, "text": "$AMZN seems to be lost in the jungle this morning ...", "time": 1508791476.0, "sentiment": "Bearish"}, {"id": 98681283, "text": "$amzn #bingo", "time": 1508791435.0, "sentiment": ""}, {"id": 98681280, "text": "$AMZN LOL house always wins.", "time": 1508791435.0, "sentiment": ""}, {"id": 98681036, "text": "$amzn should test 979.70&#39;s lower band https://twitter.com/danshep55/status/922457045214916608", "time": 1508791368.0, "sentiment": ""}, {"id": 98680759, "text": "$QCOM, $ABBV,$AMZN,$JNPR http://www.thestreetpoint.com/2017/10/23/most-latest-figure-make-these-stocks-even-more-prominent-qualcomm-incorporated-nasdaqqcom-abbvie-inc-nyseabbv-amazon-com-inc-nasdaqamzn-juniper-networks-inc-nysejnpr/", "time": 1508791289.0, "sentiment": ""}, {"id": 98680605, "text": "$TSLA &amp; $AMZN open green; $NFLX eyeing @ $190. $FB, $AAPL green! $FRTA, hint check the Insider recent Buying, more than any co.,300% upside", "time": 1508791241.0, "sentiment": "Bullish"}, {"id": 98680324, "text": "Foot Locker Catalysts Are Few And Far Between https://benzinga.com/z/10210766 $AMZN $FL", "time": 1508791167.0, "sentiment": ""}, {"id": 98680235, "text": "$AMZN All Out. Will Wait For Earnings.", "time": 1508791143.0, "sentiment": ""}, {"id": 98679984, "text": "$amzn 984 if builds under can flush", "time": 1508791072.0, "sentiment": ""}, {"id": 98679786, "text": "$FB $AMZN $APPL NFLX $GOOG What options trades are you placing today?", "time": 1508791007.0, "sentiment": ""}, {"id": 98679570, "text": "$BABA $AMZN $GOOGL $NVDA just impossible for big tech to move up until ER", "time": 1508790937.0, "sentiment": ""}, {"id": 98679390, "text": "$AMZN ask yourself. Why would I bet against amazon? Then ask. Why would this quarter be bad? Lastly. Why wouldn\u2019t I buy?", "time": 1508790886.0, "sentiment": "Bullish"}, {"id": 98679228, "text": "$UVXY panic will start very soon $AAPL $FB $AMZN", "time": 1508790832.0, "sentiment": ""}, {"id": 98678594, "text": "$AMZN #Amazon Is Scheduled To Report Earnings On Thursday. Here&#39;s What To Expect https://amigobulls.com/articles/80366-should-you-buy-amazon-stock-going-into-the-earnings-amazon-com-inc", "time": 1508790602.0, "sentiment": ""}, {"id": 98678502, "text": "$AMZN Minute to Bell", "time": 1508790560.0, "sentiment": ""}, {"id": 98678259, "text": "Riding the Bull Market with Bull Call Spreads $AAPL $FB  $TWTR $NFLX $AMZN $QQQ $INTC $SPY $WWW $BAC $DIS $EBIO $VZ https://marketchameleon.com/Blog/post/2017/10/09/riding-the-bull-market-with-bull-call-spreads", "time": 1508790452.0, "sentiment": ""}, {"id": 98678107, "text": "$AMZN 4 minutes to Bell", "time": 1508790388.0, "sentiment": ""}, {"id": 98677875, "text": "$AMZN sell off is done. Upside from here.", "time": 1508790285.0, "sentiment": "Bullish"}, {"id": 98677380, "text": "Bias is to the downside $NFLX $TSLA $AMZN $GOOGL $BABA $NVDA", "time": 1508790039.0, "sentiment": ""}, {"id": 98677256, "text": "$AMZN is the weakest one out of all the High Beta stocks. Last week the pivot broke and dropped $4. Was a solid short for the members of AAT", "time": 1508789969.0, "sentiment": ""}, {"id": 98676841, "text": "Poor Etsy. Amazon launches a new handmade gift shop. Another market for $AMZN/Bezos to dominate? $ETSY down 5% #premarket.", "time": 1508789755.0, "sentiment": ""}, {"id": 98676831, "text": "The Week Ahead: Earnings Season Starts In Earnest https://benzinga.com/z/10210048 $AMD $ALXN $MCD $VRNA $GSK $KO $CLDR $NKE $TWTR $AMZN $APRN $JNJ", "time": 1508789748.0, "sentiment": ""}, {"id": 98676794, "text": "$AMZN may dump this turd today at my break even point", "time": 1508789732.0, "sentiment": "Bearish"}, {"id": 98676673, "text": "$AMZN I think Amazon will be up after earnings this week. http://www.wincrease.com/marathon-money-podcast/marathon-money-ep-50-stock-market-recap-earnings-season-predictions/", "time": 1508789662.0, "sentiment": "Bullish"}, {"id": 98676644, "text": "New FANGs for Halloween: Best of Cramer @jimcramer $FB $AMZN $NFLX $GOOGL $PYPL $VMW $ADBE $RHT http://bit.ly/2z2xDeG @madmoneyoncnbc", "time": 1508789648.0, "sentiment": ""}, {"id": 98676379, "text": "$AMZN 20 Minutes to Bell", "time": 1508789509.0, "sentiment": ""}, {"id": 98676371, "text": "$AMZN Anbang!!!", "time": 1508789505.0, "sentiment": ""}, {"id": 98675722, "text": "$AMZN Equities to Earnings correlation (See below!!) Monday stock Thesis (add Netflix 1.56 Bond offering)", "time": 1508789174.0, "sentiment": ""}, {"id": 98675638, "text": "$AMZN this time a pre-earning dump comparing to run ups like before. Pricing in a miss?", "time": 1508789128.0, "sentiment": ""}, {"id": 98675399, "text": "$AMZN U.S. stocks aim for all-time highs, with earnings Results 75% of reports so far have beaten estimates  http://on.mktw.net/2yCwidQ", "time": 1508789005.0, "sentiment": ""}, {"id": 98674963, "text": "$AMZN prime day is included in these earnings. Expect a massive squeeze", "time": 1508788776.0, "sentiment": ""}, {"id": 98674788, "text": "$AMZN  Recent Pivots: 7/27, 8/29, 9/26: This and other Cycles say pivot, poss near term top: 10/26-10/30", "time": 1508788671.0, "sentiment": ""}, {"id": 98674581, "text": "@Ugaman72 bacon? What do you think this is $AMZN shareholders meeting?", "time": 1508788535.0, "sentiment": ""}, {"id": 98674241, "text": "$AMZN Latest Press Releases https://marketchameleon.com/PressReleases/pr?i=519193 \nr Handcrafted Gifts: Amazon Handmade Launches the Handmade Gift Shop", "time": 1508788304.0, "sentiment": ""}, {"id": 98674087, "text": "$AMZN Amazon Announces Handmade Gift Shop https://stocknews.com/news/amzn-amazon-announces-handmade-gift-shop/", "time": 1508788193.0, "sentiment": ""}, {"id": 98674041, "text": "$AMZN when will we see $1000+? Is it possible before ER?", "time": 1508788159.0, "sentiment": "Bullish"}, {"id": 98674026, "text": "$BABA Buy $TCEHY $422B, PE 52, Rev Gr 59%, Npm 32.25%. Sell $AMZN", "time": 1508788146.0, "sentiment": ""}, {"id": 98674009, "text": "$ES_F $SPY $SPX Bog day for earnings on Thursday... $AMZN $GOOG $MSFT all report after the bell.", "time": 1508788134.0, "sentiment": ""}, {"id": 98673997, "text": "$AMD $AMZN $GOOGL $MSFT $V $BA $INTC $MCD $CAT $HAL $CMG $STX $LMT $T $HAS $GM $F", "time": 1508788128.0, "sentiment": ""}, {"id": 98673428, "text": "$AMZN last day of 3 digits!!!", "time": 1508787767.0, "sentiment": "Bullish"}, {"id": 98673382, "text": "$AMZN Netflix raising $1.6 billion in bond market to fuel content acquisition, production http://on.mktw.net/2xZkCO3", "time": 1508787744.0, "sentiment": ""}, {"id": 98673340, "text": "EARNINGS this week: $AMD, $AMZN, $GOOGL, $MSFT, $V, $BA, $INTC, $MCD, $CAT, $HAL, $CMG, $STX, $LMT, $T, $HAS, $GM, $F", "time": 1508787716.0, "sentiment": ""}, {"id": 98673304, "text": "Estimize revenue expectations are 0.05% higher than that of Wall Street for $AMZN Q3 [Reporting 10/26 AMC]\nhttp://www.estimize.com/intro/amzn?utm_content=AMZN&amp;amp;utm_medium=eps_update&amp;amp;utm_source=stocktwits#chart=historical", "time": 1508787702.0, "sentiment": ""}, {"id": 98673174, "text": "Good Morning everyone! A fresh new week, a new start. Good luck today! Watching $ZB_F $6A_F $AMZN $IMMU", "time": 1508787611.0, "sentiment": ""}, {"id": 98673164, "text": "Huge week on tap for tech earnings with $AMZN, $GOOG, $MSFT, $FB, and $TWTR all due to report $XLK", "time": 1508787602.0, "sentiment": ""}, {"id": 98673091, "text": "Are there downsides to the new Amazon campus? Most certainly. http://www.politico.com/magazine/story/2017/10/19/amazon-headquarters-seattle-215725 $AMZN $WMT", "time": 1508787544.0, "sentiment": ""}, {"id": 98673071, "text": "$BABA Net Profit Margin 30.1%. $TCEHY  npm 32.25%.. $AMZN npm 1.29%. Buy BABA/ $TCEHY. Sell $AMZN.", "time": 1508787531.0, "sentiment": ""}, {"id": 98673052, "text": "#earnings week $CMG $AMD $MCD $CAT $V $BWLD $MSFT $INTC $GOOGL $AMZN $TWTR $BIDU $XOM $CVX http://www.whispernumber.com/calendarST.jsp", "time": 1508787521.0, "sentiment": ""}, {"id": 98671428, "text": "$AMZN good setup for today", "time": 1508786392.0, "sentiment": "Bullish"}, {"id": 98671404, "text": "$AMZN announcing the launch of its Handmade Gift Shop.", "time": 1508786368.0, "sentiment": ""}, {"id": 98671226, "text": "$AMZN  Amazon backs German artificial intelligence research hub  https://www.investing.com/news/technology-news/amazon-backs-german-artificial-intelligence-research-hub-545673", "time": 1508786241.0, "sentiment": ""}, {"id": 98670592, "text": "$AMZN bears licking their chops with this stock..they ready to pounce on this", "time": 1508785658.0, "sentiment": ""}, {"id": 98670397, "text": "$AMZN opening a research center dedicated to artificial intelligence in Germany&#39;s Cyber Valley,dedicated to expanding applied research w/AI.", "time": 1508785494.0, "sentiment": ""}, {"id": 98670225, "text": "$AMZN Trump says there will be &#39;no change&#39; to 401(k) plans     http://on.mktw.net/2yCNUX0", "time": 1508785332.0, "sentiment": ""}, {"id": 98670133, "text": "Rev&#39;s Forum: Momentum Doesn&#39;t Last Forever, But Can Defy What&#39;s Reasonable $AMZN http://dlvr.it/Px83NX", "time": 1508785265.0, "sentiment": ""}, {"id": 98670130, "text": "$AMZN not looking so hot pre market another sell off coming?", "time": 1508785258.0, "sentiment": ""}, {"id": 98670098, "text": "Puerto Rico,still in shambles from Hurricane Maria,submits a bid to host $AMZN 2nd headquarters,would bring 50K jobs", "time": 1508785219.0, "sentiment": ""}, {"id": 98670092, "text": "$AMD $AMZN $GOOGL $MSFT $V $BA $INTC $MCD $CAT $HAL $CMG $STX $LMT $T $HAS $GM $F", "time": 1508785215.0, "sentiment": ""}, {"id": 98669818, "text": "$AMZN Amazon backs German artificial intelligence research hub https://reut.rs/2iusvc6", "time": 1508784888.0, "sentiment": ""}, {"id": 98669492, "text": "#Target tackles Amazon &amp; Walmart this Christmas season? last minute gift box changes &amp; free shipping http://trde.it/2yEaMVS $TGT $AMZN $WMT", "time": 1508784505.0, "sentiment": ""}, {"id": 98669404, "text": "Should You Buy Amazon Stock Going Into The Earnings? $AMZN https://amigobulls.com/articles/80366-should-you-buy-amazon-stock-going-into-the-earnings-amazon-com-inc", "time": 1508784404.0, "sentiment": ""}, {"id": 98669222, "text": "$TSLA $JD $FB $AMZN $NFLX Checkout this article, huge upside https://www.highkeyinvesting.com/single-post/2017/10/21/JD-Stock-Will-Make-You-Rich", "time": 1508784141.0, "sentiment": "Bullish"}, {"id": 98669076, "text": "$TRXC take Our Chance today \ud83e\udd42\ud83e\udd42\ud83e\udd42\ud83e\udd42\ud83e\udd42\ud83e\udd42\ud83e\udd42\ud83e\udd42 tomorrow it Will Be mir expansive Look at $TRXC guys $FB $AAPL $AMZN $TSLA $ISRG", "time": 1508783956.0, "sentiment": "Bullish"}, {"id": 98668728, "text": "$AMZN 1000 is let today if cross close1010 \ud83d\ude80", "time": 1508783533.0, "sentiment": "Bullish"}, {"id": 98667806, "text": "$AMZN Premarket Session VWAP Statistics For 23-Oct-2017 https://marketchameleon.com/Overview/AMZN/VwapTable/Premarket", "time": 1508782401.0, "sentiment": ""}, {"id": 98667496, "text": "Estimize EPS expectations are 29.21% higher than that of Wall Street for $AMZN Q3 [Reporting 10/26 AMC]\nhttp://www.estimize.com/intro/amzn?utm_content=AMZN&amp;amp;utm_medium=eps_update&amp;amp;utm_source=stocktwits#chart=historical", "time": 1508781855.0, "sentiment": ""}, {"id": 98667356, "text": "$AMZN Waiting for the cry for boycott by leftist women over the Weinstein scandal. It&#39;s coming.....", "time": 1508781625.0, "sentiment": "Bearish"}, {"id": 98667247, "text": "$AMZN price up in premarket only to fade away during the regular hours of the day.that is the trend lately for this turd", "time": 1508781384.0, "sentiment": "Bearish"}, {"id": 98666804, "text": "$AMZN Your One-Stop Shop for Handcrafted Gifts: Amazon Handmade Launches the Handmade Gift Shop http://www.streetinsider.com/Press+Releases/Your+One-Stop+Shop+for+Handcrafted+Gifts%3A+Amazon+Handmade+Launches+the+Handmade+Gift+Shop/13410967.html via @Street_Insider", "time": 1508780154.0, "sentiment": ""}, {"id": 98666797, "text": "$AMZN  should be sitting back at 1010-1020 at ER....im expecting great Q and guidance with an 10%  pop AH on ER past 1120 for new 52wk hi", "time": 1508780129.0, "sentiment": "Bullish"}, {"id": 98666729, "text": "What I\u2019m watching for when $amzn, $Amd $googl and $cat report results this week.  https://mottcapitalmanagement.com/week-ahead-exploring-amazon-amd-alphabet-caterpillar/", "time": 1508779928.0, "sentiment": ""}, {"id": 98666531, "text": "$AMZN launches handmade gift shop.", "time": 1508779275.0, "sentiment": "Bullish"}, {"id": 98666270, "text": "Amazon.com launches Amazon Handmade Gift Shop - $AMZN - http://thefly.com/permalinks/entry.php/AMZNid2626544", "time": 1508778412.0, "sentiment": ""}, {"id": 98665601, "text": "$AMZN estimates distribution - here\u2019s what 304 Estimize analysts are expecting $AMZN to report for Q3 [Reporting 10/26 AMC]\nhttp://www.estimize.com/intro/amzn?utm_content=AMZN&amp;amp;utm_medium=eps_update&amp;amp;utm_source=stocktwits#chart=historical", "time": 1508775812.0, "sentiment": ""}, {"id": 98665256, "text": "$NOK $LOGI $AMZN bugi bugi...", "time": 1508773854.0, "sentiment": ""}, {"id": 98664921, "text": "#Netflix exceeds expectations but how long can the run last? $NFLX $AMZN $GOOGL $AAPL $FB $TWX $FOXA $DIS $T https://investorplace.com/2017/10/netflix-nflx-investors-mull-if-its-better-to-own-it-or-just-watch-it/", "time": 1508772077.0, "sentiment": ""}, {"id": 98664897, "text": "$AMZN you may be right..this is a complete turd right now", "time": 1508771987.0, "sentiment": ""}, {"id": 98664791, "text": "$AMZN this stock is total crap right now..960s going into earnings and only hope is to have good earnings..im a bull turned bear..", "time": 1508771416.0, "sentiment": "Bearish"}, {"id": 98663634, "text": "Target gears up for the holidays http://bit.ly/2yLvP8M $TGT $AMZN $WMT @target", "time": 1508765755.0, "sentiment": ""}, {"id": 98663580, "text": "Amazon, Alphabet &amp; More Earnings That Can\u2019t Be Ignored $AMD $T $CMG $GOOGL $AMZN $TWTR http://bit.ly/2yJnMcE http://bit.ly/TheTickTV", "time": 1508765488.0, "sentiment": ""}, {"id": 98663402, "text": "Amazon to open AI center in Germany \nhttps://seekingalpha.com/news/3302794?source=ansh $AMZN", "time": 1508764576.0, "sentiment": ""}, {"id": 98663049, "text": "$AMZN", "time": 1508763339.0, "sentiment": "Bullish"}, {"id": 98662841, "text": "Can $AMZN Break Into This Market Where $AAPL &amp; $GOOG Have Had Limited Success? https://www.cityfalcon.com/watchlists?assets=AAPL&amp;utm_campaign=KO_stocktwits", "time": 1508762752.0, "sentiment": ""}, {"id": 98662498, "text": "$MSFT $V $AMD $AMZN $GOOGL $CAT $BA $CMG $INTC $MCD $HAL $STX $LMT $T $HAS $GM $F", "time": 1508761454.0, "sentiment": ""}, {"id": 98662294, "text": "$MCD The Founder, motivational! MCD food? $FRTA top on list, w/ 300% upside; 36% of 19M Float Short. My top FANG stock is $NFLX, then $AMZN", "time": 1508760784.0, "sentiment": "Bullish"}, {"id": 98662280, "text": "$AMZN Red Oaks - Season 3 ..I watched over the weekend on Prime. Soooo Good...summer of 1987 is this season omg #80s", "time": 1508760741.0, "sentiment": "Bullish"}, {"id": 98661665, "text": "@bikechain Is the prediction of 1% rise on $AMZN based on technicalities?", "time": 1508759201.0, "sentiment": ""}, {"id": 98661469, "text": "Do $COST stock investors really need fear $AMZN as much as they do?\n\nhttps://intradaytradingsignals.com/costco-wholesale-corporation-stock-is-still-a-great-buy-on-any-dip/", "time": 1508758698.0, "sentiment": ""}]