[{"id": 99039030, "text": "$AMZN trash. Get out as soon as possible.", "time": 1508985674.0, "sentiment": "Bearish"}, {"id": 99038953, "text": "Key Predictions for Q3 Earnings Reports of $AMZN and $EXPE - https://buff.ly/2yRbSgP", "time": 1508985648.0, "sentiment": ""}, {"id": 99038824, "text": "$BABA Keep in mind that Alibaba is trading at a YUGE discount to $AMZN despite a much bigger market opportunity and growth. #stocks", "time": 1508985612.0, "sentiment": "Bullish"}, {"id": 99038676, "text": "Earnings on deck: $AMGN $BWLD $TWTR $FSLR $BIDU $INTC $AMZN $MSFT", "time": 1508985570.0, "sentiment": ""}, {"id": 99038020, "text": "$AMZN Catalan Parliament meets Thur 10-26", "time": 1508985368.0, "sentiment": ""}, {"id": 99037851, "text": "$AMZN Catalan vice-president says independence is only remaining option https://www.theguardian.com/world/2017/oct/25/catalan-vice-president-oriol-junqueras-independence-only-remaining-option?CMP=share_btn_tw", "time": 1508985324.0, "sentiment": ""}, {"id": 99037812, "text": "$AMZN 972.84 may see a run up in to the close", "time": 1508985313.0, "sentiment": ""}, {"id": 99037695, "text": "$amzn love the company but it will tank tomorow even if it beats expectations", "time": 1508985273.0, "sentiment": "Bearish"}, {"id": 99037649, "text": "$AMZN Earnings Are Fraying Nerves Already With Amazon and Google Still to Come https://www.bloomberg.com/news/articles/2017-10-25/earnings-fraying-nerves-already-and-amazon-google-still-to-come via @markets", "time": 1508985261.0, "sentiment": ""}, {"id": 99037172, "text": "$AMZN making big $$$ on the downside yo.", "time": 1508985113.0, "sentiment": ""}, {"id": 99036887, "text": "$PLUG doo\u00b7fus\n\n\u02c8do\u035eof\u0259s/\n\nnoun\n\nNORTH AMERICAN informal\n\nnoun: dufus\n\nA person who bets against $WMT $AMZN and $PLUG", "time": 1508985019.0, "sentiment": ""}, {"id": 99036641, "text": "$AMZN 24 hrs to go. Place your bets.", "time": 1508984949.0, "sentiment": ""}, {"id": 99036513, "text": "$AMZN $GOOG these 2 better beat ER or else the whole market is gonna get slaughtered", "time": 1508984916.0, "sentiment": ""}, {"id": 99036364, "text": "@johnbeagle No, GE has chosen AWS for its cloud this month. \nhttp://fortune.com/2017/10/06/ge-amazon-web-services/  $AMZN", "time": 1508984874.0, "sentiment": "Bullish"}, {"id": 99035979, "text": "Which Companies Will Be Here in 100 Years? https://buff.ly/2yzni8Q\n\n$AMZN $AAPL $GOOG $GOOGL $FB $MSFT", "time": 1508984757.0, "sentiment": ""}, {"id": 99035509, "text": "$AMZN $GOOG $GOOGL tomorrow ER", "time": 1508984609.0, "sentiment": "Bullish"}, {"id": 99035467, "text": "10.25.17 Elliott wave Updates For F.A.N.G. - $FB $AMZN $NFLX $GOOGL   http://wavegenius.com/10-25-17-elliott-wave-updates-for-f-a-n-g-fb-am", "time": 1508984594.0, "sentiment": ""}, {"id": 99034926, "text": "$SPY IF, IF, $AMZN $GOOGL $BIDU report good numbers, they usually only help their own stock, so much else may die further, my worry", "time": 1508984432.0, "sentiment": ""}, {"id": 99034696, "text": "$SPY &quot;The 47% spread between Bulls and Bears in the investors intelligence sentiment poll this week is highest since 1987.&quot; $qqq $amzn $aapl", "time": 1508984359.0, "sentiment": ""}, {"id": 99034616, "text": "$OSTK 3 stocks are green today - $ostk, $AMZN $GOOGL thats it. Coincidence? \ud83e\udd14\n #blockchain &amp; 1 billion dollar tZero valuation are coming", "time": 1508984329.0, "sentiment": "Bullish"}, {"id": 99033600, "text": "$AMZN $ATVI $EA $TCEHY", "time": 1508984015.0, "sentiment": ""}, {"id": 99032931, "text": "$AMZN it&#39;s sour and power hour  brought to you by the filthy red stock market and go green amazon", "time": 1508983808.0, "sentiment": "Bullish"}, {"id": 99032480, "text": "$NFLX $TSLA $AMZN\nEinhorn still short, getting burned", "time": 1508983650.0, "sentiment": ""}, {"id": 99032432, "text": "$GRUB Weekly. GrubHub has taken some punches well: Competition - $AMZN $UBER - Weekly chart explosive. New leader?", "time": 1508983637.0, "sentiment": "Bullish"}, {"id": 99031641, "text": "$AMZN FYI This is the Amazon Power Hour!! Google/Amazon post Earnings  &amp;  Catalan may declare independence Spain (EU/Euro risk event!) Thur.", "time": 1508983374.0, "sentiment": ""}, {"id": 99031448, "text": "$AMZN Watch this video. JC is spot on re: the Amazon Key. \n\n&quot;Amazon makes decisions using AI. They don&#39;t guess.&quot;\n\nhttps://www.thestreet.com/amp/video/14359083/watch-jim-cramer-reacts-to-amazon-key.html", "time": 1508983315.0, "sentiment": "Bullish"}, {"id": 99031016, "text": "7 Gaming Stats That Prove Esports Is the Next Big Thing - https://buff.ly/2h8DtjP\n\n$AMZN $ATVI $EA $TCEHY", "time": 1508983183.0, "sentiment": ""}, {"id": 99030799, "text": "Millennials Want Private Label Goods Because, Duh, They&#39;re Cheaper $AMZN http://dlvr.it/PxZ3WC", "time": 1508983103.0, "sentiment": ""}, {"id": 99030379, "text": "$AMZN", "time": 1508982961.0, "sentiment": "Bullish"}, {"id": 99029924, "text": "$AMZN At least $100-150 points of potential downside here imho. Valuation &amp; regulatory concerns (see latest Barron&#39;s). Sell.", "time": 1508982817.0, "sentiment": "Bearish"}, {"id": 99029914, "text": "$BABA $AAPL $FB Last Hr is going to be fun :o) $AMZN", "time": 1508982814.0, "sentiment": "Bullish"}, {"id": 99029179, "text": "@reez007 @AlexanderHandleton @ryanman0 @PerSE @maryneffer @Stockcat01 @Boyle @godzillalizard $NKE partners E-commerce with $FL $AMZN $BABA", "time": 1508982560.0, "sentiment": "Bullish"}, {"id": 99029157, "text": "$AMZN Gary Cohn out of running for Fed chair: report http://on.mktw.net/2gDMfpH", "time": 1508982551.0, "sentiment": ""}, {"id": 99029123, "text": "$SPY Only thing scaring me about holding $SVXY over night is its impossible for $AMZN to have an ER beat when they trade at 1,000,000 x PE", "time": 1508982535.0, "sentiment": ""}, {"id": 99028898, "text": "$AMZN Amzn flat red in sync with Nasdaq dipping (US Jobless claims &amp; Catalan parliament Holds a plenary session on Thursday-Separtism!)", "time": 1508982461.0, "sentiment": ""}, {"id": 99028740, "text": "NASDAQ FOR CRYPTO: $OSTK about to get a valuation closer to $WMT or $AMZN. $OSTK may be worth MORE than both going forward.", "time": 1508982406.0, "sentiment": ""}, {"id": 99028543, "text": "so let me get this straight. $amzn wants to open my door and put packages in my house? im sure its fine @EveryTimeICash", "time": 1508982346.0, "sentiment": ""}, {"id": 99027737, "text": "$AMZN will drink your milkshake!", "time": 1508982103.0, "sentiment": "Bullish"}, {"id": 99027261, "text": "$AMZN power hour will be epic..Amazon vs the blood red stock market..who will win? Lol", "time": 1508981945.0, "sentiment": "Bullish"}, {"id": 99027005, "text": "$GOOGL $AMZN $INTC report earnings tomorrow after the close. Wouldn&#39;t be surprised to see tech bounce back tomorrow leading into their ER&#39;s.", "time": 1508981865.0, "sentiment": ""}, {"id": 99026838, "text": "$GOOGL 12pts off lows. $AMZN 13pts of flows. $NVDA VWAP. $BABA $NFLX $AAPL $FB Tapped VWAP earlier. Mostly successful either way.", "time": 1508981817.0, "sentiment": ""}, {"id": 99026374, "text": "$GOOGL $AMZN $FB $NFLX 7 days behind", "time": 1508981675.0, "sentiment": ""}, {"id": 99025776, "text": "$GOOGL and $AMZN turned green... $FB $NFLX where you at?", "time": 1508981513.0, "sentiment": ""}, {"id": 99025414, "text": "$WBA this will be back in the 80&#39;s when $AMZN announces that they were talking out of their asses about pharma", "time": 1508981403.0, "sentiment": "Bullish"}, {"id": 99025077, "text": "$AMZN Goldman warns Amazon holders, predicts guidance may miss Wall Street expectations CNBC http://cnb.cx/2y3iJEI", "time": 1508981297.0, "sentiment": ""}, {"id": 99024964, "text": "$AMZN up 315% in the past 5 years. You gotta be nuts to be long at this price!", "time": 1508981263.0, "sentiment": "Bearish"}, {"id": 99024931, "text": "$AMZN amzn. amzn", "time": 1508981254.0, "sentiment": ""}, {"id": 99024724, "text": "same exact intraday pattern run hundreds of times since 2009. they don&#39;t even try to hide it $AAPL $AMZN $FB $NFLX $TSLA $SPY", "time": 1508981189.0, "sentiment": ""}, {"id": 99024587, "text": "If $AMZN $GOOGL  corrects 10%, that surely will market down $SPY 5% minimum.. See $UVXY at $50-$60", "time": 1508981142.0, "sentiment": ""}, {"id": 99024414, "text": "$SPY NSA &amp; CIA are tied into the feeds of $FB, $GOOG, $AMZN, etc...Snowden f&#39;d up their worlds.", "time": 1508981081.0, "sentiment": ""}, {"id": 99024296, "text": "$AMZN will drop like a rock after earnings! Get out while you can! $SPY", "time": 1508981035.0, "sentiment": "Bearish"}, {"id": 99023873, "text": "$AMZN See you 9:30am Friday @$1,025", "time": 1508980900.0, "sentiment": "Bullish"}, {"id": 99023868, "text": "stock indexes can not drop during the day without reversing the losses.  losses cut in half today already. $AAPL $AMZN $FB $NFLX $TSLA $SPY", "time": 1508980898.0, "sentiment": ""}, {"id": 99023471, "text": "$AMZN Amazon Results Arrive As Analysts Ponder Whole Foods Integration http://www.investors.com/news/technology/amazon-results-arrive-as-analysts-ponder-whole-foods-integration/ via @IBDinvestors", "time": 1508980757.0, "sentiment": ""}, {"id": 99023291, "text": "$AMZN The Latest: Catalan parliament to hold key meeting Thursday http://fxn.ws/2gCmJog #FoxNews", "time": 1508980698.0, "sentiment": ""}, {"id": 99023039, "text": "$BTC.X \n\nyuuge fan of $AMZN but this is fucking bizarre \n\nlmao", "time": 1508980631.0, "sentiment": ""}, {"id": 99022606, "text": "losses being reversed.  like clockwork.  $AAPL $AMZN $FB $NFLX $TSLA $SPY", "time": 1508980501.0, "sentiment": ""}, {"id": 99022202, "text": "$AMZN anyone buying ahead of earnings tomorrow", "time": 1508980368.0, "sentiment": ""}, {"id": 99021967, "text": "$AMZN picked up dec 1000 calls. See 1100+ by then", "time": 1508980298.0, "sentiment": "Bullish"}, {"id": 99021704, "text": "$AMZN oh good Amazon can have power hour all by itself while we excuse the market for taking a turd", "time": 1508980217.0, "sentiment": "Bullish"}, {"id": 99021329, "text": "What Deutsche Bank Is Watching For In Alphabet&#39;s Q3 Report https://benzinga.com/z/10226292 $AMZN $GOOG $GOOGL", "time": 1508980105.0, "sentiment": ""}, {"id": 99021188, "text": "When you catch the bottom within 0.05 $SPY $QQQ $IWM $NVDA $BABA $FB $AMZN $SPX", "time": 1508980060.0, "sentiment": "Bullish"}, {"id": 99020922, "text": "Is it time to throw in the towel on $CVS and walk away from this stock....Noah weighs in &gt; http://tinyurl.com/y7f8g2la  $AMZN $WBA", "time": 1508979985.0, "sentiment": ""}, {"id": 99020626, "text": "$WMT we are long again off the bounce https://theclosingprint.com was hoping for deeper BPack $XRT $AMZN $SPY", "time": 1508979901.0, "sentiment": "Bullish"}, {"id": 99020201, "text": "$SPY $AAPL $FB $GOOG $AMZN $NFLX \n\nDow Jones 24,000 End Of Week #economiccalendar", "time": 1508979746.0, "sentiment": "Bullish"}, {"id": 99020175, "text": "Don&#39;t be late to the party.... this will run up to 7 - 8k before next fork... also might get some news from $AMZN tommorow $BTC.X", "time": 1508979737.0, "sentiment": ""}, {"id": 99020164, "text": "$OSTK on huge volatility ride today. Company is extremely undervalued! Market cap is less than 0.25% of $AMZN . It could soar a hundredfold!", "time": 1508979733.0, "sentiment": "Bullish"}, {"id": 99020151, "text": "$AMZN My profolio is looking bad now, hope AMZN can break it tomorrow", "time": 1508979730.0, "sentiment": "Bullish"}, {"id": 99018584, "text": "$TRXC $AMD $AMZN $BABA $FB $IBM $NFLX $HMNY take your chance at $TRXC for profit. That\u2019s future \ud83d\udd1c\ud83d\udd1c\ud83d\udca5\ud83d\udca5\ud83d\udca5\ud83d\udca5\ud83d\ude4f\ud83d\udcb8", "time": 1508979250.0, "sentiment": ""}, {"id": 99018357, "text": "$AMZN access directly into your home to deliver packages and, in the future, perform other services such as cleaning and dog walking.", "time": 1508979165.0, "sentiment": ""}, {"id": 99018250, "text": "$AMZN", "time": 1508979134.0, "sentiment": "Bullish"}, {"id": 99018215, "text": "$AMZN Amazon Key announced today. It&#39;s basically a smart lock and security camera. It would allow Amazon access directly into your home  ..", "time": 1508979122.0, "sentiment": ""}, {"id": 99017827, "text": "$SPY America 2050: 1 corporation remaining that makes no money &amp; pays no taxes but has disrupted everything else. S&amp;P 100,000 though. $amzn", "time": 1508979010.0, "sentiment": ""}, {"id": 99017721, "text": "$Amzn can you can buy $shlds property already yet?  Their smaller cap is &lt;750m", "time": 1508978981.0, "sentiment": ""}, {"id": 99014957, "text": "$AMZN stocks having worst day in several months and Amazon refuses to go down .lol", "time": 1508978133.0, "sentiment": "Bullish"}, {"id": 99014766, "text": "$AMZN Yesterday went to $WMT to buy Grocery. Prices were similar to WFM but quality was way worst. No one would even touch those vegetables", "time": 1508978076.0, "sentiment": ""}, {"id": 99014027, "text": "Amazon, Like Wal-Mart, Thinks You&#39;ll Be OK Letting Strangers In Your Home $AMZN $WMT http://bit.ly/2zPJHgs http://amzn.to/2yNUvxa", "time": 1508977828.0, "sentiment": ""}, {"id": 99013872, "text": "$AMZN  Has pulled back big before.", "time": 1508977773.0, "sentiment": "Bearish"}, {"id": 99013430, "text": "$AMZN Bulls hiding in here?", "time": 1508977618.0, "sentiment": ""}, {"id": 99013423, "text": "$AMZN 985 for amazon today", "time": 1508977616.0, "sentiment": "Bullish"}, {"id": 99013354, "text": "$AMZN $BTC.X https://instagram.com/p/BarUNIRgxIt/", "time": 1508977595.0, "sentiment": ""}, {"id": 99012830, "text": "Market lower at Mid day. $AMZN strong as continues earnings run into big report Thursday after close. $SPY", "time": 1508977422.0, "sentiment": ""}, {"id": 99011966, "text": "$AMZN BUY OCT 27, 2017 980 CALL @ $18-19 STOPLOSS 13 Target 30++", "time": 1508977131.0, "sentiment": ""}, {"id": 99011808, "text": "$AMZN now offers bulls a sigh of relief... for the moment.", "time": 1508977090.0, "sentiment": ""}, {"id": 99011644, "text": "$AMZN ohh\ngreen now\nThis the start of \ud83c\udfc3 \u2b06\ufe0f before ER?", "time": 1508977039.0, "sentiment": "Bullish"}, {"id": 99011631, "text": "$NVDA $SHOP Bounced clean with market. $AMZN $GOOGL Full bounce.", "time": 1508977033.0, "sentiment": ""}, {"id": 99011627, "text": "$AMZN I want this to temporary fall so I can grab another block!", "time": 1508977032.0, "sentiment": "Bullish"}, {"id": 99011588, "text": "$amzn dip buyers position ahead tomorrow earnings . More November 1050 call bets placed . &amp;googl might see green as well", "time": 1508977016.0, "sentiment": ""}, {"id": 99011509, "text": "$AMZN even the smartest CFP I know said I expect a market pullback but I can\u2019t bet against amazon the pats of the market", "time": 1508976987.0, "sentiment": ""}, {"id": 99010856, "text": "$AMZN Maybe Amazon will carry the nasdaq on it&#39;s back tomorrow and friday with an earnings crush!", "time": 1508976795.0, "sentiment": "Bullish"}, {"id": 99010590, "text": "$AMZN high$979", "time": 1508976717.0, "sentiment": ""}, {"id": 99010118, "text": "$AMZN 7.00 away from catching Google in price. Lol", "time": 1508976557.0, "sentiment": "Bullish"}, {"id": 99009877, "text": "$AMZN thank god something on my WL is green today besides $PYPL", "time": 1508976471.0, "sentiment": ""}, {"id": 99009571, "text": "$GOOG $AMZN or $BIDU tomorrow AH...or all 3 otm lotto calls across the board", "time": 1508976367.0, "sentiment": ""}, {"id": 99008958, "text": "@dvdbrg $AMZN is green bro... please check the Stock price before posting", "time": 1508976179.0, "sentiment": ""}, {"id": 99008817, "text": "$AMZN need too get on board!!!!$$$$ here we go", "time": 1508976127.0, "sentiment": "Bullish"}, {"id": 99008765, "text": "$AMZN makin&#39; green both directions. Don&#39;t lock yourself in! Watch what happens at", "time": 1508976108.0, "sentiment": ""}, {"id": 99008554, "text": "$spy TRUMP SAYS PROTECTING 401K&#39;S IS `VERY IMPORTANT&#39; TO HIM. 2 days ago he said &quot;no change to 401k&quot; $vxx $uvxy $amzn $aapl $fb $nvda $gld", "time": 1508976047.0, "sentiment": ""}, {"id": 99008219, "text": "$AMZN I wonder how many tech stocks are green right now. Lol", "time": 1508975952.0, "sentiment": "Bullish"}, {"id": 99008105, "text": "$SPY $AAPL $GOOG $AMZN \n\nHuge Reversal Buy The Dip", "time": 1508975911.0, "sentiment": "Bullish"}, {"id": 99007962, "text": "$AMZN Amazon green!!! That&#39;s a victory in itself with this crappy market", "time": 1508975874.0, "sentiment": "Bullish"}, {"id": 99007767, "text": "$AMZN Anyone holding thru earnings? \nI like to gamble but wow this is not for me...", "time": 1508975815.0, "sentiment": ""}, {"id": 99007579, "text": "nice turns in $AMZN $REGN", "time": 1508975761.0, "sentiment": ""}, {"id": 99007563, "text": "$AMZN so many bears but nobody has the balls to short it!", "time": 1508975757.0, "sentiment": "Bullish"}, {"id": 99007441, "text": "$AMZN is green", "time": 1508975722.0, "sentiment": ""}, {"id": 99006995, "text": "$AMZN is green", "time": 1508975584.0, "sentiment": ""}, {"id": 99006700, "text": "$UAA courts $AMZN to Baltimore with and merges/buys $UA  to help UA win again and Amazon gets its foot into athletic wear.", "time": 1508975506.0, "sentiment": "Bullish"}, {"id": 99006263, "text": "Can Whole Food&#39;s acquisition deliver for #Amazon? $AMZN #Earnings https://amigobulls.com/articles/80366-should-you-buy-amazon-stock-going-into-the-earnings-amazon-com-inc", "time": 1508975391.0, "sentiment": ""}, {"id": 99006136, "text": "$AMZN $BABA $AAPL $NVDA $FB is the sky really falling?", "time": 1508975353.0, "sentiment": ""}, {"id": 99005927, "text": "$AMZN or mm trying to sell puts..", "time": 1508975295.0, "sentiment": ""}, {"id": 99005792, "text": "$AMZN stock market is trying to crash", "time": 1508975258.0, "sentiment": ""}, {"id": 99005240, "text": "$OSTK Loads of ICO PR inbound with $AMZN ER and 200 Million capital raise with t0 token. Tzero.com", "time": 1508975102.0, "sentiment": "Bullish"}, {"id": 99005105, "text": "$AMZN &quot;who pays for free shipping?&quot; the shareholders do, Johnny, the shareholders...", "time": 1508975063.0, "sentiment": "Bearish"}, {"id": 99004076, "text": "$T $AAPL $FB $AMZN $f $PFE my portfolio is a bloodbath \ud83d\ude29", "time": 1508974776.0, "sentiment": ""}, {"id": 99003421, "text": "$NVDA  look, if $amzn earnigs report sucks, this may be the end of this bull market. Looking for $nvda break under $185", "time": 1508974598.0, "sentiment": ""}, {"id": 99003249, "text": "@gbeaty barter is in the latin american blood, and its a very hard market to penetrate, $amzn will have to buy $meli in my opinion", "time": 1508974553.0, "sentiment": ""}, {"id": 99003192, "text": "$GPRO which drone company will $AMZN use for deliveries in the future? I doubt Trump will allow DJI\ud83e\udd14", "time": 1508974538.0, "sentiment": "Bullish"}, {"id": 99002978, "text": "If markets turn around today, $AMZN is ready to fly. relative strength.", "time": 1508974475.0, "sentiment": ""}, {"id": 99002804, "text": "@Curioustock Not afraid of $AMZN attacking $MELI?", "time": 1508974422.0, "sentiment": ""}, {"id": 99002683, "text": "$AMZN I gotta say I&#39;m impressed with how well Amazon stock is holding up with the whole market going to hell today", "time": 1508974389.0, "sentiment": "Bullish"}, {"id": 99002630, "text": "$BABA GS issued warning re $AMZN ER.  Thinks they may miss.  This would crush $BABA.  Same sector, same business, like it or not.", "time": 1508974371.0, "sentiment": "Bearish"}, {"id": 99002233, "text": "$BTC.X $AMZN \nhttps://www.change.org/p/jeff-bezos-amazon-com-should-accept-bitcoin-and-litecoin-cryptocurrency-as-payment-methods-asap", "time": 1508974263.0, "sentiment": ""}, {"id": 99001944, "text": "$NVDA If you wanted to play rest of tech earnings for the week 195\u2019s / 197.50 as a lotto for that may not be a bad idea $GOOGL $amzn", "time": 1508974181.0, "sentiment": ""}, {"id": 99001940, "text": "$QQQ $AMZN holding tight but if it started to drop before ER and $GOOGL then Qs lower?", "time": 1508974179.0, "sentiment": ""}, {"id": 99001930, "text": "@deep9  $AMZN  is a fraud because  this has never happened before in the history of $AMZN earnings", "time": 1508974175.0, "sentiment": ""}, {"id": 99001437, "text": "$AMZN $RH", "time": 1508974045.0, "sentiment": ""}, {"id": 99001170, "text": "$AMZN $FB $GOOG $NFLX $QQQ $NDX Not Every FANG Made Goldman\u2019s Super- Awesome New Growth Stock Team.. https://heisenbergreport.com/2017/10/25/not-every-fang-made-goldmans-super-awesome-new-growth-stock-team/", "time": 1508973967.0, "sentiment": ""}, {"id": 99000754, "text": "$AMZN this stock will probably go green today even with the whole freaking market tanking..that will be an accomplishment of its own", "time": 1508973846.0, "sentiment": "Bullish"}, {"id": 99000716, "text": "$SPY $AAPL $GOOG $ BIDU $AMZN ALL TECHNOLOGY COMPANIES HAVE PE MORE THEN 25 or 30 or 50... SELL THEM", "time": 1508973837.0, "sentiment": "Bearish"}, {"id": 99000263, "text": "$AMZN that 967 tho", "time": 1508973701.0, "sentiment": ""}, {"id": 99000184, "text": "$AMZN blah blah to all the Amazon haters.Its just not Amazon down but the whole market way down.actually amazon is the least down today.", "time": 1508973680.0, "sentiment": ""}, {"id": 98999871, "text": "$RAD $AMZN Its now time to take on $ESRX by buying Envision RX and Rite Aid to get into the PBM business. http://www.stltoday.com/business/local/express-scripts-shrugs-off-amazon-threat-in-pharmacy-benefits/article_f7f73509-0893-505a-824e-aec09309532a.html", "time": 1508973596.0, "sentiment": "Bullish"}, {"id": 98999587, "text": "$BTC.X $AMZN Starting to think it&#39;s plausible..\nhttps://api.cointelegraph.com/amp/v1/news/more-rumors-amazon-could-accept-bitcoin-as-all-eyes-on-conference-call", "time": 1508973512.0, "sentiment": "Bullish"}, {"id": 98999540, "text": "$AMZN whole market down. This is holding good.", "time": 1508973499.0, "sentiment": ""}, {"id": 98999436, "text": "@deep9 $AMZN I told you $AMZN is fraud", "time": 1508973472.0, "sentiment": ""}, {"id": 98999236, "text": "$SPY The Perfect Storm is set for Thursday. ECB, $AMZN, $GOOG, interest rate bump? 254.30", "time": 1508973412.0, "sentiment": ""}, {"id": 98999188, "text": "$AAPL $AJRD $AMZN $BABA $BA $IR $TSLA $BZUN $SHOP $MELI $NVDA $PEP $GD\nMy entire portfolio is in the red today. BLOODY MARKET", "time": 1508973400.0, "sentiment": ""}, {"id": 98999048, "text": "$AMZN it&#39;s funny that all haters on this board, use amazon at least once a week! LOL", "time": 1508973364.0, "sentiment": "Bullish"}, {"id": 98998906, "text": "$SPY $AMZN amazon bust coming very soon", "time": 1508973322.0, "sentiment": "Bearish"}, {"id": 98998617, "text": "$AAPL $FB $GOOG $AMZN DOW is going to drop over 300 points today!", "time": 1508973232.0, "sentiment": ""}, {"id": 98998497, "text": "@jshambho @Vulisetti $AMZN I told you guys, $AMZN is fraud", "time": 1508973197.0, "sentiment": ""}, {"id": 98998171, "text": "$AMZN Not gonna move, definitely not going to hit 1000 by the end of the year. Hold out till next quarter for possible 990.", "time": 1508973101.0, "sentiment": "Bearish"}, {"id": 98998119, "text": "$AMZN omg AMZN you never deserved this. Thoughts and prayers", "time": 1508973086.0, "sentiment": "Bearish"}, {"id": 98998047, "text": "@jshambho @bulling @Humbleone @Vulisetti $AMZN I told you guys about $AMZN, It&#39;s fraud", "time": 1508973061.0, "sentiment": ""}, {"id": 98997687, "text": "$AMZN this was green this am no?", "time": 1508972964.0, "sentiment": ""}, {"id": 98997526, "text": "$AMZN The down could be over here... for the day. higher lows. time to go long.", "time": 1508972918.0, "sentiment": ""}, {"id": 98997415, "text": "$AMZN no earnings run this quarter..im stuck at 991.00 and it&#39;s looking more like I have to wait till next quarter if market keeps selling", "time": 1508972882.0, "sentiment": ""}, {"id": 98996824, "text": "@Vulisetti $AMZN I told you guys about this stock $AMZN, It&#39;s fraud", "time": 1508972710.0, "sentiment": ""}, {"id": 98996702, "text": "$AMZN $FB Full bottom bounce. $NVDA Cleanest movement, but no cigar, at this point. $BIDU $BABA $GOOGL minor relief. $NTES Nope.", "time": 1508972676.0, "sentiment": ""}, {"id": 98996459, "text": "@nastynate1 exactly the reason why i&#39;m just being cautious $AMZN $GOOGL $MS, lets hope they beat", "time": 1508972600.0, "sentiment": ""}]