[{"id": 99630861, "text": "Amazon to Open New Georgia Fulfillment Center, House Over 500 Workers $AMZN http://dlvr.it/PyXFR9", "time": 1509492419.0, "sentiment": ""}, {"id": 99630761, "text": "$AMZN sold out at peak earning made a ton of dough -want to get back in at $1100- getting so close - will hold until ER 2/1/18-  Xmas HUGE", "time": 1509492381.0, "sentiment": "Bullish"}, {"id": 99630705, "text": "$AMZN exhaustion gap \nhttp://www.investopedia.com/terms/e/exhaustiongap.asp", "time": 1509492363.0, "sentiment": ""}, {"id": 99630133, "text": "is this an $AMZN dip OR rip?! buy it or sell it?!", "time": 1509492156.0, "sentiment": ""}, {"id": 99629234, "text": "$AMZN $spy president sounds like a broken record", "time": 1509491830.0, "sentiment": "Bearish"}, {"id": 99629233, "text": "$AMZN suggest amzn to buy Walgreens tap in medication distribution n delivery to hospitals. Plus small retails for local communities. A Plus", "time": 1509491830.0, "sentiment": ""}, {"id": 99628109, "text": "$AMZN time for a strangle June 15, 2018 I will buy calls 20 dollars otm and puts 20 otm..It will move big up or down", "time": 1509491421.0, "sentiment": ""}, {"id": 99627849, "text": "$AMZN if it breaks yesterday low, Would go long with target of 1130$", "time": 1509491320.0, "sentiment": "Bullish"}, {"id": 99627423, "text": "$AMZN $WMT disregard this clowns attempt to get you over to the $PLUG board. He&#39;s a MultiUserNameFraudPumptard whose AlwaysWrong!", "time": 1509491167.0, "sentiment": ""}, {"id": 99627276, "text": "$TWTR on its way back to $15 or lower on the emergence of $AMZN ads. $SNAP $FB $GOOG all taking ad market share. https://seekingalpha.com/article/4118358-beware-twitters-failing-revenue-growth-look-deeper-user-numbers", "time": 1509491115.0, "sentiment": "Bearish"}, {"id": 99627217, "text": "$PLUG $AMZN $WMT I&#39;m holding strong, Toyota now!", "time": 1509491088.0, "sentiment": ""}, {"id": 99626116, "text": "$SPY How can you cut from zero? &quot;27 giant profitable companies paid no taxes&quot; https://www.usatoday.com/story/money/markets/2016/03/07/27-giant-profitable-companies-paid-no-taxes/81399094/ $spy $qqq $amzn $aapl $fb $tsla $dal", "time": 1509490719.0, "sentiment": ""}, {"id": 99625240, "text": "$SHOP $baba $Amzn  $jd $bzun $fb top stocks to buy for next 25 years, Shopify  https://www.fool.com/investing/2017/10/30/3-growth-stocks-to-buy-and-hold-for-25-years.aspx Load up today", "time": 1509490428.0, "sentiment": "Bullish"}, {"id": 99625222, "text": "$BABA were decoupling from $amzn\n$BABA is the better buy", "time": 1509490423.0, "sentiment": ""}, {"id": 99625013, "text": "$TWTR One of the best shorts on the street. 51 forward PE w 6.4 PS ratio. Declining revenues, fake user #s, gutting the company &amp; $AMZN ads!", "time": 1509490356.0, "sentiment": "Bearish"}, {"id": 99624081, "text": "$SPY BRADY SAYS NO RELIEF FOR STATE, LOCAL TAXES IN HIS TAX PLAN \n\nNAR: then there is no tax plan $qqq $aapl $nvda $amzn $labu $shop", "time": 1509490064.0, "sentiment": ""}, {"id": 99623274, "text": "$SHOP $AMZN pulling isn&#39;t helping sector today...$BABA trying to hold sector uptrend", "time": 1509489795.0, "sentiment": ""}, {"id": 99623050, "text": "$FRED Why would $amzn buy a crap cake drug store chain? They are innovative than that..", "time": 1509489723.0, "sentiment": ""}, {"id": 99620664, "text": "$AMZN sorry that&#39;s the ask the bid is about 58", "time": 1509489125.0, "sentiment": ""}, {"id": 99620598, "text": "$AMZN 61.75", "time": 1509489105.0, "sentiment": ""}, {"id": 99620393, "text": "$AMZN what\u2019s the bid /ask for Nov 10 $1050 calls anyone. I\u2019m traveling and can\u2019t check. \ud83d\ude4f\ud83c\udffc thanks!", "time": 1509489040.0, "sentiment": "Bullish"}, {"id": 99619544, "text": "$SHOP I swear, companies like $SHOP are punished for it while $AMZN is rewarded...", "time": 1509488778.0, "sentiment": ""}, {"id": 99619221, "text": "$AMZN this turd won\u2019t flush. Hang on. I\u2019m gonna go get the plunger", "time": 1509488676.0, "sentiment": "Bearish"}, {"id": 99618810, "text": "Watch Out, $AMZN -- The Mini Is Smarter Than the Dot  https://buff.ly/2zmia9u\n\n$GOOG $GOOGL", "time": 1509488547.0, "sentiment": ""}, {"id": 99618453, "text": "$AMZN 1098 eow", "time": 1509488442.0, "sentiment": "Bearish"}, {"id": 99618024, "text": "$AMZN and now that they own Whole Foods omg", "time": 1509488318.0, "sentiment": ""}, {"id": 99617358, "text": "$AMZN I\u2019m gonna be a Care Bear today. Sold before I could take on any losses.", "time": 1509488132.0, "sentiment": "Bearish"}, {"id": 99617214, "text": "$TSRO  bullish engulfing $AMZN green . RSI 29 for this gem ?? No way , Great LT calls $IBB $XBI $LABU", "time": 1509488089.0, "sentiment": ""}, {"id": 99616188, "text": "$MA and $V are the $AMZN of cash. $WMT or $GOOG should Buy them if they want any chance to conquer and destroy the giant", "time": 1509487788.0, "sentiment": ""}, {"id": 99615857, "text": "$AMZN If espn parts ways with mnf, then AMZN should scoop it up. Would require lots of sports bars to subscribe to prime.", "time": 1509487678.0, "sentiment": ""}, {"id": 99615785, "text": "$GRPN +cashback program=nice accruement! I luv U GRPN #Amateurzon $AMZN #YelpSucks $YELP $QUOT =joke #GrubFlub $GRUB", "time": 1509487658.0, "sentiment": ""}, {"id": 99614959, "text": "$MAT $amzn has taken over the industry all ready only hope and time before multiple backruptsy remaining unfortunately, time to go long Jeff", "time": 1509487433.0, "sentiment": ""}, {"id": 99614736, "text": "$AMZN any other pedo\u2019s on payroll? nothing original about bezos or his warehouses", "time": 1509487364.0, "sentiment": ""}, {"id": 99614437, "text": "Amazon to expand its video studio after shakeup \n\nhttps://www.reuters.com/news/archive/entertainmentNews\n\n$AMZN", "time": 1509487278.0, "sentiment": ""}, {"id": 99613364, "text": "$AMZN stock increases $140 no pullback, release little tidbits of news like new center, keep train going. nice", "time": 1509487002.0, "sentiment": ""}, {"id": 99612899, "text": "$BABA China retail sales gr 58% yoy. Great for $BABA/$TCEHY. Bad for $AMZN.", "time": 1509486870.0, "sentiment": ""}, {"id": 99612852, "text": "$TSLA Behaving exactly like $AMZN before er and same bears bashed there too lmao", "time": 1509486857.0, "sentiment": "Bullish"}, {"id": 99612593, "text": "&quot;Dead&quot; stocks revival day. Same day fang loses momentum. $AMZN -0.5 $UCTT $QD $AMD $WB $MOMO", "time": 1509486789.0, "sentiment": ""}, {"id": 99612477, "text": "$QQQ $AMZN FB red on second day of put buying price extended above 5 DMA on that gap perfect break out, holding long", "time": 1509486753.0, "sentiment": ""}, {"id": 99610796, "text": "$AMZN Nov 3 puts? Strike?", "time": 1509486307.0, "sentiment": "Bullish"}, {"id": 99610762, "text": "$AMZN $1102 $1101 $1100 $1090 $1070 $1050 $1025 $1010", "time": 1509486298.0, "sentiment": ""}, {"id": 99610493, "text": "$AMZN https://seekingalpha.com/article/4118400-india-betting-amazon-victory", "time": 1509486225.0, "sentiment": ""}, {"id": 99610406, "text": "Facebook Quarterly Earnings : 4 Crucial Things to Watch For $AMZN http://dlvr.it/PyWNsT", "time": 1509486195.0, "sentiment": ""}, {"id": 99609743, "text": "@Marino215 they wont take it to 1T without a substantial industry entry similar to what $AMZN is doing but $AAPL is put ona  higher standard", "time": 1509486001.0, "sentiment": ""}, {"id": 99609025, "text": "$AMZN it&#39;s breaking up. it&#39;s breaking up!", "time": 1509485818.0, "sentiment": ""}, {"id": 99608719, "text": "@equisnatch Galloway was bearish on $AMZN in 2015 look itup. He was wrong barely 3 yrs ago &amp; ur putting weight to wht he says 50 yrs out?", "time": 1509485733.0, "sentiment": ""}, {"id": 99608455, "text": "$AMZN be careful shorting here...", "time": 1509485653.0, "sentiment": ""}, {"id": 99608374, "text": "$AMZN lod is 1094", "time": 1509485634.0, "sentiment": "Bearish"}, {"id": 99607854, "text": "$AMZN $999.99", "time": 1509485492.0, "sentiment": ""}, {"id": 99607840, "text": "@lindsee123 maybe we should ask some LT $AMZN holders", "time": 1509485488.0, "sentiment": ""}, {"id": 99607400, "text": "@TechTrader17 The real Villain is Wall St rewarding $AMZN for selling everything at a loss while punishing those who actually have a margin", "time": 1509485373.0, "sentiment": ""}, {"id": 99606931, "text": "$AMZN where will the share price go to when they reach Walmart&#39;s level of revenue 20 or 30 years from now.", "time": 1509485253.0, "sentiment": ""}, {"id": 99606616, "text": "B -- T -- M -- F -- D!!!!!!!!!!!!!!!!!! HUGE opportunity this morning to buy many names that have been ripping on dips $spy $qqq $aapl $AMZN", "time": 1509485170.0, "sentiment": "Bullish"}, {"id": 99606579, "text": "$TWTR Rapidly emerging $AMZN advertising has already surpassed TWTR and is eating TWTR&#39;s market share as you read this. TWTR is finished. $0", "time": 1509485160.0, "sentiment": "Bearish"}, {"id": 99606126, "text": "$AMZN dip and rip", "time": 1509485039.0, "sentiment": "Bullish"}, {"id": 99606029, "text": "$AMZN Could go to 1080 or below by Friday", "time": 1509485014.0, "sentiment": ""}, {"id": 99605858, "text": "$AMZN back up i guess", "time": 1509484964.0, "sentiment": ""}, {"id": 99605634, "text": "$ICON Much like $RL Company is not in retail! They are selling through multiple channels including $AMZN", "time": 1509484896.0, "sentiment": "Bullish"}, {"id": 99605239, "text": "not much of a dip, but you take what you can get.  will be buying at the usual time, usual ticker.  $AAPL $AMZN $FB $NFLX $SPY $DIA $GOOG", "time": 1509484798.0, "sentiment": ""}, {"id": 99604754, "text": "$AMZN OI for friday OPEX can be an influence...look at all those calls!", "time": 1509484684.0, "sentiment": "Bearish"}, {"id": 99604626, "text": "$AMZN looking weak", "time": 1509484656.0, "sentiment": "Bearish"}, {"id": 99604505, "text": "@equisnatch what do you call $NVDA $ADBE $NFLX $GOOGL $FB $AMZN just curious", "time": 1509484621.0, "sentiment": ""}, {"id": 99604397, "text": "$BABA $MELI $FB $GOOGL $AMZN #stocks #EmergingMarkets #investors https://t.co/1tVwHXvzKq", "time": 1509484587.0, "sentiment": ""}, {"id": 99604260, "text": "$aapl is FAR from finished - the world dominators are being rewarded lately $amzn $GOOGL", "time": 1509484552.0, "sentiment": "Bullish"}, {"id": 99604179, "text": "$SNAP best tech stock. long term quality stock. game changer! 10 times more valuable than $GOOGL $AMZN compared. Juggernaut!", "time": 1509484532.0, "sentiment": "Bullish"}, {"id": 99604039, "text": "$AMZN looking slippery,,, yesterdays low in play IMO", "time": 1509484500.0, "sentiment": "Bearish"}, {"id": 99603545, "text": "$AMZN \nJust go below $1,101 aready damn it, then free fall.", "time": 1509484378.0, "sentiment": "Bearish"}, {"id": 99603505, "text": "$AAPL helping tech grind up again, investors truly believe their quarter/guidance will be as robust as $GOOGL $AMZN.", "time": 1509484368.0, "sentiment": ""}, {"id": 99602788, "text": "$AMZN and we looked away &#39;cause we were ecstatic, and suddenly it WAS BELOW $1100", "time": 1509484175.0, "sentiment": ""}, {"id": 99602697, "text": "$AMZN $GOOGL $GOOG Back near LOD.", "time": 1509484152.0, "sentiment": ""}, {"id": 99602454, "text": "$AMZN Who does number 2 woooork for?? Who does number 2 wooooork for?? You gotta show that tied who\u2019s boss man", "time": 1509484091.0, "sentiment": "Bearish"}, {"id": 99602398, "text": "$amzn watch 1102 build for back test cash flow", "time": 1509484076.0, "sentiment": ""}, {"id": 99602377, "text": "$AMZN and one stock to rule them all! lmao! just like last qtr amazon leads both up and then down imo", "time": 1509484069.0, "sentiment": "Bearish"}, {"id": 99602242, "text": "$AMZN expecting below $1000 before Thanksgiving.  Flat till next year.  IMHO", "time": 1509484032.0, "sentiment": "Bullish"}, {"id": 99601934, "text": "$BABA Its all set to break apart.....don&#39;t expect the same result as $AMZN", "time": 1509483965.0, "sentiment": ""}, {"id": 99601138, "text": "$AMZN flush this turd \ud83d\udca9", "time": 1509483757.0, "sentiment": "Bearish"}, {"id": 99600941, "text": "I can&#39;t believe we all didn&#39;t buy $AMZN after they bought Whole Foods. The avocado game has changed forever", "time": 1509483696.0, "sentiment": ""}, {"id": 99600344, "text": "$XNET Latest Press Releases $AAPL $TSLA $FB $AMZN $jpm https://marketchameleon.com/CryptoCurrency CryptoCurrency $TRIG.X $XLM.X  $VTC.X  $ETH.X  $LTC.X  $BTC.X", "time": 1509483557.0, "sentiment": ""}, {"id": 99599655, "text": "6 Stocks That Have Been Cut in Half From Their 52-Week Highs $AMZN $NFLX $BBBY More on WhoTrades", "time": 1509483380.0, "sentiment": ""}, {"id": 99599384, "text": "$AMZN nothing stays on top forever", "time": 1509483317.0, "sentiment": ""}, {"id": 99599001, "text": "$AMZN the turd circles the bowl before the flush", "time": 1509483233.0, "sentiment": "Bearish"}, {"id": 99598319, "text": "Humans Have the Edge Over Robots in Whole Foods&#39; Hiring Binge $AMZN more on WhoTrades", "time": 1509483085.0, "sentiment": ""}, {"id": 99597113, "text": "$HMNY BLASTOFF TIME $SPY $NVDA $AMD $VRX $SHOP $AAPL $AMZN", "time": 1509482832.0, "sentiment": ""}, {"id": 99596721, "text": "$AMZN Such a devil, announced their intentions to sup/depress the whole industry, bargaining power&amp;no bidding wars $WBA $CVS $RAD $MCK $DG", "time": 1509482744.0, "sentiment": ""}, {"id": 99596170, "text": "$AAPL $BABA $TSLA $FB $HD $NFLX $AMZN New Daily-high &amp; Daily-low #Trading range #WednesdayMorning, before the #StockMarket opens. Cheers!", "time": 1509482611.0, "sentiment": ""}, {"id": 99595983, "text": "$AAPL $BABA $TSLA $FB $HD $NFLX $AMZN @thinkorswim plateform back working. @TDAmeritrade Back to making money!!!!", "time": 1509482563.0, "sentiment": ""}, {"id": 99595806, "text": "$AMZN Waiting for the Bears to run out of patience. Watch out if AMZN goes Green. 20 years of Bears being Buried !!!", "time": 1509482520.0, "sentiment": "Bullish"}, {"id": 99595786, "text": "$AMZN Buying the dip... let&#39;s see 1140 today!", "time": 1509482516.0, "sentiment": ""}, {"id": 99595749, "text": "$AMZN correction is long over due . What goes up will go down . Simple law of physics lol. Panic buying and short covering had kept it high", "time": 1509482508.0, "sentiment": "Bearish"}, {"id": 99595407, "text": "$AMZN Shorts margin calls close out tommorrow.  Look for downtrend on Friday\u2019s close", "time": 1509482430.0, "sentiment": "Bullish"}, {"id": 99595062, "text": "$QQQ $IWM $SPY $MDY $AAPL $AMZN $VXX $TLT $GLD Easy money.", "time": 1509482344.0, "sentiment": ""}, {"id": 99593923, "text": "$AMZN exspect a nice profit taking rally today. 1100 retest will fail. Looking for 1040-1080 finish. Filling the gap", "time": 1509482040.0, "sentiment": "Bearish"}, {"id": 99593821, "text": "U.S. stock indexes are rigged to go up. Simply buy the dip, let the pre-programmed algos do the rest.  $AAPL $AMZN $FB $NFLX $SPY $DIA $GOOG", "time": 1509482014.0, "sentiment": ""}, {"id": 99593785, "text": "$AMZN I had to. I predicted the pull back today. Will buy against $900", "time": 1509482004.0, "sentiment": ""}, {"id": 99593718, "text": "$AMZN Small flush out gate. $GOOGL", "time": 1509481988.0, "sentiment": ""}, {"id": 99593653, "text": "$EVRI nice bar. $PLUG why dont $AMZN take this shit box out?", "time": 1509481972.0, "sentiment": ""}, {"id": 99593191, "text": "$AMZN, $DWDP,$GNTX,$ICE http://www.thestreetpoint.com/2017/10/31/fluctuating-stocks-amazon-com-inc-nasdaqamzn-dowdupont-inc-nysedwdp-gentex-corporation-nasdaqgntx-intercontinental-exchange-inc-nyseice/", "time": 1509481811.0, "sentiment": ""}, {"id": 99593101, "text": "@nerdtechie I have $AAPL Nov 10 $162.50 &amp; Dec 15 $170, $BABA Nov 17 $180,  $FB Nov 17 $185. Waiting for $AMZN $GOOGL to get back in.", "time": 1509481783.0, "sentiment": "Bullish"}, {"id": 99592991, "text": "$AMZN $GOOGL $GOOG Day 4.", "time": 1509481752.0, "sentiment": ""}, {"id": 99592674, "text": "Today is $GOOGL &#39;s day per Price action and $AMZN may be a laggard. IMO", "time": 1509481641.0, "sentiment": ""}, {"id": 99591678, "text": "$QQQ $IWM $SPY $MDY $AAPL $AMZN $VXX $TLT $GLD As long as QQQ opens beneath yesterday&#39;s high, 84% chance of Monday gap fill by today&#39;s close", "time": 1509481252.0, "sentiment": ""}, {"id": 99591480, "text": "@lindsee123 $amzn is Jan 18 all others after earnings in November", "time": 1509481179.0, "sentiment": "Bullish"}, {"id": 99590875, "text": "$AMZN  1092 is most likely the bounce area today. Buy the dip!", "time": 1509480923.0, "sentiment": ""}, {"id": 99590728, "text": "Trick or Treat: Its been all Treat this Month http://bigwavetrading.com/38609/trick-or-treat-its-been-all-treat-this-month/ $AAPL $AMZN $FB $MSFT $GOOGL", "time": 1509480872.0, "sentiment": ""}, {"id": 99590330, "text": "@RonTurkey I like $FB $AMZN $NFLX $WYNN and so many more. But nothing can beat short volatility ROI. So Why go somewhere else?", "time": 1509480706.0, "sentiment": ""}, {"id": 99590161, "text": "$amzn short covering pushed it more than expected move.", "time": 1509480626.0, "sentiment": ""}, {"id": 99589878, "text": "Value Potential http://cnw.fm/NV43g $SING $GBTC $BTSC $AMZN $OSTK", "time": 1509480476.0, "sentiment": ""}, {"id": 99589509, "text": "10/31 52-Week Hi Watch List: $YELP $SQ $EPI $EWJ $CY $SWKS $TTWO $COG $AVGO $COL $CTSH $FB $ALNY $ADSK $ADBE $CPN $FSLR $VLO $AMZN", "time": 1509480305.0, "sentiment": ""}, {"id": 99589108, "text": "$AMZN increasing employees = more money to be made", "time": 1509480124.0, "sentiment": ""}, {"id": 99589002, "text": "$BABA Cambodia excited about China partnership. Great for $BABA/$TCEHY. Bad for $AMZN.", "time": 1509480066.0, "sentiment": ""}, {"id": 99588380, "text": "$amzn..Want to stay in this business 37 years?..Don&#39;t take shots on earnings.. I know more people that came in short, not long AMZN.", "time": 1509479780.0, "sentiment": ""}, {"id": 99588161, "text": "@cybercash28 thank you for all your great insights \nMy top favs: $TSLA $NVDA $AMZN $BABA $SRPT $JUNO $BLUE $FB", "time": 1509479682.0, "sentiment": "Bullish"}, {"id": 99588032, "text": "This Week In Stocks: Down Week --&gt; https://www.seeitmarket.com/this-week-in-stocks-market-cycle-points-to-down-week-17418/  blog &amp; video by @askslim  $SPY $QQQ $AAPL $AMZN $MSFT", "time": 1509479620.0, "sentiment": ""}, {"id": 99587641, "text": "$AMZN amazon keeps pumping out little turds of news to keep this thing floating. really great 500 employee hire! woo! announcement worthy", "time": 1509479454.0, "sentiment": ""}, {"id": 99587488, "text": "$BABA China B&amp;R enormously benefits 10 member ASEAN. Great for $BABA/$TCEHY. Bad for $AMZN.", "time": 1509479389.0, "sentiment": ""}, {"id": 99586741, "text": "MARKET RECON lite: https://www.thestreet.com/story/14367248/1/scary-stock-charts-for-halloween.html $AMZN $CMG", "time": 1509478974.0, "sentiment": ""}, {"id": 99586700, "text": "$V $MA $AMZN $FB $BABA  Blowout earnings from MA.  Cloud over V lifted..big gains ahead!", "time": 1509478947.0, "sentiment": ""}, {"id": 99586499, "text": "Good morning all. This is what I am working for - the beach! Hope everyone does great today! Watching $AMZN $UB_F", "time": 1509478840.0, "sentiment": ""}, {"id": 99586307, "text": "@tedmel $SHOP is complimentary to $AMZN and $BABA. not competition. cmon man!", "time": 1509478725.0, "sentiment": ""}, {"id": 99585530, "text": "$AMZN sell. It&#39;s Russian roulette! Good luck!", "time": 1509478330.0, "sentiment": ""}, {"id": 99584868, "text": "$AMZN Hold 1105 puts until Friday or sell today for a small loss? Thoughts? Doing well otherwise with my trades this year. Thanks!", "time": 1509477940.0, "sentiment": ""}, {"id": 99583722, "text": "$PLUG this is ongoing proof $AMZN has upped the game switching to faster fuel times/longer run times.", "time": 1509477313.0, "sentiment": "Bullish"}, {"id": 99583314, "text": "$BABA Jack Ma/$BABA great for Philippines Bad for $AMZN.", "time": 1509477092.0, "sentiment": ""}, {"id": 99583067, "text": "$SFTBF, $FB, $AMZN, others partner to position Jupiter undersea cable, stock shows small increase of 0.14%, https://www.newsquantified.com/stock-report/fb-facebook-softbank-amazon-others-partner-lay-04t5jw", "time": 1509476908.0, "sentiment": ""}, {"id": 99583004, "text": "@minnesota :) Everything cheap vs 1 share of $AMZN  Shares should be used as a currency like Bitcoin/Crypto before they both tank", "time": 1509476875.0, "sentiment": ""}, {"id": 99582847, "text": "$AMZN Yesterday Call Spread Trades 400 Times - More info: https://marketchameleon.com/Overview/AMZN/OptionChain/", "time": 1509476785.0, "sentiment": ""}, {"id": 99582743, "text": "$AAPL $AMZN $FB $NFLX $TSLA $SPY $DIA $GOOG and \u2014\u0000\u2014\u0000\u2014 $TRXC \ud83d\udcb0\ud83d\udcb0\ud83d\udcb0\ud83d\udcb0 \u2014\u0000\u2014\u0000\u2014", "time": 1509476714.0, "sentiment": ""}, {"id": 99582622, "text": "down days always followed by a rally.  the direction of the stock market is predetermined.  $AAPL $AMZN $FB $NFLX $TSLA $SPY $DIA $GOOG", "time": 1509476639.0, "sentiment": ""}, {"id": 99582078, "text": "On Halloween, Here Are 5 Scary Stock Charts: Market Recon $AMZN http://dlvr.it/PyV6r9", "time": 1509476285.0, "sentiment": ""}, {"id": 99581285, "text": "$AAPL Look @ it this way, iPhone X dirt cheap vs 1 share of $AMZN  May as well convert 1 share into something useful if ur an iphone user", "time": 1509475669.0, "sentiment": ""}, {"id": 99581101, "text": "$SHOP $Amzn  $fb $nflx $baba $bzun we are back in $shop at $110. Took profits at $102, beat and raise is big! https://esellercafe.com/shopify-releases-q3-earnings-states-record-number-store-launches/", "time": 1509475510.0, "sentiment": "Bullish"}, {"id": 99580932, "text": "@TargetPractice this stock has been terrible, but $AMZN branded athletic wear isn\u2019t going to compete with $UAA or $NKE", "time": 1509475360.0, "sentiment": ""}, {"id": 99580733, "text": "$AAPL $AMZN $BABA $FB $NVDA $NFLX $TSLA $SHOP $BZUN \n\ud83c\udf6d\ud83c\udf6d \ud83c\udf6c \ud83c\udf6c\ud83c\udf6d\ud83c\udf6d for everyone \ud83d\ude00", "time": 1509475207.0, "sentiment": ""}, {"id": 99580687, "text": "$AAPL $AMZN $BABA $FB $NVDA $NFLX $TSLA $SHOP $BZUN \nHappy Halloween \ud83c\udf83", "time": 1509475159.0, "sentiment": "Bullish"}, {"id": 99580660, "text": "MARKET RECON: On Halloween,5 Scary Stocks $SPX $RUT $AMZN $CMG $CELG $GE $TSLA $AET PFE $LL $K $MA $EA $PZZA $X https://realmoney.thestreet.com/articles/10/31/2017/halloween-here-are-5-scary-stock-charts?cm_ven_int=homepage-latest-headlines", "time": 1509475131.0, "sentiment": ""}, {"id": 99580653, "text": "@TheWhiteRabbit yes $GOOG ...missed $AMZN you are $$$$$!", "time": 1509475127.0, "sentiment": ""}, {"id": 99580320, "text": "Some of the biggest names are trading at all-time highs. Which are you most bullish on? $AMZN $GOOGL $AAPL $NVDA https://twitter.com/Benzinga/status/925038550478938116", "time": 1509474860.0, "sentiment": ""}, {"id": 99580064, "text": "MARKET RECON: Scared This Halloween ?? $AMZN $CMG $SPX $RUT https://www.thestreet.com/story/14367248/1/scary-stock-charts-for-halloween.html", "time": 1509474670.0, "sentiment": ""}, {"id": 99580015, "text": "$SHOP Of course, Partner with $AMZN. Dont fail ... Like QCoM Did With $AAPL. of course, they re both win wiN:-)", "time": 1509474634.0, "sentiment": ""}, {"id": 99579300, "text": "Here Are 2 Scary Stock Charts for Halloween $AMZN http://dlvr.it/PyTrgT", "time": 1509474005.0, "sentiment": ""}, {"id": 99578811, "text": "On Halloween, Here Are 5 Scary Stock Charts $AMZN http://dlvr.it/PyTnqC", "time": 1509473588.0, "sentiment": ""}, {"id": 99578646, "text": "$UAA $UA Plank should be contacting $AMZN about buying this mess he has created.", "time": 1509473444.0, "sentiment": ""}, {"id": 99578261, "text": "$AMZN crushed earnings. No surprise there....", "time": 1509473135.0, "sentiment": ""}, {"id": 99577846, "text": "$AMZN Despite a recent management shakeup, Amazon is bolstering its video efforts even further. https://stocknews.com/news/amzn-amazon-com-inc-amzn-moving-video-production-into-historic-hollywood-area/", "time": 1509472669.0, "sentiment": ""}, {"id": 99577701, "text": "$AAPL $BABA $FB $AMZN $QQQ $SPY $MSFT ABCD B/O Working well and paying the bills ! AAPL EPS", "time": 1509472428.0, "sentiment": "Bullish"}, {"id": 99577461, "text": "$BABA $FB $QQQ $AMZN $AAPL $SPY ABCD Can you say wash, Rinse and Repeat...EPS almost on deck.", "time": 1509472118.0, "sentiment": "Bullish"}, {"id": 99577419, "text": "$AMZN I\u2019d like to agree but let\u2019s digest the last big move!", "time": 1509472060.0, "sentiment": ""}, {"id": 99577345, "text": "$AMZN why do all the stk nerds try to predict a direction before open??? See what happens &amp; respond accordingly \ud83e\udd14", "time": 1509471949.0, "sentiment": "Bullish"}, {"id": 99575792, "text": "$AMZN okay okay. You guys all use macd alerts. We got it!! Lol", "time": 1509468939.0, "sentiment": ""}, {"id": 99575518, "text": "$FB $AMZN $AAPL $INTC when all are firing up. to read more: https://xthcapital.wordpress.com/2017/10/31/cylinders-are-firing-up/", "time": 1509468244.0, "sentiment": ""}]